index,image,blip2_output,shuffled_options,prompted_questions
95,data/images/quantifier/test_95.png,"[['3'], ['g, almost none'], ['all'], ['almost none'], ['1']]","[{'a': 'almost all', 'b': 'many', 'c': 'almost none', 'd': 'the smaller part', 'e': 'most', 'f': 'all', 'g': 'few', 'h': 'none', 'i': 'some'}, {'a': 'almost all', 'b': 'the smaller part', 'c': 'all', 'd': 'some', 'e': 'none', 'f': 'few', 'g': 'most', 'h': 'almost none', 'i': 'many'}, {'a': 'almost none', 'b': 'some', 'c': 'the smaller part', 'd': 'none', 'e': 'few', 'f': 'all', 'g': 'most', 'h': 'many', 'i': 'almost all'}, {'a': 'many', 'b': 'none', 'c': 'most', 'd': 'the smaller part', 'e': 'some', 'f': 'all', 'g': 'almost none', 'h': 'few', 'i': 'almost all'}, {'a': 'none', 'b': 'many', 'c': 'few', 'd': 'the smaller part', 'e': 'almost none', 'f': 'most', 'g': 'some', 'h': 'almost all', 'i': 'all'}]","['Question: How many animals are there in the image? Pick the best answer among the following options:\nA: almost all\nB: many\nC: almost none\nD: the smaller part\nE: most\nF: all\nG: few\nH: none\nI: some\nAnswer:', 'Question: How many animals are there in the image? Pick the best answer among the following options:\nA: almost all\nB: the smaller part\nC: all\nD: some\nE: none\nF: few\nG: most\nH: almost none\nI: many\nAnswer:', 'Question: How many animals are there in the image? Pick the best answer among the following options:\nA: almost none\nB: some\nC: the smaller part\nD: none\nE: few\nF: all\nG: most\nH: many\nI: almost all\nAnswer:', 'Question: How many animals are there in the image? Pick the best answer among the following options:\nA: many\nB: none\nC: most\nD: the smaller part\nE: some\nF: all\nG: almost none\nH: few\nI: almost all\nAnswer:', 'Question: How many animals are there in the image? Pick the best answer among the following options:\nA: none\nB: many\nC: few\nD: the smaller part\nE: almost none\nF: most\nG: some\nH: almost all\nI: all\nAnswer:']"
15,data/images/quantifier/test_15.png,"[['a'], ['the smaller part'], ['there are more than half a dozen animals in the image'], ['none'], ['none']]","[{'a': 'most', 'b': 'all', 'c': 'almost all', 'd': 'none', 'e': 'the smaller part', 'f': 'some', 'g': 'almost none', 'h': 'few', 'i': 'many'}, {'a': 'few', 'b': 'most', 'c': 'some', 'd': 'many', 'e': 'almost all', 'f': 'almost none', 'g': 'none', 'h': 'all', 'i': 'the smaller part'}, {'a': 'none', 'b': 'many', 'c': 'almost none', 'd': 'some', 'e': 'almost all', 'f': 'few', 'g': 'most', 'h': 'all', 'i': 'the smaller part'}, {'a': 'some', 'b': 'many', 'c': 'most', 'd': 'the smaller part', 'e': 'almost none', 'f': 'none', 'g': 'few', 'h': 'all', 'i': 'almost all'}, {'a': 'some', 'b': 'none', 'c': 'the smaller part', 'd': 'all', 'e': 'almost none', 'f': 'many', 'g': 'most', 'h': 'almost all', 'i': 'few'}]","['Question: How many animals are there in the image? Pick the best answer among the following options:\nA: most\nB: all\nC: almost all\nD: none\nE: the smaller part\nF: some\nG: almost none\nH: few\nI: many\nAnswer:', 'Question: How many animals are there in the image? Pick the best answer among the following options:\nA: few\nB: most\nC: some\nD: many\nE: almost all\nF: almost none\nG: none\nH: all\nI: the smaller part\nAnswer:', 'Question: How many animals are there in the image? Pick the best answer among the following options:\nA: none\nB: many\nC: almost none\nD: some\nE: almost all\nF: few\nG: most\nH: all\nI: the smaller part\nAnswer:', 'Question: How many animals are there in the image? Pick the best answer among the following options:\nA: some\nB: many\nC: most\nD: the smaller part\nE: almost none\nF: none\nG: few\nH: all\nI: almost all\nAnswer:', 'Question: How many animals are there in the image? Pick the best answer among the following options:\nA: some\nB: none\nC: the smaller part\nD: all\nE: almost none\nF: many\nG: most\nH: almost all\nI: few\nAnswer:']"
30,data/images/quantifier/test_30.png,"[['f'], ['2'], ['d'], ['none'], ['d']]","[{'a': 'few', 'b': 'almost none', 'c': 'almost all', 'd': 'the smaller part', 'e': 'most', 'f': 'all', 'g': 'none', 'h': 'many', 'i': 'some'}, {'a': 'none', 'b': 'many', 'c': 'most', 'd': 'all', 'e': 'the smaller part', 'f': 'almost all', 'g': 'few', 'h': 'almost none', 'i': 'some'}, {'a': 'few', 'b': 'some', 'c': 'the smaller part', 'd': 'none', 'e': 'many', 'f': 'almost all', 'g': 'almost none', 'h': 'all', 'i': 'most'}, {'a': 'some', 'b': 'many', 'c': 'none', 'd': 'the smaller part', 'e': 'all', 'f': 'almost all', 'g': 'almost none', 'h': 'few', 'i': 'most'}, {'a': 'many', 'b': 'almost all', 'c': 'all', 'd': 'few', 'e': 'the smaller part', 'f': 'almost none', 'g': 'some', 'h': 'most', 'i': 'none'}]","['Question: How many animals are there in the image? Pick the best answer among the following options:\nA: few\nB: almost none\nC: almost all\nD: the smaller part\nE: most\nF: all\nG: none\nH: many\nI: some\nAnswer:', 'Question: How many animals are there in the image? Pick the best answer among the following options:\nA: none\nB: many\nC: most\nD: all\nE: the smaller part\nF: almost all\nG: few\nH: almost none\nI: some\nAnswer:', 'Question: How many animals are there in the image? Pick the best answer among the following options:\nA: few\nB: some\nC: the smaller part\nD: none\nE: many\nF: almost all\nG: almost none\nH: all\nI: most\nAnswer:', 'Question: How many animals are there in the image? Pick the best answer among the following options:\nA: some\nB: many\nC: none\nD: the smaller part\nE: all\nF: almost all\nG: almost none\nH: few\nI: most\nAnswer:', 'Question: How many animals are there in the image? Pick the best answer among the following options:\nA: many\nB: almost all\nC: all\nD: few\nE: the smaller part\nF: almost none\nG: some\nH: most\nI: none\nAnswer:']"
158,data/images/quantifier/test_158.png,"[['d'], ['a'], [''], ['a, all'], ['e']]","[{'a': 'many', 'b': 'few', 'c': 'most', 'd': 'all', 'e': 'none', 'f': 'almost none', 'g': 'some', 'h': 'the smaller part', 'i': 'almost all'}, {'a': 'almost none', 'b': 'all', 'c': 'some', 'd': 'most', 'e': 'almost all', 'f': 'none', 'g': 'few', 'h': 'many', 'i': 'the smaller part'}, {'a': 'most', 'b': 'none', 'c': 'many', 'd': 'some', 'e': 'the smaller part', 'f': 'almost none', 'g': 'few', 'h': 'all', 'i': 'almost all'}, {'a': 'all', 'b': 'the smaller part', 'c': 'none', 'd': 'some', 'e': 'most', 'f': 'few', 'g': 'many', 'h': 'almost all', 'i': 'almost none'}, {'a': 'some', 'b': 'all', 'c': 'many', 'd': 'none', 'e': 'few', 'f': 'almost none', 'g': 'almost all', 'h': 'the smaller part', 'i': 'most'}]","['Question: How many animals are there in the image? Pick the best answer among the following options:\nA: many\nB: few\nC: most\nD: all\nE: none\nF: almost none\nG: some\nH: the smaller part\nI: almost all\nAnswer:', 'Question: How many animals are there in the image? Pick the best answer among the following options:\nA: almost none\nB: all\nC: some\nD: most\nE: almost all\nF: none\nG: few\nH: many\nI: the smaller part\nAnswer:', 'Question: How many animals are there in the image? Pick the best answer among the following options:\nA: most\nB: none\nC: many\nD: some\nE: the smaller part\nF: almost none\nG: few\nH: all\nI: almost all\nAnswer:', 'Question: How many animals are there in the image? Pick the best answer among the following options:\nA: all\nB: the smaller part\nC: none\nD: some\nE: most\nF: few\nG: many\nH: almost all\nI: almost none\nAnswer:', 'Question: How many animals are there in the image? Pick the best answer among the following options:\nA: some\nB: all\nC: many\nD: none\nE: few\nF: almost none\nG: almost all\nH: the smaller part\nI: most\nAnswer:']"
128,data/images/quantifier/test_128.png,"[['i'], ['bthe problem with this idea is that the time it would take to do that would result in'], ['d'], ['the smaller part'], ['']]","[{'a': 'some', 'b': 'the smaller part', 'c': 'few', 'd': 'none', 'e': 'most', 'f': 'all', 'g': 'almost all', 'h': 'almost none', 'i': 'many'}, {'a': 'almost all', 'b': 'none', 'c': 'the smaller part', 'd': 'many', 'e': 'few', 'f': 'almost none', 'g': 'most', 'h': 'some', 'i': 'all'}, {'a': 'almost all', 'b': 'almost none', 'c': 'all', 'd': 'many', 'e': 'most', 'f': 'some', 'g': 'few', 'h': 'the smaller part', 'i': 'none'}, {'a': 'almost all', 'b': 'few', 'c': 'almost none', 'd': 'all', 'e': 'the smaller part', 'f': 'none', 'g': 'most', 'h': 'many', 'i': 'some'}, {'a': 'all', 'b': 'some', 'c': 'none', 'd': 'few', 'e': 'almost all', 'f': 'the smaller part', 'g': 'almost none', 'h': 'most', 'i': 'many'}]","['Question: How many animals are there in the image? Pick the best answer among the following options:\nA: some\nB: the smaller part\nC: few\nD: none\nE: most\nF: all\nG: almost all\nH: almost none\nI: many\nAnswer:', 'Question: How many animals are there in the image? Pick the best answer among the following options:\nA: almost all\nB: none\nC: the smaller part\nD: many\nE: few\nF: almost none\nG: most\nH: some\nI: all\nAnswer:', 'Question: How many animals are there in the image? Pick the best answer among the following options:\nA: almost all\nB: almost none\nC: all\nD: many\nE: most\nF: some\nG: few\nH: the smaller part\nI: none\nAnswer:', 'Question: How many animals are there in the image? Pick the best answer among the following options:\nA: almost all\nB: few\nC: almost none\nD: all\nE: the smaller part\nF: none\nG: most\nH: many\nI: some\nAnswer:', 'Question: How many animals are there in the image? Pick the best answer among the following options:\nA: all\nB: some\nC: none\nD: few\nE: almost all\nF: the smaller part\nG: almost none\nH: most\nI: many\nAnswer:']"
115,data/images/quantifier/test_115.png,"[['c'], [''], ['""a""'], ['c'], ['g']]","[{'a': 'almost all', 'b': 'few', 'c': 'some', 'd': 'all', 'e': 'none', 'f': 'most', 'g': 'almost none', 'h': 'the smaller part', 'i': 'many'}, {'a': 'few', 'b': 'most', 'c': 'some', 'd': 'many', 'e': 'the smaller part', 'f': 'all', 'g': 'none', 'h': 'almost all', 'i': 'almost none'}, {'a': 'almost none', 'b': 'the smaller part', 'c': 'all', 'd': 'most', 'e': 'almost all', 'f': 'few', 'g': 'none', 'h': 'some', 'i': 'many'}, {'a': 'most', 'b': 'many', 'c': 'all', 'd': 'few', 'e': 'almost all', 'f': 'the smaller part', 'g': 'some', 'h': 'none', 'i': 'almost none'}, {'a': 'most', 'b': 'almost none', 'c': 'few', 'd': 'almost all', 'e': 'some', 'f': 'many', 'g': 'all', 'h': 'the smaller part', 'i': 'none'}]","['Question: How many animals are there in the image? Pick the best answer among the following options:\nA: almost all\nB: few\nC: some\nD: all\nE: none\nF: most\nG: almost none\nH: the smaller part\nI: many\nAnswer:', 'Question: How many animals are there in the image? Pick the best answer among the following options:\nA: few\nB: most\nC: some\nD: many\nE: the smaller part\nF: all\nG: none\nH: almost all\nI: almost none\nAnswer:', 'Question: How many animals are there in the image? Pick the best answer among the following options:\nA: almost none\nB: the smaller part\nC: all\nD: most\nE: almost all\nF: few\nG: none\nH: some\nI: many\nAnswer:', 'Question: How many animals are there in the image? Pick the best answer among the following options:\nA: most\nB: many\nC: all\nD: few\nE: almost all\nF: the smaller part\nG: some\nH: none\nI: almost none\nAnswer:', 'Question: How many animals are there in the image? Pick the best answer among the following options:\nA: most\nB: almost none\nC: few\nD: almost all\nE: some\nF: many\nG: all\nH: the smaller part\nI: none\nAnswer:']"
1776,data/images/quantifier/test_1776.png,"[['4'], ['none, most'], ['i'], ['c'], ['g']]","[{'a': 'all', 'b': 'many', 'c': 'most', 'd': 'almost all', 'e': 'few', 'f': 'some', 'g': 'the smaller part', 'h': 'almost none', 'i': 'none'}, {'a': 'all', 'b': 'few', 'c': 'the smaller part', 'd': 'none', 'e': 'almost none', 'f': 'some', 'g': 'almost all', 'h': 'most', 'i': 'many'}, {'a': 'almost all', 'b': 'many', 'c': 'all', 'd': 'most', 'e': 'some', 'f': 'none', 'g': 'the smaller part', 'h': 'almost none', 'i': 'few'}, {'a': 'few', 'b': 'most', 'c': 'none', 'd': 'the smaller part', 'e': 'almost all', 'f': 'almost none', 'g': 'some', 'h': 'many', 'i': 'all'}, {'a': 'most', 'b': 'almost all', 'c': 'some', 'd': 'the smaller part', 'e': 'almost none', 'f': 'none', 'g': 'few', 'h': 'many', 'i': 'all'}]","['Question: How many animals are there in the image? Pick the best answer among the following options:\nA: all\nB: many\nC: most\nD: almost all\nE: few\nF: some\nG: the smaller part\nH: almost none\nI: none\nAnswer:', 'Question: How many animals are there in the image? Pick the best answer among the following options:\nA: all\nB: few\nC: the smaller part\nD: none\nE: almost none\nF: some\nG: almost all\nH: most\nI: many\nAnswer:', 'Question: How many animals are there in the image? Pick the best answer among the following options:\nA: almost all\nB: many\nC: all\nD: most\nE: some\nF: none\nG: the smaller part\nH: almost none\nI: few\nAnswer:', 'Question: How many animals are there in the image? Pick the best answer among the following options:\nA: few\nB: most\nC: none\nD: the smaller part\nE: almost all\nF: almost none\nG: some\nH: many\nI: all\nAnswer:', 'Question: How many animals are there in the image? Pick the best answer among the following options:\nA: most\nB: almost all\nC: some\nD: the smaller part\nE: almost none\nF: none\nG: few\nH: many\nI: all\nAnswer:']"
1633,data/images/quantifier/test_1633.png,"[[''], [''], ['many animals'], ['a'], ['d']]","[{'a': 'most', 'b': 'many', 'c': 'none', 'd': 'almost none', 'e': 'some', 'f': 'few', 'g': 'almost all', 'h': 'the smaller part', 'i': 'all'}, {'a': 'many', 'b': 'none', 'c': 'some', 'd': 'all', 'e': 'the smaller part', 'f': 'few', 'g': 'almost all', 'h': 'most', 'i': 'almost none'}, {'a': 'none', 'b': 'almost none', 'c': 'few', 'd': 'the smaller part', 'e': 'some', 'f': 'all', 'g': 'almost all', 'h': 'many', 'i': 'most'}, {'a': 'almost none', 'b': 'almost all', 'c': 'some', 'd': 'most', 'e': 'all', 'f': 'many', 'g': 'none', 'h': 'the smaller part', 'i': 'few'}, {'a': 'many', 'b': 'the smaller part', 'c': 'almost none', 'd': 'most', 'e': 'none', 'f': 'some', 'g': 'all', 'h': 'almost all', 'i': 'few'}]","['Question: How many animals are there in the image? Pick the best answer among the following options:\nA: most\nB: many\nC: none\nD: almost none\nE: some\nF: few\nG: almost all\nH: the smaller part\nI: all\nAnswer:', 'Question: How many animals are there in the image? Pick the best answer among the following options:\nA: many\nB: none\nC: some\nD: all\nE: the smaller part\nF: few\nG: almost all\nH: most\nI: almost none\nAnswer:', 'Question: How many animals are there in the image? Pick the best answer among the following options:\nA: none\nB: almost none\nC: few\nD: the smaller part\nE: some\nF: all\nG: almost all\nH: many\nI: most\nAnswer:', 'Question: How many animals are there in the image? Pick the best answer among the following options:\nA: almost none\nB: almost all\nC: some\nD: most\nE: all\nF: many\nG: none\nH: the smaller part\nI: few\nAnswer:', 'Question: How many animals are there in the image? Pick the best answer among the following options:\nA: many\nB: the smaller part\nC: almost none\nD: most\nE: none\nF: some\nG: all\nH: almost all\nI: few\nAnswer:']"
1721,data/images/quantifier/test_1721.png,"[['many'], ['b'], ['g'], ['i'], ['a is correct']]","[{'a': 'some', 'b': 'almost none', 'c': 'all', 'd': 'the smaller part', 'e': 'none', 'f': 'almost all', 'g': 'many', 'h': 'most', 'i': 'few'}, {'a': 'most', 'b': 'many', 'c': 'all', 'd': 'some', 'e': 'few', 'f': 'none', 'g': 'the smaller part', 'h': 'almost none', 'i': 'almost all'}, {'a': 'most', 'b': 'many', 'c': 'the smaller part', 'd': 'all', 'e': 'almost none', 'f': 'almost all', 'g': 'none', 'h': 'some', 'i': 'few'}, {'a': 'none', 'b': 'the smaller part', 'c': 'almost all', 'd': 'some', 'e': 'all', 'f': 'almost none', 'g': 'most', 'h': 'few', 'i': 'many'}, {'a': 'many', 'b': 'almost all', 'c': 'few', 'd': 'none', 'e': 'all', 'f': 'almost none', 'g': 'most', 'h': 'some', 'i': 'the smaller part'}]","['Question: How many animals are there in the image? Pick the best answer among the following options:\nA: some\nB: almost none\nC: all\nD: the smaller part\nE: none\nF: almost all\nG: many\nH: most\nI: few\nAnswer:', 'Question: How many animals are there in the image? Pick the best answer among the following options:\nA: most\nB: many\nC: all\nD: some\nE: few\nF: none\nG: the smaller part\nH: almost none\nI: almost all\nAnswer:', 'Question: How many animals are there in the image? Pick the best answer among the following options:\nA: most\nB: many\nC: the smaller part\nD: all\nE: almost none\nF: almost all\nG: none\nH: some\nI: few\nAnswer:', 'Question: How many animals are there in the image? Pick the best answer among the following options:\nA: none\nB: the smaller part\nC: almost all\nD: some\nE: all\nF: almost none\nG: most\nH: few\nI: many\nAnswer:', 'Question: How many animals are there in the image? Pick the best answer among the following options:\nA: many\nB: almost all\nC: few\nD: none\nE: all\nF: almost none\nG: most\nH: some\nI: the smaller part\nAnswer:']"
1780,data/images/quantifier/test_1780.png,"[['g'], [''], ['c'], ['h'], ['d, with many']]","[{'a': 'almost none', 'b': 'few', 'c': 'the smaller part', 'd': 'most', 'e': 'some', 'f': 'all', 'g': 'many', 'h': 'none', 'i': 'almost all'}, {'a': 'most', 'b': 'many', 'c': 'none', 'd': 'almost all', 'e': 'the smaller part', 'f': 'almost none', 'g': 'some', 'h': 'few', 'i': 'all'}, {'a': 'few', 'b': 'almost none', 'c': 'many', 'd': 'none', 'e': 'most', 'f': 'almost all', 'g': 'all', 'h': 'the smaller part', 'i': 'some'}, {'a': 'few', 'b': 'none', 'c': 'the smaller part', 'd': 'all', 'e': 'many', 'f': 'almost none', 'g': 'almost all', 'h': 'some', 'i': 'most'}, {'a': 'all', 'b': 'almost all', 'c': 'almost none', 'd': 'many', 'e': 'few', 'f': 'most', 'g': 'none', 'h': 'some', 'i': 'the smaller part'}]","['Question: How many animals are there in the image? Pick the best answer among the following options:\nA: almost none\nB: few\nC: the smaller part\nD: most\nE: some\nF: all\nG: many\nH: none\nI: almost all\nAnswer:', 'Question: How many animals are there in the image? Pick the best answer among the following options:\nA: most\nB: many\nC: none\nD: almost all\nE: the smaller part\nF: almost none\nG: some\nH: few\nI: all\nAnswer:', 'Question: How many animals are there in the image? Pick the best answer among the following options:\nA: few\nB: almost none\nC: many\nD: none\nE: most\nF: almost all\nG: all\nH: the smaller part\nI: some\nAnswer:', 'Question: How many animals are there in the image? Pick the best answer among the following options:\nA: few\nB: none\nC: the smaller part\nD: all\nE: many\nF: almost none\nG: almost all\nH: some\nI: most\nAnswer:', 'Question: How many animals are there in the image? Pick the best answer among the following options:\nA: all\nB: almost all\nC: almost none\nD: many\nE: few\nF: most\nG: none\nH: some\nI: the smaller part\nAnswer:']"
1702,data/images/quantifier/test_1702.png,"[['a - the smaller part'], ['a'], ['a'], ['g'], ['a']]","[{'a': 'few', 'b': 'many', 'c': 'some', 'd': 'almost none', 'e': 'most', 'f': 'none', 'g': 'the smaller part', 'h': 'all', 'i': 'almost all'}, {'a': 'all', 'b': 'almost none', 'c': 'few', 'd': 'none', 'e': 'many', 'f': 'almost all', 'g': 'some', 'h': 'most', 'i': 'the smaller part'}, {'a': 'most', 'b': 'almost none', 'c': 'almost all', 'd': 'the smaller part', 'e': 'some', 'f': 'few', 'g': 'all', 'h': 'none', 'i': 'many'}, {'a': 'almost none', 'b': 'all', 'c': 'almost all', 'd': 'most', 'e': 'few', 'f': 'none', 'g': 'the smaller part', 'h': 'many', 'i': 'some'}, {'a': 'most', 'b': 'all', 'c': 'many', 'd': 'none', 'e': 'almost none', 'f': 'the smaller part', 'g': 'some', 'h': 'almost all', 'i': 'few'}]","['Question: How many animals are there in the image? Pick the best answer among the following options:\nA: few\nB: many\nC: some\nD: almost none\nE: most\nF: none\nG: the smaller part\nH: all\nI: almost all\nAnswer:', 'Question: How many animals are there in the image? Pick the best answer among the following options:\nA: all\nB: almost none\nC: few\nD: none\nE: many\nF: almost all\nG: some\nH: most\nI: the smaller part\nAnswer:', 'Question: How many animals are there in the image? Pick the best answer among the following options:\nA: most\nB: almost none\nC: almost all\nD: the smaller part\nE: some\nF: few\nG: all\nH: none\nI: many\nAnswer:', 'Question: How many animals are there in the image? Pick the best answer among the following options:\nA: almost none\nB: all\nC: almost all\nD: most\nE: few\nF: none\nG: the smaller part\nH: many\nI: some\nAnswer:', 'Question: How many animals are there in the image? Pick the best answer among the following options:\nA: most\nB: all\nC: many\nD: none\nE: almost none\nF: the smaller part\nG: some\nH: almost all\nI: few\nAnswer:']"
1735,data/images/quantifier/test_1735.png,"[['the smaller part is the best answer.'], ['g'], ['the smaller part'], [''], ['a']]","[{'a': 'none', 'b': 'the smaller part', 'c': 'some', 'd': 'almost all', 'e': 'almost none', 'f': 'few', 'g': 'many', 'h': 'all', 'i': 'most'}, {'a': 'almost all', 'b': 'none', 'c': 'many', 'd': 'almost none', 'e': 'most', 'f': 'the smaller part', 'g': 'all', 'h': 'some', 'i': 'few'}, {'a': 'few', 'b': 'some', 'c': 'almost none', 'd': 'many', 'e': 'all', 'f': 'almost all', 'g': 'none', 'h': 'most', 'i': 'the smaller part'}, {'a': 'almost none', 'b': 'all', 'c': 'some', 'd': 'few', 'e': 'most', 'f': 'almost all', 'g': 'the smaller part', 'h': 'many', 'i': 'none'}, {'a': 'almost all', 'b': 'some', 'c': 'few', 'd': 'all', 'e': 'many', 'f': 'none', 'g': 'the smaller part', 'h': 'almost none', 'i': 'most'}]","['Question: How many animals are there in the image? Pick the best answer among the following options:\nA: none\nB: the smaller part\nC: some\nD: almost all\nE: almost none\nF: few\nG: many\nH: all\nI: most\nAnswer:', 'Question: How many animals are there in the image? Pick the best answer among the following options:\nA: almost all\nB: none\nC: many\nD: almost none\nE: most\nF: the smaller part\nG: all\nH: some\nI: few\nAnswer:', 'Question: How many animals are there in the image? Pick the best answer among the following options:\nA: few\nB: some\nC: almost none\nD: many\nE: all\nF: almost all\nG: none\nH: most\nI: the smaller part\nAnswer:', 'Question: How many animals are there in the image? Pick the best answer among the following options:\nA: almost none\nB: all\nC: some\nD: few\nE: most\nF: almost all\nG: the smaller part\nH: many\nI: none\nAnswer:', 'Question: How many animals are there in the image? Pick the best answer among the following options:\nA: almost all\nB: some\nC: few\nD: all\nE: many\nF: none\nG: the smaller part\nH: almost none\nI: most\nAnswer:']"
1160,data/images/quantifier/test_1160.png,"[['b'], ['all'], ['a'], ['none'], ['all']]","[{'a': 'the smaller part', 'b': 'many', 'c': 'some', 'd': 'almost all', 'e': 'almost none', 'f': 'few', 'g': 'most', 'h': 'none', 'i': 'all'}, {'a': 'none', 'b': 'few', 'c': 'many', 'd': 'the smaller part', 'e': 'all', 'f': 'almost all', 'g': 'almost none', 'h': 'most', 'i': 'some'}, {'a': 'many', 'b': 'almost none', 'c': 'none', 'd': 'almost all', 'e': 'some', 'f': 'the smaller part', 'g': 'few', 'h': 'most', 'i': 'all'}, {'a': 'some', 'b': 'many', 'c': 'almost none', 'd': 'none', 'e': 'most', 'f': 'the smaller part', 'g': 'all', 'h': 'few', 'i': 'almost all'}, {'a': 'some', 'b': 'all', 'c': 'almost all', 'd': 'the smaller part', 'e': 'most', 'f': 'few', 'g': 'none', 'h': 'many', 'i': 'almost none'}]","['Question: How many animals are there in the image? Pick the best answer among the following options:\nA: the smaller part\nB: many\nC: some\nD: almost all\nE: almost none\nF: few\nG: most\nH: none\nI: all\nAnswer:', 'Question: How many animals are there in the image? Pick the best answer among the following options:\nA: none\nB: few\nC: many\nD: the smaller part\nE: all\nF: almost all\nG: almost none\nH: most\nI: some\nAnswer:', 'Question: How many animals are there in the image? Pick the best answer among the following options:\nA: many\nB: almost none\nC: none\nD: almost all\nE: some\nF: the smaller part\nG: few\nH: most\nI: all\nAnswer:', 'Question: How many animals are there in the image? Pick the best answer among the following options:\nA: some\nB: many\nC: almost none\nD: none\nE: most\nF: the smaller part\nG: all\nH: few\nI: almost all\nAnswer:', 'Question: How many animals are there in the image? Pick the best answer among the following options:\nA: some\nB: all\nC: almost all\nD: the smaller part\nE: most\nF: few\nG: none\nH: many\nI: almost none\nAnswer:']"
1014,data/images/quantifier/test_1014.png,"[['a'], ['almost all'], ['d'], ['d'], ['all']]","[{'a': 'many', 'b': 'almost all', 'c': 'some', 'd': 'most', 'e': 'the smaller part', 'f': 'few', 'g': 'all', 'h': 'almost none', 'i': 'none'}, {'a': 'none', 'b': 'the smaller part', 'c': 'most', 'd': 'some', 'e': 'few', 'f': 'many', 'g': 'almost none', 'h': 'almost all', 'i': 'all'}, {'a': 'few', 'b': 'none', 'c': 'the smaller part', 'd': 'some', 'e': 'many', 'f': 'all', 'g': 'almost all', 'h': 'almost none', 'i': 'most'}, {'a': 'the smaller part', 'b': 'all', 'c': 'most', 'd': 'few', 'e': 'many', 'f': 'almost all', 'g': 'none', 'h': 'almost none', 'i': 'some'}, {'a': 'the smaller part', 'b': 'some', 'c': 'almost all', 'd': 'most', 'e': 'all', 'f': 'few', 'g': 'none', 'h': 'many', 'i': 'almost none'}]","['Question: How many animals are there in the image? Pick the best answer among the following options:\nA: many\nB: almost all\nC: some\nD: most\nE: the smaller part\nF: few\nG: all\nH: almost none\nI: none\nAnswer:', 'Question: How many animals are there in the image? Pick the best answer among the following options:\nA: none\nB: the smaller part\nC: most\nD: some\nE: few\nF: many\nG: almost none\nH: almost all\nI: all\nAnswer:', 'Question: How many animals are there in the image? Pick the best answer among the following options:\nA: few\nB: none\nC: the smaller part\nD: some\nE: many\nF: all\nG: almost all\nH: almost none\nI: most\nAnswer:', 'Question: How many animals are there in the image? Pick the best answer among the following options:\nA: the smaller part\nB: all\nC: most\nD: few\nE: many\nF: almost all\nG: none\nH: almost none\nI: some\nAnswer:', 'Question: How many animals are there in the image? Pick the best answer among the following options:\nA: the smaller part\nB: some\nC: almost all\nD: most\nE: all\nF: few\nG: none\nH: many\nI: almost none\nAnswer:']"
1109,data/images/quantifier/test_1109.png,"[['many'], ['b'], ['the smaller part'], ['g'], ['few']]","[{'a': 'most', 'b': 'some', 'c': 'few', 'd': 'none', 'e': 'almost none', 'f': 'many', 'g': 'the smaller part', 'h': 'almost all', 'i': 'all'}, {'a': 'many', 'b': 'few', 'c': 'the smaller part', 'd': 'none', 'e': 'almost all', 'f': 'some', 'g': 'all', 'h': 'almost none', 'i': 'most'}, {'a': 'almost none', 'b': 'the smaller part', 'c': 'few', 'd': 'all', 'e': 'none', 'f': 'most', 'g': 'almost all', 'h': 'many', 'i': 'some'}, {'a': 'none', 'b': 'few', 'c': 'many', 'd': 'almost all', 'e': 'the smaller part', 'f': 'almost none', 'g': 'some', 'h': 'all', 'i': 'most'}, {'a': 'few', 'b': 'all', 'c': 'almost none', 'd': 'many', 'e': 'none', 'f': 'most', 'g': 'some', 'h': 'almost all', 'i': 'the smaller part'}]","['Question: How many animals are there in the image? Pick the best answer among the following options:\nA: most\nB: some\nC: few\nD: none\nE: almost none\nF: many\nG: the smaller part\nH: almost all\nI: all\nAnswer:', 'Question: How many animals are there in the image? Pick the best answer among the following options:\nA: many\nB: few\nC: the smaller part\nD: none\nE: almost all\nF: some\nG: all\nH: almost none\nI: most\nAnswer:', 'Question: How many animals are there in the image? Pick the best answer among the following options:\nA: almost none\nB: the smaller part\nC: few\nD: all\nE: none\nF: most\nG: almost all\nH: many\nI: some\nAnswer:', 'Question: How many animals are there in the image? Pick the best answer among the following options:\nA: none\nB: few\nC: many\nD: almost all\nE: the smaller part\nF: almost none\nG: some\nH: all\nI: most\nAnswer:', 'Question: How many animals are there in the image? Pick the best answer among the following options:\nA: few\nB: all\nC: almost none\nD: many\nE: none\nF: most\nG: some\nH: almost all\nI: the smaller part\nAnswer:']"
1019,data/images/quantifier/test_1019.png,"[['many'], ['a'], ['a'], ['a'], ['there are 6 objects in the image, with 4 of them being animals']]","[{'a': 'almost none', 'b': 'the smaller part', 'c': 'some', 'd': 'all', 'e': 'many', 'f': 'almost all', 'g': 'most', 'h': 'none', 'i': 'few'}, {'a': 'many', 'b': 'some', 'c': 'all', 'd': 'none', 'e': 'almost all', 'f': 'most', 'g': 'few', 'h': 'the smaller part', 'i': 'almost none'}, {'a': 'few', 'b': 'all', 'c': 'none', 'd': 'many', 'e': 'almost none', 'f': 'the smaller part', 'g': 'most', 'h': 'almost all', 'i': 'some'}, {'a': 'most', 'b': 'almost all', 'c': 'the smaller part', 'd': 'all', 'e': 'many', 'f': 'almost none', 'g': 'few', 'h': 'none', 'i': 'some'}, {'a': 'none', 'b': 'many', 'c': 'almost all', 'd': 'few', 'e': 'almost none', 'f': 'most', 'g': 'all', 'h': 'some', 'i': 'the smaller part'}]","['Question: How many animals are there in the image? Pick the best answer among the following options:\nA: almost none\nB: the smaller part\nC: some\nD: all\nE: many\nF: almost all\nG: most\nH: none\nI: few\nAnswer:', 'Question: How many animals are there in the image? Pick the best answer among the following options:\nA: many\nB: some\nC: all\nD: none\nE: almost all\nF: most\nG: few\nH: the smaller part\nI: almost none\nAnswer:', 'Question: How many animals are there in the image? Pick the best answer among the following options:\nA: few\nB: all\nC: none\nD: many\nE: almost none\nF: the smaller part\nG: most\nH: almost all\nI: some\nAnswer:', 'Question: How many animals are there in the image? Pick the best answer among the following options:\nA: most\nB: almost all\nC: the smaller part\nD: all\nE: many\nF: almost none\nG: few\nH: none\nI: some\nAnswer:', 'Question: How many animals are there in the image? Pick the best answer among the following options:\nA: none\nB: many\nC: almost all\nD: few\nE: almost none\nF: most\nG: all\nH: some\nI: the smaller part\nAnswer:']"
1122,data/images/quantifier/test_1122.png,"[['a there are 6 animals in this image the largest part of the image contains 3 animals 1 animal'], ['i'], ['many'], ['i'], ['h']]","[{'a': 'the smaller part', 'b': 'some', 'c': 'none', 'd': 'many', 'e': 'almost all', 'f': 'few', 'g': 'most', 'h': 'all', 'i': 'almost none'}, {'a': 'the smaller part', 'b': 'few', 'c': 'most', 'd': 'many', 'e': 'almost all', 'f': 'almost none', 'g': 'none', 'h': 'some', 'i': 'all'}, {'a': 'many', 'b': 'the smaller part', 'c': 'none', 'd': 'some', 'e': 'all', 'f': 'few', 'g': 'almost none', 'h': 'most', 'i': 'almost all'}, {'a': 'all', 'b': 'almost none', 'c': 'almost all', 'd': 'few', 'e': 'none', 'f': 'some', 'g': 'most', 'h': 'many', 'i': 'the smaller part'}, {'a': 'almost none', 'b': 'almost all', 'c': 'all', 'd': 'most', 'e': 'some', 'f': 'none', 'g': 'few', 'h': 'many', 'i': 'the smaller part'}]","['Question: How many animals are there in the image? Pick the best answer among the following options:\nA: the smaller part\nB: some\nC: none\nD: many\nE: almost all\nF: few\nG: most\nH: all\nI: almost none\nAnswer:', 'Question: How many animals are there in the image? Pick the best answer among the following options:\nA: the smaller part\nB: few\nC: most\nD: many\nE: almost all\nF: almost none\nG: none\nH: some\nI: all\nAnswer:', 'Question: How many animals are there in the image? Pick the best answer among the following options:\nA: many\nB: the smaller part\nC: none\nD: some\nE: all\nF: few\nG: almost none\nH: most\nI: almost all\nAnswer:', 'Question: How many animals are there in the image? Pick the best answer among the following options:\nA: all\nB: almost none\nC: almost all\nD: few\nE: none\nF: some\nG: most\nH: many\nI: the smaller part\nAnswer:', 'Question: How many animals are there in the image? Pick the best answer among the following options:\nA: almost none\nB: almost all\nC: all\nD: most\nE: some\nF: none\nG: few\nH: many\nI: the smaller part\nAnswer:']"
1166,data/images/quantifier/test_1166.png,"[['none'], ['a'], ['none'], ['the smaller part'], ['g']]","[{'a': 'the smaller part', 'b': 'almost none', 'c': 'most', 'd': 'many', 'e': 'some', 'f': 'few', 'g': 'all', 'h': 'almost all', 'i': 'none'}, {'a': 'none', 'b': 'all', 'c': 'almost none', 'd': 'most', 'e': 'many', 'f': 'few', 'g': 'the smaller part', 'h': 'almost all', 'i': 'some'}, {'a': 'none', 'b': 'most', 'c': 'few', 'd': 'almost all', 'e': 'all', 'f': 'some', 'g': 'almost none', 'h': 'the smaller part', 'i': 'many'}, {'a': 'some', 'b': 'few', 'c': 'most', 'd': 'almost none', 'e': 'many', 'f': 'the smaller part', 'g': 'all', 'h': 'none', 'i': 'almost all'}, {'a': 'most', 'b': 'few', 'c': 'many', 'd': 'almost none', 'e': 'the smaller part', 'f': 'almost all', 'g': 'all', 'h': 'some', 'i': 'none'}]","['Question: How many animals are there in the image? Pick the best answer among the following options:\nA: the smaller part\nB: almost none\nC: most\nD: many\nE: some\nF: few\nG: all\nH: almost all\nI: none\nAnswer:', 'Question: How many animals are there in the image? Pick the best answer among the following options:\nA: none\nB: all\nC: almost none\nD: most\nE: many\nF: few\nG: the smaller part\nH: almost all\nI: some\nAnswer:', 'Question: How many animals are there in the image? Pick the best answer among the following options:\nA: none\nB: most\nC: few\nD: almost all\nE: all\nF: some\nG: almost none\nH: the smaller part\nI: many\nAnswer:', 'Question: How many animals are there in the image? Pick the best answer among the following options:\nA: some\nB: few\nC: most\nD: almost none\nE: many\nF: the smaller part\nG: all\nH: none\nI: almost all\nAnswer:', 'Question: How many animals are there in the image? Pick the best answer among the following options:\nA: most\nB: few\nC: many\nD: almost none\nE: the smaller part\nF: almost all\nG: all\nH: some\nI: none\nAnswer:']"
938,data/images/quantifier/test_938.png,"[['all animals'], ['a'], ['a'], ['there are 5 animals in the image, but they are in the right order'], ['almost all']]","[{'a': 'all', 'b': 'almost all', 'c': 'few', 'd': 'some', 'e': 'most', 'f': 'many', 'g': 'almost none', 'h': 'the smaller part', 'i': 'none'}, {'a': 'few', 'b': 'none', 'c': 'all', 'd': 'many', 'e': 'almost none', 'f': 'most', 'g': 'some', 'h': 'almost all', 'i': 'the smaller part'}, {'a': 'few', 'b': 'many', 'c': 'all', 'd': 'some', 'e': 'almost none', 'f': 'almost all', 'g': 'none', 'h': 'most', 'i': 'the smaller part'}, {'a': 'almost none', 'b': 'most', 'c': 'the smaller part', 'd': 'all', 'e': 'almost all', 'f': 'some', 'g': 'few', 'h': 'many', 'i': 'none'}, {'a': 'many', 'b': 'few', 'c': 'most', 'd': 'the smaller part', 'e': 'some', 'f': 'almost none', 'g': 'all', 'h': 'almost all', 'i': 'none'}]","['Question: How many animals are there in the image? Pick the best answer among the following options:\nA: all\nB: almost all\nC: few\nD: some\nE: most\nF: many\nG: almost none\nH: the smaller part\nI: none\nAnswer:', 'Question: How many animals are there in the image? Pick the best answer among the following options:\nA: few\nB: none\nC: all\nD: many\nE: almost none\nF: most\nG: some\nH: almost all\nI: the smaller part\nAnswer:', 'Question: How many animals are there in the image? Pick the best answer among the following options:\nA: few\nB: many\nC: all\nD: some\nE: almost none\nF: almost all\nG: none\nH: most\nI: the smaller part\nAnswer:', 'Question: How many animals are there in the image? Pick the best answer among the following options:\nA: almost none\nB: most\nC: the smaller part\nD: all\nE: almost all\nF: some\nG: few\nH: many\nI: none\nAnswer:', 'Question: How many animals are there in the image? Pick the best answer among the following options:\nA: many\nB: few\nC: most\nD: the smaller part\nE: some\nF: almost none\nG: all\nH: almost all\nI: none\nAnswer:']"
870,data/images/quantifier/test_870.png,"[['b'], ['d'], ['none'], ['a'], ['c']]","[{'a': 'few', 'b': 'almost none', 'c': 'almost all', 'd': 'the smaller part', 'e': 'all', 'f': 'many', 'g': 'some', 'h': 'most', 'i': 'none'}, {'a': 'the smaller part', 'b': 'all', 'c': 'none', 'd': 'some', 'e': 'few', 'f': 'many', 'g': 'most', 'h': 'almost none', 'i': 'almost all'}, {'a': 'most', 'b': 'many', 'c': 'almost all', 'd': 'none', 'e': 'all', 'f': 'few', 'g': 'some', 'h': 'the smaller part', 'i': 'almost none'}, {'a': 'some', 'b': 'few', 'c': 'none', 'd': 'almost none', 'e': 'almost all', 'f': 'all', 'g': 'most', 'h': 'many', 'i': 'the smaller part'}, {'a': 'most', 'b': 'the smaller part', 'c': 'few', 'd': 'almost all', 'e': 'many', 'f': 'almost none', 'g': 'some', 'h': 'none', 'i': 'all'}]","['Question: How many animals are there in the image? Pick the best answer among the following options:\nA: few\nB: almost none\nC: almost all\nD: the smaller part\nE: all\nF: many\nG: some\nH: most\nI: none\nAnswer:', 'Question: How many animals are there in the image? Pick the best answer among the following options:\nA: the smaller part\nB: all\nC: none\nD: some\nE: few\nF: many\nG: most\nH: almost none\nI: almost all\nAnswer:', 'Question: How many animals are there in the image? Pick the best answer among the following options:\nA: most\nB: many\nC: almost all\nD: none\nE: all\nF: few\nG: some\nH: the smaller part\nI: almost none\nAnswer:', 'Question: How many animals are there in the image? Pick the best answer among the following options:\nA: some\nB: few\nC: none\nD: almost none\nE: almost all\nF: all\nG: most\nH: many\nI: the smaller part\nAnswer:', 'Question: How many animals are there in the image? Pick the best answer among the following options:\nA: most\nB: the smaller part\nC: few\nD: almost all\nE: many\nF: almost none\nG: some\nH: none\nI: all\nAnswer:']"
863,data/images/quantifier/test_863.png,"[['g'], [''], ['there are many animals shown in the image'], ['all'], ['g, none, almost all']]","[{'a': 'all', 'b': 'most', 'c': 'many', 'd': 'the smaller part', 'e': 'almost all', 'f': 'few', 'g': 'none', 'h': 'almost none', 'i': 'some'}, {'a': 'few', 'b': 'most', 'c': 'almost none', 'd': 'some', 'e': 'all', 'f': 'none', 'g': 'almost all', 'h': 'the smaller part', 'i': 'many'}, {'a': 'almost all', 'b': 'many', 'c': 'some', 'd': 'the smaller part', 'e': 'none', 'f': 'almost none', 'g': 'few', 'h': 'most', 'i': 'all'}, {'a': 'almost none', 'b': 'most', 'c': 'all', 'd': 'few', 'e': 'none', 'f': 'some', 'g': 'almost all', 'h': 'many', 'i': 'the smaller part'}, {'a': 'most', 'b': 'none', 'c': 'almost all', 'd': 'few', 'e': 'all', 'f': 'the smaller part', 'g': 'many', 'h': 'some', 'i': 'almost none'}]","['Question: How many animals are there in the image? Pick the best answer among the following options:\nA: all\nB: most\nC: many\nD: the smaller part\nE: almost all\nF: few\nG: none\nH: almost none\nI: some\nAnswer:', 'Question: How many animals are there in the image? Pick the best answer among the following options:\nA: few\nB: most\nC: almost none\nD: some\nE: all\nF: none\nG: almost all\nH: the smaller part\nI: many\nAnswer:', 'Question: How many animals are there in the image? Pick the best answer among the following options:\nA: almost all\nB: many\nC: some\nD: the smaller part\nE: none\nF: almost none\nG: few\nH: most\nI: all\nAnswer:', 'Question: How many animals are there in the image? Pick the best answer among the following options:\nA: almost none\nB: most\nC: all\nD: few\nE: none\nF: some\nG: almost all\nH: many\nI: the smaller part\nAnswer:', 'Question: How many animals are there in the image? Pick the best answer among the following options:\nA: most\nB: none\nC: almost all\nD: few\nE: all\nF: the smaller part\nG: many\nH: some\nI: almost none\nAnswer:']"
934,data/images/quantifier/test_934.png,"[['g'], ['b'], ['h'], ['the smaller part is true'], ['all']]","[{'a': 'almost all', 'b': 'none', 'c': 'the smaller part', 'd': 'many', 'e': 'some', 'f': 'almost none', 'g': 'all', 'h': 'few', 'i': 'most'}, {'a': 'the smaller part', 'b': 'almost none', 'c': 'almost all', 'd': 'few', 'e': 'none', 'f': 'most', 'g': 'all', 'h': 'many', 'i': 'some'}, {'a': 'all', 'b': 'few', 'c': 'the smaller part', 'd': 'some', 'e': 'almost none', 'f': 'most', 'g': 'almost all', 'h': 'many', 'i': 'none'}, {'a': 'most', 'b': 'none', 'c': 'some', 'd': 'many', 'e': 'all', 'f': 'almost all', 'g': 'almost none', 'h': 'the smaller part', 'i': 'few'}, {'a': 'many', 'b': 'few', 'c': 'some', 'd': 'almost all', 'e': 'most', 'f': 'almost none', 'g': 'none', 'h': 'the smaller part', 'i': 'all'}]","['Question: How many animals are there in the image? Pick the best answer among the following options:\nA: almost all\nB: none\nC: the smaller part\nD: many\nE: some\nF: almost none\nG: all\nH: few\nI: most\nAnswer:', 'Question: How many animals are there in the image? Pick the best answer among the following options:\nA: the smaller part\nB: almost none\nC: almost all\nD: few\nE: none\nF: most\nG: all\nH: many\nI: some\nAnswer:', 'Question: How many animals are there in the image? Pick the best answer among the following options:\nA: all\nB: few\nC: the smaller part\nD: some\nE: almost none\nF: most\nG: almost all\nH: many\nI: none\nAnswer:', 'Question: How many animals are there in the image? Pick the best answer among the following options:\nA: most\nB: none\nC: some\nD: many\nE: all\nF: almost all\nG: almost none\nH: the smaller part\nI: few\nAnswer:', 'Question: How many animals are there in the image? Pick the best answer among the following options:\nA: many\nB: few\nC: some\nD: almost all\nE: most\nF: almost none\nG: none\nH: the smaller part\nI: all\nAnswer:']"
866,data/images/quantifier/test_866.png,"[['none'], ['almost all'], ['almost all'], ['a'], ['g']]","[{'a': 'none', 'b': 'some', 'c': 'almost all', 'd': 'most', 'e': 'almost none', 'f': 'many', 'g': 'few', 'h': 'the smaller part', 'i': 'all'}, {'a': 'few', 'b': 'many', 'c': 'almost all', 'd': 'all', 'e': 'the smaller part', 'f': 'some', 'g': 'almost none', 'h': 'most', 'i': 'none'}, {'a': 'none', 'b': 'many', 'c': 'most', 'd': 'almost all', 'e': 'all', 'f': 'few', 'g': 'the smaller part', 'h': 'some', 'i': 'almost none'}, {'a': 'none', 'b': 'some', 'c': 'almost all', 'd': 'few', 'e': 'all', 'f': 'most', 'g': 'the smaller part', 'h': 'many', 'i': 'almost none'}, {'a': 'almost all', 'b': 'some', 'c': 'all', 'd': 'most', 'e': 'the smaller part', 'f': 'none', 'g': 'few', 'h': 'almost none', 'i': 'many'}]","['Question: How many animals are there in the image? Pick the best answer among the following options:\nA: none\nB: some\nC: almost all\nD: most\nE: almost none\nF: many\nG: few\nH: the smaller part\nI: all\nAnswer:', 'Question: How many animals are there in the image? Pick the best answer among the following options:\nA: few\nB: many\nC: almost all\nD: all\nE: the smaller part\nF: some\nG: almost none\nH: most\nI: none\nAnswer:', 'Question: How many animals are there in the image? Pick the best answer among the following options:\nA: none\nB: many\nC: most\nD: almost all\nE: all\nF: few\nG: the smaller part\nH: some\nI: almost none\nAnswer:', 'Question: How many animals are there in the image? Pick the best answer among the following options:\nA: none\nB: some\nC: almost all\nD: few\nE: all\nF: most\nG: the smaller part\nH: many\nI: almost none\nAnswer:', 'Question: How many animals are there in the image? Pick the best answer among the following options:\nA: almost all\nB: some\nC: all\nD: most\nE: the smaller part\nF: none\nG: few\nH: almost none\nI: many\nAnswer:']"
932,data/images/quantifier/test_932.png,"[['g'], ['all of them'], ['1'], ['a'], ['c']]","[{'a': 'few', 'b': 'most', 'c': 'none', 'd': 'almost none', 'e': 'many', 'f': 'some', 'g': 'the smaller part', 'h': 'almost all', 'i': 'all'}, {'a': 'none', 'b': 'few', 'c': 'almost all', 'd': 'the smaller part', 'e': 'many', 'f': 'some', 'g': 'most', 'h': 'all', 'i': 'almost none'}, {'a': 'few', 'b': 'most', 'c': 'almost none', 'd': 'all', 'e': 'some', 'f': 'almost all', 'g': 'none', 'h': 'the smaller part', 'i': 'many'}, {'a': 'the smaller part', 'b': 'most', 'c': 'many', 'd': 'almost none', 'e': 'none', 'f': 'almost all', 'g': 'all', 'h': 'few', 'i': 'some'}, {'a': 'many', 'b': 'none', 'c': 'most', 'd': 'few', 'e': 'some', 'f': 'all', 'g': 'the smaller part', 'h': 'almost all', 'i': 'almost none'}]","['Question: How many animals are there in the image? Pick the best answer among the following options:\nA: few\nB: most\nC: none\nD: almost none\nE: many\nF: some\nG: the smaller part\nH: almost all\nI: all\nAnswer:', 'Question: How many animals are there in the image? Pick the best answer among the following options:\nA: none\nB: few\nC: almost all\nD: the smaller part\nE: many\nF: some\nG: most\nH: all\nI: almost none\nAnswer:', 'Question: How many animals are there in the image? Pick the best answer among the following options:\nA: few\nB: most\nC: almost none\nD: all\nE: some\nF: almost all\nG: none\nH: the smaller part\nI: many\nAnswer:', 'Question: How many animals are there in the image? Pick the best answer among the following options:\nA: the smaller part\nB: most\nC: many\nD: almost none\nE: none\nF: almost all\nG: all\nH: few\nI: some\nAnswer:', 'Question: How many animals are there in the image? Pick the best answer among the following options:\nA: many\nB: none\nC: most\nD: few\nE: some\nF: all\nG: the smaller part\nH: almost all\nI: almost none\nAnswer:']"
711,data/images/quantifier/test_711.png,"[['g'], ['almost all'], ['a'], ['a'], ['a']]","[{'a': 'none', 'b': 'few', 'c': 'almost none', 'd': 'many', 'e': 'most', 'f': 'almost all', 'g': 'all', 'h': 'the smaller part', 'i': 'some'}, {'a': 'none', 'b': 'the smaller part', 'c': 'many', 'd': 'all', 'e': 'almost none', 'f': 'almost all', 'g': 'some', 'h': 'few', 'i': 'most'}, {'a': 'many', 'b': 'few', 'c': 'almost none', 'd': 'the smaller part', 'e': 'some', 'f': 'most', 'g': 'none', 'h': 'all', 'i': 'almost all'}, {'a': 'many', 'b': 'almost all', 'c': 'some', 'd': 'few', 'e': 'the smaller part', 'f': 'all', 'g': 'none', 'h': 'almost none', 'i': 'most'}, {'a': 'the smaller part', 'b': 'most', 'c': 'none', 'd': 'few', 'e': 'all', 'f': 'some', 'g': 'many', 'h': 'almost none', 'i': 'almost all'}]","['Question: How many animals are there in the image? Pick the best answer among the following options:\nA: none\nB: few\nC: almost none\nD: many\nE: most\nF: almost all\nG: all\nH: the smaller part\nI: some\nAnswer:', 'Question: How many animals are there in the image? Pick the best answer among the following options:\nA: none\nB: the smaller part\nC: many\nD: all\nE: almost none\nF: almost all\nG: some\nH: few\nI: most\nAnswer:', 'Question: How many animals are there in the image? Pick the best answer among the following options:\nA: many\nB: few\nC: almost none\nD: the smaller part\nE: some\nF: most\nG: none\nH: all\nI: almost all\nAnswer:', 'Question: How many animals are there in the image? Pick the best answer among the following options:\nA: many\nB: almost all\nC: some\nD: few\nE: the smaller part\nF: all\nG: none\nH: almost none\nI: most\nAnswer:', 'Question: How many animals are there in the image? Pick the best answer among the following options:\nA: the smaller part\nB: most\nC: none\nD: few\nE: all\nF: some\nG: many\nH: almost none\nI: almost all\nAnswer:']"
780,data/images/quantifier/test_780.png,"[['all'], ['d'], ['the smaller part'], ['all'], ['']]","[{'a': 'many', 'b': 'few', 'c': 'all', 'd': 'the smaller part', 'e': 'some', 'f': 'most', 'g': 'none', 'h': 'almost none', 'i': 'almost all'}, {'a': 'the smaller part', 'b': 'some', 'c': 'most', 'd': 'almost none', 'e': 'few', 'f': 'many', 'g': 'almost all', 'h': 'none', 'i': 'all'}, {'a': 'some', 'b': 'all', 'c': 'most', 'd': 'the smaller part', 'e': 'many', 'f': 'none', 'g': 'almost none', 'h': 'almost all', 'i': 'few'}, {'a': 'some', 'b': 'almost none', 'c': 'most', 'd': 'the smaller part', 'e': 'few', 'f': 'none', 'g': 'many', 'h': 'all', 'i': 'almost all'}, {'a': 'many', 'b': 'all', 'c': 'the smaller part', 'd': 'almost all', 'e': 'few', 'f': 'some', 'g': 'most', 'h': 'none', 'i': 'almost none'}]","['Question: How many animals are there in the image? Pick the best answer among the following options:\nA: many\nB: few\nC: all\nD: the smaller part\nE: some\nF: most\nG: none\nH: almost none\nI: almost all\nAnswer:', 'Question: How many animals are there in the image? Pick the best answer among the following options:\nA: the smaller part\nB: some\nC: most\nD: almost none\nE: few\nF: many\nG: almost all\nH: none\nI: all\nAnswer:', 'Question: How many animals are there in the image? Pick the best answer among the following options:\nA: some\nB: all\nC: most\nD: the smaller part\nE: many\nF: none\nG: almost none\nH: almost all\nI: few\nAnswer:', 'Question: How many animals are there in the image? Pick the best answer among the following options:\nA: some\nB: almost none\nC: most\nD: the smaller part\nE: few\nF: none\nG: many\nH: all\nI: almost all\nAnswer:', 'Question: How many animals are there in the image? Pick the best answer among the following options:\nA: many\nB: all\nC: the smaller part\nD: almost all\nE: few\nF: some\nG: most\nH: none\nI: almost none\nAnswer:']"
793,data/images/quantifier/test_793.png,"[['b'], ['almost none'], ['d'], ['i'], ['a']]","[{'a': 'the smaller part', 'b': 'many', 'c': 'few', 'd': 'almost none', 'e': 'most', 'f': 'almost all', 'g': 'all', 'h': 'none', 'i': 'some'}, {'a': 'many', 'b': 'some', 'c': 'almost all', 'd': 'most', 'e': 'all', 'f': 'the smaller part', 'g': 'few', 'h': 'none', 'i': 'almost none'}, {'a': 'all', 'b': 'almost all', 'c': 'none', 'd': 'many', 'e': 'most', 'f': 'some', 'g': 'the smaller part', 'h': 'few', 'i': 'almost none'}, {'a': 'few', 'b': 'the smaller part', 'c': 'almost all', 'd': 'many', 'e': 'all', 'f': 'almost none', 'g': 'none', 'h': 'most', 'i': 'some'}, {'a': 'the smaller part', 'b': 'few', 'c': 'many', 'd': 'none', 'e': 'most', 'f': 'almost all', 'g': 'almost none', 'h': 'all', 'i': 'some'}]","['Question: How many animals are there in the image? Pick the best answer among the following options:\nA: the smaller part\nB: many\nC: few\nD: almost none\nE: most\nF: almost all\nG: all\nH: none\nI: some\nAnswer:', 'Question: How many animals are there in the image? Pick the best answer among the following options:\nA: many\nB: some\nC: almost all\nD: most\nE: all\nF: the smaller part\nG: few\nH: none\nI: almost none\nAnswer:', 'Question: How many animals are there in the image? Pick the best answer among the following options:\nA: all\nB: almost all\nC: none\nD: many\nE: most\nF: some\nG: the smaller part\nH: few\nI: almost none\nAnswer:', 'Question: How many animals are there in the image? Pick the best answer among the following options:\nA: few\nB: the smaller part\nC: almost all\nD: many\nE: all\nF: almost none\nG: none\nH: most\nI: some\nAnswer:', 'Question: How many animals are there in the image? Pick the best answer among the following options:\nA: the smaller part\nB: few\nC: many\nD: none\nE: most\nF: almost all\nG: almost none\nH: all\nI: some\nAnswer:']"
615,data/images/quantifier/test_615.png,"[['there are some animals on the image.'], ['g'], ['a'], ['almost all'], ['all']]","[{'a': 'some', 'b': 'almost none', 'c': 'most', 'd': 'the smaller part', 'e': 'few', 'f': 'many', 'g': 'almost all', 'h': 'none', 'i': 'all'}, {'a': 'some', 'b': 'almost none', 'c': 'the smaller part', 'd': 'none', 'e': 'most', 'f': 'many', 'g': 'few', 'h': 'all', 'i': 'almost all'}, {'a': 'almost none', 'b': 'few', 'c': 'most', 'd': 'some', 'e': 'none', 'f': 'many', 'g': 'the smaller part', 'h': 'all', 'i': 'almost all'}, {'a': 'the smaller part', 'b': 'none', 'c': 'most', 'd': 'many', 'e': 'some', 'f': 'few', 'g': 'all', 'h': 'almost all', 'i': 'almost none'}, {'a': 'almost all', 'b': 'many', 'c': 'few', 'd': 'the smaller part', 'e': 'most', 'f': 'all', 'g': 'some', 'h': 'almost none', 'i': 'none'}]","['Question: How many animals are there in the image? Pick the best answer among the following options:\nA: some\nB: almost none\nC: most\nD: the smaller part\nE: few\nF: many\nG: almost all\nH: none\nI: all\nAnswer:', 'Question: How many animals are there in the image? Pick the best answer among the following options:\nA: some\nB: almost none\nC: the smaller part\nD: none\nE: most\nF: many\nG: few\nH: all\nI: almost all\nAnswer:', 'Question: How many animals are there in the image? Pick the best answer among the following options:\nA: almost none\nB: few\nC: most\nD: some\nE: none\nF: many\nG: the smaller part\nH: all\nI: almost all\nAnswer:', 'Question: How many animals are there in the image? Pick the best answer among the following options:\nA: the smaller part\nB: none\nC: most\nD: many\nE: some\nF: few\nG: all\nH: almost all\nI: almost none\nAnswer:', 'Question: How many animals are there in the image? Pick the best answer among the following options:\nA: almost all\nB: many\nC: few\nD: the smaller part\nE: most\nF: all\nG: some\nH: almost none\nI: none\nAnswer:']"
737,data/images/quantifier/test_737.png,"[['none'], ['i'], ['there is a dog, an old woman, a clock, a bird, an animal, a bird'], ['all'], ['a, b, c']]","[{'a': 'all', 'b': 'some', 'c': 'the smaller part', 'd': 'most', 'e': 'few', 'f': 'many', 'g': 'almost none', 'h': 'almost all', 'i': 'none'}, {'a': 'almost none', 'b': 'all', 'c': 'many', 'd': 'most', 'e': 'few', 'f': 'none', 'g': 'some', 'h': 'almost all', 'i': 'the smaller part'}, {'a': 'none', 'b': 'many', 'c': 'some', 'd': 'most', 'e': 'almost all', 'f': 'few', 'g': 'almost none', 'h': 'the smaller part', 'i': 'all'}, {'a': 'some', 'b': 'almost all', 'c': 'all', 'd': 'few', 'e': 'almost none', 'f': 'the smaller part', 'g': 'many', 'h': 'most', 'i': 'none'}, {'a': 'the smaller part', 'b': 'none', 'c': 'some', 'd': 'almost all', 'e': 'most', 'f': 'few', 'g': 'almost none', 'h': 'many', 'i': 'all'}]","['Question: How many animals are there in the image? Pick the best answer among the following options:\nA: all\nB: some\nC: the smaller part\nD: most\nE: few\nF: many\nG: almost none\nH: almost all\nI: none\nAnswer:', 'Question: How many animals are there in the image? Pick the best answer among the following options:\nA: almost none\nB: all\nC: many\nD: most\nE: few\nF: none\nG: some\nH: almost all\nI: the smaller part\nAnswer:', 'Question: How many animals are there in the image? Pick the best answer among the following options:\nA: none\nB: many\nC: some\nD: most\nE: almost all\nF: few\nG: almost none\nH: the smaller part\nI: all\nAnswer:', 'Question: How many animals are there in the image? Pick the best answer among the following options:\nA: some\nB: almost all\nC: all\nD: few\nE: almost none\nF: the smaller part\nG: many\nH: most\nI: none\nAnswer:', 'Question: How many animals are there in the image? Pick the best answer among the following options:\nA: the smaller part\nB: none\nC: some\nD: almost all\nE: most\nF: few\nG: almost none\nH: many\nI: all\nAnswer:']"
758,data/images/quantifier/test_758.png,"[['f'], ['the smaller part'], ['b'], ['there are only a few animals in the image'], ['a']]","[{'a': 'all', 'b': 'few', 'c': 'many', 'd': 'almost all', 'e': 'almost none', 'f': 'most', 'g': 'the smaller part', 'h': 'some', 'i': 'none'}, {'a': 'few', 'b': 'almost none', 'c': 'almost all', 'd': 'most', 'e': 'some', 'f': 'none', 'g': 'many', 'h': 'all', 'i': 'the smaller part'}, {'a': 'almost none', 'b': 'the smaller part', 'c': 'all', 'd': 'some', 'e': 'none', 'f': 'many', 'g': 'most', 'h': 'almost all', 'i': 'few'}, {'a': 'few', 'b': 'many', 'c': 'almost all', 'd': 'most', 'e': 'some', 'f': 'all', 'g': 'none', 'h': 'almost none', 'i': 'the smaller part'}, {'a': 'almost all', 'b': 'some', 'c': 'all', 'd': 'many', 'e': 'none', 'f': 'most', 'g': 'few', 'h': 'the smaller part', 'i': 'almost none'}]","['Question: How many animals are there in the image? Pick the best answer among the following options:\nA: all\nB: few\nC: many\nD: almost all\nE: almost none\nF: most\nG: the smaller part\nH: some\nI: none\nAnswer:', 'Question: How many animals are there in the image? Pick the best answer among the following options:\nA: few\nB: almost none\nC: almost all\nD: most\nE: some\nF: none\nG: many\nH: all\nI: the smaller part\nAnswer:', 'Question: How many animals are there in the image? Pick the best answer among the following options:\nA: almost none\nB: the smaller part\nC: all\nD: some\nE: none\nF: many\nG: most\nH: almost all\nI: few\nAnswer:', 'Question: How many animals are there in the image? Pick the best answer among the following options:\nA: few\nB: many\nC: almost all\nD: most\nE: some\nF: all\nG: none\nH: almost none\nI: the smaller part\nAnswer:', 'Question: How many animals are there in the image? Pick the best answer among the following options:\nA: almost all\nB: some\nC: all\nD: many\nE: none\nF: most\nG: few\nH: the smaller part\nI: almost none\nAnswer:']"
474,data/images/quantifier/test_474.png,"[['none'], ['g'], ['none, none'], ['the smaller part'], ['a']]","[{'a': 'the smaller part', 'b': 'almost none', 'c': 'most', 'd': 'some', 'e': 'all', 'f': 'none', 'g': 'many', 'h': 'almost all', 'i': 'few'}, {'a': 'few', 'b': 'many', 'c': 'almost all', 'd': 'most', 'e': 'almost none', 'f': 'none', 'g': 'the smaller part', 'h': 'some', 'i': 'all'}, {'a': 'none', 'b': 'few', 'c': 'all', 'd': 'almost all', 'e': 'most', 'f': 'the smaller part', 'g': 'many', 'h': 'some', 'i': 'almost none'}, {'a': 'none', 'b': 'some', 'c': 'almost all', 'd': 'almost none', 'e': 'most', 'f': 'many', 'g': 'the smaller part', 'h': 'few', 'i': 'all'}, {'a': 'many', 'b': 'none', 'c': 'almost none', 'd': 'almost all', 'e': 'the smaller part', 'f': 'most', 'g': 'all', 'h': 'few', 'i': 'some'}]","['Question: How many animals are there in the image? Pick the best answer among the following options:\nA: the smaller part\nB: almost none\nC: most\nD: some\nE: all\nF: none\nG: many\nH: almost all\nI: few\nAnswer:', 'Question: How many animals are there in the image? Pick the best answer among the following options:\nA: few\nB: many\nC: almost all\nD: most\nE: almost none\nF: none\nG: the smaller part\nH: some\nI: all\nAnswer:', 'Question: How many animals are there in the image? Pick the best answer among the following options:\nA: none\nB: few\nC: all\nD: almost all\nE: most\nF: the smaller part\nG: many\nH: some\nI: almost none\nAnswer:', 'Question: How many animals are there in the image? Pick the best answer among the following options:\nA: none\nB: some\nC: almost all\nD: almost none\nE: most\nF: many\nG: the smaller part\nH: few\nI: all\nAnswer:', 'Question: How many animals are there in the image? Pick the best answer among the following options:\nA: many\nB: none\nC: almost none\nD: almost all\nE: the smaller part\nF: most\nG: all\nH: few\nI: some\nAnswer:']"
558,data/images/quantifier/test_558.png,"[['g'], ['c'], [''], ['a few'], ['3 correct']]","[{'a': 'most', 'b': 'almost none', 'c': 'many', 'd': 'all', 'e': 'the smaller part', 'f': 'some', 'g': 'none', 'h': 'almost all', 'i': 'few'}, {'a': 'almost none', 'b': 'the smaller part', 'c': 'almost all', 'd': 'all', 'e': 'most', 'f': 'some', 'g': 'few', 'h': 'none', 'i': 'many'}, {'a': 'almost none', 'b': 'some', 'c': 'few', 'd': 'none', 'e': 'most', 'f': 'all', 'g': 'many', 'h': 'almost all', 'i': 'the smaller part'}, {'a': 'some', 'b': 'almost all', 'c': 'most', 'd': 'all', 'e': 'few', 'f': 'almost none', 'g': 'many', 'h': 'the smaller part', 'i': 'none'}, {'a': 'none', 'b': 'most', 'c': 'almost none', 'd': 'some', 'e': 'all', 'f': 'almost all', 'g': 'the smaller part', 'h': 'few', 'i': 'many'}]","['Question: How many animals are there in the image? Pick the best answer among the following options:\nA: most\nB: almost none\nC: many\nD: all\nE: the smaller part\nF: some\nG: none\nH: almost all\nI: few\nAnswer:', 'Question: How many animals are there in the image? Pick the best answer among the following options:\nA: almost none\nB: the smaller part\nC: almost all\nD: all\nE: most\nF: some\nG: few\nH: none\nI: many\nAnswer:', 'Question: How many animals are there in the image? Pick the best answer among the following options:\nA: almost none\nB: some\nC: few\nD: none\nE: most\nF: all\nG: many\nH: almost all\nI: the smaller part\nAnswer:', 'Question: How many animals are there in the image? Pick the best answer among the following options:\nA: some\nB: almost all\nC: most\nD: all\nE: few\nF: almost none\nG: many\nH: the smaller part\nI: none\nAnswer:', 'Question: How many animals are there in the image? Pick the best answer among the following options:\nA: none\nB: most\nC: almost none\nD: some\nE: all\nF: almost all\nG: the smaller part\nH: few\nI: many\nAnswer:']"
512,data/images/quantifier/test_512.png,"[['b'], ['a'], ['h'], ['a lot'], ['none']]","[{'a': 'some', 'b': 'most', 'c': 'many', 'd': 'all', 'e': 'none', 'f': 'almost none', 'g': 'few', 'h': 'almost all', 'i': 'the smaller part'}, {'a': 'none', 'b': 'some', 'c': 'almost none', 'd': 'few', 'e': 'most', 'f': 'many', 'g': 'almost all', 'h': 'the smaller part', 'i': 'all'}, {'a': 'many', 'b': 'some', 'c': 'the smaller part', 'd': 'none', 'e': 'all', 'f': 'almost none', 'g': 'most', 'h': 'few', 'i': 'almost all'}, {'a': 'none', 'b': 'almost all', 'c': 'all', 'd': 'few', 'e': 'most', 'f': 'almost none', 'g': 'the smaller part', 'h': 'many', 'i': 'some'}, {'a': 'few', 'b': 'many', 'c': 'almost all', 'd': 'none', 'e': 'some', 'f': 'most', 'g': 'all', 'h': 'the smaller part', 'i': 'almost none'}]","['Question: How many animals are there in the image? Pick the best answer among the following options:\nA: some\nB: most\nC: many\nD: all\nE: none\nF: almost none\nG: few\nH: almost all\nI: the smaller part\nAnswer:', 'Question: How many animals are there in the image? Pick the best answer among the following options:\nA: none\nB: some\nC: almost none\nD: few\nE: most\nF: many\nG: almost all\nH: the smaller part\nI: all\nAnswer:', 'Question: How many animals are there in the image? Pick the best answer among the following options:\nA: many\nB: some\nC: the smaller part\nD: none\nE: all\nF: almost none\nG: most\nH: few\nI: almost all\nAnswer:', 'Question: How many animals are there in the image? Pick the best answer among the following options:\nA: none\nB: almost all\nC: all\nD: few\nE: most\nF: almost none\nG: the smaller part\nH: many\nI: some\nAnswer:', 'Question: How many animals are there in the image? Pick the best answer among the following options:\nA: few\nB: many\nC: almost all\nD: none\nE: some\nF: most\nG: all\nH: the smaller part\nI: almost none\nAnswer:']"
487,data/images/quantifier/test_487.png,"[['e'], ['a'], ['none'], ['a and e'], ['c']]","[{'a': 'almost all', 'b': 'almost none', 'c': 'some', 'd': 'most', 'e': 'many', 'f': 'all', 'g': 'the smaller part', 'h': 'few', 'i': 'none'}, {'a': 'most', 'b': 'none', 'c': 'all', 'd': 'some', 'e': 'almost all', 'f': 'few', 'g': 'the smaller part', 'h': 'almost none', 'i': 'many'}, {'a': 'few', 'b': 'none', 'c': 'some', 'd': 'all', 'e': 'almost all', 'f': 'the smaller part', 'g': 'many', 'h': 'most', 'i': 'almost none'}, {'a': 'almost all', 'b': 'the smaller part', 'c': 'most', 'd': 'almost none', 'e': 'all', 'f': 'none', 'g': 'some', 'h': 'many', 'i': 'few'}, {'a': 'all', 'b': 'the smaller part', 'c': 'almost none', 'd': 'many', 'e': 'some', 'f': 'few', 'g': 'almost all', 'h': 'none', 'i': 'most'}]","['Question: How many animals are there in the image? Pick the best answer among the following options:\nA: almost all\nB: almost none\nC: some\nD: most\nE: many\nF: all\nG: the smaller part\nH: few\nI: none\nAnswer:', 'Question: How many animals are there in the image? Pick the best answer among the following options:\nA: most\nB: none\nC: all\nD: some\nE: almost all\nF: few\nG: the smaller part\nH: almost none\nI: many\nAnswer:', 'Question: How many animals are there in the image? Pick the best answer among the following options:\nA: few\nB: none\nC: some\nD: all\nE: almost all\nF: the smaller part\nG: many\nH: most\nI: almost none\nAnswer:', 'Question: How many animals are there in the image? Pick the best answer among the following options:\nA: almost all\nB: the smaller part\nC: most\nD: almost none\nE: all\nF: none\nG: some\nH: many\nI: few\nAnswer:', 'Question: How many animals are there in the image? Pick the best answer among the following options:\nA: all\nB: the smaller part\nC: almost none\nD: many\nE: some\nF: few\nG: almost all\nH: none\nI: most\nAnswer:']"
507,data/images/quantifier/test_507.png,"[['g'], ['all the animals are there'], ['all'], [''], ['d']]","[{'a': 'the smaller part', 'b': 'all', 'c': 'almost none', 'd': 'few', 'e': 'none', 'f': 'most', 'g': 'some', 'h': 'many', 'i': 'almost all'}, {'a': 'all', 'b': 'none', 'c': 'many', 'd': 'some', 'e': 'few', 'f': 'most', 'g': 'the smaller part', 'h': 'almost all', 'i': 'almost none'}, {'a': 'all', 'b': 'the smaller part', 'c': 'many', 'd': 'some', 'e': 'none', 'f': 'almost none', 'g': 'most', 'h': 'almost all', 'i': 'few'}, {'a': 'some', 'b': 'most', 'c': 'all', 'd': 'the smaller part', 'e': 'almost none', 'f': 'few', 'g': 'almost all', 'h': 'none', 'i': 'many'}, {'a': 'almost none', 'b': 'almost all', 'c': 'none', 'd': 'all', 'e': 'the smaller part', 'f': 'most', 'g': 'many', 'h': 'few', 'i': 'some'}]","['Question: How many animals are there in the image? Pick the best answer among the following options:\nA: the smaller part\nB: all\nC: almost none\nD: few\nE: none\nF: most\nG: some\nH: many\nI: almost all\nAnswer:', 'Question: How many animals are there in the image? Pick the best answer among the following options:\nA: all\nB: none\nC: many\nD: some\nE: few\nF: most\nG: the smaller part\nH: almost all\nI: almost none\nAnswer:', 'Question: How many animals are there in the image? Pick the best answer among the following options:\nA: all\nB: the smaller part\nC: many\nD: some\nE: none\nF: almost none\nG: most\nH: almost all\nI: few\nAnswer:', 'Question: How many animals are there in the image? Pick the best answer among the following options:\nA: some\nB: most\nC: all\nD: the smaller part\nE: almost none\nF: few\nG: almost all\nH: none\nI: many\nAnswer:', 'Question: How many animals are there in the image? Pick the best answer among the following options:\nA: almost none\nB: almost all\nC: none\nD: all\nE: the smaller part\nF: most\nG: many\nH: few\nI: some\nAnswer:']"
492,data/images/quantifier/test_492.png,"[['many'], ['i choose g'], ['the smaller part of the image'], ['the smaller part'], ['the smaller part']]","[{'a': 'the smaller part', 'b': 'all', 'c': 'some', 'd': 'almost none', 'e': 'many', 'f': 'almost all', 'g': 'none', 'h': 'most', 'i': 'few'}, {'a': 'almost all', 'b': 'none', 'c': 'almost none', 'd': 'few', 'e': 'many', 'f': 'some', 'g': 'most', 'h': 'all', 'i': 'the smaller part'}, {'a': 'almost none', 'b': 'most', 'c': 'the smaller part', 'd': 'almost all', 'e': 'none', 'f': 'many', 'g': 'few', 'h': 'some', 'i': 'all'}, {'a': 'almost none', 'b': 'few', 'c': 'many', 'd': 'all', 'e': 'the smaller part', 'f': 'most', 'g': 'almost all', 'h': 'none', 'i': 'some'}, {'a': 'almost none', 'b': 'few', 'c': 'many', 'd': 'some', 'e': 'most', 'f': 'all', 'g': 'none', 'h': 'almost all', 'i': 'the smaller part'}]","['Question: How many animals are there in the image? Pick the best answer among the following options:\nA: the smaller part\nB: all\nC: some\nD: almost none\nE: many\nF: almost all\nG: none\nH: most\nI: few\nAnswer:', 'Question: How many animals are there in the image? Pick the best answer among the following options:\nA: almost all\nB: none\nC: almost none\nD: few\nE: many\nF: some\nG: most\nH: all\nI: the smaller part\nAnswer:', 'Question: How many animals are there in the image? Pick the best answer among the following options:\nA: almost none\nB: most\nC: the smaller part\nD: almost all\nE: none\nF: many\nG: few\nH: some\nI: all\nAnswer:', 'Question: How many animals are there in the image? Pick the best answer among the following options:\nA: almost none\nB: few\nC: many\nD: all\nE: the smaller part\nF: most\nG: almost all\nH: none\nI: some\nAnswer:', 'Question: How many animals are there in the image? Pick the best answer among the following options:\nA: almost none\nB: few\nC: many\nD: some\nE: most\nF: all\nG: none\nH: almost all\nI: the smaller part\nAnswer:']"
212,data/images/quantifier/test_212.png,"[['the smaller part'], ['b'], ['d'], ['most'], ['h']]","[{'a': 'some', 'b': 'almost all', 'c': 'almost none', 'd': 'many', 'e': 'none', 'f': 'most', 'g': 'few', 'h': 'all', 'i': 'the smaller part'}, {'a': 'all', 'b': 'almost all', 'c': 'most', 'd': 'the smaller part', 'e': 'many', 'f': 'some', 'g': 'almost none', 'h': 'few', 'i': 'none'}, {'a': 'almost all', 'b': 'all', 'c': 'few', 'd': 'most', 'e': 'the smaller part', 'f': 'none', 'g': 'almost none', 'h': 'many', 'i': 'some'}, {'a': 'the smaller part', 'b': 'many', 'c': 'few', 'd': 'all', 'e': 'most', 'f': 'some', 'g': 'almost all', 'h': 'none', 'i': 'almost none'}, {'a': 'all', 'b': 'many', 'c': 'almost all', 'd': 'the smaller part', 'e': 'some', 'f': 'almost none', 'g': 'most', 'h': 'few', 'i': 'none'}]","['Question: How many animals are there in the image? Pick the best answer among the following options:\nA: some\nB: almost all\nC: almost none\nD: many\nE: none\nF: most\nG: few\nH: all\nI: the smaller part\nAnswer:', 'Question: How many animals are there in the image? Pick the best answer among the following options:\nA: all\nB: almost all\nC: most\nD: the smaller part\nE: many\nF: some\nG: almost none\nH: few\nI: none\nAnswer:', 'Question: How many animals are there in the image? Pick the best answer among the following options:\nA: almost all\nB: all\nC: few\nD: most\nE: the smaller part\nF: none\nG: almost none\nH: many\nI: some\nAnswer:', 'Question: How many animals are there in the image? Pick the best answer among the following options:\nA: the smaller part\nB: many\nC: few\nD: all\nE: most\nF: some\nG: almost all\nH: none\nI: almost none\nAnswer:', 'Question: How many animals are there in the image? Pick the best answer among the following options:\nA: all\nB: many\nC: almost all\nD: the smaller part\nE: some\nF: almost none\nG: most\nH: few\nI: none\nAnswer:']"
260,data/images/quantifier/test_260.png,"[['b'], ['there is one animal in the image'], ['almost all'], ['c'], ['e']]","[{'a': 'the smaller part', 'b': 'most', 'c': 'some', 'd': 'many', 'e': 'almost all', 'f': 'all', 'g': 'none', 'h': 'few', 'i': 'almost none'}, {'a': 'almost none', 'b': 'some', 'c': 'the smaller part', 'd': 'almost all', 'e': 'all', 'f': 'none', 'g': 'few', 'h': 'many', 'i': 'most'}, {'a': 'many', 'b': 'some', 'c': 'all', 'd': 'almost none', 'e': 'none', 'f': 'few', 'g': 'most', 'h': 'almost all', 'i': 'the smaller part'}, {'a': 'few', 'b': 'none', 'c': 'some', 'd': 'all', 'e': 'almost none', 'f': 'the smaller part', 'g': 'many', 'h': 'almost all', 'i': 'most'}, {'a': 'almost none', 'b': 'all', 'c': 'some', 'd': 'none', 'e': 'many', 'f': 'the smaller part', 'g': 'almost all', 'h': 'few', 'i': 'most'}]","['Question: How many animals are there in the image? Pick the best answer among the following options:\nA: the smaller part\nB: most\nC: some\nD: many\nE: almost all\nF: all\nG: none\nH: few\nI: almost none\nAnswer:', 'Question: How many animals are there in the image? Pick the best answer among the following options:\nA: almost none\nB: some\nC: the smaller part\nD: almost all\nE: all\nF: none\nG: few\nH: many\nI: most\nAnswer:', 'Question: How many animals are there in the image? Pick the best answer among the following options:\nA: many\nB: some\nC: all\nD: almost none\nE: none\nF: few\nG: most\nH: almost all\nI: the smaller part\nAnswer:', 'Question: How many animals are there in the image? Pick the best answer among the following options:\nA: few\nB: none\nC: some\nD: all\nE: almost none\nF: the smaller part\nG: many\nH: almost all\nI: most\nAnswer:', 'Question: How many animals are there in the image? Pick the best answer among the following options:\nA: almost none\nB: all\nC: some\nD: none\nE: many\nF: the smaller part\nG: almost all\nH: few\nI: most\nAnswer:']"
326,data/images/quantifier/test_326.png,"[['none of the above'], ['e the smallest part is almost all the animals in the image are: a duck'], ['g'], ['none, the larger part'], ['a']]","[{'a': 'most', 'b': 'almost none', 'c': 'the smaller part', 'd': 'many', 'e': 'all', 'f': 'none', 'g': 'few', 'h': 'almost all', 'i': 'some'}, {'a': 'some', 'b': 'none', 'c': 'all', 'd': 'many', 'e': 'the smaller part', 'f': 'few', 'g': 'most', 'h': 'almost all', 'i': 'almost none'}, {'a': 'many', 'b': 'almost all', 'c': 'the smaller part', 'd': 'all', 'e': 'most', 'f': 'some', 'g': 'almost none', 'h': 'none', 'i': 'few'}, {'a': 'none', 'b': 'some', 'c': 'almost all', 'd': 'all', 'e': 'many', 'f': 'almost none', 'g': 'the smaller part', 'h': 'most', 'i': 'few'}, {'a': 'few', 'b': 'many', 'c': 'some', 'd': 'none', 'e': 'all', 'f': 'almost none', 'g': 'almost all', 'h': 'the smaller part', 'i': 'most'}]","['Question: How many animals are there in the image? Pick the best answer among the following options:\nA: most\nB: almost none\nC: the smaller part\nD: many\nE: all\nF: none\nG: few\nH: almost all\nI: some\nAnswer:', 'Question: How many animals are there in the image? Pick the best answer among the following options:\nA: some\nB: none\nC: all\nD: many\nE: the smaller part\nF: few\nG: most\nH: almost all\nI: almost none\nAnswer:', 'Question: How many animals are there in the image? Pick the best answer among the following options:\nA: many\nB: almost all\nC: the smaller part\nD: all\nE: most\nF: some\nG: almost none\nH: none\nI: few\nAnswer:', 'Question: How many animals are there in the image? Pick the best answer among the following options:\nA: none\nB: some\nC: almost all\nD: all\nE: many\nF: almost none\nG: the smaller part\nH: most\nI: few\nAnswer:', 'Question: How many animals are there in the image? Pick the best answer among the following options:\nA: few\nB: many\nC: some\nD: none\nE: all\nF: almost none\nG: almost all\nH: the smaller part\nI: most\nAnswer:']"
384,data/images/quantifier/test_384.png,"[['e'], ['the smaller part'], ['c'], ['g'], ['all']]","[{'a': 'most', 'b': 'almost all', 'c': 'many', 'd': 'almost none', 'e': 'all', 'f': 'few', 'g': 'the smaller part', 'h': 'none', 'i': 'some'}, {'a': 'most', 'b': 'few', 'c': 'the smaller part', 'd': 'many', 'e': 'almost all', 'f': 'none', 'g': 'all', 'h': 'some', 'i': 'almost none'}, {'a': 'all', 'b': 'few', 'c': 'most', 'd': 'almost all', 'e': 'the smaller part', 'f': 'many', 'g': 'almost none', 'h': 'none', 'i': 'some'}, {'a': 'almost all', 'b': 'almost none', 'c': 'some', 'd': 'many', 'e': 'few', 'f': 'none', 'g': 'the smaller part', 'h': 'all', 'i': 'most'}, {'a': 'some', 'b': 'most', 'c': 'almost none', 'd': 'the smaller part', 'e': 'almost all', 'f': 'many', 'g': 'all', 'h': 'none', 'i': 'few'}]","['Question: How many animals are there in the image? Pick the best answer among the following options:\nA: most\nB: almost all\nC: many\nD: almost none\nE: all\nF: few\nG: the smaller part\nH: none\nI: some\nAnswer:', 'Question: How many animals are there in the image? Pick the best answer among the following options:\nA: most\nB: few\nC: the smaller part\nD: many\nE: almost all\nF: none\nG: all\nH: some\nI: almost none\nAnswer:', 'Question: How many animals are there in the image? Pick the best answer among the following options:\nA: all\nB: few\nC: most\nD: almost all\nE: the smaller part\nF: many\nG: almost none\nH: none\nI: some\nAnswer:', 'Question: How many animals are there in the image? Pick the best answer among the following options:\nA: almost all\nB: almost none\nC: some\nD: many\nE: few\nF: none\nG: the smaller part\nH: all\nI: most\nAnswer:', 'Question: How many animals are there in the image? Pick the best answer among the following options:\nA: some\nB: most\nC: almost none\nD: the smaller part\nE: almost all\nF: many\nG: all\nH: none\nI: few\nAnswer:']"
303,data/images/quantifier/test_303.png,"[['g'], ['i picked ""a"", the smaller part, all'], ['some'], ['there are lots of animals in the image.'], ['g']]","[{'a': 'many', 'b': 'most', 'c': 'none', 'd': 'some', 'e': 'almost all', 'f': 'almost none', 'g': 'the smaller part', 'h': 'few', 'i': 'all'}, {'a': 'the smaller part', 'b': 'all', 'c': 'almost none', 'd': 'most', 'e': 'almost all', 'f': 'some', 'g': 'few', 'h': 'none', 'i': 'many'}, {'a': 'almost none', 'b': 'all', 'c': 'some', 'd': 'most', 'e': 'few', 'f': 'many', 'g': 'none', 'h': 'the smaller part', 'i': 'almost all'}, {'a': 'most', 'b': 'none', 'c': 'almost all', 'd': 'all', 'e': 'some', 'f': 'few', 'g': 'many', 'h': 'almost none', 'i': 'the smaller part'}, {'a': 'most', 'b': 'the smaller part', 'c': 'many', 'd': 'none', 'e': 'some', 'f': 'almost none', 'g': 'all', 'h': 'few', 'i': 'almost all'}]","['Question: How many animals are there in the image? Pick the best answer among the following options:\nA: many\nB: most\nC: none\nD: some\nE: almost all\nF: almost none\nG: the smaller part\nH: few\nI: all\nAnswer:', 'Question: How many animals are there in the image? Pick the best answer among the following options:\nA: the smaller part\nB: all\nC: almost none\nD: most\nE: almost all\nF: some\nG: few\nH: none\nI: many\nAnswer:', 'Question: How many animals are there in the image? Pick the best answer among the following options:\nA: almost none\nB: all\nC: some\nD: most\nE: few\nF: many\nG: none\nH: the smaller part\nI: almost all\nAnswer:', 'Question: How many animals are there in the image? Pick the best answer among the following options:\nA: most\nB: none\nC: almost all\nD: all\nE: some\nF: few\nG: many\nH: almost none\nI: the smaller part\nAnswer:', 'Question: How many animals are there in the image? Pick the best answer among the following options:\nA: most\nB: the smaller part\nC: many\nD: none\nE: some\nF: almost none\nG: all\nH: few\nI: almost all\nAnswer:']"
394,data/images/quantifier/test_394.png,"[['none'], ['i: most'], ['the smaller part'], ['none of them'], ['some']]","[{'a': 'most', 'b': 'all', 'c': 'none', 'd': 'few', 'e': 'many', 'f': 'some', 'g': 'almost none', 'h': 'the smaller part', 'i': 'almost all'}, {'a': 'few', 'b': 'the smaller part', 'c': 'most', 'd': 'all', 'e': 'many', 'f': 'none', 'g': 'almost none', 'h': 'almost all', 'i': 'some'}, {'a': 'most', 'b': 'almost all', 'c': 'almost none', 'd': 'many', 'e': 'some', 'f': 'the smaller part', 'g': 'none', 'h': 'all', 'i': 'few'}, {'a': 'almost all', 'b': 'most', 'c': 'many', 'd': 'some', 'e': 'none', 'f': 'all', 'g': 'few', 'h': 'almost none', 'i': 'the smaller part'}, {'a': 'all', 'b': 'few', 'c': 'the smaller part', 'd': 'many', 'e': 'some', 'f': 'most', 'g': 'almost all', 'h': 'almost none', 'i': 'none'}]","['Question: How many animals are there in the image? Pick the best answer among the following options:\nA: most\nB: all\nC: none\nD: few\nE: many\nF: some\nG: almost none\nH: the smaller part\nI: almost all\nAnswer:', 'Question: How many animals are there in the image? Pick the best answer among the following options:\nA: few\nB: the smaller part\nC: most\nD: all\nE: many\nF: none\nG: almost none\nH: almost all\nI: some\nAnswer:', 'Question: How many animals are there in the image? Pick the best answer among the following options:\nA: most\nB: almost all\nC: almost none\nD: many\nE: some\nF: the smaller part\nG: none\nH: all\nI: few\nAnswer:', 'Question: How many animals are there in the image? Pick the best answer among the following options:\nA: almost all\nB: most\nC: many\nD: some\nE: none\nF: all\nG: few\nH: almost none\nI: the smaller part\nAnswer:', 'Question: How many animals are there in the image? Pick the best answer among the following options:\nA: all\nB: few\nC: the smaller part\nD: many\nE: some\nF: most\nG: almost all\nH: almost none\nI: none\nAnswer:']"
2211,data/images/quantifier/test_2211.png,"[['b'], ['many animals'], ['g'], ['a'], ['a']]","[{'a': 'few', 'b': 'some', 'c': 'almost none', 'd': 'the smaller part', 'e': 'all', 'f': 'almost all', 'g': 'none', 'h': 'many', 'i': 'most'}, {'a': 'most', 'b': 'almost all', 'c': 'some', 'd': 'few', 'e': 'many', 'f': 'almost none', 'g': 'none', 'h': 'all', 'i': 'the smaller part'}, {'a': 'the smaller part', 'b': 'most', 'c': 'almost none', 'd': 'some', 'e': 'few', 'f': 'almost all', 'g': 'none', 'h': 'all', 'i': 'many'}, {'a': 'almost all', 'b': 'all', 'c': 'many', 'd': 'some', 'e': 'almost none', 'f': 'most', 'g': 'few', 'h': 'the smaller part', 'i': 'none'}, {'a': 'the smaller part', 'b': 'almost all', 'c': 'some', 'd': 'almost none', 'e': 'few', 'f': 'most', 'g': 'none', 'h': 'many', 'i': 'all'}]","['Question: How many animals are there in the image? Pick the best answer among the following options:\nA: few\nB: some\nC: almost none\nD: the smaller part\nE: all\nF: almost all\nG: none\nH: many\nI: most\nAnswer:', 'Question: How many animals are there in the image? Pick the best answer among the following options:\nA: most\nB: almost all\nC: some\nD: few\nE: many\nF: almost none\nG: none\nH: all\nI: the smaller part\nAnswer:', 'Question: How many animals are there in the image? Pick the best answer among the following options:\nA: the smaller part\nB: most\nC: almost none\nD: some\nE: few\nF: almost all\nG: none\nH: all\nI: many\nAnswer:', 'Question: How many animals are there in the image? Pick the best answer among the following options:\nA: almost all\nB: all\nC: many\nD: some\nE: almost none\nF: most\nG: few\nH: the smaller part\nI: none\nAnswer:', 'Question: How many animals are there in the image? Pick the best answer among the following options:\nA: the smaller part\nB: almost all\nC: some\nD: almost none\nE: few\nF: most\nG: none\nH: many\nI: all\nAnswer:']"
2229,data/images/quantifier/test_2229.png,"[['more than 10'], ['e'], ['there are many animals in the image'], ['a'], ['the smaller part']]","[{'a': 'many', 'b': 'some', 'c': 'all', 'd': 'most', 'e': 'almost all', 'f': 'the smaller part', 'g': 'none', 'h': 'almost none', 'i': 'few'}, {'a': 'the smaller part', 'b': 'most', 'c': 'some', 'd': 'almost all', 'e': 'none', 'f': 'all', 'g': 'almost none', 'h': 'few', 'i': 'many'}, {'a': 'all', 'b': 'almost none', 'c': 'many', 'd': 'none', 'e': 'almost all', 'f': 'the smaller part', 'g': 'few', 'h': 'most', 'i': 'some'}, {'a': 'almost none', 'b': 'almost all', 'c': 'none', 'd': 'all', 'e': 'many', 'f': 'most', 'g': 'the smaller part', 'h': 'some', 'i': 'few'}, {'a': 'all', 'b': 'most', 'c': 'few', 'd': 'many', 'e': 'almost none', 'f': 'the smaller part', 'g': 'some', 'h': 'none', 'i': 'almost all'}]","['Question: How many animals are there in the image? Pick the best answer among the following options:\nA: many\nB: some\nC: all\nD: most\nE: almost all\nF: the smaller part\nG: none\nH: almost none\nI: few\nAnswer:', 'Question: How many animals are there in the image? Pick the best answer among the following options:\nA: the smaller part\nB: most\nC: some\nD: almost all\nE: none\nF: all\nG: almost none\nH: few\nI: many\nAnswer:', 'Question: How many animals are there in the image? Pick the best answer among the following options:\nA: all\nB: almost none\nC: many\nD: none\nE: almost all\nF: the smaller part\nG: few\nH: most\nI: some\nAnswer:', 'Question: How many animals are there in the image? Pick the best answer among the following options:\nA: almost none\nB: almost all\nC: none\nD: all\nE: many\nF: most\nG: the smaller part\nH: some\nI: few\nAnswer:', 'Question: How many animals are there in the image? Pick the best answer among the following options:\nA: all\nB: most\nC: few\nD: many\nE: almost none\nF: the smaller part\nG: some\nH: none\nI: almost all\nAnswer:']"
2301,data/images/quantifier/test_2301.png,"[['the smaller part'], ['b'], ['some'], ['almost all'], ['all']]","[{'a': 'none', 'b': 'many', 'c': 'the smaller part', 'd': 'all', 'e': 'almost all', 'f': 'some', 'g': 'few', 'h': 'most', 'i': 'almost none'}, {'a': 'few', 'b': 'almost all', 'c': 'almost none', 'd': 'the smaller part', 'e': 'none', 'f': 'some', 'g': 'most', 'h': 'many', 'i': 'all'}, {'a': 'the smaller part', 'b': 'few', 'c': 'some', 'd': 'many', 'e': 'almost all', 'f': 'almost none', 'g': 'all', 'h': 'none', 'i': 'most'}, {'a': 'few', 'b': 'the smaller part', 'c': 'almost all', 'd': 'many', 'e': 'all', 'f': 'almost none', 'g': 'some', 'h': 'none', 'i': 'most'}, {'a': 'many', 'b': 'none', 'c': 'the smaller part', 'd': 'all', 'e': 'some', 'f': 'almost all', 'g': 'few', 'h': 'most', 'i': 'almost none'}]","['Question: How many animals are there in the image? Pick the best answer among the following options:\nA: none\nB: many\nC: the smaller part\nD: all\nE: almost all\nF: some\nG: few\nH: most\nI: almost none\nAnswer:', 'Question: How many animals are there in the image? Pick the best answer among the following options:\nA: few\nB: almost all\nC: almost none\nD: the smaller part\nE: none\nF: some\nG: most\nH: many\nI: all\nAnswer:', 'Question: How many animals are there in the image? Pick the best answer among the following options:\nA: the smaller part\nB: few\nC: some\nD: many\nE: almost all\nF: almost none\nG: all\nH: none\nI: most\nAnswer:', 'Question: How many animals are there in the image? Pick the best answer among the following options:\nA: few\nB: the smaller part\nC: almost all\nD: many\nE: all\nF: almost none\nG: some\nH: none\nI: most\nAnswer:', 'Question: How many animals are there in the image? Pick the best answer among the following options:\nA: many\nB: none\nC: the smaller part\nD: all\nE: some\nF: almost all\nG: few\nH: most\nI: almost none\nAnswer:']"
2243,data/images/quantifier/test_2243.png,"[['c'], ['b'], ['a'], ['b - the smaller part'], ['b']]","[{'a': 'some', 'b': 'almost all', 'c': 'few', 'd': 'most', 'e': 'all', 'f': 'none', 'g': 'many', 'h': 'the smaller part', 'i': 'almost none'}, {'a': 'some', 'b': 'all', 'c': 'almost all', 'd': 'few', 'e': 'the smaller part', 'f': 'almost none', 'g': 'many', 'h': 'most', 'i': 'none'}, {'a': 'few', 'b': 'almost all', 'c': 'many', 'd': 'none', 'e': 'most', 'f': 'all', 'g': 'some', 'h': 'the smaller part', 'i': 'almost none'}, {'a': 'many', 'b': 'none', 'c': 'the smaller part', 'd': 'few', 'e': 'almost all', 'f': 'almost none', 'g': 'all', 'h': 'some', 'i': 'most'}, {'a': 'almost all', 'b': 'all', 'c': 'almost none', 'd': 'most', 'e': 'few', 'f': 'many', 'g': 'some', 'h': 'the smaller part', 'i': 'none'}]","['Question: How many animals are there in the image? Pick the best answer among the following options:\nA: some\nB: almost all\nC: few\nD: most\nE: all\nF: none\nG: many\nH: the smaller part\nI: almost none\nAnswer:', 'Question: How many animals are there in the image? Pick the best answer among the following options:\nA: some\nB: all\nC: almost all\nD: few\nE: the smaller part\nF: almost none\nG: many\nH: most\nI: none\nAnswer:', 'Question: How many animals are there in the image? Pick the best answer among the following options:\nA: few\nB: almost all\nC: many\nD: none\nE: most\nF: all\nG: some\nH: the smaller part\nI: almost none\nAnswer:', 'Question: How many animals are there in the image? Pick the best answer among the following options:\nA: many\nB: none\nC: the smaller part\nD: few\nE: almost all\nF: almost none\nG: all\nH: some\nI: most\nAnswer:', 'Question: How many animals are there in the image? Pick the best answer among the following options:\nA: almost all\nB: all\nC: almost none\nD: most\nE: few\nF: many\nG: some\nH: the smaller part\nI: none\nAnswer:']"
2290,data/images/quantifier/test_2290.png,"[['none'], ['a and d'], ['g'], ['none'], ['d']]","[{'a': 'some', 'b': 'all', 'c': 'almost all', 'd': 'none', 'e': 'many', 'f': 'few', 'g': 'the smaller part', 'h': 'most', 'i': 'almost none'}, {'a': 'none', 'b': 'the smaller part', 'c': 'all', 'd': 'few', 'e': 'most', 'f': 'many', 'g': 'almost all', 'h': 'almost none', 'i': 'some'}, {'a': 'most', 'b': 'almost all', 'c': 'few', 'd': 'none', 'e': 'some', 'f': 'all', 'g': 'the smaller part', 'h': 'almost none', 'i': 'many'}, {'a': 'most', 'b': 'few', 'c': 'many', 'd': 'almost none', 'e': 'the smaller part', 'f': 'none', 'g': 'some', 'h': 'almost all', 'i': 'all'}, {'a': 'almost none', 'b': 'all', 'c': 'the smaller part', 'd': 'almost all', 'e': 'many', 'f': 'none', 'g': 'few', 'h': 'some', 'i': 'most'}]","['Question: How many animals are there in the image? Pick the best answer among the following options:\nA: some\nB: all\nC: almost all\nD: none\nE: many\nF: few\nG: the smaller part\nH: most\nI: almost none\nAnswer:', 'Question: How many animals are there in the image? Pick the best answer among the following options:\nA: none\nB: the smaller part\nC: all\nD: few\nE: most\nF: many\nG: almost all\nH: almost none\nI: some\nAnswer:', 'Question: How many animals are there in the image? Pick the best answer among the following options:\nA: most\nB: almost all\nC: few\nD: none\nE: some\nF: all\nG: the smaller part\nH: almost none\nI: many\nAnswer:', 'Question: How many animals are there in the image? Pick the best answer among the following options:\nA: most\nB: few\nC: many\nD: almost none\nE: the smaller part\nF: none\nG: some\nH: almost all\nI: all\nAnswer:', 'Question: How many animals are there in the image? Pick the best answer among the following options:\nA: almost none\nB: all\nC: the smaller part\nD: almost all\nE: many\nF: none\nG: few\nH: some\nI: most\nAnswer:']"
2201,data/images/quantifier/test_2201.png,"[['b is correct'], ['all'], ['g'], ['all'], ['d']]","[{'a': 'many', 'b': 'most', 'c': 'few', 'd': 'almost all', 'e': 'almost none', 'f': 'some', 'g': 'none', 'h': 'all', 'i': 'the smaller part'}, {'a': 'almost all', 'b': 'most', 'c': 'all', 'd': 'many', 'e': 'some', 'f': 'the smaller part', 'g': 'few', 'h': 'almost none', 'i': 'none'}, {'a': 'some', 'b': 'all', 'c': 'the smaller part', 'd': 'few', 'e': 'most', 'f': 'almost all', 'g': 'none', 'h': 'almost none', 'i': 'many'}, {'a': 'few', 'b': 'almost none', 'c': 'many', 'd': 'almost all', 'e': 'the smaller part', 'f': 'all', 'g': 'most', 'h': 'none', 'i': 'some'}, {'a': 'all', 'b': 'most', 'c': 'the smaller part', 'd': 'few', 'e': 'none', 'f': 'some', 'g': 'almost all', 'h': 'almost none', 'i': 'many'}]","['Question: How many animals are there in the image? Pick the best answer among the following options:\nA: many\nB: most\nC: few\nD: almost all\nE: almost none\nF: some\nG: none\nH: all\nI: the smaller part\nAnswer:', 'Question: How many animals are there in the image? Pick the best answer among the following options:\nA: almost all\nB: most\nC: all\nD: many\nE: some\nF: the smaller part\nG: few\nH: almost none\nI: none\nAnswer:', 'Question: How many animals are there in the image? Pick the best answer among the following options:\nA: some\nB: all\nC: the smaller part\nD: few\nE: most\nF: almost all\nG: none\nH: almost none\nI: many\nAnswer:', 'Question: How many animals are there in the image? Pick the best answer among the following options:\nA: few\nB: almost none\nC: many\nD: almost all\nE: the smaller part\nF: all\nG: most\nH: none\nI: some\nAnswer:', 'Question: How many animals are there in the image? Pick the best answer among the following options:\nA: all\nB: most\nC: the smaller part\nD: few\nE: none\nF: some\nG: almost all\nH: almost none\nI: many\nAnswer:']"
1255,data/images/quantifier/test_1255.png,"[['all'], ['none'], ['a: none'], [''], ['g']]","[{'a': 'many', 'b': 'the smaller part', 'c': 'almost none', 'd': 'none', 'e': 'all', 'f': 'some', 'g': 'almost all', 'h': 'most', 'i': 'few'}, {'a': 'almost all', 'b': 'none', 'c': 'almost none', 'd': 'all', 'e': 'many', 'f': 'few', 'g': 'most', 'h': 'some', 'i': 'the smaller part'}, {'a': 'few', 'b': 'none', 'c': 'the smaller part', 'd': 'many', 'e': 'almost none', 'f': 'almost all', 'g': 'all', 'h': 'most', 'i': 'some'}, {'a': 'the smaller part', 'b': 'many', 'c': 'most', 'd': 'almost all', 'e': 'none', 'f': 'some', 'g': 'few', 'h': 'all', 'i': 'almost none'}, {'a': 'some', 'b': 'many', 'c': 'the smaller part', 'd': 'none', 'e': 'few', 'f': 'almost none', 'g': 'almost all', 'h': 'all', 'i': 'most'}]","['Question: How many animals are there in the image? Pick the best answer among the following options:\nA: many\nB: the smaller part\nC: almost none\nD: none\nE: all\nF: some\nG: almost all\nH: most\nI: few\nAnswer:', 'Question: How many animals are there in the image? Pick the best answer among the following options:\nA: almost all\nB: none\nC: almost none\nD: all\nE: many\nF: few\nG: most\nH: some\nI: the smaller part\nAnswer:', 'Question: How many animals are there in the image? Pick the best answer among the following options:\nA: few\nB: none\nC: the smaller part\nD: many\nE: almost none\nF: almost all\nG: all\nH: most\nI: some\nAnswer:', 'Question: How many animals are there in the image? Pick the best answer among the following options:\nA: the smaller part\nB: many\nC: most\nD: almost all\nE: none\nF: some\nG: few\nH: all\nI: almost none\nAnswer:', 'Question: How many animals are there in the image? Pick the best answer among the following options:\nA: some\nB: many\nC: the smaller part\nD: none\nE: few\nF: almost none\nG: almost all\nH: all\nI: most\nAnswer:']"
1341,data/images/quantifier/test_1341.png,"[['there is a large number of animals shown in this image'], ['there are 6 animals'], ['b, the fewest'], ['the smaller part'], ['the smaller part']]","[{'a': 'most', 'b': 'almost none', 'c': 'the smaller part', 'd': 'few', 'e': 'none', 'f': 'many', 'g': 'all', 'h': 'almost all', 'i': 'some'}, {'a': 'the smaller part', 'b': 'some', 'c': 'none', 'd': 'many', 'e': 'almost none', 'f': 'most', 'g': 'all', 'h': 'almost all', 'i': 'few'}, {'a': 'the smaller part', 'b': 'few', 'c': 'most', 'd': 'none', 'e': 'some', 'f': 'almost all', 'g': 'all', 'h': 'almost none', 'i': 'many'}, {'a': 'almost all', 'b': 'many', 'c': 'all', 'd': 'none', 'e': 'few', 'f': 'the smaller part', 'g': 'some', 'h': 'almost none', 'i': 'most'}, {'a': 'most', 'b': 'few', 'c': 'some', 'd': 'many', 'e': 'the smaller part', 'f': 'almost none', 'g': 'none', 'h': 'all', 'i': 'almost all'}]","['Question: How many animals are there in the image? Pick the best answer among the following options:\nA: most\nB: almost none\nC: the smaller part\nD: few\nE: none\nF: many\nG: all\nH: almost all\nI: some\nAnswer:', 'Question: How many animals are there in the image? Pick the best answer among the following options:\nA: the smaller part\nB: some\nC: none\nD: many\nE: almost none\nF: most\nG: all\nH: almost all\nI: few\nAnswer:', 'Question: How many animals are there in the image? Pick the best answer among the following options:\nA: the smaller part\nB: few\nC: most\nD: none\nE: some\nF: almost all\nG: all\nH: almost none\nI: many\nAnswer:', 'Question: How many animals are there in the image? Pick the best answer among the following options:\nA: almost all\nB: many\nC: all\nD: none\nE: few\nF: the smaller part\nG: some\nH: almost none\nI: most\nAnswer:', 'Question: How many animals are there in the image? Pick the best answer among the following options:\nA: most\nB: few\nC: some\nD: many\nE: the smaller part\nF: almost none\nG: none\nH: all\nI: almost all\nAnswer:']"
1294,data/images/quantifier/test_1294.png,"[['all'], ['a) b) c)'], ['g'], ['h for the smaller part of the picture'], ['3']]","[{'a': 'most', 'b': 'many', 'c': 'none', 'd': 'few', 'e': 'almost all', 'f': 'all', 'g': 'some', 'h': 'almost none', 'i': 'the smaller part'}, {'a': 'almost all', 'b': 'few', 'c': 'none', 'd': 'many', 'e': 'some', 'f': 'almost none', 'g': 'all', 'h': 'the smaller part', 'i': 'most'}, {'a': 'all', 'b': 'the smaller part', 'c': 'almost all', 'd': 'none', 'e': 'few', 'f': 'almost none', 'g': 'many', 'h': 'most', 'i': 'some'}, {'a': 'all', 'b': 'some', 'c': 'almost none', 'd': 'few', 'e': 'none', 'f': 'almost all', 'g': 'most', 'h': 'many', 'i': 'the smaller part'}, {'a': 'few', 'b': 'the smaller part', 'c': 'almost all', 'd': 'some', 'e': 'most', 'f': 'many', 'g': 'almost none', 'h': 'all', 'i': 'none'}]","['Question: How many animals are there in the image? Pick the best answer among the following options:\nA: most\nB: many\nC: none\nD: few\nE: almost all\nF: all\nG: some\nH: almost none\nI: the smaller part\nAnswer:', 'Question: How many animals are there in the image? Pick the best answer among the following options:\nA: almost all\nB: few\nC: none\nD: many\nE: some\nF: almost none\nG: all\nH: the smaller part\nI: most\nAnswer:', 'Question: How many animals are there in the image? Pick the best answer among the following options:\nA: all\nB: the smaller part\nC: almost all\nD: none\nE: few\nF: almost none\nG: many\nH: most\nI: some\nAnswer:', 'Question: How many animals are there in the image? Pick the best answer among the following options:\nA: all\nB: some\nC: almost none\nD: few\nE: none\nF: almost all\nG: most\nH: many\nI: the smaller part\nAnswer:', 'Question: How many animals are there in the image? Pick the best answer among the following options:\nA: few\nB: the smaller part\nC: almost all\nD: some\nE: most\nF: many\nG: almost none\nH: all\nI: none\nAnswer:']"
1204,data/images/quantifier/test_1204.png,"[['a> the problem is that i need to replace the entire assembly.  no.  >'], ['d'], ['almost all'], ['e'], ['a']]","[{'a': 'most', 'b': 'the smaller part', 'c': 'some', 'd': 'none', 'e': 'almost all', 'f': 'all', 'g': 'many', 'h': 'few', 'i': 'almost none'}, {'a': 'some', 'b': 'all', 'c': 'many', 'd': 'most', 'e': 'the smaller part', 'f': 'none', 'g': 'almost none', 'h': 'almost all', 'i': 'few'}, {'a': 'some', 'b': 'many', 'c': 'almost all', 'd': 'few', 'e': 'the smaller part', 'f': 'none', 'g': 'most', 'h': 'almost none', 'i': 'all'}, {'a': 'almost all', 'b': 'almost none', 'c': 'none', 'd': 'most', 'e': 'some', 'f': 'few', 'g': 'the smaller part', 'h': 'many', 'i': 'all'}, {'a': 'none', 'b': 'most', 'c': 'the smaller part', 'd': 'few', 'e': 'many', 'f': 'almost none', 'g': 'almost all', 'h': 'all', 'i': 'some'}]","['Question: How many animals are there in the image? Pick the best answer among the following options:\nA: most\nB: the smaller part\nC: some\nD: none\nE: almost all\nF: all\nG: many\nH: few\nI: almost none\nAnswer:', 'Question: How many animals are there in the image? Pick the best answer among the following options:\nA: some\nB: all\nC: many\nD: most\nE: the smaller part\nF: none\nG: almost none\nH: almost all\nI: few\nAnswer:', 'Question: How many animals are there in the image? Pick the best answer among the following options:\nA: some\nB: many\nC: almost all\nD: few\nE: the smaller part\nF: none\nG: most\nH: almost none\nI: all\nAnswer:', 'Question: How many animals are there in the image? Pick the best answer among the following options:\nA: almost all\nB: almost none\nC: none\nD: most\nE: some\nF: few\nG: the smaller part\nH: many\nI: all\nAnswer:', 'Question: How many animals are there in the image? Pick the best answer among the following options:\nA: none\nB: most\nC: the smaller part\nD: few\nE: many\nF: almost none\nG: almost all\nH: all\nI: some\nAnswer:']"
1272,data/images/quantifier/test_1272.png,"[[''], ['a'], ['c'], ['the larger part'], ['4']]","[{'a': 'almost none', 'b': 'the smaller part', 'c': 'most', 'd': 'some', 'e': 'many', 'f': 'few', 'g': 'all', 'h': 'almost all', 'i': 'none'}, {'a': 'most', 'b': 'none', 'c': 'many', 'd': 'the smaller part', 'e': 'all', 'f': 'almost none', 'g': 'few', 'h': 'some', 'i': 'almost all'}, {'a': 'few', 'b': 'many', 'c': 'almost none', 'd': 'most', 'e': 'the smaller part', 'f': 'all', 'g': 'some', 'h': 'none', 'i': 'almost all'}, {'a': 'few', 'b': 'many', 'c': 'almost none', 'd': 'all', 'e': 'the smaller part', 'f': 'almost all', 'g': 'none', 'h': 'most', 'i': 'some'}, {'a': 'almost none', 'b': 'all', 'c': 'almost all', 'd': 'the smaller part', 'e': 'most', 'f': 'none', 'g': 'many', 'h': 'few', 'i': 'some'}]","['Question: How many animals are there in the image? Pick the best answer among the following options:\nA: almost none\nB: the smaller part\nC: most\nD: some\nE: many\nF: few\nG: all\nH: almost all\nI: none\nAnswer:', 'Question: How many animals are there in the image? Pick the best answer among the following options:\nA: most\nB: none\nC: many\nD: the smaller part\nE: all\nF: almost none\nG: few\nH: some\nI: almost all\nAnswer:', 'Question: How many animals are there in the image? Pick the best answer among the following options:\nA: few\nB: many\nC: almost none\nD: most\nE: the smaller part\nF: all\nG: some\nH: none\nI: almost all\nAnswer:', 'Question: How many animals are there in the image? Pick the best answer among the following options:\nA: few\nB: many\nC: almost none\nD: all\nE: the smaller part\nF: almost all\nG: none\nH: most\nI: some\nAnswer:', 'Question: How many animals are there in the image? Pick the best answer among the following options:\nA: almost none\nB: all\nC: almost all\nD: the smaller part\nE: most\nF: none\nG: many\nH: few\nI: some\nAnswer:']"
1302,data/images/quantifier/test_1302.png,"[['1'], ['d'], [''], ['i'], ['a']]","[{'a': 'most', 'b': 'none', 'c': 'the smaller part', 'd': 'all', 'e': 'almost none', 'f': 'almost all', 'g': 'few', 'h': 'some', 'i': 'many'}, {'a': 'most', 'b': 'none', 'c': 'few', 'd': 'many', 'e': 'almost none', 'f': 'all', 'g': 'almost all', 'h': 'the smaller part', 'i': 'some'}, {'a': 'few', 'b': 'none', 'c': 'most', 'd': 'almost none', 'e': 'some', 'f': 'many', 'g': 'all', 'h': 'the smaller part', 'i': 'almost all'}, {'a': 'none', 'b': 'some', 'c': 'all', 'd': 'almost none', 'e': 'most', 'f': 'few', 'g': 'many', 'h': 'almost all', 'i': 'the smaller part'}, {'a': 'many', 'b': 'almost all', 'c': 'none', 'd': 'almost none', 'e': 'few', 'f': 'all', 'g': 'the smaller part', 'h': 'most', 'i': 'some'}]","['Question: How many animals are there in the image? Pick the best answer among the following options:\nA: most\nB: none\nC: the smaller part\nD: all\nE: almost none\nF: almost all\nG: few\nH: some\nI: many\nAnswer:', 'Question: How many animals are there in the image? Pick the best answer among the following options:\nA: most\nB: none\nC: few\nD: many\nE: almost none\nF: all\nG: almost all\nH: the smaller part\nI: some\nAnswer:', 'Question: How many animals are there in the image? Pick the best answer among the following options:\nA: few\nB: none\nC: most\nD: almost none\nE: some\nF: many\nG: all\nH: the smaller part\nI: almost all\nAnswer:', 'Question: How many animals are there in the image? Pick the best answer among the following options:\nA: none\nB: some\nC: all\nD: almost none\nE: most\nF: few\nG: many\nH: almost all\nI: the smaller part\nAnswer:', 'Question: How many animals are there in the image? Pick the best answer among the following options:\nA: many\nB: almost all\nC: none\nD: almost none\nE: few\nF: all\nG: the smaller part\nH: most\nI: some\nAnswer:']"
2515,data/images/quantifier/test_2515.png,"[['the smaller part'], ['all'], ['all'], ['all'], ['b - some']]","[{'a': 'most', 'b': 'the smaller part', 'c': 'many', 'd': 'some', 'e': 'none', 'f': 'few', 'g': 'almost none', 'h': 'all', 'i': 'almost all'}, {'a': 'none', 'b': 'almost none', 'c': 'all', 'd': 'almost all', 'e': 'some', 'f': 'few', 'g': 'most', 'h': 'the smaller part', 'i': 'many'}, {'a': 'almost all', 'b': 'many', 'c': 'almost none', 'd': 'the smaller part', 'e': 'none', 'f': 'few', 'g': 'all', 'h': 'most', 'i': 'some'}, {'a': 'all', 'b': 'almost all', 'c': 'none', 'd': 'almost none', 'e': 'the smaller part', 'f': 'few', 'g': 'most', 'h': 'some', 'i': 'many'}, {'a': 'all', 'b': 'most', 'c': 'the smaller part', 'd': 'some', 'e': 'almost none', 'f': 'many', 'g': 'none', 'h': 'almost all', 'i': 'few'}]","['Question: How many animals are there in the image? Pick the best answer among the following options:\nA: most\nB: the smaller part\nC: many\nD: some\nE: none\nF: few\nG: almost none\nH: all\nI: almost all\nAnswer:', 'Question: How many animals are there in the image? Pick the best answer among the following options:\nA: none\nB: almost none\nC: all\nD: almost all\nE: some\nF: few\nG: most\nH: the smaller part\nI: many\nAnswer:', 'Question: How many animals are there in the image? Pick the best answer among the following options:\nA: almost all\nB: many\nC: almost none\nD: the smaller part\nE: none\nF: few\nG: all\nH: most\nI: some\nAnswer:', 'Question: How many animals are there in the image? Pick the best answer among the following options:\nA: all\nB: almost all\nC: none\nD: almost none\nE: the smaller part\nF: few\nG: most\nH: some\nI: many\nAnswer:', 'Question: How many animals are there in the image? Pick the best answer among the following options:\nA: all\nB: most\nC: the smaller part\nD: some\nE: almost none\nF: many\nG: none\nH: almost all\nI: few\nAnswer:']"
2557,data/images/quantifier/test_2557.png,"[[''], ['d'], ['none'], ['d'], ['all of them']]","[{'a': 'most', 'b': 'many', 'c': 'all', 'd': 'some', 'e': 'almost none', 'f': 'almost all', 'g': 'none', 'h': 'few', 'i': 'the smaller part'}, {'a': 'almost none', 'b': 'the smaller part', 'c': 'most', 'd': 'some', 'e': 'few', 'f': 'none', 'g': 'almost all', 'h': 'many', 'i': 'all'}, {'a': 'none', 'b': 'some', 'c': 'the smaller part', 'd': 'few', 'e': 'many', 'f': 'all', 'g': 'almost all', 'h': 'almost none', 'i': 'most'}, {'a': 'some', 'b': 'all', 'c': 'the smaller part', 'd': 'almost none', 'e': 'few', 'f': 'none', 'g': 'almost all', 'h': 'many', 'i': 'most'}, {'a': 'almost none', 'b': 'the smaller part', 'c': 'none', 'd': 'many', 'e': 'almost all', 'f': 'most', 'g': 'all', 'h': 'some', 'i': 'few'}]","['Question: How many animals are there in the image? Pick the best answer among the following options:\nA: most\nB: many\nC: all\nD: some\nE: almost none\nF: almost all\nG: none\nH: few\nI: the smaller part\nAnswer:', 'Question: How many animals are there in the image? Pick the best answer among the following options:\nA: almost none\nB: the smaller part\nC: most\nD: some\nE: few\nF: none\nG: almost all\nH: many\nI: all\nAnswer:', 'Question: How many animals are there in the image? Pick the best answer among the following options:\nA: none\nB: some\nC: the smaller part\nD: few\nE: many\nF: all\nG: almost all\nH: almost none\nI: most\nAnswer:', 'Question: How many animals are there in the image? Pick the best answer among the following options:\nA: some\nB: all\nC: the smaller part\nD: almost none\nE: few\nF: none\nG: almost all\nH: many\nI: most\nAnswer:', 'Question: How many animals are there in the image? Pick the best answer among the following options:\nA: almost none\nB: the smaller part\nC: none\nD: many\nE: almost all\nF: most\nG: all\nH: some\nI: few\nAnswer:']"
2592,data/images/quantifier/test_2592.png,"[['b'], ['c'], ['almost all'], ['d'], ['none of the above']]","[{'a': 'the smaller part', 'b': 'most', 'c': 'almost all', 'd': 'almost none', 'e': 'many', 'f': 'some', 'g': 'none', 'h': 'few', 'i': 'all'}, {'a': 'almost all', 'b': 'some', 'c': 'many', 'd': 'all', 'e': 'almost none', 'f': 'none', 'g': 'most', 'h': 'the smaller part', 'i': 'few'}, {'a': 'many', 'b': 'most', 'c': 'the smaller part', 'd': 'all', 'e': 'almost none', 'f': 'few', 'g': 'none', 'h': 'almost all', 'i': 'some'}, {'a': 'many', 'b': 'some', 'c': 'all', 'd': 'few', 'e': 'the smaller part', 'f': 'almost none', 'g': 'most', 'h': 'none', 'i': 'almost all'}, {'a': 'almost all', 'b': 'none', 'c': 'many', 'd': 'most', 'e': 'the smaller part', 'f': 'few', 'g': 'almost none', 'h': 'all', 'i': 'some'}]","['Question: How many animals are there in the image? Pick the best answer among the following options:\nA: the smaller part\nB: most\nC: almost all\nD: almost none\nE: many\nF: some\nG: none\nH: few\nI: all\nAnswer:', 'Question: How many animals are there in the image? Pick the best answer among the following options:\nA: almost all\nB: some\nC: many\nD: all\nE: almost none\nF: none\nG: most\nH: the smaller part\nI: few\nAnswer:', 'Question: How many animals are there in the image? Pick the best answer among the following options:\nA: many\nB: most\nC: the smaller part\nD: all\nE: almost none\nF: few\nG: none\nH: almost all\nI: some\nAnswer:', 'Question: How many animals are there in the image? Pick the best answer among the following options:\nA: many\nB: some\nC: all\nD: few\nE: the smaller part\nF: almost none\nG: most\nH: none\nI: almost all\nAnswer:', 'Question: How many animals are there in the image? Pick the best answer among the following options:\nA: almost all\nB: none\nC: many\nD: most\nE: the smaller part\nF: few\nG: almost none\nH: all\nI: some\nAnswer:']"
2567,data/images/quantifier/test_2567.png,"[['c'], ['some'], ['almost all'], ['1'], ['none']]","[{'a': 'most', 'b': 'some', 'c': 'none', 'd': 'few', 'e': 'almost none', 'f': 'the smaller part', 'g': 'almost all', 'h': 'many', 'i': 'all'}, {'a': 'few', 'b': 'almost none', 'c': 'all', 'd': 'many', 'e': 'most', 'f': 'the smaller part', 'g': 'some', 'h': 'none', 'i': 'almost all'}, {'a': 'almost all', 'b': 'none', 'c': 'all', 'd': 'the smaller part', 'e': 'few', 'f': 'some', 'g': 'most', 'h': 'almost none', 'i': 'many'}, {'a': 'many', 'b': 'most', 'c': 'some', 'd': 'almost all', 'e': 'none', 'f': 'almost none', 'g': 'all', 'h': 'few', 'i': 'the smaller part'}, {'a': 'almost all', 'b': 'many', 'c': 'some', 'd': 'all', 'e': 'almost none', 'f': 'few', 'g': 'none', 'h': 'the smaller part', 'i': 'most'}]","['Question: How many animals are there in the image? Pick the best answer among the following options:\nA: most\nB: some\nC: none\nD: few\nE: almost none\nF: the smaller part\nG: almost all\nH: many\nI: all\nAnswer:', 'Question: How many animals are there in the image? Pick the best answer among the following options:\nA: few\nB: almost none\nC: all\nD: many\nE: most\nF: the smaller part\nG: some\nH: none\nI: almost all\nAnswer:', 'Question: How many animals are there in the image? Pick the best answer among the following options:\nA: almost all\nB: none\nC: all\nD: the smaller part\nE: few\nF: some\nG: most\nH: almost none\nI: many\nAnswer:', 'Question: How many animals are there in the image? Pick the best answer among the following options:\nA: many\nB: most\nC: some\nD: almost all\nE: none\nF: almost none\nG: all\nH: few\nI: the smaller part\nAnswer:', 'Question: How many animals are there in the image? Pick the best answer among the following options:\nA: almost all\nB: many\nC: some\nD: all\nE: almost none\nF: few\nG: none\nH: the smaller part\nI: most\nAnswer:']"
2487,data/images/quantifier/test_2487.png,"[['all'], ['there are many animals'], ['most, one bird, some birds, piano, many insects, piano, bug, mouse, owl'], ['b'], ['a']]","[{'a': 'almost all', 'b': 'many', 'c': 'almost none', 'd': 'some', 'e': 'the smaller part', 'f': 'none', 'g': 'most', 'h': 'few', 'i': 'all'}, {'a': 'almost all', 'b': 'many', 'c': 'some', 'd': 'few', 'e': 'almost none', 'f': 'the smaller part', 'g': 'most', 'h': 'none', 'i': 'all'}, {'a': 'some', 'b': 'almost all', 'c': 'almost none', 'd': 'none', 'e': 'all', 'f': 'most', 'g': 'few', 'h': 'many', 'i': 'the smaller part'}, {'a': 'none', 'b': 'all', 'c': 'most', 'd': 'almost all', 'e': 'almost none', 'f': 'the smaller part', 'g': 'some', 'h': 'few', 'i': 'many'}, {'a': 'all', 'b': 'none', 'c': 'many', 'd': 'most', 'e': 'the smaller part', 'f': 'almost none', 'g': 'almost all', 'h': 'some', 'i': 'few'}]","['Question: How many animals are there in the image? Pick the best answer among the following options:\nA: almost all\nB: many\nC: almost none\nD: some\nE: the smaller part\nF: none\nG: most\nH: few\nI: all\nAnswer:', 'Question: How many animals are there in the image? Pick the best answer among the following options:\nA: almost all\nB: many\nC: some\nD: few\nE: almost none\nF: the smaller part\nG: most\nH: none\nI: all\nAnswer:', 'Question: How many animals are there in the image? Pick the best answer among the following options:\nA: some\nB: almost all\nC: almost none\nD: none\nE: all\nF: most\nG: few\nH: many\nI: the smaller part\nAnswer:', 'Question: How many animals are there in the image? Pick the best answer among the following options:\nA: none\nB: all\nC: most\nD: almost all\nE: almost none\nF: the smaller part\nG: some\nH: few\nI: many\nAnswer:', 'Question: How many animals are there in the image? Pick the best answer among the following options:\nA: all\nB: none\nC: many\nD: most\nE: the smaller part\nF: almost none\nG: almost all\nH: some\nI: few\nAnswer:']"
2472,data/images/quantifier/test_2472.png,"[['almost all'], ['none'], ['many'], ['some'], ['b']]","[{'a': 'almost none', 'b': 'none', 'c': 'many', 'd': 'few', 'e': 'the smaller part', 'f': 'all', 'g': 'some', 'h': 'almost all', 'i': 'most'}, {'a': 'few', 'b': 'many', 'c': 'almost all', 'd': 'the smaller part', 'e': 'almost none', 'f': 'all', 'g': 'some', 'h': 'most', 'i': 'none'}, {'a': 'many', 'b': 'few', 'c': 'the smaller part', 'd': 'all', 'e': 'almost all', 'f': 'some', 'g': 'most', 'h': 'none', 'i': 'almost none'}, {'a': 'almost all', 'b': 'some', 'c': 'almost none', 'd': 'all', 'e': 'few', 'f': 'most', 'g': 'the smaller part', 'h': 'many', 'i': 'none'}, {'a': 'few', 'b': 'some', 'c': 'most', 'd': 'the smaller part', 'e': 'none', 'f': 'almost all', 'g': 'almost none', 'h': 'many', 'i': 'all'}]","['Question: How many animals are there in the image? Pick the best answer among the following options:\nA: almost none\nB: none\nC: many\nD: few\nE: the smaller part\nF: all\nG: some\nH: almost all\nI: most\nAnswer:', 'Question: How many animals are there in the image? Pick the best answer among the following options:\nA: few\nB: many\nC: almost all\nD: the smaller part\nE: almost none\nF: all\nG: some\nH: most\nI: none\nAnswer:', 'Question: How many animals are there in the image? Pick the best answer among the following options:\nA: many\nB: few\nC: the smaller part\nD: all\nE: almost all\nF: some\nG: most\nH: none\nI: almost none\nAnswer:', 'Question: How many animals are there in the image? Pick the best answer among the following options:\nA: almost all\nB: some\nC: almost none\nD: all\nE: few\nF: most\nG: the smaller part\nH: many\nI: none\nAnswer:', 'Question: How many animals are there in the image? Pick the best answer among the following options:\nA: few\nB: some\nC: most\nD: the smaller part\nE: none\nF: almost all\nG: almost none\nH: many\nI: all\nAnswer:']"
2054,data/images/quantifier/test_2054.png,"[['d, the smaller part'], ['many'], [''], ['all'], ['some']]","[{'a': 'most', 'b': 'almost all', 'c': 'almost none', 'd': 'few', 'e': 'all', 'f': 'none', 'g': 'the smaller part', 'h': 'many', 'i': 'some'}, {'a': 'almost none', 'b': 'the smaller part', 'c': 'none', 'd': 'few', 'e': 'almost all', 'f': 'all', 'g': 'many', 'h': 'some', 'i': 'most'}, {'a': 'almost none', 'b': 'all', 'c': 'none', 'd': 'some', 'e': 'many', 'f': 'most', 'g': 'almost all', 'h': 'few', 'i': 'the smaller part'}, {'a': 'almost all', 'b': 'the smaller part', 'c': 'none', 'd': 'almost none', 'e': 'many', 'f': 'some', 'g': 'few', 'h': 'all', 'i': 'most'}, {'a': 'many', 'b': 'none', 'c': 'few', 'd': 'all', 'e': 'almost none', 'f': 'some', 'g': 'most', 'h': 'the smaller part', 'i': 'almost all'}]","['Question: How many animals are there in the image? Pick the best answer among the following options:\nA: most\nB: almost all\nC: almost none\nD: few\nE: all\nF: none\nG: the smaller part\nH: many\nI: some\nAnswer:', 'Question: How many animals are there in the image? Pick the best answer among the following options:\nA: almost none\nB: the smaller part\nC: none\nD: few\nE: almost all\nF: all\nG: many\nH: some\nI: most\nAnswer:', 'Question: How many animals are there in the image? Pick the best answer among the following options:\nA: almost none\nB: all\nC: none\nD: some\nE: many\nF: most\nG: almost all\nH: few\nI: the smaller part\nAnswer:', 'Question: How many animals are there in the image? Pick the best answer among the following options:\nA: almost all\nB: the smaller part\nC: none\nD: almost none\nE: many\nF: some\nG: few\nH: all\nI: most\nAnswer:', 'Question: How many animals are there in the image? Pick the best answer among the following options:\nA: many\nB: none\nC: few\nD: all\nE: almost none\nF: some\nG: most\nH: the smaller part\nI: almost all\nAnswer:']"
2111,data/images/quantifier/test_2111.png,"[['most'], ['none'], ['all the animals'], ['many animals in the image'], ['g']]","[{'a': 'few', 'b': 'none', 'c': 'almost none', 'd': 'all', 'e': 'almost all', 'f': 'many', 'g': 'the smaller part', 'h': 'some', 'i': 'most'}, {'a': 'almost none', 'b': 'almost all', 'c': 'all', 'd': 'none', 'e': 'few', 'f': 'the smaller part', 'g': 'most', 'h': 'many', 'i': 'some'}, {'a': 'almost none', 'b': 'the smaller part', 'c': 'almost all', 'd': 'none', 'e': 'some', 'f': 'many', 'g': 'all', 'h': 'few', 'i': 'most'}, {'a': 'all', 'b': 'none', 'c': 'almost all', 'd': 'most', 'e': 'many', 'f': 'few', 'g': 'almost none', 'h': 'the smaller part', 'i': 'some'}, {'a': 'most', 'b': 'many', 'c': 'few', 'd': 'almost all', 'e': 'almost none', 'f': 'all', 'g': 'some', 'h': 'none', 'i': 'the smaller part'}]","['Question: How many animals are there in the image? Pick the best answer among the following options:\nA: few\nB: none\nC: almost none\nD: all\nE: almost all\nF: many\nG: the smaller part\nH: some\nI: most\nAnswer:', 'Question: How many animals are there in the image? Pick the best answer among the following options:\nA: almost none\nB: almost all\nC: all\nD: none\nE: few\nF: the smaller part\nG: most\nH: many\nI: some\nAnswer:', 'Question: How many animals are there in the image? Pick the best answer among the following options:\nA: almost none\nB: the smaller part\nC: almost all\nD: none\nE: some\nF: many\nG: all\nH: few\nI: most\nAnswer:', 'Question: How many animals are there in the image? Pick the best answer among the following options:\nA: all\nB: none\nC: almost all\nD: most\nE: many\nF: few\nG: almost none\nH: the smaller part\nI: some\nAnswer:', 'Question: How many animals are there in the image? Pick the best answer among the following options:\nA: most\nB: many\nC: few\nD: almost all\nE: almost none\nF: all\nG: some\nH: none\nI: the smaller part\nAnswer:']"
2019,data/images/quantifier/test_2019.png,"[['most of the objects in the image'], ['h'], ['d'], ['the smaller part'], ['none']]","[{'a': 'none', 'b': 'many', 'c': 'some', 'd': 'the smaller part', 'e': 'few', 'f': 'most', 'g': 'almost none', 'h': 'all', 'i': 'almost all'}, {'a': 'all', 'b': 'many', 'c': 'almost all', 'd': 'some', 'e': 'almost none', 'f': 'none', 'g': 'the smaller part', 'h': 'few', 'i': 'most'}, {'a': 'almost all', 'b': 'many', 'c': 'the smaller part', 'd': 'most', 'e': 'few', 'f': 'none', 'g': 'all', 'h': 'some', 'i': 'almost none'}, {'a': 'few', 'b': 'many', 'c': 'some', 'd': 'most', 'e': 'almost none', 'f': 'all', 'g': 'the smaller part', 'h': 'almost all', 'i': 'none'}, {'a': 'almost all', 'b': 'almost none', 'c': 'the smaller part', 'd': 'many', 'e': 'all', 'f': 'some', 'g': 'none', 'h': 'most', 'i': 'few'}]","['Question: How many animals are there in the image? Pick the best answer among the following options:\nA: none\nB: many\nC: some\nD: the smaller part\nE: few\nF: most\nG: almost none\nH: all\nI: almost all\nAnswer:', 'Question: How many animals are there in the image? Pick the best answer among the following options:\nA: all\nB: many\nC: almost all\nD: some\nE: almost none\nF: none\nG: the smaller part\nH: few\nI: most\nAnswer:', 'Question: How many animals are there in the image? Pick the best answer among the following options:\nA: almost all\nB: many\nC: the smaller part\nD: most\nE: few\nF: none\nG: all\nH: some\nI: almost none\nAnswer:', 'Question: How many animals are there in the image? Pick the best answer among the following options:\nA: few\nB: many\nC: some\nD: most\nE: almost none\nF: all\nG: the smaller part\nH: almost all\nI: none\nAnswer:', 'Question: How many animals are there in the image? Pick the best answer among the following options:\nA: almost all\nB: almost none\nC: the smaller part\nD: many\nE: all\nF: some\nG: none\nH: most\nI: few\nAnswer:']"
2031,data/images/quantifier/test_2031.png,"[['b'], ['b'], ['a'], ['the smaller part'], ['all']]","[{'a': 'all', 'b': 'most', 'c': 'many', 'd': 'some', 'e': 'the smaller part', 'f': 'almost all', 'g': 'few', 'h': 'almost none', 'i': 'none'}, {'a': 'all', 'b': 'most', 'c': 'almost none', 'd': 'almost all', 'e': 'few', 'f': 'the smaller part', 'g': 'many', 'h': 'some', 'i': 'none'}, {'a': 'many', 'b': 'some', 'c': 'almost none', 'd': 'none', 'e': 'all', 'f': 'few', 'g': 'almost all', 'h': 'the smaller part', 'i': 'most'}, {'a': 'all', 'b': 'few', 'c': 'the smaller part', 'd': 'almost none', 'e': 'none', 'f': 'most', 'g': 'some', 'h': 'almost all', 'i': 'many'}, {'a': 'many', 'b': 'most', 'c': 'almost none', 'd': 'the smaller part', 'e': 'none', 'f': 'some', 'g': 'all', 'h': 'almost all', 'i': 'few'}]","['Question: How many animals are there in the image? Pick the best answer among the following options:\nA: all\nB: most\nC: many\nD: some\nE: the smaller part\nF: almost all\nG: few\nH: almost none\nI: none\nAnswer:', 'Question: How many animals are there in the image? Pick the best answer among the following options:\nA: all\nB: most\nC: almost none\nD: almost all\nE: few\nF: the smaller part\nG: many\nH: some\nI: none\nAnswer:', 'Question: How many animals are there in the image? Pick the best answer among the following options:\nA: many\nB: some\nC: almost none\nD: none\nE: all\nF: few\nG: almost all\nH: the smaller part\nI: most\nAnswer:', 'Question: How many animals are there in the image? Pick the best answer among the following options:\nA: all\nB: few\nC: the smaller part\nD: almost none\nE: none\nF: most\nG: some\nH: almost all\nI: many\nAnswer:', 'Question: How many animals are there in the image? Pick the best answer among the following options:\nA: many\nB: most\nC: almost none\nD: the smaller part\nE: none\nF: some\nG: all\nH: almost all\nI: few\nAnswer:']"
2137,data/images/quantifier/test_2137.png,"[['d'], ['h'], ['a'], ['all'], ['almost all']]","[{'a': 'none', 'b': 'many', 'c': 'almost none', 'd': 'few', 'e': 'almost all', 'f': 'the smaller part', 'g': 'some', 'h': 'all', 'i': 'most'}, {'a': 'all', 'b': 'many', 'c': 'most', 'd': 'some', 'e': 'none', 'f': 'few', 'g': 'almost none', 'h': 'almost all', 'i': 'the smaller part'}, {'a': 'most', 'b': 'almost all', 'c': 'many', 'd': 'the smaller part', 'e': 'some', 'f': 'almost none', 'g': 'few', 'h': 'none', 'i': 'all'}, {'a': 'most', 'b': 'almost none', 'c': 'all', 'd': 'the smaller part', 'e': 'almost all', 'f': 'many', 'g': 'none', 'h': 'few', 'i': 'some'}, {'a': 'none', 'b': 'many', 'c': 'few', 'd': 'some', 'e': 'almost all', 'f': 'all', 'g': 'the smaller part', 'h': 'most', 'i': 'almost none'}]","['Question: How many animals are there in the image? Pick the best answer among the following options:\nA: none\nB: many\nC: almost none\nD: few\nE: almost all\nF: the smaller part\nG: some\nH: all\nI: most\nAnswer:', 'Question: How many animals are there in the image? Pick the best answer among the following options:\nA: all\nB: many\nC: most\nD: some\nE: none\nF: few\nG: almost none\nH: almost all\nI: the smaller part\nAnswer:', 'Question: How many animals are there in the image? Pick the best answer among the following options:\nA: most\nB: almost all\nC: many\nD: the smaller part\nE: some\nF: almost none\nG: few\nH: none\nI: all\nAnswer:', 'Question: How many animals are there in the image? Pick the best answer among the following options:\nA: most\nB: almost none\nC: all\nD: the smaller part\nE: almost all\nF: many\nG: none\nH: few\nI: some\nAnswer:', 'Question: How many animals are there in the image? Pick the best answer among the following options:\nA: none\nB: many\nC: few\nD: some\nE: almost all\nF: all\nG: the smaller part\nH: most\nI: almost none\nAnswer:']"
2135,data/images/quantifier/test_2135.png,"[['many'], ['b'], [''], ['a'], ['none']]","[{'a': 'all', 'b': 'almost none', 'c': 'almost all', 'd': 'most', 'e': 'none', 'f': 'many', 'g': 'the smaller part', 'h': 'few', 'i': 'some'}, {'a': 'many', 'b': 'the smaller part', 'c': 'some', 'd': 'most', 'e': 'all', 'f': 'none', 'g': 'almost none', 'h': 'almost all', 'i': 'few'}, {'a': 'the smaller part', 'b': 'almost all', 'c': 'few', 'd': 'some', 'e': 'almost none', 'f': 'most', 'g': 'many', 'h': 'all', 'i': 'none'}, {'a': 'most', 'b': 'none', 'c': 'some', 'd': 'almost all', 'e': 'all', 'f': 'almost none', 'g': 'the smaller part', 'h': 'many', 'i': 'few'}, {'a': 'many', 'b': 'all', 'c': 'almost none', 'd': 'almost all', 'e': 'some', 'f': 'most', 'g': 'the smaller part', 'h': 'none', 'i': 'few'}]","['Question: How many animals are there in the image? Pick the best answer among the following options:\nA: all\nB: almost none\nC: almost all\nD: most\nE: none\nF: many\nG: the smaller part\nH: few\nI: some\nAnswer:', 'Question: How many animals are there in the image? Pick the best answer among the following options:\nA: many\nB: the smaller part\nC: some\nD: most\nE: all\nF: none\nG: almost none\nH: almost all\nI: few\nAnswer:', 'Question: How many animals are there in the image? Pick the best answer among the following options:\nA: the smaller part\nB: almost all\nC: few\nD: some\nE: almost none\nF: most\nG: many\nH: all\nI: none\nAnswer:', 'Question: How many animals are there in the image? Pick the best answer among the following options:\nA: most\nB: none\nC: some\nD: almost all\nE: all\nF: almost none\nG: the smaller part\nH: many\nI: few\nAnswer:', 'Question: How many animals are there in the image? Pick the best answer among the following options:\nA: many\nB: all\nC: almost none\nD: almost all\nE: some\nF: most\nG: the smaller part\nH: none\nI: few\nAnswer:']"
1486,data/images/quantifier/test_1486.png,"[['many'], ['c'], ['c'], ['a, c, d'], ['nearly allwhy not just keep the original controller? the original is like $6-7.']]","[{'a': 'almost all', 'b': 'none', 'c': 'all', 'd': 'few', 'e': 'almost none', 'f': 'many', 'g': 'the smaller part', 'h': 'most', 'i': 'some'}, {'a': 'the smaller part', 'b': 'all', 'c': 'none', 'd': 'most', 'e': 'almost all', 'f': 'many', 'g': 'few', 'h': 'some', 'i': 'almost none'}, {'a': 'many', 'b': 'almost all', 'c': 'most', 'd': 'all', 'e': 'the smaller part', 'f': 'none', 'g': 'few', 'h': 'some', 'i': 'almost none'}, {'a': 'none', 'b': 'few', 'c': 'many', 'd': 'some', 'e': 'almost none', 'f': 'all', 'g': 'the smaller part', 'h': 'almost all', 'i': 'most'}, {'a': 'few', 'b': 'some', 'c': 'many', 'd': 'all', 'e': 'almost none', 'f': 'none', 'g': 'almost all', 'h': 'the smaller part', 'i': 'most'}]","['Question: How many animals are there in the image? Pick the best answer among the following options:\nA: almost all\nB: none\nC: all\nD: few\nE: almost none\nF: many\nG: the smaller part\nH: most\nI: some\nAnswer:', 'Question: How many animals are there in the image? Pick the best answer among the following options:\nA: the smaller part\nB: all\nC: none\nD: most\nE: almost all\nF: many\nG: few\nH: some\nI: almost none\nAnswer:', 'Question: How many animals are there in the image? Pick the best answer among the following options:\nA: many\nB: almost all\nC: most\nD: all\nE: the smaller part\nF: none\nG: few\nH: some\nI: almost none\nAnswer:', 'Question: How many animals are there in the image? Pick the best answer among the following options:\nA: none\nB: few\nC: many\nD: some\nE: almost none\nF: all\nG: the smaller part\nH: almost all\nI: most\nAnswer:', 'Question: How many animals are there in the image? Pick the best answer among the following options:\nA: few\nB: some\nC: many\nD: all\nE: almost none\nF: none\nG: almost all\nH: the smaller part\nI: most\nAnswer:']"
1499,data/images/quantifier/test_1499.png,"[['d""i\'ve met the one.  he\'s a lot like me.  he\'s'], ['a is not a correct answer because it does not contain animals'], ['i'], ['many'], ['none']]","[{'a': 'none', 'b': 'the smaller part', 'c': 'all', 'd': 'almost none', 'e': 'almost all', 'f': 'some', 'g': 'many', 'h': 'few', 'i': 'most'}, {'a': 'some', 'b': 'none', 'c': 'few', 'd': 'almost all', 'e': 'all', 'f': 'many', 'g': 'almost none', 'h': 'most', 'i': 'the smaller part'}, {'a': 'almost all', 'b': 'all', 'c': 'none', 'd': 'almost none', 'e': 'few', 'f': 'many', 'g': 'some', 'h': 'most', 'i': 'the smaller part'}, {'a': 'none', 'b': 'almost none', 'c': 'few', 'd': 'many', 'e': 'most', 'f': 'all', 'g': 'the smaller part', 'h': 'almost all', 'i': 'some'}, {'a': 'most', 'b': 'many', 'c': 'almost all', 'd': 'almost none', 'e': 'some', 'f': 'none', 'g': 'the smaller part', 'h': 'few', 'i': 'all'}]","['Question: How many animals are there in the image? Pick the best answer among the following options:\nA: none\nB: the smaller part\nC: all\nD: almost none\nE: almost all\nF: some\nG: many\nH: few\nI: most\nAnswer:', 'Question: How many animals are there in the image? Pick the best answer among the following options:\nA: some\nB: none\nC: few\nD: almost all\nE: all\nF: many\nG: almost none\nH: most\nI: the smaller part\nAnswer:', 'Question: How many animals are there in the image? Pick the best answer among the following options:\nA: almost all\nB: all\nC: none\nD: almost none\nE: few\nF: many\nG: some\nH: most\nI: the smaller part\nAnswer:', 'Question: How many animals are there in the image? Pick the best answer among the following options:\nA: none\nB: almost none\nC: few\nD: many\nE: most\nF: all\nG: the smaller part\nH: almost all\nI: some\nAnswer:', 'Question: How many animals are there in the image? Pick the best answer among the following options:\nA: most\nB: many\nC: almost all\nD: almost none\nE: some\nF: none\nG: the smaller part\nH: few\nI: all\nAnswer:']"
1502,data/images/quantifier/test_1502.png,"[[''], ['e'], [''], ['the smaller part'], ['a']]","[{'a': 'some', 'b': 'all', 'c': 'many', 'd': 'almost none', 'e': 'most', 'f': 'none', 'g': 'few', 'h': 'almost all', 'i': 'the smaller part'}, {'a': 'almost all', 'b': 'many', 'c': 'some', 'd': 'none', 'e': 'few', 'f': 'all', 'g': 'the smaller part', 'h': 'almost none', 'i': 'most'}, {'a': 'none', 'b': 'some', 'c': 'almost none', 'd': 'most', 'e': 'many', 'f': 'almost all', 'g': 'few', 'h': 'all', 'i': 'the smaller part'}, {'a': 'the smaller part', 'b': 'many', 'c': 'almost all', 'd': 'most', 'e': 'none', 'f': 'some', 'g': 'few', 'h': 'almost none', 'i': 'all'}, {'a': 'almost all', 'b': 'almost none', 'c': 'most', 'd': 'none', 'e': 'some', 'f': 'many', 'g': 'few', 'h': 'the smaller part', 'i': 'all'}]","['Question: How many animals are there in the image? Pick the best answer among the following options:\nA: some\nB: all\nC: many\nD: almost none\nE: most\nF: none\nG: few\nH: almost all\nI: the smaller part\nAnswer:', 'Question: How many animals are there in the image? Pick the best answer among the following options:\nA: almost all\nB: many\nC: some\nD: none\nE: few\nF: all\nG: the smaller part\nH: almost none\nI: most\nAnswer:', 'Question: How many animals are there in the image? Pick the best answer among the following options:\nA: none\nB: some\nC: almost none\nD: most\nE: many\nF: almost all\nG: few\nH: all\nI: the smaller part\nAnswer:', 'Question: How many animals are there in the image? Pick the best answer among the following options:\nA: the smaller part\nB: many\nC: almost all\nD: most\nE: none\nF: some\nG: few\nH: almost none\nI: all\nAnswer:', 'Question: How many animals are there in the image? Pick the best answer among the following options:\nA: almost all\nB: almost none\nC: most\nD: none\nE: some\nF: many\nG: few\nH: the smaller part\nI: all\nAnswer:']"
1554,data/images/quantifier/test_1554.png,"[['i'], ['few'], ['the smaller part'], ['a'], ['none']]","[{'a': 'all', 'b': 'some', 'c': 'none', 'd': 'the smaller part', 'e': 'almost all', 'f': 'most', 'g': 'almost none', 'h': 'many', 'i': 'few'}, {'a': 'most', 'b': 'some', 'c': 'all', 'd': 'many', 'e': 'none', 'f': 'few', 'g': 'the smaller part', 'h': 'almost none', 'i': 'almost all'}, {'a': 'none', 'b': 'some', 'c': 'almost all', 'd': 'all', 'e': 'most', 'f': 'many', 'g': 'almost none', 'h': 'the smaller part', 'i': 'few'}, {'a': 'the smaller part', 'b': 'most', 'c': 'almost all', 'd': 'almost none', 'e': 'all', 'f': 'some', 'g': 'many', 'h': 'none', 'i': 'few'}, {'a': 'almost none', 'b': 'all', 'c': 'the smaller part', 'd': 'almost all', 'e': 'some', 'f': 'most', 'g': 'few', 'h': 'many', 'i': 'none'}]","['Question: How many animals are there in the image? Pick the best answer among the following options:\nA: all\nB: some\nC: none\nD: the smaller part\nE: almost all\nF: most\nG: almost none\nH: many\nI: few\nAnswer:', 'Question: How many animals are there in the image? Pick the best answer among the following options:\nA: most\nB: some\nC: all\nD: many\nE: none\nF: few\nG: the smaller part\nH: almost none\nI: almost all\nAnswer:', 'Question: How many animals are there in the image? Pick the best answer among the following options:\nA: none\nB: some\nC: almost all\nD: all\nE: most\nF: many\nG: almost none\nH: the smaller part\nI: few\nAnswer:', 'Question: How many animals are there in the image? Pick the best answer among the following options:\nA: the smaller part\nB: most\nC: almost all\nD: almost none\nE: all\nF: some\nG: many\nH: none\nI: few\nAnswer:', 'Question: How many animals are there in the image? Pick the best answer among the following options:\nA: almost none\nB: all\nC: the smaller part\nD: almost all\nE: some\nF: most\nG: few\nH: many\nI: none\nAnswer:']"
1493,data/images/quantifier/test_1493.png,"[['many'], ['g'], ['a'], ['the smaller part'], ['all']]","[{'a': 'most', 'b': 'all', 'c': 'almost none', 'd': 'none', 'e': 'few', 'f': 'some', 'g': 'almost all', 'h': 'the smaller part', 'i': 'many'}, {'a': 'the smaller part', 'b': 'almost all', 'c': 'most', 'd': 'many', 'e': 'all', 'f': 'some', 'g': 'few', 'h': 'almost none', 'i': 'none'}, {'a': 'none', 'b': 'many', 'c': 'the smaller part', 'd': 'few', 'e': 'all', 'f': 'almost all', 'g': 'most', 'h': 'some', 'i': 'almost none'}, {'a': 'many', 'b': 'almost none', 'c': 'most', 'd': 'none', 'e': 'the smaller part', 'f': 'few', 'g': 'almost all', 'h': 'all', 'i': 'some'}, {'a': 'some', 'b': 'none', 'c': 'almost none', 'd': 'most', 'e': 'few', 'f': 'many', 'g': 'all', 'h': 'almost all', 'i': 'the smaller part'}]","['Question: How many animals are there in the image? Pick the best answer among the following options:\nA: most\nB: all\nC: almost none\nD: none\nE: few\nF: some\nG: almost all\nH: the smaller part\nI: many\nAnswer:', 'Question: How many animals are there in the image? Pick the best answer among the following options:\nA: the smaller part\nB: almost all\nC: most\nD: many\nE: all\nF: some\nG: few\nH: almost none\nI: none\nAnswer:', 'Question: How many animals are there in the image? Pick the best answer among the following options:\nA: none\nB: many\nC: the smaller part\nD: few\nE: all\nF: almost all\nG: most\nH: some\nI: almost none\nAnswer:', 'Question: How many animals are there in the image? Pick the best answer among the following options:\nA: many\nB: almost none\nC: most\nD: none\nE: the smaller part\nF: few\nG: almost all\nH: all\nI: some\nAnswer:', 'Question: How many animals are there in the image? Pick the best answer among the following options:\nA: some\nB: none\nC: almost none\nD: most\nE: few\nF: many\nG: all\nH: almost all\nI: the smaller part\nAnswer:']"
1534,data/images/quantifier/test_1534.png,"[['there are three animals: the dog, the car, and the bird'], ['3'], ['i'], ['a'], ['none']]","[{'a': 'most', 'b': 'some', 'c': 'all', 'd': 'none', 'e': 'the smaller part', 'f': 'few', 'g': 'many', 'h': 'almost none', 'i': 'almost all'}, {'a': 'many', 'b': 'some', 'c': 'almost all', 'd': 'all', 'e': 'most', 'f': 'none', 'g': 'almost none', 'h': 'few', 'i': 'the smaller part'}, {'a': 'almost none', 'b': 'many', 'c': 'none', 'd': 'the smaller part', 'e': 'most', 'f': 'all', 'g': 'some', 'h': 'almost all', 'i': 'few'}, {'a': 'almost none', 'b': 'few', 'c': 'none', 'd': 'many', 'e': 'almost all', 'f': 'the smaller part', 'g': 'most', 'h': 'all', 'i': 'some'}, {'a': 'almost all', 'b': 'all', 'c': 'most', 'd': 'the smaller part', 'e': 'few', 'f': 'none', 'g': 'almost none', 'h': 'some', 'i': 'many'}]","['Question: How many animals are there in the image? Pick the best answer among the following options:\nA: most\nB: some\nC: all\nD: none\nE: the smaller part\nF: few\nG: many\nH: almost none\nI: almost all\nAnswer:', 'Question: How many animals are there in the image? Pick the best answer among the following options:\nA: many\nB: some\nC: almost all\nD: all\nE: most\nF: none\nG: almost none\nH: few\nI: the smaller part\nAnswer:', 'Question: How many animals are there in the image? Pick the best answer among the following options:\nA: almost none\nB: many\nC: none\nD: the smaller part\nE: most\nF: all\nG: some\nH: almost all\nI: few\nAnswer:', 'Question: How many animals are there in the image? Pick the best answer among the following options:\nA: almost none\nB: few\nC: none\nD: many\nE: almost all\nF: the smaller part\nG: most\nH: all\nI: some\nAnswer:', 'Question: How many animals are there in the image? Pick the best answer among the following options:\nA: almost all\nB: all\nC: most\nD: the smaller part\nE: few\nF: none\nG: almost none\nH: some\nI: many\nAnswer:']"
2658,data/images/quantifier/test_2658.png,"[['a few, the smaller part'], [""ci think there's a lot of people who think you need an actual job to be a""], ['all'], ['the smaller part'], ['all']]","[{'a': 'few', 'b': 'the smaller part', 'c': 'many', 'd': 'some', 'e': 'all', 'f': 'almost none', 'g': 'most', 'h': 'none', 'i': 'almost all'}, {'a': 'almost none', 'b': 'most', 'c': 'none', 'd': 'few', 'e': 'the smaller part', 'f': 'many', 'g': 'all', 'h': 'some', 'i': 'almost all'}, {'a': 'few', 'b': 'almost none', 'c': 'all', 'd': 'many', 'e': 'almost all', 'f': 'most', 'g': 'some', 'h': 'none', 'i': 'the smaller part'}, {'a': 'most', 'b': 'some', 'c': 'none', 'd': 'many', 'e': 'few', 'f': 'all', 'g': 'the smaller part', 'h': 'almost none', 'i': 'almost all'}, {'a': 'almost all', 'b': 'the smaller part', 'c': 'many', 'd': 'all', 'e': 'some', 'f': 'almost none', 'g': 'most', 'h': 'few', 'i': 'none'}]","['Question: How many animals are there in the image? Pick the best answer among the following options:\nA: few\nB: the smaller part\nC: many\nD: some\nE: all\nF: almost none\nG: most\nH: none\nI: almost all\nAnswer:', 'Question: How many animals are there in the image? Pick the best answer among the following options:\nA: almost none\nB: most\nC: none\nD: few\nE: the smaller part\nF: many\nG: all\nH: some\nI: almost all\nAnswer:', 'Question: How many animals are there in the image? Pick the best answer among the following options:\nA: few\nB: almost none\nC: all\nD: many\nE: almost all\nF: most\nG: some\nH: none\nI: the smaller part\nAnswer:', 'Question: How many animals are there in the image? Pick the best answer among the following options:\nA: most\nB: some\nC: none\nD: many\nE: few\nF: all\nG: the smaller part\nH: almost none\nI: almost all\nAnswer:', 'Question: How many animals are there in the image? Pick the best answer among the following options:\nA: almost all\nB: the smaller part\nC: many\nD: all\nE: some\nF: almost none\nG: most\nH: few\nI: none\nAnswer:']"
2632,data/images/quantifier/test_2632.png,"[['none'], ['a'], ['b'], ['d'], ['there are almost no animals']]","[{'a': 'few', 'b': 'almost all', 'c': 'some', 'd': 'all', 'e': 'the smaller part', 'f': 'none', 'g': 'most', 'h': 'almost none', 'i': 'many'}, {'a': 'some', 'b': 'almost all', 'c': 'all', 'd': 'few', 'e': 'almost none', 'f': 'none', 'g': 'the smaller part', 'h': 'many', 'i': 'most'}, {'a': 'none', 'b': 'the smaller part', 'c': 'almost all', 'd': 'all', 'e': 'some', 'f': 'almost none', 'g': 'most', 'h': 'few', 'i': 'many'}, {'a': 'some', 'b': 'few', 'c': 'all', 'd': 'the smaller part', 'e': 'almost all', 'f': 'none', 'g': 'many', 'h': 'most', 'i': 'almost none'}, {'a': 'none', 'b': 'many', 'c': 'almost none', 'd': 'few', 'e': 'almost all', 'f': 'the smaller part', 'g': 'most', 'h': 'all', 'i': 'some'}]","['Question: How many animals are there in the image? Pick the best answer among the following options:\nA: few\nB: almost all\nC: some\nD: all\nE: the smaller part\nF: none\nG: most\nH: almost none\nI: many\nAnswer:', 'Question: How many animals are there in the image? Pick the best answer among the following options:\nA: some\nB: almost all\nC: all\nD: few\nE: almost none\nF: none\nG: the smaller part\nH: many\nI: most\nAnswer:', 'Question: How many animals are there in the image? Pick the best answer among the following options:\nA: none\nB: the smaller part\nC: almost all\nD: all\nE: some\nF: almost none\nG: most\nH: few\nI: many\nAnswer:', 'Question: How many animals are there in the image? Pick the best answer among the following options:\nA: some\nB: few\nC: all\nD: the smaller part\nE: almost all\nF: none\nG: many\nH: most\nI: almost none\nAnswer:', 'Question: How many animals are there in the image? Pick the best answer among the following options:\nA: none\nB: many\nC: almost none\nD: few\nE: almost all\nF: the smaller part\nG: most\nH: all\nI: some\nAnswer:']"
2789,data/images/quantifier/test_2789.png,"[['d'], ['a'], ['a'], ['f'], ['some']]","[{'a': 'most', 'b': 'all', 'c': 'almost none', 'd': 'few', 'e': 'none', 'f': 'the smaller part', 'g': 'some', 'h': 'many', 'i': 'almost all'}, {'a': 'none', 'b': 'almost all', 'c': 'many', 'd': 'almost none', 'e': 'the smaller part', 'f': 'few', 'g': 'all', 'h': 'most', 'i': 'some'}, {'a': 'most', 'b': 'many', 'c': 'almost all', 'd': 'all', 'e': 'few', 'f': 'the smaller part', 'g': 'none', 'h': 'almost none', 'i': 'some'}, {'a': 'many', 'b': 'almost none', 'c': 'the smaller part', 'd': 'all', 'e': 'none', 'f': 'few', 'g': 'most', 'h': 'some', 'i': 'almost all'}, {'a': 'the smaller part', 'b': 'almost all', 'c': 'all', 'd': 'none', 'e': 'many', 'f': 'some', 'g': 'most', 'h': 'almost none', 'i': 'few'}]","['Question: How many animals are there in the image? Pick the best answer among the following options:\nA: most\nB: all\nC: almost none\nD: few\nE: none\nF: the smaller part\nG: some\nH: many\nI: almost all\nAnswer:', 'Question: How many animals are there in the image? Pick the best answer among the following options:\nA: none\nB: almost all\nC: many\nD: almost none\nE: the smaller part\nF: few\nG: all\nH: most\nI: some\nAnswer:', 'Question: How many animals are there in the image? Pick the best answer among the following options:\nA: most\nB: many\nC: almost all\nD: all\nE: few\nF: the smaller part\nG: none\nH: almost none\nI: some\nAnswer:', 'Question: How many animals are there in the image? Pick the best answer among the following options:\nA: many\nB: almost none\nC: the smaller part\nD: all\nE: none\nF: few\nG: most\nH: some\nI: almost all\nAnswer:', 'Question: How many animals are there in the image? Pick the best answer among the following options:\nA: the smaller part\nB: almost all\nC: all\nD: none\nE: many\nF: some\nG: most\nH: almost none\nI: few\nAnswer:']"
2655,data/images/quantifier/test_2655.png,"[['the smaller part'], ['c'], [''], ['a'], ['none']]","[{'a': 'almost all', 'b': 'most', 'c': 'many', 'd': 'few', 'e': 'the smaller part', 'f': 'almost none', 'g': 'some', 'h': 'all', 'i': 'none'}, {'a': 'almost all', 'b': 'almost none', 'c': 'most', 'd': 'all', 'e': 'many', 'f': 'some', 'g': 'the smaller part', 'h': 'none', 'i': 'few'}, {'a': 'many', 'b': 'the smaller part', 'c': 'few', 'd': 'none', 'e': 'most', 'f': 'all', 'g': 'almost all', 'h': 'almost none', 'i': 'some'}, {'a': 'many', 'b': 'all', 'c': 'almost none', 'd': 'none', 'e': 'few', 'f': 'most', 'g': 'some', 'h': 'the smaller part', 'i': 'almost all'}, {'a': 'most', 'b': 'the smaller part', 'c': 'many', 'd': 'few', 'e': 'all', 'f': 'almost all', 'g': 'some', 'h': 'none', 'i': 'almost none'}]","['Question: How many animals are there in the image? Pick the best answer among the following options:\nA: almost all\nB: most\nC: many\nD: few\nE: the smaller part\nF: almost none\nG: some\nH: all\nI: none\nAnswer:', 'Question: How many animals are there in the image? Pick the best answer among the following options:\nA: almost all\nB: almost none\nC: most\nD: all\nE: many\nF: some\nG: the smaller part\nH: none\nI: few\nAnswer:', 'Question: How many animals are there in the image? Pick the best answer among the following options:\nA: many\nB: the smaller part\nC: few\nD: none\nE: most\nF: all\nG: almost all\nH: almost none\nI: some\nAnswer:', 'Question: How many animals are there in the image? Pick the best answer among the following options:\nA: many\nB: all\nC: almost none\nD: none\nE: few\nF: most\nG: some\nH: the smaller part\nI: almost all\nAnswer:', 'Question: How many animals are there in the image? Pick the best answer among the following options:\nA: most\nB: the smaller part\nC: many\nD: few\nE: all\nF: almost all\nG: some\nH: none\nI: almost none\nAnswer:']"
2603,data/images/quantifier/test_2603.png,"[['almost all'], ['3'], ['h'], [''], ['all']]","[{'a': 'the smaller part', 'b': 'some', 'c': 'none', 'd': 'almost all', 'e': 'many', 'f': 'few', 'g': 'all', 'h': 'almost none', 'i': 'most'}, {'a': 'few', 'b': 'the smaller part', 'c': 'most', 'd': 'none', 'e': 'almost all', 'f': 'almost none', 'g': 'all', 'h': 'many', 'i': 'some'}, {'a': 'almost none', 'b': 'the smaller part', 'c': 'none', 'd': 'most', 'e': 'some', 'f': 'few', 'g': 'almost all', 'h': 'many', 'i': 'all'}, {'a': 'none', 'b': 'few', 'c': 'all', 'd': 'most', 'e': 'the smaller part', 'f': 'almost none', 'g': 'many', 'h': 'almost all', 'i': 'some'}, {'a': 'few', 'b': 'some', 'c': 'most', 'd': 'almost all', 'e': 'the smaller part', 'f': 'none', 'g': 'almost none', 'h': 'all', 'i': 'many'}]","['Question: How many animals are there in the image? Pick the best answer among the following options:\nA: the smaller part\nB: some\nC: none\nD: almost all\nE: many\nF: few\nG: all\nH: almost none\nI: most\nAnswer:', 'Question: How many animals are there in the image? Pick the best answer among the following options:\nA: few\nB: the smaller part\nC: most\nD: none\nE: almost all\nF: almost none\nG: all\nH: many\nI: some\nAnswer:', 'Question: How many animals are there in the image? Pick the best answer among the following options:\nA: almost none\nB: the smaller part\nC: none\nD: most\nE: some\nF: few\nG: almost all\nH: many\nI: all\nAnswer:', 'Question: How many animals are there in the image? Pick the best answer among the following options:\nA: none\nB: few\nC: all\nD: most\nE: the smaller part\nF: almost none\nG: many\nH: almost all\nI: some\nAnswer:', 'Question: How many animals are there in the image? Pick the best answer among the following options:\nA: few\nB: some\nC: most\nD: almost all\nE: the smaller part\nF: none\nG: almost none\nH: all\nI: many\nAnswer:']"
2731,data/images/quantifier/test_2731.png,"[['a'], ['almost all'], ['a: the smaller part'], ['g is most'], ['many']]","[{'a': 'many', 'b': 'some', 'c': 'the smaller part', 'd': 'none', 'e': 'all', 'f': 'almost all', 'g': 'most', 'h': 'few', 'i': 'almost none'}, {'a': 'almost all', 'b': 'the smaller part', 'c': 'most', 'd': 'many', 'e': 'almost none', 'f': 'few', 'g': 'some', 'h': 'none', 'i': 'all'}, {'a': 'the smaller part', 'b': 'some', 'c': 'few', 'd': 'none', 'e': 'almost none', 'f': 'almost all', 'g': 'all', 'h': 'many', 'i': 'most'}, {'a': 'almost all', 'b': 'some', 'c': 'the smaller part', 'd': 'all', 'e': 'few', 'f': 'none', 'g': 'many', 'h': 'most', 'i': 'almost none'}, {'a': 'none', 'b': 'all', 'c': 'almost none', 'd': 'some', 'e': 'the smaller part', 'f': 'most', 'g': 'many', 'h': 'few', 'i': 'almost all'}]","['Question: How many animals are there in the image? Pick the best answer among the following options:\nA: many\nB: some\nC: the smaller part\nD: none\nE: all\nF: almost all\nG: most\nH: few\nI: almost none\nAnswer:', 'Question: How many animals are there in the image? Pick the best answer among the following options:\nA: almost all\nB: the smaller part\nC: most\nD: many\nE: almost none\nF: few\nG: some\nH: none\nI: all\nAnswer:', 'Question: How many animals are there in the image? Pick the best answer among the following options:\nA: the smaller part\nB: some\nC: few\nD: none\nE: almost none\nF: almost all\nG: all\nH: many\nI: most\nAnswer:', 'Question: How many animals are there in the image? Pick the best answer among the following options:\nA: almost all\nB: some\nC: the smaller part\nD: all\nE: few\nF: none\nG: many\nH: most\nI: almost none\nAnswer:', 'Question: How many animals are there in the image? Pick the best answer among the following options:\nA: none\nB: all\nC: almost none\nD: some\nE: the smaller part\nF: most\nG: many\nH: few\nI: almost all\nAnswer:']"
1982,data/images/quantifier/test_1982.png,"[[''], ['a'], ['a'], ['some'], ['f']]","[{'a': 'all', 'b': 'many', 'c': 'the smaller part', 'd': 'none', 'e': 'almost none', 'f': 'most', 'g': 'some', 'h': 'few', 'i': 'almost all'}, {'a': 'most', 'b': 'many', 'c': 'none', 'd': 'almost all', 'e': 'the smaller part', 'f': 'few', 'g': 'some', 'h': 'almost none', 'i': 'all'}, {'a': 'few', 'b': 'almost none', 'c': 'most', 'd': 'the smaller part', 'e': 'some', 'f': 'many', 'g': 'almost all', 'h': 'all', 'i': 'none'}, {'a': 'many', 'b': 'none', 'c': 'most', 'd': 'the smaller part', 'e': 'few', 'f': 'all', 'g': 'almost none', 'h': 'almost all', 'i': 'some'}, {'a': 'most', 'b': 'none', 'c': 'almost all', 'd': 'almost none', 'e': 'few', 'f': 'all', 'g': 'many', 'h': 'the smaller part', 'i': 'some'}]","['Question: How many animals are there in the image? Pick the best answer among the following options:\nA: all\nB: many\nC: the smaller part\nD: none\nE: almost none\nF: most\nG: some\nH: few\nI: almost all\nAnswer:', 'Question: How many animals are there in the image? Pick the best answer among the following options:\nA: most\nB: many\nC: none\nD: almost all\nE: the smaller part\nF: few\nG: some\nH: almost none\nI: all\nAnswer:', 'Question: How many animals are there in the image? Pick the best answer among the following options:\nA: few\nB: almost none\nC: most\nD: the smaller part\nE: some\nF: many\nG: almost all\nH: all\nI: none\nAnswer:', 'Question: How many animals are there in the image? Pick the best answer among the following options:\nA: many\nB: none\nC: most\nD: the smaller part\nE: few\nF: all\nG: almost none\nH: almost all\nI: some\nAnswer:', 'Question: How many animals are there in the image? Pick the best answer among the following options:\nA: most\nB: none\nC: almost all\nD: almost none\nE: few\nF: all\nG: many\nH: the smaller part\nI: some\nAnswer:']"
1878,data/images/quantifier/test_1878.png,"[['almost all'], ['c'], ['g'], ['all'], ['there are 6']]","[{'a': 'none', 'b': 'all', 'c': 'few', 'd': 'most', 'e': 'almost all', 'f': 'the smaller part', 'g': 'some', 'h': 'almost none', 'i': 'many'}, {'a': 'almost none', 'b': 'the smaller part', 'c': 'most', 'd': 'few', 'e': 'all', 'f': 'none', 'g': 'many', 'h': 'some', 'i': 'almost all'}, {'a': 'some', 'b': 'few', 'c': 'almost all', 'd': 'many', 'e': 'none', 'f': 'almost none', 'g': 'the smaller part', 'h': 'most', 'i': 'all'}, {'a': 'some', 'b': 'almost all', 'c': 'all', 'd': 'none', 'e': 'many', 'f': 'almost none', 'g': 'few', 'h': 'the smaller part', 'i': 'most'}, {'a': 'almost none', 'b': 'some', 'c': 'few', 'd': 'all', 'e': 'the smaller part', 'f': 'none', 'g': 'almost all', 'h': 'many', 'i': 'most'}]","['Question: How many animals are there in the image? Pick the best answer among the following options:\nA: none\nB: all\nC: few\nD: most\nE: almost all\nF: the smaller part\nG: some\nH: almost none\nI: many\nAnswer:', 'Question: How many animals are there in the image? Pick the best answer among the following options:\nA: almost none\nB: the smaller part\nC: most\nD: few\nE: all\nF: none\nG: many\nH: some\nI: almost all\nAnswer:', 'Question: How many animals are there in the image? Pick the best answer among the following options:\nA: some\nB: few\nC: almost all\nD: many\nE: none\nF: almost none\nG: the smaller part\nH: most\nI: all\nAnswer:', 'Question: How many animals are there in the image? Pick the best answer among the following options:\nA: some\nB: almost all\nC: all\nD: none\nE: many\nF: almost none\nG: few\nH: the smaller part\nI: most\nAnswer:', 'Question: How many animals are there in the image? Pick the best answer among the following options:\nA: almost none\nB: some\nC: few\nD: all\nE: the smaller part\nF: none\nG: almost all\nH: many\nI: most\nAnswer:']"
1912,data/images/quantifier/test_1912.png,"[[''], ['all'], [''], ['b'], ['i']]","[{'a': 'many', 'b': 'some', 'c': 'the smaller part', 'd': 'few', 'e': 'none', 'f': 'most', 'g': 'almost all', 'h': 'all', 'i': 'almost none'}, {'a': 'the smaller part', 'b': 'some', 'c': 'all', 'd': 'almost none', 'e': 'many', 'f': 'almost all', 'g': 'none', 'h': 'most', 'i': 'few'}, {'a': 'the smaller part', 'b': 'some', 'c': 'many', 'd': 'all', 'e': 'most', 'f': 'almost all', 'g': 'none', 'h': 'few', 'i': 'almost none'}, {'a': 'many', 'b': 'few', 'c': 'the smaller part', 'd': 'most', 'e': 'almost none', 'f': 'almost all', 'g': 'all', 'h': 'none', 'i': 'some'}, {'a': 'almost all', 'b': 'all', 'c': 'the smaller part', 'd': 'none', 'e': 'some', 'f': 'most', 'g': 'few', 'h': 'many', 'i': 'almost none'}]","['Question: How many animals are there in the image? Pick the best answer among the following options:\nA: many\nB: some\nC: the smaller part\nD: few\nE: none\nF: most\nG: almost all\nH: all\nI: almost none\nAnswer:', 'Question: How many animals are there in the image? Pick the best answer among the following options:\nA: the smaller part\nB: some\nC: all\nD: almost none\nE: many\nF: almost all\nG: none\nH: most\nI: few\nAnswer:', 'Question: How many animals are there in the image? Pick the best answer among the following options:\nA: the smaller part\nB: some\nC: many\nD: all\nE: most\nF: almost all\nG: none\nH: few\nI: almost none\nAnswer:', 'Question: How many animals are there in the image? Pick the best answer among the following options:\nA: many\nB: few\nC: the smaller part\nD: most\nE: almost none\nF: almost all\nG: all\nH: none\nI: some\nAnswer:', 'Question: How many animals are there in the image? Pick the best answer among the following options:\nA: almost all\nB: all\nC: the smaller part\nD: none\nE: some\nF: most\nG: few\nH: many\nI: almost none\nAnswer:']"
1947,data/images/quantifier/test_1947.png,"[['more'], ['a'], ['none'], ['the smaller part'], ['b']]","[{'a': 'some', 'b': 'all', 'c': 'almost none', 'd': 'none', 'e': 'almost all', 'f': 'most', 'g': 'the smaller part', 'h': 'many', 'i': 'few'}, {'a': 'the smaller part', 'b': 'all', 'c': 'few', 'd': 'some', 'e': 'most', 'f': 'almost all', 'g': 'none', 'h': 'almost none', 'i': 'many'}, {'a': 'some', 'b': 'almost all', 'c': 'almost none', 'd': 'many', 'e': 'none', 'f': 'few', 'g': 'the smaller part', 'h': 'all', 'i': 'most'}, {'a': 'none', 'b': 'almost none', 'c': 'some', 'd': 'the smaller part', 'e': 'most', 'f': 'few', 'g': 'many', 'h': 'almost all', 'i': 'all'}, {'a': 'the smaller part', 'b': 'almost none', 'c': 'many', 'd': 'all', 'e': 'some', 'f': 'few', 'g': 'almost all', 'h': 'none', 'i': 'most'}]","['Question: How many animals are there in the image? Pick the best answer among the following options:\nA: some\nB: all\nC: almost none\nD: none\nE: almost all\nF: most\nG: the smaller part\nH: many\nI: few\nAnswer:', 'Question: How many animals are there in the image? Pick the best answer among the following options:\nA: the smaller part\nB: all\nC: few\nD: some\nE: most\nF: almost all\nG: none\nH: almost none\nI: many\nAnswer:', 'Question: How many animals are there in the image? Pick the best answer among the following options:\nA: some\nB: almost all\nC: almost none\nD: many\nE: none\nF: few\nG: the smaller part\nH: all\nI: most\nAnswer:', 'Question: How many animals are there in the image? Pick the best answer among the following options:\nA: none\nB: almost none\nC: some\nD: the smaller part\nE: most\nF: few\nG: many\nH: almost all\nI: all\nAnswer:', 'Question: How many animals are there in the image? Pick the best answer among the following options:\nA: the smaller part\nB: almost none\nC: many\nD: all\nE: some\nF: few\nG: almost all\nH: none\nI: most\nAnswer:']"
1858,data/images/quantifier/test_1858.png,"[['more than one'], ['3 animals, 3 bugs, 6 insects'], ['g'], ['b'], ['a']]","[{'a': 'many', 'b': 'most', 'c': 'almost none', 'd': 'almost all', 'e': 'the smaller part', 'f': 'none', 'g': 'few', 'h': 'all', 'i': 'some'}, {'a': 'the smaller part', 'b': 'none', 'c': 'some', 'd': 'all', 'e': 'almost none', 'f': 'few', 'g': 'many', 'h': 'most', 'i': 'almost all'}, {'a': 'almost all', 'b': 'many', 'c': 'most', 'd': 'none', 'e': 'few', 'f': 'almost none', 'g': 'the smaller part', 'h': 'some', 'i': 'all'}, {'a': 'few', 'b': 'some', 'c': 'most', 'd': 'many', 'e': 'none', 'f': 'all', 'g': 'almost all', 'h': 'almost none', 'i': 'the smaller part'}, {'a': 'many', 'b': 'the smaller part', 'c': 'few', 'd': 'none', 'e': 'almost none', 'f': 'most', 'g': 'some', 'h': 'all', 'i': 'almost all'}]","['Question: How many animals are there in the image? Pick the best answer among the following options:\nA: many\nB: most\nC: almost none\nD: almost all\nE: the smaller part\nF: none\nG: few\nH: all\nI: some\nAnswer:', 'Question: How many animals are there in the image? Pick the best answer among the following options:\nA: the smaller part\nB: none\nC: some\nD: all\nE: almost none\nF: few\nG: many\nH: most\nI: almost all\nAnswer:', 'Question: How many animals are there in the image? Pick the best answer among the following options:\nA: almost all\nB: many\nC: most\nD: none\nE: few\nF: almost none\nG: the smaller part\nH: some\nI: all\nAnswer:', 'Question: How many animals are there in the image? Pick the best answer among the following options:\nA: few\nB: some\nC: most\nD: many\nE: none\nF: all\nG: almost all\nH: almost none\nI: the smaller part\nAnswer:', 'Question: How many animals are there in the image? Pick the best answer among the following options:\nA: many\nB: the smaller part\nC: few\nD: none\nE: almost none\nF: most\nG: some\nH: all\nI: almost all\nAnswer:']"
1965,data/images/quantifier/test_1965.png,"[['c'], ['almost all'], ['3'], ['some'], ['d']]","[{'a': 'none', 'b': 'all', 'c': 'some', 'd': 'many', 'e': 'almost all', 'f': 'the smaller part', 'g': 'almost none', 'h': 'few', 'i': 'most'}, {'a': 'some', 'b': 'few', 'c': 'most', 'd': 'almost all', 'e': 'none', 'f': 'the smaller part', 'g': 'almost none', 'h': 'many', 'i': 'all'}, {'a': 'few', 'b': 'all', 'c': 'almost none', 'd': 'many', 'e': 'most', 'f': 'some', 'g': 'almost all', 'h': 'none', 'i': 'the smaller part'}, {'a': 'some', 'b': 'many', 'c': 'few', 'd': 'most', 'e': 'almost all', 'f': 'almost none', 'g': 'the smaller part', 'h': 'all', 'i': 'none'}, {'a': 'many', 'b': 'all', 'c': 'none', 'd': 'few', 'e': 'almost all', 'f': 'the smaller part', 'g': 'almost none', 'h': 'most', 'i': 'some'}]","['Question: How many animals are there in the image? Pick the best answer among the following options:\nA: none\nB: all\nC: some\nD: many\nE: almost all\nF: the smaller part\nG: almost none\nH: few\nI: most\nAnswer:', 'Question: How many animals are there in the image? Pick the best answer among the following options:\nA: some\nB: few\nC: most\nD: almost all\nE: none\nF: the smaller part\nG: almost none\nH: many\nI: all\nAnswer:', 'Question: How many animals are there in the image? Pick the best answer among the following options:\nA: few\nB: all\nC: almost none\nD: many\nE: most\nF: some\nG: almost all\nH: none\nI: the smaller part\nAnswer:', 'Question: How many animals are there in the image? Pick the best answer among the following options:\nA: some\nB: many\nC: few\nD: most\nE: almost all\nF: almost none\nG: the smaller part\nH: all\nI: none\nAnswer:', 'Question: How many animals are there in the image? Pick the best answer among the following options:\nA: many\nB: all\nC: none\nD: few\nE: almost all\nF: the smaller part\nG: almost none\nH: most\nI: some\nAnswer:']"
2893,data/images/quantifier/test_2893.png,"[['g'], ['the larger part'], ['i'], ['b'], ['a']]","[{'a': 'most', 'b': 'none', 'c': 'the smaller part', 'd': 'almost all', 'e': 'few', 'f': 'all', 'g': 'some', 'h': 'many', 'i': 'almost none'}, {'a': 'almost none', 'b': 'few', 'c': 'some', 'd': 'none', 'e': 'many', 'f': 'the smaller part', 'g': 'most', 'h': 'almost all', 'i': 'all'}, {'a': 'none', 'b': 'almost none', 'c': 'few', 'd': 'all', 'e': 'many', 'f': 'some', 'g': 'almost all', 'h': 'most', 'i': 'the smaller part'}, {'a': 'many', 'b': 'few', 'c': 'none', 'd': 'the smaller part', 'e': 'almost none', 'f': 'most', 'g': 'all', 'h': 'almost all', 'i': 'some'}, {'a': 'all', 'b': 'few', 'c': 'none', 'd': 'some', 'e': 'most', 'f': 'the smaller part', 'g': 'many', 'h': 'almost none', 'i': 'almost all'}]","['Question: How many animals are there in the image? Pick the best answer among the following options:\nA: most\nB: none\nC: the smaller part\nD: almost all\nE: few\nF: all\nG: some\nH: many\nI: almost none\nAnswer:', 'Question: How many animals are there in the image? Pick the best answer among the following options:\nA: almost none\nB: few\nC: some\nD: none\nE: many\nF: the smaller part\nG: most\nH: almost all\nI: all\nAnswer:', 'Question: How many animals are there in the image? Pick the best answer among the following options:\nA: none\nB: almost none\nC: few\nD: all\nE: many\nF: some\nG: almost all\nH: most\nI: the smaller part\nAnswer:', 'Question: How many animals are there in the image? Pick the best answer among the following options:\nA: many\nB: few\nC: none\nD: the smaller part\nE: almost none\nF: most\nG: all\nH: almost all\nI: some\nAnswer:', 'Question: How many animals are there in the image? Pick the best answer among the following options:\nA: all\nB: few\nC: none\nD: some\nE: most\nF: the smaller part\nG: many\nH: almost none\nI: almost all\nAnswer:']"
2892,data/images/quantifier/test_2892.png,"[['ais there a reason why you guys are doing the opposite of what i thought of when i'], ['almost all'], ['a, b, c, d, g'], [''], ['g']]","[{'a': 'few', 'b': 'some', 'c': 'almost all', 'd': 'all', 'e': 'almost none', 'f': 'none', 'g': 'most', 'h': 'the smaller part', 'i': 'many'}, {'a': 'few', 'b': 'most', 'c': 'almost none', 'd': 'none', 'e': 'some', 'f': 'many', 'g': 'the smaller part', 'h': 'almost all', 'i': 'all'}, {'a': 'almost all', 'b': 'many', 'c': 'most', 'd': 'few', 'e': 'none', 'f': 'all', 'g': 'the smaller part', 'h': 'almost none', 'i': 'some'}, {'a': 'none', 'b': 'few', 'c': 'all', 'd': 'most', 'e': 'the smaller part', 'f': 'many', 'g': 'some', 'h': 'almost all', 'i': 'almost none'}, {'a': 'most', 'b': 'all', 'c': 'none', 'd': 'almost all', 'e': 'few', 'f': 'the smaller part', 'g': 'some', 'h': 'many', 'i': 'almost none'}]","['Question: How many animals are there in the image? Pick the best answer among the following options:\nA: few\nB: some\nC: almost all\nD: all\nE: almost none\nF: none\nG: most\nH: the smaller part\nI: many\nAnswer:', 'Question: How many animals are there in the image? Pick the best answer among the following options:\nA: few\nB: most\nC: almost none\nD: none\nE: some\nF: many\nG: the smaller part\nH: almost all\nI: all\nAnswer:', 'Question: How many animals are there in the image? Pick the best answer among the following options:\nA: almost all\nB: many\nC: most\nD: few\nE: none\nF: all\nG: the smaller part\nH: almost none\nI: some\nAnswer:', 'Question: How many animals are there in the image? Pick the best answer among the following options:\nA: none\nB: few\nC: all\nD: most\nE: the smaller part\nF: many\nG: some\nH: almost all\nI: almost none\nAnswer:', 'Question: How many animals are there in the image? Pick the best answer among the following options:\nA: most\nB: all\nC: none\nD: almost all\nE: few\nF: the smaller part\nG: some\nH: many\nI: almost none\nAnswer:']"
2945,data/images/quantifier/test_2945.png,"[['1 of the 5 options is correct'], ['g'], ['all'], ['c'], ['d']]","[{'a': 'few', 'b': 'the smaller part', 'c': 'almost none', 'd': 'some', 'e': 'many', 'f': 'all', 'g': 'most', 'h': 'almost all', 'i': 'none'}, {'a': 'most', 'b': 'almost none', 'c': 'some', 'd': 'none', 'e': 'few', 'f': 'all', 'g': 'the smaller part', 'h': 'almost all', 'i': 'many'}, {'a': 'few', 'b': 'many', 'c': 'none', 'd': 'almost all', 'e': 'almost none', 'f': 'some', 'g': 'most', 'h': 'all', 'i': 'the smaller part'}, {'a': 'the smaller part', 'b': 'all', 'c': 'almost none', 'd': 'some', 'e': 'almost all', 'f': 'few', 'g': 'most', 'h': 'none', 'i': 'many'}, {'a': 'almost all', 'b': 'all', 'c': 'most', 'd': 'many', 'e': 'the smaller part', 'f': 'none', 'g': 'almost none', 'h': 'some', 'i': 'few'}]","['Question: How many animals are there in the image? Pick the best answer among the following options:\nA: few\nB: the smaller part\nC: almost none\nD: some\nE: many\nF: all\nG: most\nH: almost all\nI: none\nAnswer:', 'Question: How many animals are there in the image? Pick the best answer among the following options:\nA: most\nB: almost none\nC: some\nD: none\nE: few\nF: all\nG: the smaller part\nH: almost all\nI: many\nAnswer:', 'Question: How many animals are there in the image? Pick the best answer among the following options:\nA: few\nB: many\nC: none\nD: almost all\nE: almost none\nF: some\nG: most\nH: all\nI: the smaller part\nAnswer:', 'Question: How many animals are there in the image? Pick the best answer among the following options:\nA: the smaller part\nB: all\nC: almost none\nD: some\nE: almost all\nF: few\nG: most\nH: none\nI: many\nAnswer:', 'Question: How many animals are there in the image? Pick the best answer among the following options:\nA: almost all\nB: all\nC: most\nD: many\nE: the smaller part\nF: none\nG: almost none\nH: some\nI: few\nAnswer:']"
2883,data/images/quantifier/test_2883.png,"[['c'], ['none'], ['a'], ['g'], ['d']]","[{'a': 'all', 'b': 'almost none', 'c': 'almost all', 'd': 'none', 'e': 'the smaller part', 'f': 'many', 'g': 'some', 'h': 'few', 'i': 'most'}, {'a': 'most', 'b': 'none', 'c': 'almost none', 'd': 'the smaller part', 'e': 'few', 'f': 'all', 'g': 'almost all', 'h': 'some', 'i': 'many'}, {'a': 'some', 'b': 'the smaller part', 'c': 'almost all', 'd': 'few', 'e': 'all', 'f': 'none', 'g': 'almost none', 'h': 'many', 'i': 'most'}, {'a': 'many', 'b': 'almost all', 'c': 'few', 'd': 'almost none', 'e': 'all', 'f': 'some', 'g': 'none', 'h': 'the smaller part', 'i': 'most'}, {'a': 'most', 'b': 'many', 'c': 'some', 'd': 'almost all', 'e': 'all', 'f': 'few', 'g': 'none', 'h': 'almost none', 'i': 'the smaller part'}]","['Question: How many animals are there in the image? Pick the best answer among the following options:\nA: all\nB: almost none\nC: almost all\nD: none\nE: the smaller part\nF: many\nG: some\nH: few\nI: most\nAnswer:', 'Question: How many animals are there in the image? Pick the best answer among the following options:\nA: most\nB: none\nC: almost none\nD: the smaller part\nE: few\nF: all\nG: almost all\nH: some\nI: many\nAnswer:', 'Question: How many animals are there in the image? Pick the best answer among the following options:\nA: some\nB: the smaller part\nC: almost all\nD: few\nE: all\nF: none\nG: almost none\nH: many\nI: most\nAnswer:', 'Question: How many animals are there in the image? Pick the best answer among the following options:\nA: many\nB: almost all\nC: few\nD: almost none\nE: all\nF: some\nG: none\nH: the smaller part\nI: most\nAnswer:', 'Question: How many animals are there in the image? Pick the best answer among the following options:\nA: most\nB: many\nC: some\nD: almost all\nE: all\nF: few\nG: none\nH: almost none\nI: the smaller part\nAnswer:']"
2985,data/images/quantifier/test_2985.png,"[['all options'], ['almost all'], ['none'], ['f'], ['b']]","[{'a': 'most', 'b': 'many', 'c': 'none', 'd': 'the smaller part', 'e': 'all', 'f': 'few', 'g': 'some', 'h': 'almost none', 'i': 'almost all'}, {'a': 'few', 'b': 'none', 'c': 'all', 'd': 'many', 'e': 'almost all', 'f': 'most', 'g': 'the smaller part', 'h': 'almost none', 'i': 'some'}, {'a': 'few', 'b': 'most', 'c': 'some', 'd': 'none', 'e': 'many', 'f': 'almost none', 'g': 'the smaller part', 'h': 'almost all', 'i': 'all'}, {'a': 'most', 'b': 'almost all', 'c': 'many', 'd': 'the smaller part', 'e': 'few', 'f': 'none', 'g': 'some', 'h': 'almost none', 'i': 'all'}, {'a': 'most', 'b': 'many', 'c': 'few', 'd': 'none', 'e': 'almost none', 'f': 'some', 'g': 'almost all', 'h': 'all', 'i': 'the smaller part'}]","['Question: How many animals are there in the image? Pick the best answer among the following options:\nA: most\nB: many\nC: none\nD: the smaller part\nE: all\nF: few\nG: some\nH: almost none\nI: almost all\nAnswer:', 'Question: How many animals are there in the image? Pick the best answer among the following options:\nA: few\nB: none\nC: all\nD: many\nE: almost all\nF: most\nG: the smaller part\nH: almost none\nI: some\nAnswer:', 'Question: How many animals are there in the image? Pick the best answer among the following options:\nA: few\nB: most\nC: some\nD: none\nE: many\nF: almost none\nG: the smaller part\nH: almost all\nI: all\nAnswer:', 'Question: How many animals are there in the image? Pick the best answer among the following options:\nA: most\nB: almost all\nC: many\nD: the smaller part\nE: few\nF: none\nG: some\nH: almost none\nI: all\nAnswer:', 'Question: How many animals are there in the image? Pick the best answer among the following options:\nA: most\nB: many\nC: few\nD: none\nE: almost none\nF: some\nG: almost all\nH: all\nI: the smaller part\nAnswer:']"
2817,data/images/quantifier/test_2817.png,"[[''], ['b'], ['all'], ['none'], ['some']]","[{'a': 'almost none', 'b': 'many', 'c': 'all', 'd': 'none', 'e': 'the smaller part', 'f': 'most', 'g': 'few', 'h': 'almost all', 'i': 'some'}, {'a': 'most', 'b': 'many', 'c': 'all', 'd': 'almost all', 'e': 'some', 'f': 'few', 'g': 'none', 'h': 'the smaller part', 'i': 'almost none'}, {'a': 'many', 'b': 'few', 'c': 'almost none', 'd': 'none', 'e': 'some', 'f': 'all', 'g': 'the smaller part', 'h': 'most', 'i': 'almost all'}, {'a': 'most', 'b': 'few', 'c': 'some', 'd': 'many', 'e': 'the smaller part', 'f': 'all', 'g': 'almost none', 'h': 'none', 'i': 'almost all'}, {'a': 'few', 'b': 'almost none', 'c': 'all', 'd': 'the smaller part', 'e': 'none', 'f': 'almost all', 'g': 'most', 'h': 'many', 'i': 'some'}]","['Question: How many animals are there in the image? Pick the best answer among the following options:\nA: almost none\nB: many\nC: all\nD: none\nE: the smaller part\nF: most\nG: few\nH: almost all\nI: some\nAnswer:', 'Question: How many animals are there in the image? Pick the best answer among the following options:\nA: most\nB: many\nC: all\nD: almost all\nE: some\nF: few\nG: none\nH: the smaller part\nI: almost none\nAnswer:', 'Question: How many animals are there in the image? Pick the best answer among the following options:\nA: many\nB: few\nC: almost none\nD: none\nE: some\nF: all\nG: the smaller part\nH: most\nI: almost all\nAnswer:', 'Question: How many animals are there in the image? Pick the best answer among the following options:\nA: most\nB: few\nC: some\nD: many\nE: the smaller part\nF: all\nG: almost none\nH: none\nI: almost all\nAnswer:', 'Question: How many animals are there in the image? Pick the best answer among the following options:\nA: few\nB: almost none\nC: all\nD: the smaller part\nE: none\nF: almost all\nG: most\nH: many\nI: some\nAnswer:']"
3139,data/images/quantifier/test_3139.png,"[['g'], ['almost all'], ['e'], [''], ['h']]","[{'a': 'all', 'b': 'some', 'c': 'none', 'd': 'almost none', 'e': 'many', 'f': 'the smaller part', 'g': 'few', 'h': 'most', 'i': 'almost all'}, {'a': 'none', 'b': 'almost all', 'c': 'all', 'd': 'almost none', 'e': 'the smaller part', 'f': 'few', 'g': 'many', 'h': 'most', 'i': 'some'}, {'a': 'most', 'b': 'some', 'c': 'the smaller part', 'd': 'none', 'e': 'all', 'f': 'almost all', 'g': 'almost none', 'h': 'many', 'i': 'few'}, {'a': 'the smaller part', 'b': 'few', 'c': 'some', 'd': 'most', 'e': 'almost all', 'f': 'all', 'g': 'many', 'h': 'none', 'i': 'almost none'}, {'a': 'the smaller part', 'b': 'most', 'c': 'some', 'd': 'almost all', 'e': 'none', 'f': 'few', 'g': 'many', 'h': 'almost none', 'i': 'all'}]","['Question: How many animals are there in the image? Pick the best answer among the following options:\nA: all\nB: some\nC: none\nD: almost none\nE: many\nF: the smaller part\nG: few\nH: most\nI: almost all\nAnswer:', 'Question: How many animals are there in the image? Pick the best answer among the following options:\nA: none\nB: almost all\nC: all\nD: almost none\nE: the smaller part\nF: few\nG: many\nH: most\nI: some\nAnswer:', 'Question: How many animals are there in the image? Pick the best answer among the following options:\nA: most\nB: some\nC: the smaller part\nD: none\nE: all\nF: almost all\nG: almost none\nH: many\nI: few\nAnswer:', 'Question: How many animals are there in the image? Pick the best answer among the following options:\nA: the smaller part\nB: few\nC: some\nD: most\nE: almost all\nF: all\nG: many\nH: none\nI: almost none\nAnswer:', 'Question: How many animals are there in the image? Pick the best answer among the following options:\nA: the smaller part\nB: most\nC: some\nD: almost all\nE: none\nF: few\nG: many\nH: almost none\nI: all\nAnswer:']"
3145,data/images/quantifier/test_3145.png,"[['g'], ['e'], ['g'], ['b'], ['all']]","[{'a': 'all', 'b': 'few', 'c': 'many', 'd': 'none', 'e': 'almost none', 'f': 'almost all', 'g': 'some', 'h': 'the smaller part', 'i': 'most'}, {'a': 'many', 'b': 'most', 'c': 'none', 'd': 'some', 'e': 'almost all', 'f': 'the smaller part', 'g': 'few', 'h': 'all', 'i': 'almost none'}, {'a': 'most', 'b': 'almost all', 'c': 'the smaller part', 'd': 'all', 'e': 'some', 'f': 'none', 'g': 'few', 'h': 'almost none', 'i': 'many'}, {'a': 'almost all', 'b': 'all', 'c': 'the smaller part', 'd': 'many', 'e': 'most', 'f': 'few', 'g': 'almost none', 'h': 'none', 'i': 'some'}, {'a': 'none', 'b': 'some', 'c': 'the smaller part', 'd': 'many', 'e': 'few', 'f': 'almost none', 'g': 'most', 'h': 'all', 'i': 'almost all'}]","['Question: How many animals are there in the image? Pick the best answer among the following options:\nA: all\nB: few\nC: many\nD: none\nE: almost none\nF: almost all\nG: some\nH: the smaller part\nI: most\nAnswer:', 'Question: How many animals are there in the image? Pick the best answer among the following options:\nA: many\nB: most\nC: none\nD: some\nE: almost all\nF: the smaller part\nG: few\nH: all\nI: almost none\nAnswer:', 'Question: How many animals are there in the image? Pick the best answer among the following options:\nA: most\nB: almost all\nC: the smaller part\nD: all\nE: some\nF: none\nG: few\nH: almost none\nI: many\nAnswer:', 'Question: How many animals are there in the image? Pick the best answer among the following options:\nA: almost all\nB: all\nC: the smaller part\nD: many\nE: most\nF: few\nG: almost none\nH: none\nI: some\nAnswer:', 'Question: How many animals are there in the image? Pick the best answer among the following options:\nA: none\nB: some\nC: the smaller part\nD: many\nE: few\nF: almost none\nG: most\nH: all\nI: almost all\nAnswer:']"
3157,data/images/quantifier/test_3157.png,"[['most'], ['all'], ['g'], ['none'], ['there are several animals in the image']]","[{'a': 'almost all', 'b': 'few', 'c': 'almost none', 'd': 'all', 'e': 'the smaller part', 'f': 'many', 'g': 'most', 'h': 'none', 'i': 'some'}, {'a': 'most', 'b': 'none', 'c': 'few', 'd': 'many', 'e': 'almost all', 'f': 'some', 'g': 'all', 'h': 'almost none', 'i': 'the smaller part'}, {'a': 'all', 'b': 'some', 'c': 'none', 'd': 'many', 'e': 'the smaller part', 'f': 'most', 'g': 'few', 'h': 'almost none', 'i': 'almost all'}, {'a': 'all', 'b': 'the smaller part', 'c': 'none', 'd': 'almost all', 'e': 'almost none', 'f': 'most', 'g': 'few', 'h': 'some', 'i': 'many'}, {'a': 'the smaller part', 'b': 'most', 'c': 'none', 'd': 'some', 'e': 'few', 'f': 'almost all', 'g': 'many', 'h': 'all', 'i': 'almost none'}]","['Question: How many animals are there in the image? Pick the best answer among the following options:\nA: almost all\nB: few\nC: almost none\nD: all\nE: the smaller part\nF: many\nG: most\nH: none\nI: some\nAnswer:', 'Question: How many animals are there in the image? Pick the best answer among the following options:\nA: most\nB: none\nC: few\nD: many\nE: almost all\nF: some\nG: all\nH: almost none\nI: the smaller part\nAnswer:', 'Question: How many animals are there in the image? Pick the best answer among the following options:\nA: all\nB: some\nC: none\nD: many\nE: the smaller part\nF: most\nG: few\nH: almost none\nI: almost all\nAnswer:', 'Question: How many animals are there in the image? Pick the best answer among the following options:\nA: all\nB: the smaller part\nC: none\nD: almost all\nE: almost none\nF: most\nG: few\nH: some\nI: many\nAnswer:', 'Question: How many animals are there in the image? Pick the best answer among the following options:\nA: the smaller part\nB: most\nC: none\nD: some\nE: few\nF: almost all\nG: many\nH: all\nI: almost none\nAnswer:']"
3184,data/images/quantifier/test_3184.png,"[['a'], [''], ['b'], ['1'], ['g']]","[{'a': 'almost all', 'b': 'almost none', 'c': 'few', 'd': 'none', 'e': 'most', 'f': 'all', 'g': 'some', 'h': 'the smaller part', 'i': 'many'}, {'a': 'most', 'b': 'many', 'c': 'all', 'd': 'few', 'e': 'none', 'f': 'almost all', 'g': 'some', 'h': 'almost none', 'i': 'the smaller part'}, {'a': 'some', 'b': 'none', 'c': 'most', 'd': 'almost none', 'e': 'the smaller part', 'f': 'almost all', 'g': 'few', 'h': 'many', 'i': 'all'}, {'a': 'almost none', 'b': 'most', 'c': 'few', 'd': 'almost all', 'e': 'none', 'f': 'all', 'g': 'some', 'h': 'many', 'i': 'the smaller part'}, {'a': 'many', 'b': 'the smaller part', 'c': 'almost all', 'd': 'none', 'e': 'few', 'f': 'some', 'g': 'almost none', 'h': 'all', 'i': 'most'}]","['Question: How many animals are there in the image? Pick the best answer among the following options:\nA: almost all\nB: almost none\nC: few\nD: none\nE: most\nF: all\nG: some\nH: the smaller part\nI: many\nAnswer:', 'Question: How many animals are there in the image? Pick the best answer among the following options:\nA: most\nB: many\nC: all\nD: few\nE: none\nF: almost all\nG: some\nH: almost none\nI: the smaller part\nAnswer:', 'Question: How many animals are there in the image? Pick the best answer among the following options:\nA: some\nB: none\nC: most\nD: almost none\nE: the smaller part\nF: almost all\nG: few\nH: many\nI: all\nAnswer:', 'Question: How many animals are there in the image? Pick the best answer among the following options:\nA: almost none\nB: most\nC: few\nD: almost all\nE: none\nF: all\nG: some\nH: many\nI: the smaller part\nAnswer:', 'Question: How many animals are there in the image? Pick the best answer among the following options:\nA: many\nB: the smaller part\nC: almost all\nD: none\nE: few\nF: some\nG: almost none\nH: all\nI: most\nAnswer:']"
3110,data/images/quantifier/test_3110.png,"[['a,b,c'], ['the larger part'], ['none of the above'], ['none'], ['c']]","[{'a': 'few', 'b': 'the smaller part', 'c': 'most', 'd': 'all', 'e': 'almost none', 'f': 'none', 'g': 'some', 'h': 'many', 'i': 'almost all'}, {'a': 'almost none', 'b': 'all', 'c': 'some', 'd': 'none', 'e': 'few', 'f': 'almost all', 'g': 'most', 'h': 'many', 'i': 'the smaller part'}, {'a': 'all', 'b': 'the smaller part', 'c': 'few', 'd': 'many', 'e': 'almost none', 'f': 'most', 'g': 'some', 'h': 'almost all', 'i': 'none'}, {'a': 'many', 'b': 'almost all', 'c': 'almost none', 'd': 'some', 'e': 'few', 'f': 'all', 'g': 'none', 'h': 'most', 'i': 'the smaller part'}, {'a': 'the smaller part', 'b': 'many', 'c': 'some', 'd': 'almost none', 'e': 'none', 'f': 'most', 'g': 'almost all', 'h': 'few', 'i': 'all'}]","['Question: How many animals are there in the image? Pick the best answer among the following options:\nA: few\nB: the smaller part\nC: most\nD: all\nE: almost none\nF: none\nG: some\nH: many\nI: almost all\nAnswer:', 'Question: How many animals are there in the image? Pick the best answer among the following options:\nA: almost none\nB: all\nC: some\nD: none\nE: few\nF: almost all\nG: most\nH: many\nI: the smaller part\nAnswer:', 'Question: How many animals are there in the image? Pick the best answer among the following options:\nA: all\nB: the smaller part\nC: few\nD: many\nE: almost none\nF: most\nG: some\nH: almost all\nI: none\nAnswer:', 'Question: How many animals are there in the image? Pick the best answer among the following options:\nA: many\nB: almost all\nC: almost none\nD: some\nE: few\nF: all\nG: none\nH: most\nI: the smaller part\nAnswer:', 'Question: How many animals are there in the image? Pick the best answer among the following options:\nA: the smaller part\nB: many\nC: some\nD: almost none\nE: none\nF: most\nG: almost all\nH: few\nI: all\nAnswer:']"
3004,data/images/quantifier/test_3004.png,"[['more'], ['a, b, c, d, e, g, i'], ['g'], ['all'], ['all']]","[{'a': 'almost all', 'b': 'the smaller part', 'c': 'some', 'd': 'many', 'e': 'all', 'f': 'few', 'g': 'almost none', 'h': 'none', 'i': 'most'}, {'a': 'almost all', 'b': 'the smaller part', 'c': 'none', 'd': 'some', 'e': 'most', 'f': 'few', 'g': 'all', 'h': 'many', 'i': 'almost none'}, {'a': 'most', 'b': 'almost none', 'c': 'few', 'd': 'some', 'e': 'the smaller part', 'f': 'all', 'g': 'none', 'h': 'almost all', 'i': 'many'}, {'a': 'many', 'b': 'almost all', 'c': 'the smaller part', 'd': 'few', 'e': 'almost none', 'f': 'most', 'g': 'all', 'h': 'some', 'i': 'none'}, {'a': 'almost all', 'b': 'most', 'c': 'the smaller part', 'd': 'none', 'e': 'few', 'f': 'some', 'g': 'almost none', 'h': 'all', 'i': 'many'}]","['Question: How many animals are there in the image? Pick the best answer among the following options:\nA: almost all\nB: the smaller part\nC: some\nD: many\nE: all\nF: few\nG: almost none\nH: none\nI: most\nAnswer:', 'Question: How many animals are there in the image? Pick the best answer among the following options:\nA: almost all\nB: the smaller part\nC: none\nD: some\nE: most\nF: few\nG: all\nH: many\nI: almost none\nAnswer:', 'Question: How many animals are there in the image? Pick the best answer among the following options:\nA: most\nB: almost none\nC: few\nD: some\nE: the smaller part\nF: all\nG: none\nH: almost all\nI: many\nAnswer:', 'Question: How many animals are there in the image? Pick the best answer among the following options:\nA: many\nB: almost all\nC: the smaller part\nD: few\nE: almost none\nF: most\nG: all\nH: some\nI: none\nAnswer:', 'Question: How many animals are there in the image? Pick the best answer among the following options:\nA: almost all\nB: most\nC: the smaller part\nD: none\nE: few\nF: some\nG: almost none\nH: all\nI: many\nAnswer:']"
3310,data/images/quantifier/test_3310.png,"[['a'], ['many animals'], [''], ['a'], ['none of the options match']]","[{'a': 'all', 'b': 'many', 'c': 'some', 'd': 'most', 'e': 'almost all', 'f': 'the smaller part', 'g': 'none', 'h': 'few', 'i': 'almost none'}, {'a': 'most', 'b': 'none', 'c': 'all', 'd': 'the smaller part', 'e': 'almost none', 'f': 'almost all', 'g': 'some', 'h': 'many', 'i': 'few'}, {'a': 'almost all', 'b': 'almost none', 'c': 'the smaller part', 'd': 'all', 'e': 'few', 'f': 'many', 'g': 'most', 'h': 'some', 'i': 'none'}, {'a': 'almost all', 'b': 'none', 'c': 'few', 'd': 'the smaller part', 'e': 'almost none', 'f': 'some', 'g': 'most', 'h': 'many', 'i': 'all'}, {'a': 'the smaller part', 'b': 'almost none', 'c': 'some', 'd': 'many', 'e': 'all', 'f': 'most', 'g': 'almost all', 'h': 'none', 'i': 'few'}]","['Question: How many animals are there in the image? Pick the best answer among the following options:\nA: all\nB: many\nC: some\nD: most\nE: almost all\nF: the smaller part\nG: none\nH: few\nI: almost none\nAnswer:', 'Question: How many animals are there in the image? Pick the best answer among the following options:\nA: most\nB: none\nC: all\nD: the smaller part\nE: almost none\nF: almost all\nG: some\nH: many\nI: few\nAnswer:', 'Question: How many animals are there in the image? Pick the best answer among the following options:\nA: almost all\nB: almost none\nC: the smaller part\nD: all\nE: few\nF: many\nG: most\nH: some\nI: none\nAnswer:', 'Question: How many animals are there in the image? Pick the best answer among the following options:\nA: almost all\nB: none\nC: few\nD: the smaller part\nE: almost none\nF: some\nG: most\nH: many\nI: all\nAnswer:', 'Question: How many animals are there in the image? Pick the best answer among the following options:\nA: the smaller part\nB: almost none\nC: some\nD: many\nE: all\nF: most\nG: almost all\nH: none\nI: few\nAnswer:']"
3327,data/images/quantifier/test_3327.png,"[['b'], ['a'], [''], ['a'], ['']]","[{'a': 'few', 'b': 'the smaller part', 'c': 'some', 'd': 'none', 'e': 'almost none', 'f': 'all', 'g': 'many', 'h': 'almost all', 'i': 'most'}, {'a': 'almost all', 'b': 'almost none', 'c': 'few', 'd': 'the smaller part', 'e': 'some', 'f': 'none', 'g': 'all', 'h': 'many', 'i': 'most'}, {'a': 'almost all', 'b': 'most', 'c': 'all', 'd': 'many', 'e': 'few', 'f': 'none', 'g': 'almost none', 'h': 'some', 'i': 'the smaller part'}, {'a': 'none', 'b': 'few', 'c': 'almost all', 'd': 'almost none', 'e': 'most', 'f': 'some', 'g': 'all', 'h': 'the smaller part', 'i': 'many'}, {'a': 'some', 'b': 'all', 'c': 'almost all', 'd': 'the smaller part', 'e': 'few', 'f': 'almost none', 'g': 'none', 'h': 'many', 'i': 'most'}]","['Question: How many animals are there in the image? Pick the best answer among the following options:\nA: few\nB: the smaller part\nC: some\nD: none\nE: almost none\nF: all\nG: many\nH: almost all\nI: most\nAnswer:', 'Question: How many animals are there in the image? Pick the best answer among the following options:\nA: almost all\nB: almost none\nC: few\nD: the smaller part\nE: some\nF: none\nG: all\nH: many\nI: most\nAnswer:', 'Question: How many animals are there in the image? Pick the best answer among the following options:\nA: almost all\nB: most\nC: all\nD: many\nE: few\nF: none\nG: almost none\nH: some\nI: the smaller part\nAnswer:', 'Question: How many animals are there in the image? Pick the best answer among the following options:\nA: none\nB: few\nC: almost all\nD: almost none\nE: most\nF: some\nG: all\nH: the smaller part\nI: many\nAnswer:', 'Question: How many animals are there in the image? Pick the best answer among the following options:\nA: some\nB: all\nC: almost all\nD: the smaller part\nE: few\nF: almost none\nG: none\nH: many\nI: most\nAnswer:']"
3249,data/images/quantifier/test_3249.png,"[['the smaller part'], ['b'], ['c'], ['some'], ['the bigger part']]","[{'a': 'the smaller part', 'b': 'few', 'c': 'almost all', 'd': 'many', 'e': 'most', 'f': 'none', 'g': 'almost none', 'h': 'some', 'i': 'all'}, {'a': 'none', 'b': 'the smaller part', 'c': 'most', 'd': 'few', 'e': 'almost all', 'f': 'all', 'g': 'some', 'h': 'almost none', 'i': 'many'}, {'a': 'many', 'b': 'few', 'c': 'some', 'd': 'all', 'e': 'the smaller part', 'f': 'most', 'g': 'none', 'h': 'almost all', 'i': 'almost none'}, {'a': 'all', 'b': 'almost all', 'c': 'many', 'd': 'none', 'e': 'most', 'f': 'few', 'g': 'the smaller part', 'h': 'some', 'i': 'almost none'}, {'a': 'many', 'b': 'almost none', 'c': 'all', 'd': 'most', 'e': 'some', 'f': 'the smaller part', 'g': 'almost all', 'h': 'few', 'i': 'none'}]","['Question: How many animals are there in the image? Pick the best answer among the following options:\nA: the smaller part\nB: few\nC: almost all\nD: many\nE: most\nF: none\nG: almost none\nH: some\nI: all\nAnswer:', 'Question: How many animals are there in the image? Pick the best answer among the following options:\nA: none\nB: the smaller part\nC: most\nD: few\nE: almost all\nF: all\nG: some\nH: almost none\nI: many\nAnswer:', 'Question: How many animals are there in the image? Pick the best answer among the following options:\nA: many\nB: few\nC: some\nD: all\nE: the smaller part\nF: most\nG: none\nH: almost all\nI: almost none\nAnswer:', 'Question: How many animals are there in the image? Pick the best answer among the following options:\nA: all\nB: almost all\nC: many\nD: none\nE: most\nF: few\nG: the smaller part\nH: some\nI: almost none\nAnswer:', 'Question: How many animals are there in the image? Pick the best answer among the following options:\nA: many\nB: almost none\nC: all\nD: most\nE: some\nF: the smaller part\nG: almost all\nH: few\nI: none\nAnswer:']"
3348,data/images/quantifier/test_3348.png,"[['a, the smaller part'], ['the smaller part'], ['g'], ['none'], ['c']]","[{'a': 'almost none', 'b': 'all', 'c': 'most', 'd': 'many', 'e': 'the smaller part', 'f': 'some', 'g': 'few', 'h': 'none', 'i': 'almost all'}, {'a': 'none', 'b': 'the smaller part', 'c': 'most', 'd': 'all', 'e': 'almost all', 'f': 'few', 'g': 'many', 'h': 'almost none', 'i': 'some'}, {'a': 'most', 'b': 'none', 'c': 'many', 'd': 'all', 'e': 'almost none', 'f': 'some', 'g': 'few', 'h': 'almost all', 'i': 'the smaller part'}, {'a': 'none', 'b': 'almost all', 'c': 'the smaller part', 'd': 'many', 'e': 'all', 'f': 'few', 'g': 'some', 'h': 'most', 'i': 'almost none'}, {'a': 'the smaller part', 'b': 'many', 'c': 'none', 'd': 'all', 'e': 'most', 'f': 'almost all', 'g': 'almost none', 'h': 'few', 'i': 'some'}]","['Question: How many animals are there in the image? Pick the best answer among the following options:\nA: almost none\nB: all\nC: most\nD: many\nE: the smaller part\nF: some\nG: few\nH: none\nI: almost all\nAnswer:', 'Question: How many animals are there in the image? Pick the best answer among the following options:\nA: none\nB: the smaller part\nC: most\nD: all\nE: almost all\nF: few\nG: many\nH: almost none\nI: some\nAnswer:', 'Question: How many animals are there in the image? Pick the best answer among the following options:\nA: most\nB: none\nC: many\nD: all\nE: almost none\nF: some\nG: few\nH: almost all\nI: the smaller part\nAnswer:', 'Question: How many animals are there in the image? Pick the best answer among the following options:\nA: none\nB: almost all\nC: the smaller part\nD: many\nE: all\nF: few\nG: some\nH: most\nI: almost none\nAnswer:', 'Question: How many animals are there in the image? Pick the best answer among the following options:\nA: the smaller part\nB: many\nC: none\nD: all\nE: most\nF: almost all\nG: almost none\nH: few\nI: some\nAnswer:']"
3353,data/images/quantifier/test_3353.png,"[['h'], ['some'], ['a'], ['none'], ['a']]","[{'a': 'some', 'b': 'the smaller part', 'c': 'many', 'd': 'almost all', 'e': 'few', 'f': 'all', 'g': 'most', 'h': 'none', 'i': 'almost none'}, {'a': 'many', 'b': 'most', 'c': 'none', 'd': 'all', 'e': 'some', 'f': 'almost all', 'g': 'the smaller part', 'h': 'almost none', 'i': 'few'}, {'a': 'the smaller part', 'b': 'almost none', 'c': 'most', 'd': 'all', 'e': 'few', 'f': 'many', 'g': 'none', 'h': 'almost all', 'i': 'some'}, {'a': 'few', 'b': 'all', 'c': 'almost all', 'd': 'some', 'e': 'the smaller part', 'f': 'most', 'g': 'almost none', 'h': 'many', 'i': 'none'}, {'a': 'the smaller part', 'b': 'almost none', 'c': 'few', 'd': 'all', 'e': 'some', 'f': 'none', 'g': 'almost all', 'h': 'most', 'i': 'many'}]","['Question: How many animals are there in the image? Pick the best answer among the following options:\nA: some\nB: the smaller part\nC: many\nD: almost all\nE: few\nF: all\nG: most\nH: none\nI: almost none\nAnswer:', 'Question: How many animals are there in the image? Pick the best answer among the following options:\nA: many\nB: most\nC: none\nD: all\nE: some\nF: almost all\nG: the smaller part\nH: almost none\nI: few\nAnswer:', 'Question: How many animals are there in the image? Pick the best answer among the following options:\nA: the smaller part\nB: almost none\nC: most\nD: all\nE: few\nF: many\nG: none\nH: almost all\nI: some\nAnswer:', 'Question: How many animals are there in the image? Pick the best answer among the following options:\nA: few\nB: all\nC: almost all\nD: some\nE: the smaller part\nF: most\nG: almost none\nH: many\nI: none\nAnswer:', 'Question: How many animals are there in the image? Pick the best answer among the following options:\nA: the smaller part\nB: almost none\nC: few\nD: all\nE: some\nF: none\nG: almost all\nH: most\nI: many\nAnswer:']"
3268,data/images/quantifier/test_3268.png,"[['d'], ['f'], ['the smaller part'], ['d'], ['none']]","[{'a': 'almost none', 'b': 'few', 'c': 'some', 'd': 'none', 'e': 'most', 'f': 'many', 'g': 'almost all', 'h': 'the smaller part', 'i': 'all'}, {'a': 'most', 'b': 'few', 'c': 'the smaller part', 'd': 'some', 'e': 'none', 'f': 'many', 'g': 'almost none', 'h': 'almost all', 'i': 'all'}, {'a': 'the smaller part', 'b': 'all', 'c': 'almost all', 'd': 'some', 'e': 'many', 'f': 'most', 'g': 'almost none', 'h': 'none', 'i': 'few'}, {'a': 'almost none', 'b': 'some', 'c': 'most', 'd': 'almost all', 'e': 'many', 'f': 'the smaller part', 'g': 'none', 'h': 'all', 'i': 'few'}, {'a': 'few', 'b': 'almost none', 'c': 'all', 'd': 'almost all', 'e': 'most', 'f': 'none', 'g': 'some', 'h': 'the smaller part', 'i': 'many'}]","['Question: How many animals are there in the image? Pick the best answer among the following options:\nA: almost none\nB: few\nC: some\nD: none\nE: most\nF: many\nG: almost all\nH: the smaller part\nI: all\nAnswer:', 'Question: How many animals are there in the image? Pick the best answer among the following options:\nA: most\nB: few\nC: the smaller part\nD: some\nE: none\nF: many\nG: almost none\nH: almost all\nI: all\nAnswer:', 'Question: How many animals are there in the image? Pick the best answer among the following options:\nA: the smaller part\nB: all\nC: almost all\nD: some\nE: many\nF: most\nG: almost none\nH: none\nI: few\nAnswer:', 'Question: How many animals are there in the image? Pick the best answer among the following options:\nA: almost none\nB: some\nC: most\nD: almost all\nE: many\nF: the smaller part\nG: none\nH: all\nI: few\nAnswer:', 'Question: How many animals are there in the image? Pick the best answer among the following options:\nA: few\nB: almost none\nC: all\nD: almost all\nE: most\nF: none\nG: some\nH: the smaller part\nI: many\nAnswer:']"
