image,number label,actual name,familiarity score,nameability score,color saliency,texture saliency,llava_output
data/images/noun/2001-600.jpg,2001,bee have trap,19,50,66,14,"[['The objects in the image are two plastic toy molds or containers, each with a hole'], ['The objects in the image are two yellow plastic containers.'], ['The objects in the image are two plastic containers.'], ['The objects in the image are two plastic containers, or molds, that are designed to make'], ['A pair of plastic eggs.'], ['A pair of plastic containers.'], ['Two yellow plastic containers.'], ['Two yellow plastic eggs.'], ['A pair of yellow plastic eggs.'], ['The objects in the image are two yellow plastic containers.'], ['Two yellow plastic toys.'], ['The objects in the image are two yellow plastic eggs.'], ['The objects in the image are two plastic containers or containers with a yellow plastic lid.'], ['A pair of yellow plastic eggs.'], ['The objects in the image are two yellow plastic containers.'], ['A pair of yellow plastic eggs.'], ['The objects in the image are two plastic containers, specifically two clear plastic bins.'], ['The objects in the image are two yellow plastic containers or containers with holes in them.'], ['A pair of plastic containers or cups.'], ['The objects in the image are two plastic containers.'], ['Two yellow plastic toys.'], ['The objects in the image are two yellow plastic containers.'], ['The objects in the image are two plastic containers.'], ['The objects in the image are two yellow plastic toys, which appear to be a pair of'], ['Two yellow plastic eggs.'], ['The objects in the image are two plastic toy balls.'], ['Two yellow plastic eggs.'], ['The objects in the image are two yellow plastic containers.'], ['The objects in the image are two yellow plastic containers.'], ['A pair of yellow plastic eggs.'], ['The objects in the image are two plastic containers or molds, one yellow and one orange.'], ['The objects in the image are two yellow plastic containers.'], ['The objects in the image are two plastic toy animals, specifically two yellow rubber ducks'], ['A pair of yellow plastic balls.'], ['The objects in the image are two clear plastic containers.'], ['The objects in the image are two plastic containers or containers with holes in them.'], ['The objects in the image are two plastic toy balls.'], ['The objects in the image are two yellow plastic containers.'], ['The objects in the image are two yellow plastic containers or toys.'], ['The objects in the image are two yellow plastic containers.']]"
data/images/noun/2002-600.jpg,2002,bookend,22,83,59,9,"[['The objects in the image are a red vase and a red sculpture.'], ['Vase'], ['The objects in the image are a red vase and a red statue.'], ['A red vase.'], ['The objects in the image are a red vase and a red sculpture.'], ['Vase.'], ['A red vase.'], ['The objects in the image are a red vase and a red sculpture.'], ['Vase'], ['A red vase.'], ['Vase'], ['The objects in the image are a red vase and a red sculpture.'], ['Vase.'], ['A red vase.'], ['Vase'], ['A red vase.'], ['Vase.'], ['The objects in the image are a red vase and a red sculpture.'], ['The objects in the image are a red vase and a red sculpture.'], ['A red vase.'], ['The objects in the image are a red vase and a red statue.'], ['A red vase and a red sculpture.'], ['A red vase.'], ['Vase'], ['The objects in the image are a red vase and a red sculpture.'], ['The objects in the image are a red vase and a red statue.'], ['The objects in the image are a red vase and a red sculpture.'], ['A red vase.'], ['A red vase and a red statue.'], ['Vase'], ['Vase'], ['The objects in the image are a red vase and a red sculpture.'], ['The objects in the image are a red vase and a red sculpture.'], ['A red vase.'], ['The objects in the image are a red vase and a red sculpture.'], ['The objects in the image are a red vase and a red sculpture.'], ['A red vase.'], ['A red vase.'], ['Vase.'], ['Vase.']]"
data/images/noun/2003-600.jpg,2003,fidget toy,59,74,19,0,"[['The objects in the image are a set of colored wooden blocks, specifically red, blue, yellow,'], ['The objects in the image are a red, blue, green, and yellow block, which are stack'], ['The objects in the image are a set of building blocks, specifically a set of Lego blocks.'], ['The objects in the image are a set of building blocks.'], ['The objects in the image are a red, blue, yellow, green, and purple block.'], ['The objects in the image are a stack of wooden blocks, each with a different color.'], ['The objects in the image are a red, blue, yellow, and green block, each with a'], ['A stack of wooden blocks.'], ['The objects in the image are a stack of wooden blocks.'], ['The objects in the image are wooden blocks, specifically, red, blue, green, and yellow blocks'], ['The objects in the image are a set of wooden blocks, specifically a stack of four colored blocks.'], ['The objects in the image are wooden blocks.'], ['The objects in the image are wooden blocks.'], ['The objects in the image are wooden blocks.'], ['The objects in the image are wooden blocks, specifically alphabet blocks.'], ['The objects in the image are a stack of wooden blocks, specifically, a red, blue, and'], ['The objects in the image are wooden blocks.'], ['The objects in the image are a wooden block with letters on it.'], ['The objects in the image are wooden blocks.'], ['The objects in the image are wooden blocks.'], ['The objects in the image are a stack of wooden blocks, each with different colors.'], ['The objects in the image are a set of building blocks.'], ['The objects in the image are a set of wooden blocks.'], ['The objects in the image are a set of colored wooden blocks.'], ['The objects in the image are a red, blue, green, yellow, and orange block.'], ['The objects in the image are wooden blocks.'], ['The objects in the image are wooden blocks.'], ['The objects in the image are wooden blocks.'], ['The objects in the image are a stack of colored wooden blocks.'], ['The objects in the image are a stack of wooden blocks, each with different colors and shapes.'], ['The objects in the image are a red, blue, green, and yellow brick.'], ['The objects in the image are a red, blue, and yellow block.'], ['The objects in the image are wooden blocks.'], ['The objects in the image are wooden blocks.'], ['The objects in the image are a wooden block and a toy train.'], ['The objects in the image are wooden blocks, specifically, a stack of wooden blocks that are red,'], ['A stack of wooden blocks.'], ['The objects in the image are wooden blocks.'], ['The objects in the image are a set of building blocks.'], ['A stack of wooden blocks.']]"
data/images/noun/2004-600.jpg,2004,pencil sharpener,41,70,48,52,"[['The objects in the image are a toy and a hole.'], ['A yellow and orange ball.'], ['A yellow toy, possibly a toy ring or a toy doughnut, is the'], ['The objects in the image are a yellow plastic ring and a yellow plastic circle.'], ['The objects in the image are a yellow plastic ring and a yellow plastic ball.'], ['A yellow plastic ring with a hole in the middle.'], ['A yellow and orange plastic toy.'], ['A yellow and orange plastic ring.'], ['The objects in the image are a yellow and orange rubber ring and a yellow and orange rubber'], ['A yellow and orange toy.'], ['A yellow and orange toy.'], ['A yellow and orange ring.'], ['The objects in the image are a yellow toy and a yellow ring.'], ['A yellow plastic ring with a hole in it.'], ['A yellow plastic ring with a hole in the center.'], ['A yellow toy with a hole in the middle.'], ['A yellow plastic toy with a hole in the center.'], ['The objects in the image are a yellow and orange rubber ring and a yellow and orange rubber'], ['The objects in the image are a yellow toy and a hole.'], ['A yellow and orange toy, possibly a toy banana, is shown in the image.'], ['The objects in the image are a yellow and orange plastic toy and a yellow and orange pl'], ['The objects in the image are a yellow and orange toy, which is a toy ring,'], ['A yellow and orange plastic ring with a hole in the middle.'], ['A yellow ring with a hole in the middle.'], ['A yellow toy ring.'], ['A yellow plastic toy.'], ['The objects in the image are a toy and a ring.'], ['The objects in the image are a yellow and orange plastic toy and a small hole.'], ['A yellow and orange ring.'], ['A yellow plastic ring.'], ['The objects in the image are a yellow plastic ring and a yellow plastic ball.'], ['A yellow toy, a circle, and a hole.'], ['A toy, a yellow plastic ring with a hole in the center.'], ['A yellow and orange ring.'], ['The objects in the image are a yellow and orange plastic ring and a yellow plastic ring with'], ['A yellow and orange plastic toy.'], ['A yellow ring with a hole in the middle.'], ['A yellow toy and a white background.'], ['The objects in the image are a yellow and orange rubber ring.'], ['A yellow and orange ring.']]"
data/images/noun/2005-600.jpg,2005,fish tank stone,6,25,81,13,"[['The objects in the image are a pink and yellow plastic wing, a pink and yellow'], ['The objects in the image are a pink and yellow sculpture or art piece, possibly a piece'], ['The objects in the image are a pink and blue bird statue and a pink bird statue.'], ['The objects in the image are a pink and blue colored wing-shaped hat and a p'], ['The objects in the image are a pink and yellow colored plastic wing, a pink pl'], ['The objects in the image are a pink and blue colored sculpture of a bird wing and a'], ['The objects in the image are a pink, colorful, and possibly neon-colored'], ['The objects in the image are a pink and yellow winged hat and a pink and yellow'], ['The objects in the image are a pink and yellow colored bird wing, or a bird wing sculpt'], ['The objects in the image are a pink, colorful, and shiny plastic wing and'], ['The objects in the image are a pink wing and a pink hat.'], ['The objects in the image are a pink and purple plastic wing, a pink and'], ['The objects in the image are a pink and yellow colored wing-shaped sculpture or decor'], ['The objects in the image are a pink wing, a pink hat, and a pink'], ['The objects in the image are a pink and white sculpture, possibly a piece of art or'], ['The objects in the image are a pink wing and a pink hat.'], ['The objects in the image are a pink, rainbow-colored, plastic angel'], ['The objects in the image are a pink and yellow winged hat and a pink and yellow'], ['A pink winged hat.'], ['The objects in the image are a pink and white wing-shaped sculpture, or possibly'], ['The objects in the image are a pink, rainbow-colored wing and a pink'], ['The objects in the image are a pink wing and a pink hat.'], ['The objects in the image are a pink wing, a pink crown, and a pink'], ['A pink winged object, possibly a toy or a sculpture, with a white background'], ['The objects in the image are a pink and yellow plastic toy wing and a pink'], ['A pink, purple, and yellow angel wing.'], ['A pink winged hat.'], ['The objects in the image are a pink and blue wing, a pink and blue hat,'], ['The objects in the image are a pink winged hat and a pink winged helmet'], ['The objects in the image are a pink and yellow plastic toy wings.'], ['The objects in the image are a pink, rainbow-colored sculpture of an ang'], ['The objects in the image are a pink plastic angel wing and a pink plastic'], ['A pink and blue winged hat.'], ['A pink, rainbow-colored plastic wing.'], ['A pink and yellow plastic wing.'], ['The objects in the image are a pink wing and a pink hat.'], ['A pink winged hat.'], ['The objects in the image are a pink, colorful, abstract sculpture, and a p'], ['The objects in the image are a pink and blue colored, colorful, abstract, and art'], ['The objects in the image are a pink and purple wing-shaped sculpture.']]"
data/images/noun/2006-600.jpg,2006,space ship top,34,64,31,3,"[['A silver spaceship or spacecraft.'], ['A silver object that looks like a spaceship.'], ['A silver metal object with a hole in the center.'], ['The objects in the image are a silver metal top and a silver metal base.'], ['A silver spaceship model.'], ['The objects in the image are a silver metal spacecraft and a silver metal top.'], ['The objects in the image are a silver dome and a silver top.'], ['The objects in the image are a silver dome and a silver metal post.'], ['A silver metal object with a dome shape.'], ['The objects in the image are a silver spaceship and a silver dome.'], ['The objects in the image are a silver spaceship or a silver spaceship model.'], ['The objects in the image are a silver space ship, or a model of a space ship, and'], ['The objects in the image are a silver space ship and a silver dome.'], ['The objects in the image are a silver spacecraft and a silver top.'], ['The objects in the image are a silver dome and a silver top.'], ['A silver dome and a silver cone.'], ['A silver object with a blue top.'], ['The objects in the image are a silver dome and a silver dome with a red dot.'], ['The objects in the image are a silver or grey space ship or UFO-like object, with'], ['A silver spaceship or spaceship-like object.'], ['A silver metal object.'], ['The objects in the image are a silver spaceship and a silver top.'], ['A silver spaceship, a silver dome, and a silver object that resembles a satellite'], ['A silver spaceship, a silver spaceship model, and a silver spaceship toy.'], ['The objects in the image are a silver dome and a silver cone.'], ['A silver spaceship, or UFO, is the main object in the image.'], ['The objects in the image are a silver top and a silver base.'], ['The objects in the image are a silver top, a silver dome, and a silver cone.'], ['A silver spaceship-like object with a dome-shaped top.'], ['A silver space ship, also known as a UFO, is the main object in the image.'], ['The objects in the image are a silver spaceship and a silver dome.'], ['A silver, circular object with a red dot on it.'], ['A silver dome-shaped object with a blue top.'], ['The objects in the image are a silver space ship and a silver dome.'], ['A silver dome-shaped object.'], ['The objects in the image are a silver or gray top, which could be a cap or a d'], ['The objects in the image are a silver, round, metallic object and a silver, round'], ['A silver spacecraft or UFO.'], ['A silver spaceship with a dome-shaped top.'], ['A silver spaceship model and a silver dome.']]"
data/images/noun/2007-600.jpg,2007,air blower for slr cameras,22,46,78,6,"[['A black and red object.'], ['The objects in the image are a red plastic handle and a black plastic top.'], ['A black and red object, possibly a toy or a piece of sports equipment, is shown in'], ['A black object with a red tip and a red object with a black tip.'], ['The objects in the image are a black plastic object with a red handle and a red plastic'], ['A black object and a red object.'], ['A red and black object, which is a plastic ball, and a red object, which is'], ['A red object and a black object.'], ['A black object and a red object.'], ['A red and black object, which is a toy or a tool, is sitting on a white'], ['A black object with a red tip and a black object with a red tip.'], ['The objects in the image are a red handle and a black object.'], ['A black object with a red tip.'], ['A black object with a red handle.'], ['A black object and a red object.'], ['The objects in the image are a red plastic toy and a black rubber ball.'], ['A red and black object, which appears to be a plastic toy or a decoration,'], ['A black object and a red object.'], ['A black ball with a red handle.'], ['A red plastic handle and a black plastic object.'], ['A black object and a red object.'], ['A black object with a red handle and a black object with a red handle.'], ['A black and red object, possibly a toy or a tool.'], ['A red and black object, which is a plastic or rubber item, and a white background'], ['A red and black object, which appears to be a ball, and a red object with a black'], ['A black object with a red handle.'], ['A red and black object, possibly a toy, and a white background.'], ['A black and red object.'], ['A black object with a red tip.'], ['A black object with a red handle.'], ['A black and red object.'], ['A black object with a red tip and a red object with a black tip.'], ['The objects in the image are a red handle and a black ball.'], ['The objects in the image are a red plastic item and a black plastic item.'], ['A black and red object.'], ['A black object and a red object.'], ['A black and red object.'], ['The objects in the image are a black plastic item with a red tip and a red plastic'], ['A black object and a red object.'], ['A red and black object, which appears to be a plastic tube or a black and red']]"
data/images/noun/2008.jpg,2008,curlers formed together,34,25,48,16,"[['A blue tube, a blue tube, and a blue tube.'], ['The objects in the image are blue tubes or cylinders.'], ['The objects in the image are blue tubes or pipes.'], ['The objects in the image are blue tubing or pipes.'], ['A blue object and a white object.'], ['The objects in the image are blue cylinders.'], ['The objects in the image are blue tubing, also known as blue pipe, and blue tubes'], ['The objects in the image are blue tubes or pipes.'], ['The objects in the image are blue cylinders.'], ['The objects in the image are blue tubes or cylinders.'], ['The objects in the image are blue tubing or pipes.'], ['The objects in the image are blue plastic tubing or pipes.'], ['The objects in the image are blue tubes or pipes.'], ['The objects in the image are blue plastic tubes or pipes.'], ['The objects in the image are blue plastic tubing or pipes.'], ['The objects in the image are blue ropes.'], ['The objects in the image are blue tubing or pipes.'], ['The objects in the image are blue tubes or cylinders.'], ['The objects in the image are blue plastic tubing.'], ['The objects in the image are blue plastic tubes.'], ['The objects in the image are blue plastic tubing or pipes.'], ['The objects in the image are blue tubes or pipes.'], ['The objects in the image are blue plastic tubing or pipes.'], ['A blue tube and a blue cylinder.'], ['A blue tube and a blue handle.'], ['The objects in the image are blue tubing, also known as PVC piping, and a'], ['A blue tube, a blue rod, and a blue cylinder.'], ['The objects in the image are blue cylinders or tubes.'], ['The objects in the image are blue tubes or pipes.'], ['The objects in the image are blue plastic tubing or pipes.'], ['The objects in the image are blue tubes.'], ['The objects in the image are blue tubes or pipes.'], ['The objects in the image are blue plastic tubes.'], ['The objects in the image are blue cylinders.'], ['The objects in the image are blue tubes or cylinders.'], ['The objects in the image are blue cylinders or tubes.'], ['The objects in the image are blue ropes or tubes.'], ['The objects in the image are blue tubes or pipes.'], ['A blue tube and two blue ropes.'], ['A blue tube, a blue wire, and a blue pipe.']]"
data/images/noun/2009-600.jpg,2009,dog toy,47,78,65,45,"[['The objects in the image are a pair of orange spiky balls.'], ['The objects in the image are two orange, spiky, and furry balls.'], ['The objects in the image are a pair of orange, spiky balls.'], ['The objects in the image are two orange, spiky balls.'], ['The objects in the image are a pair of orange spiky things, possibly toys or sculpt'], ['The objects in the image are a pair of orange and yellow cactus-like toys or'], ['The objects in the image are a pair of orange, spiky balls.'], ['The objects in the image are two orange, spiky, and round objects.'], ['The objects in the image are a pair of orange spiky balls.'], ['The objects in the image are two orange, spiky, and hairy things.'], ['The objects in the image are a pair of orange, spiky, and odd-shaped'], ['The objects in the image are a pair of orange and yellow spiky things.'], ['The objects in the image are two orange, spiky, and pointy objects.'], ['The objects in the image are a pair of orange, spiky, and fuzzy balls'], ['The objects in the image are a pair of orange, spiky, furry things.'], ['The objects in the image are a pair of orange, spiky, and round things.'], ['The objects in the image are two orange and yellow spiky things, which appear to be orange'], ['The objects in the image are a pair of orange spiky things.'], ['The objects in the image are a pair of orange spiky balls, also known as cact'], ['The objects in the image are two orange and yellow cactus-like balls.'], ['The objects in the image are two orange and brown spiky balls.'], ['The objects in the image are a pair of orange spiky things, which are possibly toys'], ['The objects in the image are a pair of orange cactus-like plants or fruits.'], ['The objects in the image are a pair of orange spiky things, possibly resembling a'], ['The objects in the image are a pair of orange, spiky balls.'], ['A pair of orange and yellow cactus-like objects.'], ['The objects in the image are two orange spiky balls.'], ['The objects in the image are a pair of orange, spiky, warty-looking'], ['The objects in the image are two orange balls.'], ['A large orange ball and a small orange ball.'], ['The objects in the image are two orange, spiky, and round-shaped things.'], ['The objects in the image are two orange spiky balls.'], ['A red, orange, and yellow object.'], ['The objects in the image are a pair of orange spiky balls.'], ['The objects in the image are a pair of orange cactus-like things.'], ['The objects in the image are two orange, spiky balls.'], ['The objects in the image are a pair of orange and yellow balls.'], ['A cactus and a flower.'], ['The objects in the image are two orange spiky balls, which are likely toys or decor'], ['The objects in the image are a pair of orange, spiky, and hairy things.']]"
data/images/noun/2010-600.jpg,2010,dog toy pet shop,66,52,50,25,"[['A red and yellow ball.'], ['The objects in the image are two red and yellow balls.'], ['The objects in the image are two red and yellow balls.'], ['The objects in the image are two red and yellow balls.'], ['The objects in the image are two red and yellow balls.'], ['The objects in the image are two red and yellow balls.'], ['The objects in the image are two red and yellow balls with blue spots.'], ['The objects in the image are two red and blue balls.'], ['The objects in the image are two red and blue balls.'], ['The objects in the image are two red and yellow balls with blue spots.'], ['A red and yellow ball with a blue dot.'], ['The objects in the image are two red and yellow balls.'], ['A red and blue ball with yellow dots.'], ['The objects in the image are two red and yellow balls with blue dots on them.'], ['The objects in the image are two red and yellow balls.'], ['The objects in the image are two red and yellow balls.'], ['The objects in the image are two red and yellow balls.'], ['The objects in the image are two red and blue balls.'], ['The objects in the image are two red and yellow balls.'], ['A red and blue ball with yellow dots.'], ['The objects in the image are two red and yellow balls.'], ['The objects in the image are two red and yellow balls.'], ['The objects in the image are two red and yellow balls with blue spots.'], ['The objects in the image are two red and blue balls with yellow spots.'], ['The objects in the image are two red and yellow balls.'], ['The objects in the image are two red and blue balls with yellow polka dots.'], ['The objects in the image are two red and yellow balls.'], ['A red and blue ball.'], ['The objects in the image are two red and yellow balls with blue spots.'], ['The objects in the image are two red and yellow balls.'], ['The objects in the image are two red and blue balls.'], ['A red and yellow ball.'], ['The objects in the image are two red and yellow balls.'], ['A red and blue ball with a yellow center.'], ['The objects in the image are two red and yellow balls with blue spots.'], ['The objects in the image are two red and blue balls.'], ['The objects in the image are two red and yellow balls.'], ['A red and blue ball with yellow dots.'], ['A red and blue ball with a yellow center.'], ['The objects in the image are two red and yellow balls.']]"
data/images/noun/2011-600.jpg,2011,noisemaker,22,75,88,3,"[['A green and orange toy.'], ['The objects in the image are a green toy car and a toy steering wheel.'], ['The objects in the image are a green and orange toy car and a green and orange toy'], ['A green toy car and a toy steering wheel.'], ['The objects in the image are a green and orange toy, specifically a toy car, and'], ['A green and orange toy car.'], ['The objects in the image are a green and orange toy car and a green and orange toy'], ['The objects in the image are a green and orange toy, which is a toy car,'], ['The objects in the image are a green and orange toy car and a green and orange toy'], ['The objects in the image are a green toy car and a green toy truck.'], ['The objects in the image are a green and orange toy car and a green and orange toy'], ['The objects in the image are a green and orange plastic toy and a green and orange to'], ['The objects in the image are a green and orange toy car and a green toy steering'], ['The objects in the image are a green and orange toy car, a green and orange toy'], ['A green and orange toy.'], ['A green and orange toy car.'], ['A green and orange toy car, a green and orange toy car steering wheel, and'], ['The objects in the image are a green and orange toy car and a green and orange toy'], ['A green and orange toy car and a green toy steering wheel.'], ['A green and orange toy car.'], ['The objects in the image are a green and orange toy, which is a toy car,'], ['A green and orange toy car.'], ['A green and orange toy car.'], ['A green toy car, specifically a toy race car, is shown in the image.'], ['The objects in the image are a green and orange toy car and a green and orange toy'], ['The objects in the image are a green and orange plastic toy and a toy car.'], ['The objects in the image are a green toy car and a green toy steering wheel.'], ['A green and orange toy.'], ['The objects in the image are a green and orange toy car and a green toy car ste'], ['A green toy car and a yellow toy car.'], ['A green and orange toy car.'], ['A green and orange toy car and a green and orange toy steering wheel.'], ['A green and orange toy car.'], ['The objects in the image are a green toy and an orange toy.'], ['A green and orange toy.'], ['A green toy car and a yellow toy car.'], ['The objects in the image are a green and orange toy car and a green and orange toy'], ['The objects in the image are a green and orange plastic toy car and a green plastic'], ['A green and orange toy car and a green and orange toy steering wheel.'], ['The objects in the image are a green and orange plastic toy, specifically a toy car']]"
data/images/noun/2012-600.jpg,2012,coiled worm toy,41,50,59,41,"[['The objects in the image are a pink and orange plastic toy, which is shaped'], ['The objects in the image are a red and orange toy, which could be a toy animal'], ['The objects in the image are a red and orange plastic toy, which is a toy'], ['The objects in the image are a red and orange plastic toy, specifically a red and orange'], ['A red and orange stuffed animal.'], ['A red and orange plastic toy, possibly a toy squid or a toy oct'], ['The objects in the image are a pink and orange plastic toy and a red and orange'], ['The objects in the image are a pink and orange plastic toy, which is a rub'], ['The objects in the image are a pink and orange plastic toy, which is a rub'], ['The objects in the image are a pink and orange plastic toy and a red and orange'], ['The objects in the image are a red and orange plastic toy, which appears to be a'], ['The objects in the image are a red and orange plastic toy, specifically a squid or'], ['The objects in the image are a pink and orange plastic toy or stuffed animal,'], ['The objects in the image are a red and orange plastic toy, which could be a to'], ['The objects in the image are a pink and orange plastic toy and a red plastic'], ['The objects in the image are a red and orange plastic toy, possibly a squid or'], ['The objects in the image are a red and orange plastic toy.'], ['The objects in the image are a red and orange plastic toy, specifically a red and orange'], ['The objects in the image are a red and orange ball and a red and orange spiky ball'], ['The objects in the image are a red and orange plastic toy or model of an animal.'], ['The objects in the image are a red and orange plastic toy, specifically a red and orange'], ['The objects in the image are a pink and orange plastic toy, which is a to'], ['The objects in the image are a red and orange plastic toy or a rubber toy'], ['A red and orange colored toy, possibly a stuffed animal or a plastic toy,'], ['The objects in the image are a red and orange plastic toy, which appears to be a'], ['The objects in the image are a red and orange toy or sculpture, possibly a sea creature'], ['The objects in the image are a red and orange plastic toy, specifically a red and orange'], ['The objects in the image are a red and orange plastic toy, specifically a red and orange'], ['The objects in the image are a red and orange plastic toy or sculpture.'], ['The objects in the image are a pink and orange plastic toy or model of a sea'], ['The objects in the image are a pink and orange plastic toy and a pink pl'], ['A red, orange, and yellow plastic toy.'], ['The objects in the image are a red and orange plastic toy, which could be a to'], ['The objects in the image are a pink and orange plastic toy, possibly a squid'], ['A red and orange plastic toy.'], ['The objects in the image are a red and orange colored plastic toy or sculpture, which'], ['The objects in the image are a pink and orange plastic toy, specifically a plastic'], ['The objects in the image are a pink and orange plastic toy, which appears to be'], ['The objects in the image are a red and orange plastic toy, which is a monster'], ['The objects in the image are a red and orange ball-shaped toy, which appears to']]"
data/images/noun/2013-600.jpg,2013,sling shot,6,20,87,6,"[['The objects in the image are a pair of orange plastic scissors and a yellow plastic'], ['A red plastic toy and a yellow plastic toy.'], ['The objects in the image are a pair of orange plastic hands and a red lid.'], ['A red and yellow plastic object.'], ['A red and yellow object with a spout and a handle.'], ['A toy and a red plastic lid.'], ['A red plastic toy with a yellow and orange base.'], ['The objects in the image are a toy shaped like a triangle, and a toy sh'], ['A red and yellow toy, a red and yellow toy, a red and yellow toy'], ['A red and orange plastic object with a yellow triangle on top.'], ['The objects in the image are a red plastic cup and a red plastic lid.'], ['A red and yellow plastic piece of a toy, possibly a toy car or a to'], ['A red and yellow toy, possibly a toy spoon or a toy fork, is'], [""A toy car, a toy car's steering wheel, and a toy car""], ['A red plastic piece with a yellow handle.'], ['A plastic orange object with a spout and a yellow object with a spout.'], ['The objects in the image are a pair of orange and yellow plastic scissors.'], ['A plastic orange object with a screw in the middle and a red top.'], ['A yellow and orange object, which appears to be a piece of art or a sculpture, is'], ['A yellow and orange plastic piece of equipment.'], ['The objects in the image are a toy and a container.'], ['A yellow and orange plastic toy with a screw on top.'], ['A plastic orange object with a red top and a yellow base.'], ['A red and yellow plastic object with a screw on top.'], ['The objects in the image are a pair of orange and yellow scissors.'], ['A yellow and orange plastic toy.'], ['A red and orange plastic cup and a red and orange plastic spout.'], ['The objects in the image are a red and yellow plastic toy, which appears to be a'], ['A red and yellow toy, possibly a toy spoon or a toy spatula'], ['The objects in the image are a toy, specifically a toy cup, and a toy'], ['A red and yellow toy with a spout.'], ['The objects in the image are a red and yellow plastic toy and a red plastic lid'], ['A toy car, a toy wheel, and a toy car stand.'], ['The objects in the image are a red and yellow toy and a red plastic cap.'], ['A red and orange toy, which is a toy cup, is the main object in the'], ['A toy, a red lid, and a yellow base.'], ['A red and yellow toy, which appears to be a toy water pump or a to'], ['A plastic orange and yellow toy.'], ['The objects in the image are a toy, specifically a toy faucet, and a'], ['A yellow and orange toy with a red top.']]"
data/images/noun/2014-600.jpg,2014,this light-up toy,38,75,39,0,"[['A toy microphone.'], ['A toy microphone and a toy guitar.'], ['A toy microphone and a toy guitar.'], ['A toy microphone and a toy guitar.'], ['A toy microphone.'], ['A toy microphone.'], ['A purple and pink toy microphone.'], ['A purple and pink toy, which is a toy microphone.'], ['A toy microphone.'], ['A toy microphone and a toy guitar.'], ['A purple and pink toy microphone.'], ['A toy microphone and a toy guitar.'], ['A toy microphone and a toy guitar.'], ['A toy microphone.'], ['A toy microphone and a toy guitar.'], ['A toy microphone and a toy guitar.'], ['A pink and yellow toy, a toy microphone, and a purple plastic'], ['A toy microphone and a toy guitar.'], ['A pink and yellow toy with a clear dome on top.'], ['A toy microphone and a toy guitar.'], ['A toy microphone.'], ['A pink and purple toy microphone.'], ['A toy microphone with a purple plastic case.'], ['A pink and yellow toy microphone.'], ['A purple plastic toy with a yellow handle and a clear plastic ball on top.'], ['A purple toy microphone with a pink and yellow handle.'], ['A pink and yellow toy, a clear plastic ball, and a microphone.'], ['A purple and pink toy microphone.'], ['A toy microphone and a toy guitar.'], ['A purple and yellow toy microphone.'], ['A pink and yellow toy, possibly a hairbrush or a toy microphone,'], ['A pink and yellow toy with a clear plastic ball on top.'], ['A toy microphone.'], ['A toy microphone.'], ['A pink and yellow toy with a purple ball on top.'], ['A toy microphone and a toy guitar.'], ['A toy microphone with a purple plastic case and a yellow handle.'], ['A toy microphone with a purple ball on top.'], ['A toy microphone and a toy guitar.'], ['A toy microphone and a toy guitar.']]"
data/images/noun/2015-600.jpg,2015,ball catcher,38,78,55,10,"[['A blue object with holes in it.'], ['A blue helmet with a circle on the front.'], ['The objects in the image are a blue helmet and a blue basket.'], ['The objects in the image are a blue and white plastic item and a blue plastic item with'], ['The objects in the image are a blue object and a black object.'], ['The objects in the image are a blue basket and a blue helmet.'], ['The objects in the image are a blue helmet and a blue basket.'], ['A blue plastic box, a blue plastic circle, and a blue plastic square.'], ['The objects in the image are a blue helmet and a blue glove.'], ['The objects in the image are a blue plastic piece with a hole in the center and a blue'], ['A blue plastic object with holes in it.'], ['A blue sports ball, a blue protective cover, and a blue helmet.'], ['The objects in the image are a blue baseball glove with a blue cover.'], ['The objects in the image are a blue plastic case or container with a hole in the middle and'], ['A blue sports helmet with a black strap.'], ['A blue object with holes in it.'], ['The objects in the image are a blue plastic basket and a blue plastic cover.'], ['A blue plastic object with a hole in the middle and four dots around it.'], ['A blue object with a circle pattern on it.'], ['The objects in the image are a blue baseball glove and a blue baseball helmet.'], ['A blue helmet.'], ['A blue object with a hole in the middle and a blue cover on it.'], ['The objects in the image are a blue plastic item with a hole in the middle and a blue'], ['A blue object with a circle in the middle.'], ['A blue baseball glove.'], ['The objects in the image are a blue plastic piece with holes in it and a blue plastic'], ['The objects in the image are a blue box and a blue object with a hole in it.'], ['A blue object with a hole in the center.'], ['The objects in the image are a blue plastic item and a blue object with a hole in the'], ['The objects in the image are a blue helmet and a blue cage.'], ['A blue plastic box with a hole in the middle and a blue handle.'], ['A blue object with a circle design in the middle.'], ['The objects in the image are a blue basket, a blue glove, and a blue shoe'], ['The objects in the image are a blue object and a black object.'], ['The objects in the image are a blue and white sports helmet with a black base.'], ['A blue plastic object with a hole in the center.'], ['The objects in the image are a blue plastic helmet and a blue plastic guard.'], ['The objects in the image are a blue basket, a blue bowl, and a blue lid.'], ['A blue object with holes in it.'], ['A blue object with a hole in the middle.']]"
data/images/noun/2016 600dpi.jpg,2016,bird toy,28,21,61,6,"[['A blue and orange brush, a blue and orange brush, a blue and orange brush'], ['The objects in the image are a blue and orange scrubber, a blue and orange brush'], ['A blue rug, a yellow brush, and a white background.'], ['A blue and white rug, a yellow handle, and a white background.'], ['A blue and white rug, a yellow handle, and a white background.'], ['A blue rug, a yellow plastic object, and a white background.'], ['A blue and orange brush and a blue rug.'], ['A blue and white rug, a yellow plastic object, and a blue rug.'], ['A blue and white hairbrush and a blue rug.'], ['A blue and orange hairbrush.'], ['A blue rug, a yellow brush, and a white background.'], ['The objects in the image are a blue rug and an orange plastic cup.'], ['The objects in the image are a blue and white rug, a yellow plastic object, and a'], ['A blue and white rug, a yellow handle, and a white background.'], ['The objects in the image are a blue rug and an orange plastic container.'], ['A blue rug, a yellow plastic cup, and a blue rug.'], ['A blue and orange scrubber.'], ['A blue and orange scrubber.'], ['The objects in the image are a blue rug and an orange plastic cup.'], ['A blue and white rug, a yellow brush, and a white background.'], ['A blue rug, a yellow handle, and a brush.'], ['The objects in the image are a blue and orange hairbrush and a blue and orange hair scr'], ['A blue rug and an orange plastic cup.'], ['The objects in the image are a blue rug and a yellow plastic container.'], ['A blue and orange scrubber, a blue scrubber, and a blue and orange br'], ['A blue rug, a yellow plastic cup, and a blue and white rug.'], ['A blue and white rug, a yellow plastic cup, and a blue rug.'], ['A blue and orange hairbrush.'], ['A blue and white rug, a yellow brush, and a white background.'], ['The objects in the image are a blue and orange hairbrush, a blue rug, and a'], ['A blue and white rug, a yellow object, and a white background.'], ['A blue and orange brush.'], ['A blue and white rug, a yellow handle, and a blue rug.'], ['A blue and white hairbrush.'], ['A blue and orange brush, a blue and orange brush, and a blue and orange br'], ['The objects in the image are a blue and white rug, a yellow object, and a blue rug'], ['A blue and white toothbrush, a blue and white rug, and a yellow plastic'], ['A blue and white rug, a yellow object, and a blue rug.'], ['A blue and white rug, a yellow plastic cup, and a blue rug.'], ['A blue and white hairbrush, a blue and white toothbrush, and a blue']]"
data/images/noun/2017-600.jpg,2017,kenetic wheel,41,29,23,13,"[['A pair of metal clips and a small toy.'], ['A blue clip and a green wheel.'], ['A blue clip and a green wheel.'], ['A pair of metal clips and a wheel.'], ['A pair of metal clips, a blue clip, and a yellow wheel.'], ['A pair of metal scissors and a small green wheel.'], ['A pair of scissors, a wheel, and a blue clip.'], ['A blue clip, a metal clip, a metal spring, and a green wheel.'], ['A blue clip and a green wheel.'], ['The objects in the image are a pair of metal clips, a blue clip, and a green'], ['The objects in the image are a pair of metal clips, a blue clip, and a green'], ['The objects in the image are a pair of scissors and a small toy.'], ['A blue clip, a yellow wheel, and a metal clip.'], ['A blue clip, a metal clip, a green wheel, and a yellow wheel.'], ['A blue clip and a green wheel.'], ['A blue clip, a green wheel, and a metal clip.'], ['A blue clip, a metal clip, and a green wheel.'], ['A blue clip, a yellow wheel, and a metal clip.'], ['A blue clip and a green wheel.'], ['A pair of metal clips.'], ['A blue clip and a green wheel.'], ['The objects in the image are a pair of metal pliers and a small green wheel.'], ['A pair of scissors and a toy.'], ['A pair of metal clips.'], ['The objects in the image are a pair of scissors and a small toy.'], ['A blue clip and a green wheel.'], ['The objects in the image are a pair of metal clips, a blue clip, and a yellow'], ['The objects in the image are a pair of scissors and a small toy.'], ['A pair of scissors, a pencil, and a wheel.'], ['A blue clip, a yellow wheel, and a metal spring.'], ['The objects in the image are a pair of scissors and a small toy top.'], ['The objects in the image are a pair of scissors and a green wheel.'], ['A pair of metal clips, a blue clip, and a green wheel.'], ['A pair of scissors, a wheel, and a blue clip.'], ['A pair of metal clips or clamps.'], ['A pair of scissors and a small wheel.'], ['A blue clip and a green wheel.'], ['A blue clip, a green wheel, and a metal clip.'], ['The objects in the image are a pair of metal clips and a small green wheel.'], ['A blue clip, a metal clip, and a green wheel.']]"
data/images/noun/2018-600.jpg,2018,this coils string,16,50,61,6,"[['A yellow plastic container with a clear lid.'], ['A yellow plastic container with a clear plastic lid.'], ['A yellow bowl with a black handle.'], ['A yellow bowl with a black handle.'], ['A yellow plastic bowl with a black top.'], ['The objects in the image are a yellow bowl and a yellow lid.'], ['The objects in the image are a yellow bowl and a yellow lid.'], ['A yellow plastic container, a yellow plastic lid, and a yellow plastic bowl.'], ['A yellow plastic container with a black cord inside.'], ['A yellow plastic container with a black handle.'], ['A yellow plastic container.'], ['A yellow plastic container with a black top.'], ['A yellow plastic object.'], ['A yellow plastic object.'], ['A yellow bowl.'], ['A yellow plastic container with a black top.'], ['A yellow bowl.'], ['The objects in the image are a yellow bowl and a snake.'], ['A yellow plastic container with a clear cover and a green top.'], ['A yellow plastic container.'], ['The objects in the image are a yellow bowl and a yellow lid.'], ['A yellow plastic bowl with a black lid.'], ['A yellow plastic bowl.'], ['The objects in the image are a yellow plastic bowl and a yellow plastic lid.'], ['A yellow plastic bowl.'], ['A yellow bowl and a snake.'], ['A yellow bowl and a green snake.'], ['The objects in the image are a yellow plastic bowl and a snake.'], ['A yellow plastic bowl or container with a black top.'], ['A yellow plastic container.'], ['A yellow plastic object.'], ['A yellow bowl with a black and white handle.'], ['The objects in the image are a yellow plastic container, a yellow plastic lid, and a'], ['A yellow bowl with a black lid.'], ['The objects in the image are a yellow bowl and a yellow lid.'], ['The objects in the image are a yellow bowl, a yellow lid, and a yellow container.'], ['The objects in the image are a yellow bowl and a snake.'], ['A yellow bowl with a black lid.'], ['The objects in the image are a yellow plastic container and a yellow plastic bowl.'], ['A yellow plastic container.']]"
data/images/noun/2019-600.jpg,2019,cat nip toy,31,67,38,25,"[['A yellow and orange egg.'], ['The objects in the image are a yellow and orange egg-shaped toy and a fuz'], ['The objects in the image are a yellow and orange egg and a furry ball.'], ['The objects in the image are a yellow and orange egg-shaped toy and a hairy'], ['A yellow and orange rubber egg with a fuzzy top.'], ['A stuffed animal, specifically a yellow and orange egg, is sitting on a white background.'], ['A yellow and orange egg.'], ['The objects in the image are a yellow and orange egg and a brown and white dog.'], ['A yellow and orange egg with a fuzzy top.'], ['A toy, which is an orange and yellow egg, is sitting on a white background.'], ['The objects in the image are a small yellow and orange plastic egg and a furry ball.'], ['The objects in the image are a small toy, specifically a rubber duck, and a'], ['The objects in the image are a yellow and orange egg-shaped toy and a fuz'], ['A yellow and orange egg-shaped object.'], ['A yellow and orange egg.'], ['The objects in the image are a small toy, a toy car, and a toy'], ['A yellow and orange egg-shaped object.'], ['A yellow and orange egg-shaped object.'], ['A yellow and orange egg with a furry top.'], ['A stuffed animal, possibly a rubber duck, is the main object in the image.'], ['The objects in the image are a toy and a hair.'], ['The objects in the image are a stuffed animal, specifically a stuffed egg, and a yellow'], ['The objects in the image are a small toy, specifically a rubber duck, and a'], ['A yellow and orange egg.'], ['The objects in the image are a yellow and orange egg-shaped toy and a hairy'], ['The objects in the image are a small orange and yellow egg and a furry ball.'], ['The objects in the image are a stuffed animal and a fake egg.'], ['A yellow and orange egg-shaped object with a fuzzy top.'], ['The objects in the image are a stuffed animal and a light bulb.'], ['A yellow and orange rubber ducky.'], ['A yellow and orange egg-shaped object.'], ['The objects in the image are a yellow and orange egg-shaped toy and a stuffed'], ['A small toy, possibly a rubber duck or a dumpling, with a yellow'], ['The objects in the image are a yellow and orange egg-shaped toy and a white background'], ['The objects in the image are a yellow and orange egg-shaped toy and a fuz'], ['The objects in the image are a toy, a rubber duck, and a hair dry'], ['A yellow and orange rubber egg with a fuzzy top.'], ['The objects in the image are a stuffed animal, specifically a rubber duck, and a'], ['A yellow and orange egg-shaped object.'], ['The objects in the image are a small, yellow, and orange rubber egg and a hairy']]"
data/images/noun/2020.jpg,2020,jacobs ladder,41,36,29,6,"[['There are four colored blocks in the image.'], ['There are four stacks of colored blocks in the image.'], ['The objects in the image are a stack of five different colored foam blocks.'], ['The objects in the image are a stack of five colored cushions.'], ['The objects in the image are a stack of six colored rubber blocks.'], ['The objects in the image are a stack of colored cushions or pillows.'], ['The objects in the image are stacks of colored blocks.'], ['There are three stacks of colored blocks in the image.'], ['There are three stacks of colored cushions in the image.'], ['The objects in the image are a set of four stackable, colorful, plastic containers.'], ['The objects in the image are colorful mats.'], ['The objects in the image are a stack of colored blocks, specifically red, green, blue, yellow'], ['There are three stacks of colorful cushions in the image.'], ['The objects in the image are a set of six colorful cushion blocks.'], ['There are three stacks of different colored blocks in the image.'], ['The objects in the image are a stack of five colored blocks.'], ['The objects in the image are a set of five colorful blocks, each with a different color.'], ['There are four colorful, stacked cushions in the image.'], ['The objects in the image are a stack of five colored blocks.'], ['There are four objects in the image. They are a red, green, blue, and orange w'], ['The objects in the image are stacks of colored blocks.'], ['There are four stacks of colored cushions in the image.'], ['The objects in the image are a set of four stackable, colorful, plastic or rub'], ['The objects in the image are a set of three stacked mats, each with a different color'], ['There are four colorful blocks in the image.'], ['The objects in the image are a stack of colorful blocks, which are likely made of foam'], ['The objects in the image are a stack of six different colored exercise mats.'], ['The objects in the image are stacks of colored foam blocks.'], ['The objects in the image are a stack of five colored cushions.'], ['The objects in the image are a stack of colored blocks.'], ['The objects in the image are a stack of five different colored mats.'], ['The objects in the image are a stack of colorful cushions or coasters.'], ['The objects in the image are a stack of six colored blocks, which are red, green, blue'], ['The objects in the image are colorful stacking blocks.'], ['The objects in the image are a stack of five different colored foam blocks.'], ['The objects in the image are a stack of six colored foam blocks.'], ['The objects in the image are colorful blocks or cushions.'], ['The objects in the image are a stack of five colored cushions.'], ['The objects in the image are stacked plastic blocks.'], ['The objects in the image are a set of stacked colorful blocks.']]"
data/images/noun/2021-600.jpg,2021,foam arrow,9,29,84,3,"[['The objects in the image are a black and pink object, and a green object.'], ['The objects in the image are a black and purple connector and a green connector.'], ['A black and green plastic object with a hole in the middle.'], ['The objects in the image are a purple, pink, and green plastic connector,'], ['The objects in the image are a purple, green, and pink plastic connector,'], ['The objects in the image are a green and pink plastic tube, a black plastic'], ['The objects in the image are a green and purple rubber band and a black rubber band'], ['The objects in the image are a black and purple plastic piece with a green center.'], ['The objects in the image are a black and pink plastic piece and a green plastic piece'], ['The objects in the image are a green, pink, and purple plastic tube,'], ['The objects in the image are a green and pink plastic tube, a black tube'], ['The objects in the image are a purple, pink, and green plastic piece with a'], ['The objects in the image are a black and green plastic piece and a purple plastic piece'], ['The objects in the image are a black and green plastic toy, specifically a toy car'], ['The objects in the image are a purple, green, and black plastic piece.'], ['The objects in the image are a black and green plastic tube, and a black and pur'], ['The objects in the image are a black and green tube and a purple tube.'], ['A black and pink plastic toy.'], ['A black and green object with a purple section.'], ['The objects in the image are a black and green rubber item with a hole in the center and'], ['The objects in the image are a green and purple plastic tube and a black object.'], ['The objects in the image are a green and purple colored cylinder with a black object inside of'], ['The objects in the image are a purple, pink, and green plastic tube.'], ['The objects in the image are a purple, pink, and green tube, as well'], ['The objects in the image are a green and pink plastic tube and a black tube'], ['A green and purple plastic object.'], ['The objects in the image are a purple, pink, and green plastic tube.'], ['The objects in the image are a purple, pink, and green plastic toy.'], ['A purple and green colored plastic piece with a black plug.'], ['The objects in the image are a green and pink plastic toy and a black object.'], ['The objects in the image are a green and pink tube, a black tube, and'], ['A black and pink object, a green object, and a purple object.'], ['The objects in the image are a black and green plastic item, which is a piece of a'], ['The objects in the image are a black and green plastic toy, specifically a toy car'], ['The objects in the image are a green and pink plastic tube and a black plastic'], ['A black and green object with a purple and pink object on top of it.'], ['The objects in the image are a green and pink plastic tube, and a black pl'], ['The objects in the image are a black and green plastic tube, a black plastic plug'], ['The objects in the image are a green and purple plastic piece with a black center, and'], ['A black and green plastic connector.']]"
data/images/noun/2022-600.jpg,2022,marker,9,15,70,13,"[['A green plastic object, which appears to be a small, round, or conical-sh'], ['The objects in the image are a green plastic cone and a green plastic lid.'], ['A green object.'], ['A green plastic object.'], ['A green plastic cone.'], ['A green plastic object.'], ['A green plastic object.'], ['A green plastic object, which is a lid, and a green cone.'], ['The objects in the image are a green plastic lid and a green plastic cone.'], ['A green plastic object.'], ['A green plastic object, which appears to be a piece of a toy, is in the'], ['A green plastic cap or top.'], ['A green plastic object.'], ['A green object with a hole in it.'], ['A green object.'], ['A green object.'], ['A green plastic object.'], ['A green plastic object.'], ['A green plastic cap.'], ['The objects in the image are a green plastic cone and a green plastic lid.'], ['A green plastic object.'], ['The objects in the image are a green plastic object and a green plastic cap.'], ['The objects in the image are a green plastic cap and a green plastic bottle.'], ['The objects in the image are a green plastic cup and a green plastic lid.'], ['A green plastic cone.'], ['The objects in the image are a green plastic cone and a green plastic lid.'], ['A green plastic object.'], ['The objects in the image are a green plastic cap and a green plastic cone.'], ['A green plastic object.'], ['A green object with a hole in the middle.'], ['The objects in the image are a green plastic container and a green lid.'], ['A green plastic object.'], ['A green plastic object.'], ['A green plastic object.'], ['A green plastic container.'], ['The objects in the image are a green plastic container and a green plastic lid.'], ['A green plastic cone.'], ['A green plastic object.'], ['The objects in the image are a green plastic lid and a green plastic container.'], ['A green plastic cone.']]"
data/images/noun/2023-600.jpg,2023,color changing ball,13,31,87,17,"[['A white and black plastic container, a white and black plastic container lid, and a white'], ['A white and black object, possibly a vase or a piece of art, with a mix of'], ['A white and black dish, possibly a plate, is sitting on a white background.'], ['A white and black object, possibly a vase, with a white center and black outer part.'], ['A white and black object, possibly a vase, made of white and black plastic.'], ['A black and white object with a white center.'], ['A white and black dish.'], ['A white dish, a black dish, and a white and black dish.'], ['A white and black dish, a white dish, and a black dish.'], ['A black and white plastic cup.'], ['A white and black dish.'], ['The objects in the image are a white and black paper plate and a white bowl.'], ['A white dish and a black dish.'], ['A white and black vase.'], ['A white and black dish.'], ['A white and black object, possibly a piece of art or a sculpture, with a hole in'], ['A white and black circular object.'], ['The objects in the image are a white and black plastic cup and a white and black plastic'], ['The objects in the image are a white and black circular object, which appears to be a white and'], ['The objects in the image are a white and black spiral, a white and black flower, and'], ['The objects in the image are a black and white dish, a white dish, and a'], ['A white and black object with a hole in the center.'], ['A white and black plastic object.'], ['The objects in the image are a black and white plastic cup, a white cup, and a'], ['The objects in the image are a black and white vase, a white vase, and a'], ['A white and black dish, a white dish, and a black dish.'], ['A white and black dish, possibly a plate or a bowl, with a black handle.'], ['The objects in the image are a white and black bowl, a white and black vase,'], ['The objects in the image are a white dish and a black dish.'], ['The objects in the image are a white and black sphere, a white and black ball, and a'], ['The objects in the image are a white bowl and a black bowl.'], ['A white and black dish.'], ['The objects in the image are a white and black dish, a white and black cup, and'], ['A white and black plastic cup, a white and black plastic lid, and a white and'], ['A white and black dishwasher drain, a white and black dishwash'], ['The objects in the image are a black and white cup and a white dish.'], ['A white and black ball.'], ['The objects in the image are a white bowl, a black bowl, and a white d'], ['A white and black coffee cup, a white coffee cup, and a white and black coffee cup.'], ['A white and black object with a black center and white edges.']]"
data/images/noun/2024-600.jpg,2024,connected disk toy,81,44,41,3,"[['A yellow and blue toy airplane and a yellow and red toy car.'], ['A yellow and blue plastic toy.'], ['The objects in the image are a yellow and red toy plane and a blue and red toy'], ['A yellow and blue toy car and a yellow and red toy car.'], ['The objects in the image are a yellow and blue toy plane and a red and blue toy'], ['The objects in the image are a yellow and blue toy airplane and a yellow and red to'], ['A yellow and blue toy airplane and a red and blue toy boat.'], ['The objects in the image are a yellow and red game piece and a blue and red game piece.'], ['A yellow and red toy shaped like a wheel and a blue and red toy shaped'], ['A yellow and red toy shaped like a clock.'], ['The objects in the image are a yellow and blue toy, a red and blue toy,'], ['The objects in the image are a yellow and red toy car and a blue and red toy'], ['A yellow and red plastic toy airplane and a blue and red plastic toy car'], ['A yellow and blue toy airplane and a blue and red toy spaceship.'], ['A yellow and blue plastic toy, a blue and red plastic toy, and a'], ['A yellow and blue plane and a yellow and red plane.'], ['A yellow and blue toy plane, a blue and red toy plane, and a yellow and'], ['A yellow and blue toy plane and a red and blue toy plane.'], ['The objects in the image are a yellow and red toy, a blue and red toy,'], ['The objects in the image are a yellow and red circle, a blue and red triangle, and a'], ['The objects in the image are a yellow and blue circle and a red and blue triangle.'], ['The objects in the image are a yellow and blue toy car, a red and blue toy'], ['The objects in the image are a yellow and blue toy airplane and a yellow and red to'], ['A yellow and blue toy plane and a red and blue toy plane.'], ['A yellow and red plastic toy airplane and a blue and red plastic toy air'], ['A yellow and blue object with a red and blue object on top of it.'], ['A yellow and blue toy shaped like a wheel, and a red and blue toy sh'], ['A yellow and red toy, a blue and red toy, and a yellow and blue to'], ['A yellow and blue toy car and a yellow and red toy car.'], ['The objects in the image are a yellow and blue clock, a blue and red plane, and a'], ['The objects in the image are a yellow and blue toy airplane and a red and blue to'], ['A yellow and red toy plane and a blue and red toy boat.'], ['A yellow and blue plane toy and a red and blue boat toy.'], ['A yellow and blue clock.'], ['A yellow and red toy shaped like a circle and a blue and red toy shaped'], ['A yellow and red toy top.'], ['A yellow and blue toy plane and a blue and red toy boat.'], ['The objects in the image are a yellow and blue toy car and a yellow and red toy'], ['A yellow and red toy, a blue toy, and a red and blue toy.'], ['A yellow and red toy plane and a blue and red toy boat.']]"
data/images/noun/2025-600.jpg,2025,boomerang,6,14,58,13,"[['The objects in the image are a blue pair of sandals and a blue pair of flip-'], ['A pair of blue flippers.'], ['The objects in the image are a pair of blue flippers or fins.'], ['The objects in the image are a pair of blue flip flops.'], ['The objects in the image are two blue flippers.'], ['The objects in the image are a blue plastic item and a blue plastic sandal.'], ['The objects in the image are a pair of blue flippers or fins.'], ['The objects in the image are a pair of blue flip flops.'], ['The objects in the image are a pair of blue flip flops.'], ['A blue object and a blue object.'], ['The objects in the image are two blue plastic sandals.'], ['The objects in the image are a pair of blue flippers.'], ['The objects in the image are a pair of blue sandals.'], ['The objects in the image are a blue pair of flippers or swim fins.'], ['The objects in the image are two blue sandals.'], ['The objects in the image are blue flippers.'], ['A blue object that looks like a pair of shoes.'], ['The objects in the image are two blue plastic sandals.'], ['A blue sandal and a blue flip flop.'], ['A pair of blue flip flops.'], ['A pair of blue flippers.'], ['The objects in the image are a pair of blue flippers.'], ['A blue object that resembles a pair of sandals.'], ['The objects in the image are two blue plastic shoes or sandals.'], ['The objects in the image are a pair of blue flippers.'], ['The objects in the image are a blue plastic mold of a pair of sandals.'], ['A blue sandal and a blue flip flop.'], ['A pair of blue flippers.'], ['A pair of blue flip flops.'], ['The objects in the image are a pair of blue flip flops.'], ['A pair of blue flippers.'], ['The objects in the image are two blue flippers or paddles.'], ['A pair of blue flippers.'], ['The objects in the image are two blue plastic sandals.'], ['The objects in the image are two blue plastic water skis.'], ['The objects in the image are a pair of blue sandals or flip flops.'], ['The objects in the image are a pair of blue sandals.'], ['The objects in the image are blue flippers or water skis.'], ['A blue flip flop.'], ['The objects in the image are a pair of blue flip-flops.']]"
data/images/noun/2026-600.jpg,2026,dog toy,16,71,63,17,"[['A green toy shoe and a green toy dog.'], ['A green dog toy with a red tongue.'], ['A green and red shoe.'], ['A green toy dog.'], ['A green toy dog and a green toy cat.'], ['The objects in the image are a green toy shoe and a green toy shoe la'], ['A green dog toy.'], ['A green dog toy and a green shoe.'], ['A green dog toy with a red and blue nose.'], ['A green toy dog and a red toy dog.'], ['A green dog toy.'], ['A green toy dog and a red shoe.'], ['A green dog toy.'], ['A green toy shoe and a green toy shoe lace.'], ['A green dog toy shaped like a shoe.'], ['The objects in the image are a green dog toy shaped like a bone and a green'], ['A green dog toy.'], ['A green dog toy.'], ['A green dog toy.'], ['The objects in the image are a green toy shoe and a green toy dog.'], ['A green toy shoe and a green toy shoe with a red sole.'], ['A green toy shoe and a red toy shoe.'], ['A green dog toy shaped like a bone.'], ['A green dog toy shaped like a bone and a green dog toy shaped like'], ['A green dog toy.'], ['A green and red shoe.'], ['A green dog toy shaped like a shoe.'], ['A green and red shoe toy.'], ['A green dog toy shaped like a shoe.'], [""A green dog toy shaped like a dog's leg.""], ['The objects in the image are a green toy shoe and a green toy dog.'], ['A green and red dog toy.'], ['A green and red shoe, a green shoe, and a green and blue shoe.'], ['A green toy shoe and a green toy shoe with a red sole.'], ['A green dog toy.'], ['A green toy shoe and a green toy shoe with a red shoe lace'], ['A green and red toy shoe.'], ['A green and red shoe.'], ['A green toy shoe.'], ['A green and red shoe toy.']]"
data/images/noun/2027-600.jpg,2027,room freshener toy,22,38,47,9,"[['The objects in the image are a white ball and a white helmet.'], ['A white ball.'], ['The objects in the image are a white ball and a white helmet.'], ['The objects in the image are a white ball and a white helmet.'], ['A white plastic object, which appears to be a sports ball, is sitting on a white background'], ['A white plastic ball.'], ['A white plastic ball.'], ['The objects in the image are a white ball and a white plastic cup.'], ['A white plastic ball.'], ['The objects in the image are a white plastic ball and a white plastic helmet.'], ['A white ball.'], ['A white ball and a white hat.'], ['A white plastic object.'], ['The objects in the image are a white plastic ball and a white plastic container.'], ['A white plastic ball and a white plastic helmet.'], ['A white plastic ball.'], ['A white object with a hole in the center.'], ['A white plastic object, possibly a sports ball or a toy, is in the image.'], ['The objects in the image are a white ball and a white dome.'], ['A white ball, possibly a sports ball or a plastic toy, is the main object in'], ['A white ball, which is a sports ball, is sitting on a white background.'], ['A white plastic ball.'], ['A white plastic object, possibly a sports ball or a toy.'], ['A white ball.'], ['A white plastic ball and a white plastic container.'], ['A white ball.'], ['The objects in the image are a white ball and a white hat.'], ['A white plastic ball.'], ['The objects in the image are a white plastic ball and a white plastic helmet.'], ['A white ball and a white helmet.'], ['A white plastic ball.'], ['The objects in the image are a white plastic ball and a white plastic container.'], ['A white plastic ball.'], ['A white ball.'], ['A white plastic ball.'], ['The objects in the image are a white plastic ball and a white plastic container.'], ['The objects in the image are a white ball and a white helmet.'], ['The objects in the image are a white plastic ball and a white plastic container.'], ['A white ball.'], ['A white ball.']]"
data/images/noun/2028-600.jpg,2028,cat toy found at the pound store,6,47,53,63,"[['The objects in the image are a pink donut and three pink cotton balls.'], ['A donut, a toy, and a pink and white ball.'], ['The objects in the image are a pink donut and a pink sprinkle.'], ['The objects in the image are a donut and a bunch of cotton balls.'], ['The objects in the image are a pink donut with white frosting and a pink'], ['The objects in the image are a pink donut and five pink sprinkles.'], ['The objects in the image are a pink donut and a bunch of cotton balls.'], ['The objects in the image are a donut and a bunch of cotton balls.'], ['The objects in the image are a donut and a bunch of cotton balls.'], ['The objects in the image are a donut and a bunch of cotton balls.'], ['The objects in the image are a pink donut with white frosting and a pink'], ['The objects in the image are a donut and a bunch of cotton balls.'], ['A donut and cotton balls.'], ['The objects in the image are a pink donut and a bunch of cotton balls.'], ['The objects in the image are a pink donut and some cotton balls.'], ['The objects in the image are a pink donut and a bunch of cotton balls.'], ['The objects in the image are a donut and a bunch of cotton balls.'], ['The objects in the image are a pink donut with white frosting and a bunch of'], ['The objects in the image are a pink donut and a pink cotton candy.'], ['The objects in the image are a pink donut with a hole in the middle and five p'], ['The objects in the image are a pink donut and several pink balls.'], ['The objects in the image are a pink donut and five white pom-poms.'], ['The objects in the image are a pink donut and three white cotton balls.'], ['The objects in the image are a pink donut and a pink sprinkle.'], ['The objects in the image are a pink donut and some cotton balls.'], ['The objects in the image are a pink donut and a pink doughnut holder.'], ['The objects in the image are a donut and a bunch of cotton balls.'], ['A pink donut and a bunch of cotton balls.'], ['The objects in the image are a pink donut with white frosting and several white cot'], ['The objects in the image are a pink donut and three white pom poms.'], ['The objects in the image are a pink donut and a bunch of cotton balls.'], ['The objects in the image are a pink donut with white frosting and a bunch of'], ['The objects in the image are a pink donut and five pink cotton balls.'], ['The objects in the image are a pink donut and three pink cotton balls.'], ['The objects in the image are a donut and some cotton balls.'], ['The objects in the image are a donut and some cotton balls.'], ['The objects in the image are a pink donut and three white cotton balls.'], ['The objects in the image are a donut and a bunch of cotton balls.'], ['The objects in the image are a pink donut and a bunch of cotton balls.'], ['The objects in the image are a pink donut and three pink cotton balls.']]"
data/images/noun/2029-600.jpg,2029,cover for room fresheners,19,27,65,16,"[['A black piece of plastic, which could be a piece of a plastic toy, a'], ['The objects in the image are a black plastic piece, a black plastic ring, and a'], ['The objects in the image are a black plastic piece with a hole in it and a black piece'], ['The objects in the image are a black piece of plastic, a piece of metal, and a'], ['The objects in the image are a black plastic piece and a metal piece.'], ['The objects in the image are a black plastic piece with a hole in it, and a black'], ['The objects in the image are a black plastic piece, a black plastic piece with a hole'], ['The objects in the image are a black plastic piece, a metal piece, and a black pl'], ['The objects in the image are a black plastic piece and a metal piece.'], ['A black plastic piece with a hole in it.'], ['The objects in the image are a black plastic piece and a black metal piece.'], ['The objects in the image are a black plastic piece and a black plastic piece with a hole'], ['The objects in the image are a black plastic piece and a black plastic part.'], ['A black plastic piece and a black metal piece.'], ['A black plastic piece of a camera, a black plastic piece of a camera lens,'], ['The objects in the image are a black piece of plastic and a black piece of metal.'], ['A black plastic piece with a hole in the center.'], ['A black plastic piece with a hole in it.'], ['The objects in the image are a black plastic piece with a hole in it and a black piece'], ['The objects in the image are a black piece of plastic and a metal piece.'], ['The objects in the image are a black plastic piece and a metal piece.'], ['The objects in the image are a black piece of plastic, which appears to be a part of'], ['The objects in the image are a black plastic piece and a black plastic piece with a hole'], ['The objects in the image are a black plastic piece with a hole in it and a black pl'], ['The objects in the image are a black plastic piece and a black plastic bolt.'], ['A black object with a hole in it.'], ['The objects in the image are a black piece of plastic or rubber with a hole in it'], ['The objects in the image are a black piece of plastic, a black plastic bolt,'], ['The objects in the image are a black plastic piece and a black metal piece.'], ['The objects in the image are a black plastic piece and a metal piece.'], ['The objects in the image are a black plastic piece and a black metal piece.'], ['The objects in the image are a black plastic piece, which appears to be a part of a'], ['The objects in the image are a black plastic piece and a black metal piece.'], ['The objects in the image are a black plastic piece with a hole in the middle and a black'], ['The objects in the image are a black piece of plastic and a metal ring.'], ['A black plastic piece of a camera lens.'], ['The objects in the image are a black plastic part, which appears to be a piece of a'], ['The objects in the image are a black plastic piece and a black plastic piece with a hole'], ['A black object with a hole in it.'], ['The objects in the image are a black plastic part and a metal part.']]"
data/images/noun/2030-600.jpg,2030,marker,9,43,53,0,"[['A blue plastic container with a face on it.'], ['A blue object, which is a vase, is sitting on a white background.'], ['The objects in the image are a blue vase and a blue statue.'], ['The objects in the image are a blue vase and a blue statue.'], ['A blue object.'], ['The objects in the image are a blue and purple plastic container and a blue and purple'], ['A blue object, which appears to be a blue vase or a blue sculpture, is sitting'], ['A blue object and a white background.'], ['The objects in the image are a blue toy and a blue vase.'], ['The objects in the image are a blue plastic container or bottle with a blue lid.'], ['The objects in the image are a blue plastic toy and a blue vase.'], ['A blue object with two holes and a blue cap.'], ['A blue object and a white background.'], ['A blue object, which appears to be a sculpture or a vase, is the main subject'], ['The objects in the image are a blue ceramic or plastic toy, which appears to'], ['A blue plastic object.'], ['A blue vase.'], ['The objects in the image are a blue plastic container and a blue plastic lid.'], ['The objects in the image are a blue ceramic vase and a blue ceramic sculpt'], ['The objects in the image are a blue and white toy, which is a toy bull'], ['A blue toy and a blue lid.'], ['The objects in the image are a blue plastic container and a blue plastic lid.'], ['A blue object, possibly a sculpture or a toy, is the main focus of the image'], ['A blue object.'], ['The objects in the image are a blue plastic container and a blue lid.'], ['The objects in the image are a blue and white toy and a blue bottle.'], ['A blue object with two eyes and a nose.'], ['A blue object with a face.'], ['The objects in the image are a blue vase and a blue toy.'], ['The objects in the image are a blue and white vase and a blue and white statue.'], ['A blue object with a face on it.'], ['The objects in the image are a blue plastic cup and a blue plastic lid.'], ['The objects in the image are a blue ceramic or glass figurine and a blue vase'], ['A blue object with a face.'], ['The objects in the image are a blue bottle and a blue lid.'], ['The objects in the image are a blue toy, which is a small plastic container or v'], ['The objects in the image are a blue toy and a blue bottle.'], ['A blue object with a face on it.'], ['A blue object with a face on it.'], ['A blue plastic object.']]"
data/images/noun/2031.jpg,2031,book end,16,32,35,26,"[['The objects in the image are a metal piece and a metal bracket.'], ['A metal piece, possibly a metal handle or a piece of metal art, is the main object in'], ['The objects in the image are a pair of metal brackets or metal hooks.'], ['The objects in the image are a pair of metal handles, which are shaped like a C.'], ['The objects in the image are a pair of silver brackets or brackets made of metal.'], ['The objects in the image are a metal piece and a metal bracket.'], ['The objects in the image are a metal piece and a metal bracket.'], ['A metal piece.'], ['The objects in the image are a metal piece, specifically a metal bracket, and a metal handle'], ['The objects in the image are a pair of silver metal brackets.'], ['The objects in the image are a pair of metal brackets, or metal hooks, sitting on a'], ['A silver metal piece.'], ['A silver metal piece.'], ['A metal bracelet and a metal bracelet.'], ['A silver metal bracket.'], ['The objects in the image are a pair of metal brackets or brackets.'], ['The objects in the image are a metal piece and a metal bracket.'], ['A metal bracket.'], ['A metal piece.'], ['A metal piece with a curve in it.'], ['A metal bracket, a metal handle, and a metal piece.'], ['The objects in the image are a metal piece and a metal hook.'], ['A silver metal piece.'], ['A metal bracelet, a metal bracelet with a curve, and a metal brace'], ['The objects in the image are a metal piece and a metal bracket.'], ['A metal piece, possibly a metal bracket, is shown in the image.'], ['A metal piece, which could be a piece of art or a decorative item, is the main'], ['The objects in the image are a metal piece, specifically a metal bracket, and a metal bra'], ['A metal piece and a metal piece.'], ['The objects in the image are a metal piece and a metal bracket.'], ['The objects in the image are a metal bracket and a metal brace.'], ['A silver metal bracket.'], ['A metal object.'], ['A metal piece and a metal piece.'], ['A metal piece, which appears to be a piece of a chair, is sitting on a white background'], ['A metal bracelet, a metal bracelet with a curve, and a metal brace'], ['The objects in the image are a metal piece and a metal bracket.'], ['A silver metal piece, possibly a metal bracelet, is shown in the image.'], ['The objects in the image are a metal piece, specifically a silver piece, and a metal bracket'], ['The objects in the image are a pair of metal handles or brackets.']]"
data/images/noun/2032-600.jpg,2032,submarine,47,90,50,3,"[['The objects in the image are an orange toy rocket and a blue toy propeller.'], ['The objects in the image are a blue and orange toy rocket and a blue and orange to'], ['The objects in the image are a blue and orange toy rocket and a blue and orange to'], ['The objects in the image are a toy rocket and a blue plastic piece.'], ['The objects in the image are a blue and orange toy rocket and a blue and orange to'], ['A orange rocket toy.'], ['A orange rocket toy.'], ['A toy rocket.'], ['A toy rocket.'], ['The objects in the image are an orange plastic rocket and a blue propeller.'], ['The objects in the image are an orange toy rocket and a blue toy propeller.'], ['A blue and orange toy rocket.'], ['A toy rocket.'], ['A toy rocket and a blue propeller.'], ['A toy rocket and a blue propeller.'], ['The objects in the image are a small orange rocket and a blue tail.'], ['A toy rocket and a blue propeller.'], ['A toy rocket, a blue and orange object, and a white background.'], ['The objects in the image are a blue and orange toy rocket and a blue and orange to'], ['A toy rocket.'], ['A toy rocket.'], ['A toy rocket.'], ['A orange toy rocket and a blue propeller.'], ['A orange and blue toy rocket.'], ['A toy rocket.'], ['A blue and orange toy rocket.'], ['A orange rocket toy.'], ['The objects in the image are an orange rocket and a blue tail.'], ['A orange and blue toy rocket.'], ['A toy rocket.'], ['A blue and orange rocket toy.'], ['A orange toy rocket and a blue tail.'], ['The objects in the image are a toy rocket and a blue propeller.'], ['A blue and orange toy rocket.'], ['The objects in the image are a rocket-shaped toy and a blue propeller.'], ['A toy rocket and a blue tail.'], ['A toy rocket and a blue and orange plastic toy.'], ['A blue and orange toy rocket.'], ['A toy rocket.'], ['The objects in the image are a toy rocket and a blue sail.']]"
data/images/noun/2033-600.jpg,2033,cat toy cage,9,57,55,3,"[['A star-shaped orange plastic object.'], ['The objects in the image are a green plastic object with a star pattern on it and an orange'], ['The objects in the image are a green plastic piece and an orange plastic piece.'], ['The objects in the image are a green and orange basket and a green handle.'], ['The objects in the image are a green and orange plastic container, which is a storage container.'], ['A star-shaped orange plastic container.'], ['A green and orange object with a star pattern.'], ['A green and orange object.'], ['A green and orange object with stars on it.'], ['The objects in the image are a green and orange plastic container, a green and orange plastic'], ['A small orange plastic object with a green handle.'], ['The objects in the image are a pair of orange and green plastic storage containers.'], ['The objects in the image are a green and orange plastic object, which is a small tray'], ['The objects in the image are a green and orange plastic tray or basket.'], ['The objects in the image are a green and orange basket or container with a star pattern.'], ['A green and orange basket.'], ['The objects in the image are a green and orange tray, a green and orange tray stand'], ['A small orange and green object with stars on it.'], ['The objects in the image are a pair of orange and green plastic lawn chairs.'], ['The objects in the image are a green plastic piece and an orange plastic piece.'], ['The objects in the image are a green and orange plastic tray, a green plastic handle'], ['The objects in the image are a pair of orange and green plastic grates.'], ['The objects in the image are a green and orange plastic basket, a green handle, and a'], ['A green and orange plastic object with a star pattern on it.'], ['The objects in the image are a green plastic container and an orange plastic container.'], ['The objects in the image are a green and orange plastic container, a green and orange plastic'], ['The objects in the image are a green and orange plastic piece, a green handle, and a'], ['The objects in the image are a green and orange basket, a green handle, and a green base'], ['A star-shaped object made of orange plastic.'], ['A star-shaped orange object.'], ['A small orange box with stars on it.'], ['The objects in the image are a green plastic tray with an orange basket on top.'], ['The objects in the image are a green and orange plastic basket or tray with stars on it'], ['A green and orange basket.'], ['The objects in the image are a green and orange tray or basket.'], ['A green and orange plastic container with stars on it.'], ['The objects in the image are a green and orange plastic container, also known as a storage bin'], ['A star-shaped orange and green plastic object.'], ['The objects in the image are a pair of orange and green plastic crates.'], ['A green and orange tray.']]"
data/images/noun/2034-600.jpg,2034,worm ball with cut off hands or stars,72,39,45,26,"[['The objects in the image are a pile of brightly colored, long, and curly hair'], ['The objects in the image are a pink and a green wig.'], ['The objects in the image are a pile of green and red rubber hair, or hair-'], ['The objects in the image are a pink and green hair scrunchy, a pink scr'], ['The objects in the image are a pink and green rubber hair, or a rubber w'], ['The objects in the image are a pink and a green wig.'], ['The objects in the image are a bunch of brightly colored, long, and wavy nood'], ['The objects in the image are a pile of rubber wigs.'], ['The objects in the image are a pink and green rubber ball and a bunch of green and'], ['The objects in the image are a bunch of colorful, long, and curly hairs.'], ['A pile of multi-colored hair extensions.'], ['The objects in the image are a pink and a green rubber hair.'], ['The objects in the image are a bunch of neon colored hair, also known as hair extensions,'], ['The objects in the image are a pink and green balloon.'], ['The objects in the image are a bunch of green and red noodles.'], ['The objects in the image are a pink and a green balloon.'], ['The objects in the image are a pink and a green rubber toy.'], ['The objects in the image are a pink and a green rubber ball.'], ['The objects in the image are a bunch of neon green and pink hairs, which are'], ['The objects in the image are a pink and green wig and a pink and orange w'], ['A pink and green hairy object, a pink object, and a green object.'], ['The objects in the image are a bunch of colorful, long, rubbery things.'], ['A pink and green lollipop with a long green tail.'], ['The objects in the image are a pile of colorful, long, and flexible toy no'], ['A pink and green lollipop.'], ['A bunch of brightly colored, long, and curly hair-like objects, made of a'], ['A pile of neon colored, curly, and wiggly toys.'], ['The objects in the image are a bunch of brightly colored, long, and curly ballo'], ['The objects in the image are a bunch of neon colored, long, curly, and tw'], ['A pile of colorful, long, and wavy plastic objects.'], ['The objects in the image are a bunch of neon colored, long, curly, and squ'], ['A pink and yellow lollypop.'], ['The objects in the image are a bunch of neon colored, wiggly, and curly'], ['The objects in the image are a bunch of neon-colored hair and a bunch of ne'], ['The objects in the image are a bunch of neon colored, long, curly hair-like'], ['The objects in the image are a bunch of green and orange wigs.'], ['The objects in the image are a bunch of brightly colored, long, wiggly, and'], ['The objects in the image are a bunch of colorful, long, wiggly, and squ'], ['The objects in the image are a bunch of neon green and pink hairs.'], ['The objects in the image are a bunch of brightly colored, long, rubbery things.']]"
data/images/noun/2035-600.jpg,2035,giant pen with pen tip removed and cooper scourer pad on top,13,54,47,13,"[['A blue pen and a brush.'], ['A blue pen and a brown brush.'], ['A blue pen and a brown brush.'], ['A blue pen and a brush.'], ['A blue pen and a brown brush.'], ['A blue pen and a brown brush.'], ['A blue pen and a brush.'], ['A blue pen and a brown brush.'], ['A blue pen and a brown brush.'], ['A blue pen and a brush.'], ['A blue pen and a brown brush.'], ['A blue pen and a brown brush.'], ['A blue pen and a brown brush.'], ['A blue pen and a brown brush.'], ['A blue pen and a brown brush.'], ['A blue pen and a brown brush.'], ['A blue pen and a brown brush.'], ['A blue pen and a brush.'], ['A blue pen and a brown brush.'], ['A blue pen and a brush.'], ['A blue pen and a brush.'], ['A blue pen and a brush.'], ['A blue pen and a brown brush.'], ['A blue pen and a brush.'], ['A blue pen and a brush.'], ['A blue pen and a brown brush.'], ['A blue pen and a brown brush.'], ['A blue pen and a brush.'], ['A blue pen and a brush.'], ['A blue pen and a brown brush.'], ['A blue pen and a brown brush.'], ['A blue pen and a brown brush.'], ['A blue pen and a brown brush.'], ['A blue pen and a brush.'], ['A blue pen and a brown brush.'], ['A blue pen and a brush.'], ['A blue pen and a brush.'], ['A blue pen and a brush.'], ['A blue pen and a brush.'], ['A blue pen and a brown brush.']]"
data/images/noun/2036-600.jpg,2036,cup-and-ball toy,59,70,20,20,"[['A wooden toy with a red ball on top and a yellow, green, and blue striped'], ['A wooden toy with a red ball on the end.'], ['A wooden toy, a red ball, and a green ball.'], ['A toy drum, a wooden stick, and a red ball.'], ['A toy drum with a wooden handle and colorful balls.'], ['A wooden toy with red, yellow, and green balls attached to it.'], ['A wooden toy, a red ball, a yellow ball, and a green ball.'], ['A wooden toy with a handle and a ball attached to it.'], ['A wooden toy with a red ball and a green ball attached to it.'], ['A wooden toy, which is a drum, with a red, green, yellow, and blue'], ['A wooden toy with a red ball, a green ball, and a yellow ball.'], ['A wooden toy with a red ball and a green ball attached to it.'], ['A wooden toy with a red, green, yellow, and blue ball attached to it.'], ['A toy drum with a red, yellow, and green stripe on it.'], ['A wooden toy with red, green, yellow, and blue colors.'], ['A wooden toy with a red ball and a yellow and green ball on top of it.'], ['A wooden toy with a red, yellow, and green stripe on it, and a red'], ['A wooden toy with a red, green, and yellow handle.'], ['A wooden toy with a red, green, yellow, and blue ball attached to it.'], ['A wooden toy with a red, green, and yellow handle and a red ball on the end'], ['A toy drum with red, green, yellow, and blue colors.'], ['A wooden toy with a red ball and a yellow and green ball on top.'], ['A wooden toy with a red ball and a green ball attached to it.'], ['A toy drum, a red ball, and a yellow ball.'], ['A wooden toy with a red, green, and yellow handle and a red ball on the end'], ['A wooden toy with a red ball, yellow ball, and green ball on the end.'], ['A wooden toy, a red ball, and a yellow ball.'], ['A wooden toy with a red, yellow, green, and blue handle.'], ['A wooden toy with a red, green, and yellow handle.'], ['A wooden toy with a handle and a ball on top.'], ['A toy drum with a red, green, yellow, and blue handle.'], ['A wooden toy, a red ball, a green ball, and a yellow ball.'], ['A wooden toy with a red ball and a green ball on top.'], ['A wooden toy with a red ball and a yellow and green ball on top.'], ['A wooden toy with red, yellow, green, and blue balls attached to it.'], ['A wooden toy with a red ball and a yellow and green ball attached to it.'], ['A wooden toy with a red, green, and yellow ball on the end.'], ['A wooden toy with a handle and a red ball on top.'], ['A wooden toy, possibly a drum, with a red, yellow, and green striped handle'], ['A wooden toy with a red ball and a yellow ball on top of it.']]"
data/images/noun/2037-600.jpg,2037,teething ring with a bit photoshopped out,34,24,37,3,"[['The objects in the image are a pink bracelet and a pink ring.'], ['The objects in the image are a pink plastic bracelet and a pink plastic'], ['The objects in the image are a pink bracelet and a pink ring.'], ['The objects in the image are a pair of pink plastic bracelets.'], ['The objects in the image are a pink plastic bracelet and three pink plastic'], ['The objects in the image are a pink plastic bracelet and a pink plastic'], ['The objects in the image are a pink plastic bracelet and a pink plastic'], ['A pink bracelet with three pink beads on it.'], ['A pink bracelet.'], ['The objects in the image are a pair of pink plastic rings.'], ['The objects in the image are a pink bracelet with three clear beads on it.'], ['The objects in the image are a pink plastic bracelet and a pink plastic'], ['The objects in the image are a pink plastic bracelet and a pink plastic'], ['The objects in the image are three pink plastic rings.'], ['The objects in the image are a pink bracelet and a pink ring.'], ['The objects in the image are three pink plastic rings.'], ['A pink bracelet with clear beads.'], ['The objects in the image are a pink plastic bracelet and a pink plastic'], ['The objects in the image are three pink plastic rings.'], ['The objects in the image are a pair of pink plastic beads.'], ['The objects in the image are a pink bracelet and a pink ring.'], ['The objects in the image are a pink bracelet and a pink ring.'], ['The objects in the image are a pink bracelet and three pink beads.'], ['The objects in the image are three pink plastic beads.'], ['The objects in the image are a pink plastic ring and a pink plastic brace'], ['The objects in the image are a pair of pink plastic rings.'], ['The objects in the image are a pink plastic ring and a pink plastic brace'], ['The objects in the image are a pink bracelet and three pink beads.'], ['The objects in the image are a pair of pink plastic rings.'], ['The objects in the image are a pink plastic bracelet with three clear plastic balls'], ['A pink plastic bracelet with three balls on it.'], ['A pink plastic ring with three clear plastic balls attached to it.'], ['A bracelet made of clear plastic beads.'], ['The objects in the image are a pink bracelet and three pink beads.'], ['The objects in the image are three pink plastic rings.'], ['The objects in the image are a pink plastic bracelet and three pink beads'], ['The objects in the image are a pink bracelet with three pink beads on it'], ['The objects in the image are a pink bracelet and a pink ring.'], ['The objects in the image are a pink plastic bracelet and a pink plastic'], ['The objects in the image are a pink plastic ring and a pink plastic brace']]"
data/images/noun/2038-600.jpg,2038,heart shaped slinky,56,63,26,6,"[['The objects in the image are a pink, orange, yellow, and green bracelet made'], ['The objects in the image are a pile of colorful, curly, and twisted pl'], ['The objects in the image are a bunch of rainbow colored noodles.'], ['The objects in the image are a pile of colorful, curly hair clips.'], ['A colorful cloud made out of colored noodles.'], ['The objects in the image are a bunch of colored, twisted, and curled noodles'], ['The objects in the image are a bunch of colorful, twisted, and curled up no'], ['The objects in the image are a bunch of colorful, twisted, and curled-up'], ['The objects in the image are a bunch of colored noodles.'], ['The objects in the image are a pile of colorful, twisted, and curled-'], ['A bunch of rainbow colored noodles.'], ['The objects in the image are a pink, yellow, and green twisted-up nood'], ['The objects in the image are a group of colored noodles or noodle-like objects'], ['The objects in the image are a bunch of colorful noodles.'], ['The objects in the image are a group of brightly colored, twisted, and curled no'], ['The objects in the image are a bunch of colored noodles, specifically, red, yellow,'], ['The objects in the image are a bunch of colorful, curly, plastic noodles'], ['The objects in the image are a bunch of colorful noodles or pasta.'], ['A bunch of rainbow colored, twisted, and curled up noodles.'], ['The objects in the image are a bunch of colorful noodles.'], ['A bunch of colorful noodles.'], ['The objects in the image are a bunch of colorful noodles.'], ['The objects in the image are a pile of colored, twisted, and curled nood'], ['A bunch of rainbow colored, long, curly, and twisted noodles.'], ['A pile of colorful noodles.'], ['The objects in the image are a bunch of colored, twisted, and curled noodles'], ['The objects in the image are a bunch of colored noodles or pasta.'], ['The objects in the image are a bunch of colorful noodles or pasta.'], ['The objects in the image are a bunch of colored noodles or hair extensions.'], ['The objects in the image are a group of colorful, curly, and twisted plastic'], ['The objects in the image are a group of colorful, spiral-shaped noodles'], ['The objects in the image are a bunch of colorful, twisted, and curled nood'], ['A group of colored, twisted, and curled plastic straws.'], ['The objects in the image are a pile of different colored noodles.'], ['The objects in the image are a bunch of colorful, twisted, and curled plastic'], ['A colorful bracelet made of yarn and a colorful cloud.'], ['The objects in the image are a bunch of colorful, twisted, and curled up no'], ['The objects in the image are a bunch of colorful, twisted, and curled-up'], ['The objects in the image are a bunch of colored, spiral-shaped noodles.'], ['The objects in the image are a bunch of colorful, twisted, and curled nood']]"
data/images/noun/2039-600.jpg,2039,led top,28,64,61,13,"[['A green plastic toy cross.'], ['A green plastic toy cross.'], ['A green plastic toy cross.'], ['A green cross-shaped object.'], ['A green plastic toy cross.'], ['A green cross-shaped object.'], ['The objects in the image are a green plastic cross and a green plastic screw.'], ['A green plastic toy cross.'], ['A green plastic cross.'], ['A green plastic toy cross.'], ['A green plastic cross.'], ['A green plastic cross.'], ['A green plastic toy cross.'], ['A green plastic toy cross.'], ['A green plastic cross with a screw in it.'], ['The objects in the image are a green plastic toy cross and a green plastic screw'], ['The objects in the image are a green plastic toy, specifically a green cross, and a'], ['A green cross-shaped item, a green screw, and a green screwdriver.'], ['A green cross-shaped object.'], ['The objects in the image are a green plastic cross and a green plastic screw.'], ['A green plastic cross.'], ['A green plastic toy cross.'], ['A green plastic toy in the shape of a cross.'], ['A green plastic toy cross.'], ['The objects in the image are a green plastic toy cross and a green plastic screw'], ['A green cross, a green square, and a green triangle.'], ['The objects in the image are a green cross-shaped toy and a green plastic piece'], ['A green plastic toy cross.'], ['The objects in the image are a green plastic cross and a green plastic screw.'], ['The objects in the image are a green plastic toy, a green plastic cross, and'], ['The objects in the image are a green plastic cross and a green plastic screw.'], ['The objects in the image are a green plastic toy cross and a green plastic screw'], ['A green plastic toy, which appears to be a cross, is sitting on a white background'], ['The objects in the image are a green plastic toy cross and a green plastic screw'], ['A green plastic toy shaped like a cross.'], ['A green plastic toy shaped like a cross.'], ['A green plastic cross-shaped piece with a clear dome on top.'], ['A green cross-shaped object.'], ['A green plastic toy, which appears to be a cross or a four-sided puzz'], ['The objects in the image are a green plastic cross and a green plastic screw.']]"
data/images/noun/2040-600.jpg,2040,rubber toy found in toy aisle,31,64,63,16,"[['A blue and yellow ball.'], ['A blue and yellow ball.'], ['A blue and yellow ball with blue tentacles.'], ['The objects in the image are a blue and yellow ball, and a blue and yellow tennis ball.'], ['A blue and yellow ball.'], ['A blue and yellow ball.'], ['The objects in the image are a blue ball and a blue octopus.'], ['A blue and yellow ball with blue hair.'], ['The objects in the image are a blue and yellow ball and a blue and yellow frisbee'], ['A blue and yellow ball with blue tentacles.'], ['A blue and yellow ball with blue hairs.'], ['A blue and yellow ball.'], ['A blue and yellow ball.'], ['The objects in the image are a blue and yellow ball and a blue and yellow tennis ball.'], ['A blue and yellow ball.'], ['A blue and yellow ball.'], ['The objects in the image are a blue and yellow ball and a blue and yellow tennis ball.'], ['A blue and yellow ball with blue hair.'], ['The objects in the image are a blue ball with a yellow center and a blue and yellow ball.'], ['The objects in the image are a blue and yellow ball and a blue and yellow ball with a blue'], ['A blue and yellow ball.'], ['A blue and yellow ball.'], ['A blue and yellow ball with a blue tail.'], ['A blue and yellow ball with blue tentacles.'], ['The objects in the image are a blue and yellow ball and a blue and yellow frisbee'], ['The objects in the image are a blue and yellow ball with a blue and yellow top.'], ['A blue and yellow ball with blue tentacles.'], ['A blue and yellow ball.'], ['The objects in the image are a blue ball and a yellow ball.'], ['The objects in the image are a blue and yellow ball with a blue and yellow top.'], ['The objects in the image are a blue and yellow ball, a blue and yellow frisbee'], ['A blue and yellow ball with blue tentacles.'], ['A blue and yellow ball.'], ['The objects in the image are a blue ball and a yellow ball.'], ['The objects in the image are a blue ball and a yellow ball.'], ['A blue and yellow ball with blue hair.'], ['The objects in the image are a blue ball with a yellow center and a blue, yellow, and'], ['A blue and yellow ball with a blue tail.'], ['A blue and yellow ball with a blue tail.'], ['A blue and yellow ball.']]"
data/images/noun/2041-600.jpg,2041,massager,34,38,23,20,"[['The objects in the image are wooden beads, which are arranged in a cross shape.'], ['The objects in the image are a wooden cross and four wooden balls.'], ['The objects in the image are wooden balls, specifically four wooden dowels with wooden balls attached to them'], ['The objects in the image are wooden balls and a blue connector.'], ['The objects in the image are wooden toy crosses.'], ['The objects in the image are a blue cross and four wooden balls.'], ['The objects in the image are a wooden cross and four wooden balls.'], ['The objects in the image are a cross made of wood and blue balls.'], ['The objects in the image are a wooden cross and four wooden balls.'], ['The objects in the image are a wooden cross and four wooden balls.'], ['The objects in the image are a blue cross made of wooden balls.'], ['The objects in the image are wooden beads, which are part of a cross.'], ['The objects in the image are wooden balls, specifically wooden marbles, and a blue plastic piece'], ['The objects in the image are a wooden cross and four wooden balls.'], ['The objects in the image are a wooden cross with four wooden circles on it.'], ['The objects in the image are a wooden cross and four wooden balls.'], ['The objects in the image are a blue cross made of wood and four wooden circles.'], ['The objects in the image are wooden balls on a blue post.'], ['The objects in the image are wooden balls and a blue ball.'], ['The objects in the image are a blue cross with wooden beads on it.'], ['The objects in the image are wooden toys, specifically a cross and four wooden balls.'], ['The objects in the image are wooden balls on a blue plastic cross.'], ['The objects in the image are wooden balls.'], ['The objects in the image are wooden beads or wooden balls.'], ['The objects in the image are a cross and four wooden balls.'], ['The objects in the image are a wooden cross with four wooden balls attached to it.'], ['The objects in the image are a wooden cross and four wooden balls.'], ['The objects in the image are a wooden cross and four wooden balls.'], ['The objects in the image are a blue cross and four wooden balls.'], ['The objects in the image are a cross and four wooden balls.'], ['The objects in the image are a cross made of wood and four wooden balls.'], ['The objects in the image are wooden beads or wooden marbles, which are attached to a blue'], ['The objects in the image are wooden balls.'], ['The objects in the image are a cross made of wood and four wooden balls.'], ['The objects in the image are wooden balls.'], ['The objects in the image are a blue cross with four wooden balls attached to it.'], ['The objects in the image are a cross made of wood and a blue bolt.'], ['The objects in the image are a cross and four wooden balls.'], ['The objects in the image are a wooden cross and four wooden balls.'], ['The objects in the image are wooden beads on a blue string.']]"
data/images/noun/2042-600.jpg,2042,small personal fan without blades,38,67,81,3,"[['A blue and yellow object, which is a toy or a game controller, is the main focus'], ['The objects in the image are a blue and yellow object and a blue object.'], ['A blue and yellow object.'], ['A blue and yellow handle.'], ['A blue and yellow object.'], ['A blue and yellow toy, possibly a toy gun or a toy car, with a'], ['The objects in the image are a blue and yellow toy, a blue toy, and a'], ['A blue and yellow object.'], ['A blue and yellow toy, possibly a toy gun, is shown in the image.'], ['A blue and yellow plastic toy.'], ['A blue and yellow toy car.'], ['A blue and yellow object, possibly a toy, with a blue handle and a yellow top.'], ['A blue and yellow plastic handle, possibly a hair dryer, and a blue plastic piece'], ['A blue and yellow toy car and a blue and yellow toy steering wheel.'], ['A blue and yellow toy car and a blue toy steering wheel.'], ['A blue and yellow handle, a blue and yellow cap, and a blue and yellow strap.'], ['A blue and yellow object, possibly a toy, is in the image.'], ['A blue object with a yellow handle.'], ['The objects in the image are a blue handle and a yellow cap.'], ['The objects in the image are a blue and yellow handle and a blue and yellow cap.'], ['A blue and yellow object, which appears to be a remote control.'], ['The objects in the image are a blue and yellow handle and a blue and yellow cap.'], ['The objects in the image are a blue and yellow handle, a blue and yellow plastic cap,'], ['The objects in the image are a blue toy car and a yellow toy steering wheel.'], ['The objects in the image are a blue and yellow plastic handle and a blue plastic cap.'], ['A blue and yellow toy, a blue handle, and a blue and yellow object.'], ['A blue and yellow toy, a blue toy, and a blue and yellow object.'], ['A blue and yellow object with a blue handle.'], ['A blue and yellow toy, possibly a toy car or a toy gun, is in'], ['A blue and yellow object.'], ['The objects in the image are a blue and yellow toy and a blue handle.'], ['A blue and yellow object with a handle.'], ['The objects in the image are a blue toothbrush and a yellow cap.'], ['The objects in the image are a blue and yellow handle, a blue and yellow knob, and'], ['A blue object with a yellow top.'], ['A blue and yellow object with a handle.'], ['A blue object with a yellow cap.'], ['A blue object with a yellow cap.'], ['A blue and yellow toy car.'], ['A blue and yellow object.']]"
data/images/noun/2043.jpg,2043,clacker,66,76,65,6,"[['A yellow, green, and pink toy.'], ['The objects in the image are a green ball, a yellow ball, and a pink ball.'], ['A green ball, a yellow ball, and a pink ball.'], ['A yellow, green, and pink ball on a yellow string.'], ['A yellow, green, and pink ball on a string.'], ['A green, yellow, and pink ball on a string.'], ['The objects in the image are a yellow, green, and pink plastic ball and a p'], ['The objects in the image are a green ball, a yellow ball, and a pink ball.'], ['A green, yellow, and pink ball on a string.'], ['A yellow ball, a green ball, a pink ball, and a yellow string.'], ['A green, yellow, and pink ball on a string.'], ['A yellow, green, and pink ball on a string.'], ['A yellow, green, and pink toy.'], ['A yellow, green, and pink ball on a string.'], ['A yellow ball, a green ball, and a pink ball.'], ['A yellow ball, a green ball, and a pink ball.'], ['A yellow, green, and pink toy.'], ['A yellow, green, and pink ball on a yellow string.'], ['A yellow, green, and pink ball on a string.'], ['The objects in the image are a yellow, green, and pink ball on a string.'], ['A toy with a yellow ball, a green ball, and a pink ball.'], ['A yellow, green, and pink ball on a string.'], ['A yellow, green, and pink toy.'], ['A yellow, green, and pink ball on a string.'], ['A yellow ball, a green ball, and a pink ball.'], ['A yellow ball, a green ball, a pink ball, and a green string.'], ['A toy with a ball on a string.'], ['A yellow ball, a green ball, and a pink ball.'], ['A toy, a yellow ball, and a pink and yellow ball.'], ['A toy, a ball, and a string.'], ['The objects in the image are a yellow ball, a green ball, and a pink ball.'], ['A yellow ball, a green ball, and a pink ball.'], ['The objects in the image are a green and yellow ball, a green and yellow string, and a'], ['A yellow, green, and pink ball on a string.'], ['The objects in the image are a green ball, a yellow ball, and a pink ball.'], ['The objects in the image are a green ball, a yellow ball, and a pink ball.'], ['A yellow, green, and pink toy.'], ['A yellow, green, and pink ball on a string.'], ['A yellow, green, and pink ball on a string.'], ['The objects in the image are a yellow, green, and pink ball on a string.']]"
data/images/noun/2044-600.jpg,2044,diving toy with small weight,6,27,94,6,"[['A blue ball and an orange ball.'], ['The objects in the image are a blue ball and an orange toy.'], ['A blue ball and an orange ball.'], ['A blue ball and an orange ball.'], ['The objects in the image are a blue ball and an orange toy.'], ['A blue ball and an orange ball.'], ['A blue ball and an orange ball with a blue ball attached to it.'], ['The objects in the image are a blue ball and an orange toy.'], ['A blue ball and an orange ball.'], ['A blue ball and an orange toy.'], ['The objects in the image are a blue ball and an orange ball.'], ['A blue ball and an orange ball.'], ['A blue ball and an orange ball.'], ['A blue ball and an orange ball.'], ['The objects in the image are a blue ball and an orange and blue toy.'], ['The objects in the image are a blue ball and an orange ball.'], ['The objects in the image are a blue ball and an orange toy.'], ['The objects in the image are a blue ball and an orange toy.'], ['A blue ball and an orange toy with a hole in the middle.'], ['The objects in the image are a blue ball and an orange and blue toy.'], ['The objects in the image are a blue ball and an orange ball.'], ['The objects in the image are a blue ball and an orange and blue toy.'], ['A blue ball and an orange ball.'], ['A blue ball and an orange ball.'], ['The objects in the image are a blue ball and an orange toy.'], ['A blue ball and an orange ball.'], ['A blue ball and an orange toy with holes.'], ['The objects in the image are a blue ball and an orange ball.'], ['A blue ball and an orange ball.'], ['The objects in the image are a blue ball and an orange ball with a chain between them.'], ['A blue ball and an orange toy.'], ['The objects in the image are a blue ball and an orange and blue toy.'], ['The objects in the image are a blue ball and an orange toy.'], ['The objects in the image are a blue ball and an orange toy.'], ['A blue ball and an orange ball with a hole in the middle.'], ['The objects in the image are a blue ball and an orange toy.'], ['A toy, a blue ball, and an orange chain.'], ['The objects in the image are a blue ball and an orange ball with a chain link design.'], ['The objects in the image are a blue ball and an orange and blue toy.'], ['A toy, a blue ball, and an orange and blue toy.']]"
data/images/noun/2045-600.jpg,2045,wooden ball toy,25,29,3,55,"[['A wooden spoon.'], ['A wooden spoon.'], ['A wooden spoon.'], ['The objects in the image are a wooden spoon and a wooden spatula.'], ['A wooden spoon and a wooden spatula.'], ['A wooden spoon.'], ['The objects in the image are a wooden spoon and a wooden ladle.'], ['A wooden spoon.'], ['A wooden spoon.'], ['A wooden spoon and a wooden spatula.'], ['A wooden spoon and a wooden spatula.'], ['A wooden spoon with holes in it.'], ['A wooden spoon.'], ['A wooden spoon.'], ['A wooden spoon.'], ['A wooden spoon and a wooden spatula.'], ['A wooden spoon.'], ['A wooden spoon.'], ['A wooden spoon and a wooden spatula.'], ['A wooden spoon.'], ['The objects in the image are a wooden spoon and a wooden spatula.'], ['A wooden spoon with holes in it.'], ['A wooden spoon with holes in it.'], ['A wooden spoon with holes in it.'], ['A wooden spoon.'], ['A wooden spoon.'], ['A wooden spoon and a wooden ladle.'], ['A wooden spoon and a wooden spatula.'], ['The objects in the image are a wooden spoon and a wooden spatula.'], ['A wooden spoon and a wooden spatula.'], ['A wooden spoon.'], ['A wooden spoon with holes in it.'], ['A wooden spoon with holes in it.'], ['A wooden spoon.'], ['The objects in the image are a wooden spoon and a wooden spatula.'], ['A wooden spoon with a hole in the middle and three holes on the sides.'], ['The objects in the image are a wooden spoon and a wooden spatula.'], ['A wooden spoon.'], ['A wooden spoon and a wooden ladle.'], ['The objects in the image are a wooden spoon and a wooden ladle.']]"
data/images/noun/2046-600.jpg,2046,keychain with bubbles inside,34,67,42,3,"[['A keychain, a key, and a small container.'], ['A keychain with a small tray, which has three compartments, and a key attached to'], ['The objects in the image are a keychain, a small container, and a key.'], ['A key chain with a clear case that has a blue, green, and white design.'], ['The objects in the image are a key chain and a small tray or container.'], ['A keychain with a small tray and a key.'], ['A small plastic case with a key chain attached to it.'], ['A key chain with a small container attached to it.'], ['A small plastic container with a chain attached to it.'], ['A key chain with a small tray, a key ring, and a small compartment.'], ['A key chain with a small tray and a small container attached to it.'], ['A small blue box with a key chain attached.'], ['A keychain with a small tray, a key, and a chain.'], ['A key chain with a small tray, a key, and a chain.'], ['A keychain with a small tray and a key.'], ['A small box with a key chain attached.'], ['A key chain with a clear plastic tray and a key.'], ['A keychain with a clear case that holds a small tray with a blue, green, and'], ['The objects in the image are a small container with a key chain and a small key chain.'], ['A keychain with a small tray attached to it.'], ['A small plastic tray and a key chain.'], ['A key chain with a clear plastic case containing four small compartments, each containing a small object'], ['The objects in the image are a key chain and a small plastic tray.'], ['The objects in the image are a key chain, a small container, and a key.'], ['The objects in the image are a key chain, a small container, and a key.'], ['A small container with a key chain attached to it.'], ['A keychain, a key, and a small tray.'], ['A small blue case, a key chain, and a small clear container.'], ['A keychain, a small tray, and a chain.'], ['A key chain with a small tray, a key, and a chain.'], ['The objects in the image are a keychain and a small plastic container.'], ['A keychain with a clear case and a small compartment inside.'], ['A key chain with a small tray on it.'], ['The objects in the image are a key chain and a small tray.'], ['A keychain with a small container attached to it.'], ['A keychain with a clear plastic tray attached to it.'], ['A keychain, a small box, and a small fishbowl.'], ['A key chain with a small tray and a small container.'], ['A key chain, a key, and a small tray.'], ['The objects in the image are a key chain and a small container with a blue and green pattern.']]"
data/images/noun/2047-600.jpg,2047,perfume sprayer,41,32,50,3,"[['A black and silver bottle.'], ['A bottle and a cap.'], ['A bottle.'], ['The objects in the image are a silver bottle cap and a black bottle.'], ['A black and silver bottle.'], ['A bottle.'], ['A black and silver bottle.'], ['A bottle.'], ['A bottle.'], ['A bottle.'], ['A bottle.'], ['A bottle.'], ['A black bottle.'], ['The objects in the image are a black bottle and a silver cap.'], ['A black bottle.'], ['The objects in the image are a black bottle and a silver top.'], ['The objects in the image are a black bottle and a silver cap.'], ['The objects in the image are a black and silver container or bottle.'], ['A bottle.'], ['A bottle.'], ['A bottle.'], ['A black and silver bottle.'], ['A black bottle.'], ['A black bottle cap.'], ['A bottle.'], ['The objects in the image are a bottle and a cap.'], ['The objects in the image are a black and silver bottle.'], ['A black bottle.'], ['A black and silver bottle.'], ['The objects in the image are a bottle and a cap.'], ['A bottle.'], ['The objects in the image are a silver lid and a black bottle.'], ['A bottle.'], ['A black and silver bottle.'], ['A bottle and a lid.'], ['A bottle.'], ['A black and silver container.'], ['A bottle.'], ['A bottle.'], ['A black and silver bottle.']]"
data/images/noun/2048-600.jpg,2048,worm ball with hands and stars cut off,13,47,55,6,"[['There are several balls in the image, including a blue ball, a green ball, a pink'], ['The objects in the image are a variety of colorful balloons.'], ['The objects in the image are a bunch of colorful balls.'], ['The objects in the image are a bunch of colorful balls.'], ['There are several different colored plastic balls in the image.'], ['There are sixteen colorful balls in the image.'], ['The objects in the image are a bunch of colorful balls, including a blue ball, a green'], ['The objects in the image are a pile of colorful balls.'], ['The objects in the image are a collection of various colored balls, including pink, yellow, blue'], ['The objects in the image are a stack of colorful balls, including blue, green, yellow,'], ['There are several colorful balls in the image, including a blue one, a green one, a'], ['The objects in the image are a stack of colorful plastic balls.'], ['The objects in the image are a collection of various colored balls, including blue, green, pink'], ['The objects in the image are a collection of colorful balls, including pink, yellow, green'], ['The objects in the image are a variety of colored plastic balls.'], ['The objects in the image are a collection of colorful balls, which are most likely balloons'], ['The objects in the image are a stack of colorful plastic balls.'], ['The objects in the image are colorful balls, which are likely toys or playthings.'], ['The objects in the image are colorful balls, which are stacked together.'], ['The objects in the image are a bunch of colorful balls.'], ['The objects in the image are a pile of colorful balls.'], ['The objects in the image are colorful balls, which are likely to be used for a game or'], ['The objects in the image are a collection of colorful plastic balls.'], ['The objects in the image are a stack of colorful plastic balls.'], ['The objects in the image are a pile of colorful balls, which are likely to be rub'], ['The objects in the image are a pile of plastic balls.'], ['There are several colorful balls in the image.'], ['The objects in the image are a variety of colorful balls.'], ['The objects in the image are a pile of colorful balls.'], ['The objects in the image are a pile of plastic balls.'], ['There are several balls in the image, including a blue one, a yellow one, a green one'], ['The objects in the image are a collection of different colored plastic balls.'], ['There are several different colored balls in the image.'], ['There are six different colored balls in the image.'], ['The objects in the image are a variety of colorful balloons.'], ['The objects in the image are a variety of different colored balloons.'], ['The objects in the image are colorful balls, which are likely to be used for a game or'], ['The objects in the image are colorful balls.'], ['The objects in the image are a pile of colorful balls.'], ['The objects in the image are a collection of colored plastic balls.']]"
data/images/noun/2049-600.jpg,2049,slide whistle,19,44,39,10,"[['A blue pen, a metal clip, and a blue pen cap.'], ['A blue pen and a clip.'], ['A blue pen, a clip, and a blue pen cap.'], ['A blue pencil and a metal clip.'], ['A blue pen, a clip, and a white clip.'], ['A blue pencil and a metal clip.'], ['A blue pen, a clip, and a white clip.'], ['A blue pen and a metal clip.'], ['A blue pen, a clip, and a piece of paper.'], ['A blue pen and a clip.'], ['A blue pencil and a metal clip.'], ['A blue pencil and a metal clip.'], ['A blue pen, a metal clip, and a blue pen holder.'], ['A blue pencil and a clip.'], ['A blue pencil with a white eraser and a metal clip attached to it.'], ['A blue pen and a metal clip.'], ['A blue pen, a metal clip, and a white button.'], ['A blue pencil with a metal ring attached to it.'], ['A blue pen and a clip.'], ['A blue pen and a metal clip.'], ['A blue pen, a clip, and a white button.'], ['A blue pen and a clip.'], ['A blue pencil with a clip attached to it.'], ['A blue pencil and a clip.'], ['A blue pen, a clip, and a piece of paper.'], ['A blue pen and a metal clip.'], ['A blue pencil with a clip on the end.'], ['A blue pen, a metal clip, and a blue pencil.'], ['A blue pen and a metal clip.'], ['A blue pen and a metal clip.'], ['A blue pen, a metal clip, and a blue pencil.'], ['A blue pen and a clip.'], ['A blue pen, a clip, and a white eraser.'], ['A blue pencil and a clip.'], ['A blue pen, a clip, and a white clip.'], ['A blue pencil and a metal clip.'], ['A blue pencil and a clip.'], ['A blue pen, a metal clip, and a blue pen cap.'], ['A blue pen, a metal clip, and a blue pen cap.'], ['A blue pen, a metal clip, and a blue pen clip.']]"
data/images/noun/2050-600.jpg,2050,mobile phone stand for a car,31,68,45,0,"[['A black dome, a white background, and a black object.'], ['A black round object with a hole in the center.'], ['The objects in the image are a black top and a black base.'], ['A black object with a hole in the middle.'], ['The objects in the image are a black plastic cap and a black plastic base.'], ['The objects in the image are a black dome and a black base.'], ['The objects in the image are a black lid, a black cover, and a black base.'], ['The objects in the image are a black cap, a black lid, and a black base.'], ['A black object with a silver top, a black object with a silver top and a black object with'], ['The objects in the image are a black lid and a black base.'], ['A black object with a hole in the middle, possibly a speaker or a light fixture.'], ['The objects in the image are a black cap, a black base, and a black object with a'], ['A black object with a hole in the center.'], ['The objects in the image are a black lid or cover and a black circular piece with a hole in'], ['A black object with a silver top.'], ['The objects in the image are a black dome and a black base.'], ['The objects in the image are a black cap and a black object with a hole in it.'], ['The objects in the image are a black round base and a black top.'], ['A black object with a hole in the middle.'], ['A black dome shaped object.'], ['The objects in the image are a black dome, a black cap, and a black top.'], ['A black cap and a black base.'], ['The objects in the image are a black cap, a black plug, and a black base.'], ['A black object with a hole in the center.'], ['A black object, possibly a dome, is in the image.'], ['A black object, possibly a light fixture, is the main focus of the image.'], ['The objects in the image are a black object with a hole in the middle and a black object with'], ['The objects in the image are a black dome-shaped object and a black base.'], ['The objects in the image are a black dome-shaped object and a black base.'], ['The objects in the image are a black plastic piece and a black top.'], ['The objects in the image are a black round object and a black base.'], ['The objects in the image are a black top and a black bottom.'], ['The objects in the image are a black cap and a black base.'], ['The objects in the image are a black plastic piece and a metal piece.'], ['The objects in the image are a black cap and a black base.'], ['A black object with a hole in the center.'], ['The objects in the image are a black plastic cap, a black plastic plug, and a'], ['The objects in the image are a black round base and a black dome-shaped object.'], ['The objects in the image are a black object with a hole in the middle and a black base.'], ['A black object with a hole in the middle, which is a part of a camera.']]"
data/images/noun/2051-600.jpg,2051,finger castanet,53,60,47,9,"[['The objects in the image are a green toilet seat and a green toilet paper holder'], ['A green toilet seat and a green toilet bowl.'], ['A green toy, a green toy with a leaf, a green toy with a leaf'], ['A green toilet brush with a handle and a green toilet seat.'], ['The objects in the image are a green toilet seat and a green toilet brush'], ['A green toilet seat and a green toilet lid.'], ['A green toy, which appears to be a toilet, is sitting on a white background'], ['The objects in the image are a green toy toilet and a green toy sink.'], ['A green toilet seat and a green toilet bowl.'], ['A green toy, a green toy with a pink flower, and a green toy'], ['A green toy toilet and a green toy seat.'], ['A green toilet seat with a handle and a flower design on it.'], ['A green toilet seat with a pink flower design on it.'], ['A green toy toilet and a green toy toilet brush.'], ['A green toilet seat and a green toilet bowl.'], ['A green toilet seat and a green toilet lid.'], ['A green toilet seat and a green toilet lid.'], ['A green toilet seat and a green toilet brush.'], ['A green toilet seat with a pink flower design.'], ['A green toilet seat and a green toilet brush.'], ['The objects in the image are a green toilet seat and a green toilet brush'], ['A green toy toilet and a green toy sink.'], ['A green toy, possibly a toy toilet or a toy sink, with a'], ['A green toilet seat with a handle.'], ['A green toilet seat and a green toilet brush.'], ['A green toy toilet and a green toy seat.'], ['A green toilet brush and a green toilet seat.'], ['A green toilet seat and a green toilet brush.'], ['A green toy toilet and a green toy toilet brush.'], ['A green toy shaped like a toilet and a green toy shaped like a'], ['A green toy, possibly a toy toilet or a toy sink, with a'], ['The objects in the image are a green toilet seat and a green toilet lid.'], ['A green toy, possibly a toy potty, with a green handle.'], ['A green toy shaped like a toilet, a green toy shaped like a'], ['The objects in the image are a green toilet seat and a green toilet lid.'], ['A green toy and a green toilet.'], ['The objects in the image are a green toy and a green toy holder.'], ['A green toilet seat with a pink flower on it.'], ['A green toy and a green toy holder.'], ['A green toy, which is a toy potty, and a toy leaf.']]"
data/images/noun/2052-600.jpg,2052,noisemaker,41,53,63,7,"[['A green umbrella and a pink umbrella.'], ['A green and pink plastic object with two handles.'], ['A green and pink object, which is a hairbrush.'], ['A pair of scissors and a spoon.'], ['The objects in the image are a green toothbrush and a green toothbrush holder'], ['The objects in the image are a pair of green scissors and a pink handle.'], ['The objects in the image are a green umbrella and a green pair of scissors.'], ['The objects in the image are a green pair of scissors and a pink object that res'], ['A green and pink toothbrush.'], ['A pair of green scissors with a pink handle.'], ['A green umbrella and a green toothbrush.'], ['A green and pink object with two handles.'], ['The objects in the image are a green and pink pair of scissors.'], ['A green and pink plastic toothbrush holder.'], ['The objects in the image are a green umbrella and a green toothbrush.'], ['A green umbrella and a pink umbrella.'], ['A green and pink hair dryer.'], ['A green pair of scissors.'], ['The objects in the image are a green plastic pair of scissors and a pink pl'], ['A pair of green tongs.'], ['The objects in the image are a green umbrella and a green pair of scissors.'], ['A pair of green scissors.'], ['The objects in the image are a pair of green scissors and a pink plastic cup'], ['A green toothbrush and a pink toothbrush.'], ['The objects in the image are a pair of scissors and a pink plastic cup.'], ['A pair of scissors.'], ['A green umbrella and a green hair dryer.'], ['A green and pink object with a handle.'], ['A green and pink toothbrush.'], ['A green umbrella and a green pair of scissors.'], ['The objects in the image are a pair of scissors and a green plastic cup.'], ['The objects in the image are a green plastic hair dryer and a pink plastic hair'], ['A green toothbrush and a pink toothbrush.'], ['A green plastic hair brush.'], ['A green pair of scissors with a pink handle.'], ['A green and pink object with two handles.'], ['A pair of scissors with a pink handle.'], ['The objects in the image are a green umbrella and a green pair of scissors.'], ['The objects in the image are a green toothbrush and a pink cup.'], ['A green plastic toothbrush with a pink handle.']]"
data/images/noun/2053-600.jpg,2053,hand castanet,44,79,45,6,"[['A red umbrella stand.'], ['A red umbrella stand and a red umbrella.'], ['A red umbrella stand and a red umbrella.'], ['A red pair of scissors.'], ['A red umbrella and a red umbrella stand.'], ['The objects in the image are a pair of scissors and a red pole.'], ['The objects in the image are a pair of scissors and a red pole.'], ['The objects in the image are a pair of scissors.'], ['A red umbrella and a red coat hanger.'], ['A red object and a pair of scissors.'], ['A red umbrella stand and a red umbrella.'], ['The objects in the image are a pair of red scissors and a red pole.'], ['The objects in the image are a pair of scissors and a red pole.'], ['The objects in the image are a pair of red scissors.'], ['The objects in the image are a pair of scissors and a red pole.'], ['A red object with two black handles.'], ['A red umbrella stand.'], ['A red umbrella handle and a red pair of scissors.'], ['The objects in the image are a pair of scissors and a red pole.'], ['The objects in the image are a red handle and a red handle with black tips.'], ['A red umbrella handle.'], ['The objects in the image are a red umbrella handle and a red umbrella.'], ['A red umbrella handle and a black umbrella handle.'], ['A red metal object with two black handles.'], ['The objects in the image are a red handle and a red clip.'], ['A red pair of scissors.'], ['The objects in the image are a pair of scissors.'], ['A red umbrella stand.'], ['A red umbrella stand.'], ['The objects in the image are a red pole and a red handle.'], ['The objects in the image are a red umbrella and a pair of scissors.'], ['The objects in the image are a pair of scissors and a pair of red shoes.'], ['The objects in the image are a pair of scissors and a pair of tongs.'], ['A red object and a black object.'], ['A red umbrella stand.'], ['The objects in the image are a pair of scissors.'], ['A red umbrella handle.'], ['The objects in the image are a pair of scissors.'], ['A red umbrella stand and a red umbrella.'], ['A red umbrella stand and a red umbrella.']]"
data/images/noun/2054-600.jpg,2054,floating ball game,3,25,38,48,"[['A wooden paddle and a red handle.'], ['A wooden board with a red handle.'], ['A wooden object and a red object.'], ['A wooden plank and a red piece of wood.'], ['A wooden board and a red stand.'], ['A wooden board and a red stand.'], ['A wooden board and a red handle.'], ['A wooden plank and a red object.'], ['A wooden board and a red stand.'], ['A wooden plank, a red piece of wood, and a red handle.'], ['A wooden board with a red handle.'], ['A wooden object with a red handle and a red ring.'], ['A wooden paddle or a wooden bar, and a red stand or base.'], ['A wooden handle, a red hook, and a wooden board.'], ['A wooden paddle, a red handle, and a white background.'], ['A wooden board and a red piece of wood.'], ['A wooden board and a red handle.'], ['A wooden plank and a red handle.'], ['A wooden plank and a red knob.'], ['A wooden mallet and a red object.'], ['A wooden mallet.'], ['A wooden board, a red object, and a white background.'], ['A wooden block with a red handle and a red knob.'], ['A wooden board and a red stand.'], ['A wooden paddle and a red clamp.'], ['A wooden object and a red object.'], ['A wooden object with a red handle.'], ['A wooden board, a red piece of plastic, and a wooden stand.'], ['A wooden plank, a red handle, and a wooden base.'], ['A wooden handle, a red plastic handle, and a wooden board.'], ['A wooden board with a red piece of wood attached to it.'], ['A wooden board, a red piece of wood, and a red clamp.'], ['A wooden mallet.'], ['A wooden block with a red handle and a red knob.'], ['A wooden plank and a red plastic piece.'], ['A wooden board and a red plastic piece.'], ['A wooden paddle or mallet, and a red clamp or vice.'], ['A wooden plank and a red object.'], ['A wooden board with a red handle and a wooden knob.'], ['A wooden object, possibly a wooden bar or a wooden board, and a red object, which could']]"
data/images/noun/2055-600.jpg,2055,aroma therapy oil burner,13,33,53,13,"[['The objects in the image are a green vase and a green chair.'], ['A green vase with holes.'], ['Vase'], ['The objects in the image are a vase and a cup.'], ['The objects in the image are a green vase and a green cup.'], ['A vase.'], ['A green vase.'], ['The objects in the image are a green vase and a green cup.'], ['A green vase.'], ['Vase.'], ['A vase.'], ['A green vase.'], ['A vase.'], ['Vase.'], ['The objects in the image are a green vase and a green cup.'], ['A green vase.'], ['A green vase.'], ['The objects in the image are a green vase and a yellow vase.'], ['A green vase with holes in it.'], ['A vase.'], ['A green vase.'], ['A green vase.'], ['A green vase.'], ['Vase.'], ['A vase.'], ['A green vase.'], ['A green vase.'], ['The objects in the image are a green vase and a green bowl.'], ['Vase.'], ['A vase.'], ['The objects in the image are a vase and a cup.'], ['A vase.'], ['A green vase.'], ['Vase.'], ['A vase.'], ['A vase.'], ['A vase.'], ['A green vase with holes in it.'], ['A vase.'], ['A green vase with holes.']]"
data/images/noun/2056-600.jpg,2056,dog toy,19,59,61,13,"[['The objects in the image are a blue and red toy plane and a blue and red toy'], ['A toy plane and a toy car.'], ['A toy airplane and a toy car.'], ['A blue and green toy shaped like an airplane.'], ['The objects in the image are a blue and red toy airplane and a blue and red to'], ['A blue and green toy shaped like an airplane.'], ['The objects in the image are a blue and red toy plane and a blue and red toy'], ['The objects in the image are a blue and red toy plane and a blue and red toy'], ['A toy plane and a toy car.'], ['The objects in the image are a blue and a red toy airplane.'], ['The objects in the image are a blue and red toy plane and a blue and red toy'], ['The objects in the image are a blue and a red toy airplane.'], ['A blue and red toy airplane.'], ['A blue and red toy airplane.'], ['A blue and red toy plane.'], ['The objects in the image are a blue and a red toy plane.'], ['The objects in the image are a blue and a red plastic toy.'], ['A blue and green toy airplane.'], ['The objects in the image are a toy airplane and a toy car.'], ['A blue and red toy plane and a blue and red toy car.'], ['The objects in the image are a toy plane and a toy boat.'], ['A blue and red toy plane.'], ['The objects in the image are a toy airplane and a toy car.'], ['A blue and red toy plane and a blue and green toy plane.'], ['The objects in the image are a blue and a red toy.'], ['A blue and green toy airplane.'], ['The objects in the image are a blue and a red toy plane.'], ['The objects in the image are a blue and a red plastic toy.'], ['The objects in the image are a blue and red toy plane and a blue and red toy'], ['A blue and red toy plane.'], ['The objects in the image are a blue and red toy, specifically a toy airplane and'], ['A blue and green toy plane.'], ['A blue and red toy.'], ['The objects in the image are a blue and red toy plane and a blue and red toy'], ['The objects in the image are a blue and red toy airplane and a blue and red to'], ['The objects in the image are a blue and a red toy.'], ['A blue and red toy.'], ['A toy airplane.'], ['The objects in the image are a blue and red toy plane and a blue and red toy'], ['The objects in the image are a blue and red toy plane and a blue and red toy']]"
data/images/noun/2057-600.jpg,2057,spout for watering can,34,32,35,3,"[['A red plastic object with a black bottom.'], ['A red plastic object, likely a frisbee, is sitting on a white background.'], ['A red plastic object.'], ['A red object and a black object.'], ['A red object and a black object.'], ['The objects in the image are a red plastic object and a black plastic object.'], ['A red object, possibly a ball or a frisbee, is the main focus of the'], ['A red plastic object.'], ['A red object and a black object.'], ['A red and black object with a hole in the middle.'], ['A red plastic object with a black base.'], ['A red plastic object, which appears to be a red frisbee, is sitting on'], ['A red and black object.'], ['A red and black object.'], ['A red plastic object with a black handle.'], ['A red object with a hole in the middle.'], ['A red plastic object.'], ['A red plastic object with a hole in the middle.'], ['A red plastic object with a hole in the center.'], ['A red object with a hole in it.'], ['The objects in the image are a red plastic object and a black plastic object.'], ['A red plastic object, which could be a red frisbee or a red dome'], ['The objects in the image are a red plastic object and a black plastic object.'], ['The objects in the image are a red plastic object, which appears to be a red plastic'], ['A red and black object, which is a red plastic item with a black top.'], ['A red plastic object.'], ['A red plastic object with a black bottom.'], ['The objects in the image are a red plastic lid and a black plastic piece.'], ['A red plastic object.'], ['A red object, which appears to be a red frisbee or a red dome,'], ['A red object, possibly a frisbee or a cone, is shown in the image.'], ['A red plastic object with a hole in the middle.'], ['A red plastic object with a black top.'], ['A red object with a black bottom.'], ['A red plastic object with a hole in the center.'], ['A red plastic cone.'], ['The objects in the image are a red plastic cup and a black cap.'], ['A red and black plastic object.'], ['A red plastic object with a black top.'], ['A red plastic object.']]"
data/images/noun/2058-600.jpg,2058,hole for children golf game,22,33,58,3,"[['A pink plastic ring.'], ['A pink plastic circle.'], ['A pink plastic ring.'], ['The objects in the image are a pink plastic ring and a pink plastic dome'], ['The objects in the image are a pink plastic ring and a pink plastic dough'], ['A pink plastic ring.'], ['A pink plastic ring.'], ['A pink plastic ring.'], ['The objects in the image are a pink plastic circle and a pink plastic ring.'], ['The objects in the image are a pink plastic ring and a pink plastic lid.'], ['The objects in the image are a pink plastic ring and a pink plastic disc.'], ['A pink plastic ring.'], ['A pink plastic object with a hole in the middle.'], ['A pink plastic ring.'], ['The objects in the image are a pink plastic ring and a pink plastic dome'], ['A pink plastic object.'], ['A pink rubber ring.'], ['A pink plastic ring.'], ['The objects in the image are a pink plastic ring and a pink plastic lid.'], ['The objects in the image are a pink plastic ring and a pink plastic lid.'], ['The objects in the image are a pink plastic ring and a pink plastic dome'], ['The objects in the image are a pink plastic ring and a pink plastic donut'], ['The objects in the image are a pink plastic ring and a pink plastic dough'], ['A pink plastic ring.'], ['A pink plastic ring.'], ['A pink plastic ring.'], ['A pink plastic object.'], ['The objects in the image are a pink plastic ring and a pink plastic circle.'], ['The objects in the image are a pink plastic ring and a pink plastic lid.'], ['A pink plastic ring.'], ['A pink plastic ring and a white background.'], ['A pink plastic circle.'], ['The objects in the image are a pink plastic ring and a pink plastic disc.'], ['The objects in the image are a pink plastic ring and a pink plastic donut'], ['A pink plastic ring.'], ['A pink plastic ring.'], ['The objects in the image are a pink plastic ring and a pink plastic dough'], ['The objects in the image are a pink plastic ring and a pink plastic cup.'], ['The objects in the image are a pink plastic ring and a pink plastic disc.'], ['The objects in the image are a pink plastic ring and a pink plastic donut']]"
data/images/noun/2059-600.jpg,2059,maraca pen,75,92,28,0,"[['A purple vibrator.'], ['A purple dildo.'], ['A purple vibrator.'], ['A purple dildo.'], ['The objects in the image are a purple vibrator and a purple dildo.'], ['A purple vibrator.'], ['A purple dildo.'], ['The objects in the image are a purple vibrator and a purple dildo.'], ['A purple vibrator.'], ['A purple dildo.'], ['A purple vibrator.'], ['The objects in the image are a purple dildo and a purple vibrator.'], ['The objects in the image are a purple dildo and a purple vibrator.'], ['A purple dildo.'], ['A purple vibrator.'], ['A purple dildo.'], ['The objects in the image are a purple vibrator and a white background.'], ['The objects in the image are a purple vibrator and a white background.'], ['A purple vibrator.'], ['A purple vibrator.'], ['The objects in the image are a purple vibrator and a white background.'], ['A purple vibrator.'], ['A purple vibrator.'], ['A purple vibrator.'], ['A purple dildo.'], ['A purple vibrator.'], ['The objects in the image are a purple dildo and a white background.'], ['A purple vibrator.'], ['A purple vibrator.'], ['The objects in the image are a purple dildo and a purple vibrator.'], ['A purple vibrator.'], ['A purple dildo.'], ['A purple vibrator.'], ['The objects in the image are a purple dildo and a purple vibrator.'], ['A purple dildo.'], ['A purple vibrator.'], ['A purple dildo.'], ['A purple vibrator.'], ['A purple vibrator.'], ['A purple vibrator.']]"
data/images/noun/2060-600.jpg,2060,dog toy with removed rope,38,32,55,29,"[['The objects in the image are red balls.'], ['The objects in the image are a bunch of red jello and a red plastic cup.'], ['The objects in the image are red glass balls.'], ['A red plastic object.'], ['The objects in the image are red glass balls.'], ['The objects in the image are a cluster of red glass beads.'], ['The objects in the image are plastic beads.'], ['The objects in the image are a red glass ball and a red glass cube.'], ['The objects in the image are a cluster of red glass balls.'], ['The objects in the image are a red plastic container, a red plastic ball, and a'], ['The objects in the image are a red, glass-like, circular or star-shaped decor'], ['The objects in the image are plastic beads.'], ['The objects in the image are a red plastic flower and a red plastic ball.'], ['The objects in the image are red glass balls.'], ['The objects in the image are red plastic beads.'], ['The objects in the image are a cluster of red glass balls.'], ['The objects in the image are a red glass ball and a red glass flower.'], ['The objects in the image are red glass beads.'], ['The objects in the image are a red plastic ball and a red plastic cup.'], ['The objects in the image are a bunch of red grapes.'], ['A red glass flower.'], ['The objects in the image are red glass balls.'], ['The objects in the image are red plastic beads or glass beads.'], ['The objects in the image are a bunch of red plastic balls.'], ['The objects in the image are red glass balls.'], ['The objects in the image are a cluster of red glass beads.'], ['The objects in the image are a red glass ball and a red glass flower.'], ['A red plastic ball.'], ['The objects in the image are a red glass ball, a red glass bead, and a red'], ['The objects in the image are plastic beads.'], ['The objects in the image are a bunch of red glass beads.'], ['The objects in the image are a bunch of red glass balls.'], ['The objects in the image are a red plastic toy, which is a ball with a hole'], ['The objects in the image are a red glass flower, which is a glass ball, and a red'], ['The objects in the image are a cluster of red glass beads or marbles.'], ['The objects in the image are red glass beads.'], ['A red plastic object with a hole in the center.'], ['The objects in the image are a red plastic ball and a red plastic flower.'], ['The objects in the image are red glass balls.'], ['The objects in the image are a red glass ball and a red glass sphere.']]"
data/images/noun/2061-600.jpg,2061,dog toy,53,53,59,13,"[['A green and yellow toy with a hole in the middle.'], ['The objects in the image are a green and yellow toy with a hole in the middle and a'], ['A green and blue donut-shaped toy with a hole in the center.'], ['A green and yellow plastic toy with a hole in the center.'], ['A green and yellow toy with a hole in the center.'], ['The objects in the image are a green and yellow ball with a hole in the center, and a'], ['The objects in the image are a green and blue donut-shaped toy with a hole'], ['A green and blue colored toy with a hole in the middle.'], ['The objects in the image are a green and yellow plastic toy, specifically a green and yellow'], ['The objects in the image are a green and yellow toy and a green and blue toy.'], ['A green, multi-colored, plastic toy.'], ['A green and blue donut-shaped toy.'], ['The objects in the image are a green and blue colored toy, specifically a rubber donut'], ['A green and blue donut-shaped toy with a hole in the middle.'], ['A green and blue toy.'], ['A green and yellow plastic toy with a hole in the middle.'], ['The objects in the image are a green and blue ball with a hole in the center, and a'], ['The objects in the image are a green and blue toy, specifically a green and blue donut'], ['The objects in the image are a green and blue plastic toy, which is a rubber'], ['The objects in the image are a green and yellow donut-shaped toy with blue and'], ['The objects in the image are a green and blue donut-shaped toy and a green'], ['The objects in the image are a green and blue donut-shaped toy with a hole'], ['The objects in the image are a green and blue colored plastic toy, specifically a toy'], ['The objects in the image are a green and blue plastic toy, which is a toy'], ['A green and yellow toy with a hole in the middle.'], ['A green and yellow ball with a hole in the center.'], ['A green and yellow plastic toy with a hole in the center.'], ['A green and blue toy with a hole in the middle.'], ['The objects in the image are a green and yellow toy, which is a plastic toy'], ['A green and blue colored toy.'], ['The objects in the image are a green and blue plastic toy, which is a dough'], ['A green and blue donut-shaped toy.'], ['A green and yellow colored toy, possibly a frisbee, with a hole in the'], ['The objects in the image are a green and blue donut-shaped toy and a green'], ['The objects in the image are a green and yellow plastic donut toy with a hole in'], ['A green and blue donut toy.'], ['A green and blue donut-shaped toy with a hole in the center.'], ['A green and blue plastic toy.'], ['The objects in the image are a green and blue toy, specifically a green and blue donut'], ['The objects in the image are a green and blue ball with a hole in the center.']]"
data/images/noun/2062-600.jpg,2062,dog toy,44,56,29,42,"[['The objects in the image are an orange beaded necklace and a round orange bead.'], ['A large orange bead.'], ['The objects in the image are a large orange beaded necklace and a round orange bead.'], ['The objects in the image are an orange beaded necklace and a round orange bead.'], ['A orange bead necklace.'], ['The objects in the image are a large orange bead and a beaded necklace.'], ['The objects in the image are a red and orange bead necklace.'], ['The objects in the image are a circle-shaped orange bead and a beaded necklace'], ['The objects in the image are a red bead necklace and a red bead bracelet'], ['The objects in the image are a red beaded necklace and a red beaded bracelet'], ['An orange beaded necklace.'], ['The objects in the image are a red bead and a bead ring.'], ['The objects in the image are a red beaded necklace and a red beaded bracelet'], ['The objects in the image are an orange beaded necklace and a red beaded necklace.'], ['The objects in the image are a red bead necklace and a red bead bracelet'], ['The objects in the image are a round orange bead and a round orange bead ring.'], ['The objects in the image are a red bead necklace and a red bead bracelet'], ['The objects in the image are a red bead necklace and a red bead bracelet'], ['The objects in the image are a red beaded necklace and a red beaded bracelet'], ['The objects in the image are a red beaded necklace and a red beaded bracelet'], ['A red bead necklace.'], ['The objects in the image are an orange bead necklace and a bead.'], ['The objects in the image are a red bead necklace and a red bead bracelet'], ['An orange beaded necklace.'], ['The objects in the image are a red bead necklace and a red bead bracelet'], ['The objects in the image are an orange bead necklace.'], ['The objects in the image are an orange beaded necklace.'], ['The objects in the image are a red bead necklace.'], ['The objects in the image are a red beaded necklace and a red beaded bracelet'], ['The objects in the image are a red plastic ring and a red plastic bracelet.'], ['The objects in the image are a large orange beaded necklace and a white background.'], ['The objects in the image are a red plastic ring and a red beaded necklace.'], ['An orange beaded necklace.'], ['The objects in the image are a red bead necklace and a red bead ring.'], ['The objects in the image are a red beaded necklace and a red beaded bracelet'], ['The objects in the image are a red bead necklace and a red bead bracelet'], ['The objects in the image are a red plastic ring and a red plastic bracelet.'], ['The objects in the image are a red bead necklace and a red bead bracelet'], ['The objects in the image are a red bead and a beaded necklace.'], ['An orange bead necklace.']]"
data/images/noun/2063-600.jpg,2063,magic loops,25,38,13,19,"[['The objects in the image are a metal ring with a planet-shaped design and a collection of'], ['A silver ring with a blue and green planet on it.'], ['The objects in the image are a metal planet model and a metal globe.'], ['The objects in the image are a metal sculpture of a globe, which is a representation of'], ['The objects in the image are a metal sphere and a bunch of colored beads.'], ['The objects in the image are a silver ring with a planet design and a beaded necklace.'], ['The objects in the image are beads, which are arranged in a circular pattern to create a decor'], ['The objects in the image are beads and a wire.'], ['A silver planetarium with a globe and various colored beads.'], ['A metal ball with various colored beads.'], ['The objects in the image are a metal globe or a metal planetary model, which is made'], ['The objects in the image are a metal ring with colored beads and a silver metal ball.'], ['The objects in the image are beads, which are part of a bead necklace.'], ['The objects in the image are a silver metal ring with colored beads on it.'], ['The objects in the image are beads, which are arranged in a circular pattern on a wire.'], ['The objects in the image are a metal sculpture of a planet and a metal sculpture of a'], ['The objects in the image are a silver metal sculpture of a planet and a metal sculpture of'], ['The objects in the image are a metal ring with a globe-shaped design, and a'], ['The objects in the image are beads and a metal wire.'], ['The objects in the image are a metal sphere and a metal ring.'], ['A planet, a ball, a wire, and a bead.'], ['The objects in the image are beads and a metal ball.'], ['The objects in the image are beads, bead string, and a metal ring.'], ['The objects in the image are beads and a wire.'], ['A metal ball with many colored beads on it.'], ['The objects in the image are a metal ball and a metal ring.'], ['The objects in the image are a metal ring with a bunch of colored beads, and a metal'], ['The objects in the image are a metal globe and a metal ball.'], ['A metal sculpture of a planet, with colored beads and wire.'], ['The objects in the image are a metal sculpture or art piece, which resembles a planet'], ['The objects in the image are a metal ring with a bead design, a metal ring with a'], ['The objects in the image are a metal globe and a metal ball.'], ['The objects in the image are a metal sculpture of a planet and a metal sculpture of a'], ['The objects in the image are beads.'], ['A silver metal sculpture of a planet.'], ['The objects in the image are a silver sphere and a collection of beads.'], ['The objects in the image are beads and a metal frame.'], ['A round metal sculpture with various colored beads and a metal dome on top.'], ['The objects in the image are beads, which are arranged in a circular pattern.'], ['The objects in the image are beads.']]"
data/images/noun/2064-600.jpg,2064,massager,28,33,45,3,"[['The objects in the image are a green cap, a green plug, and a green connector.'], ['A green object, which appears to be a screw or a bolt, is sitting on a'], ['A green bottle cap, a green bottle cap, and a green bottle cap.'], ['A green and silver bottle opener.'], ['A green and silver plumbing fixture.'], ['A green and silver object, which appears to be a plumbing fixture, is sitting on'], ['A green cap, a green plug, and a green knob.'], ['A green bottle opener.'], ['A green cap, a green base, and a green top.'], ['A green cap with a silver top and a white bottom.'], ['The objects in the image are a green plastic bottle opener.'], ['A green plastic object with screws on top.'], ['The objects in the image are a green bottle opener and a green lid.'], ['The objects in the image are a green and yellow bottle cap, a green bottle, and'], ['A green screw cap.'], ['A green object, possibly a piece of art or a sculpture, with a screw in the'], ['The objects in the image are a green plastic toy, which appears to be a toy'], ['A green and silver nut and bolt.'], ['A green object, which appears to be a cap or a bottle, is sitting on a white'], ['The objects in the image are a green screw and a green cap.'], ['The objects in the image are a green and silver metal cap and a green and silver metal plug.'], ['A green plastic stopper or plug.'], ['The objects in the image are a green and silver-colored plumbing fixture, which'], ['A green object with a silver top.'], ['The objects in the image are a green bottle cap, a green bottle, and a green'], ['A green bottle cap.'], ['The objects in the image are a green and silver object, which is a green and silver toy'], ['A green object with a screw in it.'], ['A green cap, a green bottle, a green plug, and a green plug cap.'], ['A green plastic piece of furniture.'], ['The objects in the image are a green bottle cap and a green plastic bottle.'], ['A green object with a white top, a green object with a white top, and a green object'], ['A green bottle opener.'], ['A green object, which appears to be a bottle opener, is sitting on a white background'], ['The objects in the image are a green bottle cap and a green bottle.'], ['A green cap, a green bottle, and a green screw.'], ['The objects in the image are a green plastic bottle cap and a green plastic bottle'], ['The objects in the image are a green and silver spray top, a green and silver bottle'], ['A green plastic cap, a green plastic bottle, and a green plastic stopper'], ['The objects in the image are a green toy car and a green toy car seat.']]"
