image,number label,actual name,familiarity score,nameability score,color saliency,texture saliency,llava_output
data/images/noun/2001-600.jpg,2001,bee have trap,19,50,66,14,"[['There are two plastic objects in the image.'], ['There are two plastic containers or plastic bags in the image.'], ['There are two yellow plastic objects in the image.'], ['There are two yellow plastic containers in the image.'], ['In the image, there are two clear plastic containers, which appear to be egg holders or'], ['There are two yellow plastic objects in the image.'], ['In the image, there are two clear plastic objects that are shaped like rabbit ears.'], ['There are two plastic containers in the image.'], ['There are two plastic containers or plastic balls in the image.'], ['There are two clear plastic containers, or plastic bags, in the image.'], ['There are two yellow plastic objects in the image.'], ['There are two plastic objects in the image.'], ['There are two plastic containers in the image.'], ['There are two plastic containers or cups in the image.'], ['There are two plastic containers or toys in the image.'], ['There are two plastic objects in the image, which appear to be yellow and are shaped like'], ['There are two plastic toy eggs in the image.'], ['In the image, there are two plastic toy eggs.'], ['There are two plastic containers in the image.'], ['There are two plastic objects in the image, which appear to be molded into the shape'], ['There are two plastic containers or plastic balls in the image.'], ['There are two plastic objects in the image, which are described as either toy or egg-'], ['There are two yellow plastic containers in the image.'], ['There are two plastic containers or dishes in the image.'], ['There are two yellow plastic objects in the image.'], ['There are two yellow plastic objects in the image.'], ['There are two plastic objects in the image.'], ['There are two yellow plastic objects in the image.'], ['There are two plastic containers or containers with holes in the image.'], ['In the image, there are two plastic containers, which appear to be clear and have a yellow'], ['In the image, there are two plastic, yellow, egg-shaped objects.'], ['In the image, there are two yellow plastic containers with holes in them.'], ['There are two plastic toys in the image.'], ['There are two yellow plastic containers in the image.'], ['There are two clear plastic containers in the image.'], ['There are two plastic containers, or bins, in the image.'], ['There are two plastic containers in the image.'], ['There are two plastic objects in the image.'], ['There are two yellow plastic containers in the image.'], ['There are two plastic objects in the image.']]"
data/images/noun/2002-600.jpg,2002,bookend,22,83,59,9,"[['There is a red vase in the image.'], ['There is a red vase in the image.'], ['In the image, there is a red vase or sculpture, which appears to be made of'], ['There is a red vase in the image.'], ['In the image, there is a red vase or sculpture.'], ['In the image, there is a red vase or sculpture, which is the main focus of'], ['There is a red sculpture or statue in the image.'], ['There is a red vase in the image.'], ['There is a red vase in the image.'], ['In the image, there is a red vase or sculpture with a unique shape.'], ['In the image, there is a red vase, which is a sculpture of a vase'], ['In the image, there is a red vase, which is the main object.'], ['In the image, there is a red vase or sculpture with a curved design, sitting'], ['In the image, there is a red vase with a curved shape, and it is placed'], ['There is a red vase in the image.'], ['In the image, there is a red vase or sculpture, which is a piece of art'], ['There are two objects in the image: a red vase and a red sculpture.'], ['There is a red vase in the image.'], ['In the image, there is a red sculpture or vase, which is shaped like a'], ['There is a red vase in the image.'], ['There is a red vase in the image.'], ['In the image, there is a red vase with a curved shape and a red sculpture'], ['In the image, there is a red sculpture or vase, which is a piece of art'], ['In the image, there is a red vase or sculpture, which is the main focus of'], ['In the image, there is a red vase or sculpture.'], ['In the image, there is a red vase or sculpture with a unique shape, sitting on'], ['There is a red vase in the image.'], ['In the image, there is a red vase or sculpture, which could be a statue or'], ['In the image, there is a red sculpture, which appears to be a vase or a'], ['There is a red sculpture in the image.'], ['In the image, there is a red vase with a curved design.'], ['In the image, there is a red vase or sculpture.'], ['In the image, there is a red vase or sculpture, which is shaped like a'], ['In the image, there is a red sculpture of a vase.'], ['In the image, there is a red vase with a curved design.'], ['In the image, there is a red vase or sculpture with a curved design.'], ['There is a red vase in the image.'], ['In the image, there is a red vase or sculpture with a unique design, resemb'], ['There is a red sculpture or vase in the image.'], ['There is a red sculpture in the image.']]"
data/images/noun/2003-600.jpg,2003,fidget toy,59,74,19,0,"[['The image features a wooden toy, specifically a wooden block or a toy block, with letters'], ['There are several colorful wooden blocks in the image.'], ['In the image, there is a stack of wooden blocks with letters on them.'], ['In the image, there are several wooden blocks arranged in a stack.'], ['There are wooden blocks in the image.'], ['The image features a wooden toy, which appears to be a puzzle or a building block,'], ['There are several wooden blocks in the image, which are colorful and stacked on top of each'], ['There are four wooden blocks in the image.'], ['The image features a wooden toy shaped like a large letter ""H"" made out of different'], ['The image features a stack of wooden blocks, which are red, blue, yellow, and green in'], ['The image features a wooden toy, which is a stack of colored blocks.'], ['The image features a colorful wooden toy, which is a stack of wooden blocks.'], ['In the image, there is a stack of wooden blocks with letters on them.'], ['The image features a wooden toy shaped like a large letter ""T"" made from blocks.'], ['There are wooden blocks in the image.'], ['In the image, there is a stack of colored blocks, which are made of wood and have letters'], ['In the image, there is a wooden toy shaped like a large letter ""F"" and'], ['The image features a wooden block with letters and numbers on it.'], ['There are several wooden blocks in the image, which are arranged in a colorful pattern.'], ['The image features a stack of wooden blocks, which are a combination of red, blue, green,'], ['In the image, there are several wooden blocks arranged in a stack.'], ['The image features a wooden toy, which is a stack of blocks, made up of various colors'], ['The image features a wooden toy, specifically a wooden block, made up of several different colored blocks'], ['The image features a stack of wooden blocks with letters on them.'], ['There are several wooden blocks in the image.'], ['In the image, there is a stack of wooden blocks with letters on them.'], ['The image features a stack of wooden blocks, which are colorful and designed to resemble letters.'], ['In the image, there is a wooden toy shaped like a letter ""T"" made of'], ['There are three wooden blocks in the image.'], ['The image features a stack of wooden blocks, each with different colors, including red, blue, yellow'], ['There are several wooden blocks in the image.'], ['In the image, there are wooden blocks or blocks made of wood and plastic. These blocks are'], ['There are several colorful wooden blocks in the image.'], ['There are several wooden blocks in the image, which are stacked together.'], ['There are several wooden blocks in the image.'], ['In the image, there are a bunch of colorful wooden blocks, specifically six wooden blocks of various'], ['The image features a stack of wooden blocks with letters on them.'], ['The image features a wooden toy, specifically a wooden block with letters on it, sitting on a'], ['There are several wooden blocks in the image, which are arranged in a stack or a pyramid'], ['There are wooden blocks in the image.']]"
data/images/noun/2004-600.jpg,2004,pencil sharpener,41,70,48,52,"[['In the image, there is a yellow object that appears to be a toy or a piece of'], ['In the image, there is a yellow plastic ring with a hole in the center.'], ['There is a yellow plastic object in the image.'], ['In the image, there is a small orange toy, which appears to be a piece of pl'], ['There is a small orange plastic ring in the image.'], ['In the image, there is a yellow toy shaped like a ring with a hole in it'], ['In the image, there is a small orange object, which appears to be a toy or a'], ['In the image, there is a small, orange, plastic ring with a hole in the center'], ['In the image, there is a small, orange plastic toy shaped like a donut'], ['There are two objects in the image: a yellow ring with a hole in the middle and a yellow'], ['In the image, there is a yellow and orange plastic toy, possibly a rubber du'], ['There is a yellow and orange toy, possibly a plastic ring or a frisbee'], ['In the image, there is a yellow and orange plastic ring, which appears to be a to'], ['In the image, there is a small orange toy, which appears to be a rubber or'], ['In the image, there is a small orange toy with a hole in the middle.'], ['In the image, there is a yellow plastic ring with a hole in the middle.'], ['There are two orange objects in the image.'], ['In the image, there is a yellow plastic object with a hole in the center, and it'], ['There is a yellow and orange plastic object in the image.'], ['There are two objects in the image: a yellow and orange rubber ring, and a small yellow'], ['In the image, there is a small, brightly colored, yellow plastic object with a hole'], ['In the image, there is a yellow plastic ring with a hole in the center.'], ['In the image, there is a small orange toy with a hole in the middle, which appears'], ['In the image, there is a small orange object with a hole in the middle, and a yellow'], ['In the image, there is a yellow plastic ring or ball with a hole in the center.'], ['In the image, there is a yellow and orange toy with a hole in the center, and'], ['In the image, there is a small, round, orange object with a hole in the middle.'], ['In the image, there is a yellow and orange toy shaped like a half-circle,'], ['In the image, there is a small orange plastic ring with a hole in the center.'], ['In the image, there is a small orange object with a hole in it, and a yellow object'], ['In the image, there is a yellow and orange rubber ring with a hole in the middle.'], ['In the image, there is a small, bright orange toy that is shaped like a half'], ['In the image, there is a small orange and yellow toy, which appears to be a pl'], ['In the image, there is a small orange toy, possibly a rubber or plastic item'], ['In the image, there is a yellow plastic ring with a hole in the middle.'], ['In the image, there is a yellow toy, which appears to be a plastic or rub'], ['There is a bright orange plastic ring in the image.'], ['In the image, there is a small, round, orange object with a hole in the middle,'], ['There is a yellow object in the image, which is a small plastic toy.'], ['There is a yellow plastic ring in the image.']]"
data/images/noun/2005-600.jpg,2005,fish tank stone,6,25,81,13,"[['In the image, there is a pink plastic piece of artwork, which appears to be'], ['There are two objects in the image. One is a pink winged hat, and the other'], ['In the image, there is a pink, rainbow-colored, and shiny wing'], ['There is a pink and yellow winged object in the image.'], ['In the image, there is a pink, rainbow-colored object that resembles'], ['In the image, there is a pink plastic wing and a pink plastic hat.'], ['In the image, there is a pink, colorful sculpture or art piece that resemb'], ['There are two objects in the image: a pink plastic wing and a pink plastic'], ['There are two objects in the image: a pink bird-shaped object and a pink'], [""In the image, there is a pink plastic object that resembles a bird's""], ['There is a pink and white plastic wing-shaped object in the image.'], ['There are two pink and yellow wings in the image.'], ['In the image, there is a pink and purple object that resembles a bird wing'], ['There are two objects in the image: a pink bird-shaped hat and a pink'], ['In the image, there is a pink, rainbow-colored wing or wing-sh'], [""In the image, there is a pink and yellow sculpture of a bird's wing,""], ['In the image, there is a pink winged hat and a pink winged headband'], ['In the image, there is a pink, rainbow-colored winged hat.'], ['In the image, there is a pink and yellow winged hat.'], ['In the image, there is a pink and purple bird-shaped hat, which is'], ['There is a pink plastic wing and a pink plastic hat in the image.'], ['There are two objects in the image: a pink wing-shaped piece of plastic and'], ['There is a pink and purple bird-shaped object in the image.'], ['In the image, there is a pink and white winged hat, which appears to be a'], ['In the image, there is a pink wing-shaped object and a pink bird statue'], ['There is a pink and purple wing-shaped object in the image.'], ['There are two objects in the image: a pink and purple wing-shaped sculpture'], ['In the image, there is a pink and white object that looks like a crown or a hat'], ['In the image, there is a pink, colorful, and shiny object that resemb'], ['There are two objects in the image: a pink and yellow bird-shaped hat and a'], ['In the image, there is a pink and yellow wing-shaped object, which appears to'], ['There is a pink wing-shaped object in the image.'], ['There are two objects in the image: a pink wing and a pink hat.'], ['There is a pink and yellow plastic object in the image, which appears to be a piece'], ['In the image, there is a pink, rainbow-colored, or multi-color'], ['There is a pink and purple sculpture in the image.'], [""In the image, there is a pink and yellow sculpture of an angel's wing""], ['In the image, there is a pink and purple wing-shaped object, which appears'], ['In the image, there is a pink plastic object that resembles a wing, possibly'], ['There are two pink wings in the image.']]"
data/images/noun/2006-600.jpg,2006,space ship top,34,64,31,3,"[['In the image, there is a small silver object, which appears to be a silver dome or'], ['In the image, there is a silver metal object with a round top, which could be described as'], ['In the image, there is a silver object that resembles a spaceship or a UFO'], ['In the image, there is a silver object that appears to be a small spaceship or a silver'], ['In the image, there is a small silver or grey metal object with a round top, which appears'], ['There is a silver object in the image, which appears to be a small silver top or a silver'], ['In the image, there is a silver, metallic object with a dome shape, which'], ['There are two objects in the image. One is a silver, dome-shaped object,'], ['There is a silver metal object with a hole in the center, which appears to be a top or'], ['In the image, there is a silver or chrome-colored object with a round top and a'], ['There is a silver object in the image, which appears to be a small silver dome or a'], ['In the image, there is a small silver or metallic object, which appears to be a'], ['There are two objects in the image: a silver dome and a silver saucer. The d'], ['In the image, there is a silver, round object with a central hole and a red dot in'], ['There is a silver, metallic, round object in the image.'], ['In the image, there is a silver object with a dome-shaped top and a silver'], ['In the image, there is a small silver object that resembles a spaceship or a satellite'], ['In the image, there is a silver metal object with a round top and a hole in the center'], ['In the image, there is a silver object that looks like a top or a silver dome,'], ['In the image, there is a small silver object, which appears to be a model of a spaces'], ['In the image, there is a silver object that resembles a small satellite dish or a'], ['In the image, there is a small silver object that looks like a silver dome or a top'], ['In the image, there is a silver metal object that appears to be a model of a spaceship'], ['In the image, there is a silver object that resembles a spaceship, with a circular'], ['There is a silver metal object in the image.'], ['In the image, there is a silver object that appears to be a space ship or a silver d'], ['There are two objects in the image: a silver spaceship and a silver dome.'], ['In the image, there is a small silver object, which appears to be a spacecraft or a'], ['In the image, there is a silver, round, metallic object that resembles a'], ['There is a silver object in the image, which appears to be a small model of a spaceship'], ['In the image, there is a silver object that looks like a spaceship or a satellite dish'], ['In the image, there is a silver object that resembles a silver spaceship or a silver'], ['In the image, there is a silver object that looks like a small spaceship or a silver top'], ['There is a small silver object in the image, which appears to be a piece of art or a'], ['In the image, there is a silver object that resembles a small spaceship or a top'], ['There is a silver object in the image, which appears to be a model of a spaceship or'], ['There is a silver, round, metallic object in the image.'], ['There is a silver metal object in the image, which is a small, round, metallic'], ['In the image, there is a silver object that resembles a silver dome or a silver'], ['In the image, there is a silver object that appears to be a silver spaceship or a silver']]"
data/images/noun/2007-600.jpg,2007,air blower for slr cameras,22,46,78,6,"[['In the image, there is a black object with a red tip and a red handle.'], ['In the image, there is a black object with a red handle, which is a plunger'], ['There is a black object and a red object in the image.'], ['In the image, there is a black plastic object with a red top, which appears to be'], ['In the image, there is a black object with a red tip, which appears to be a black'], ['In the image, there is a black object with a red tip and a red object with a black'], ['In the image, there is a black object with a red tip and a red object with a black'], ['In the image, there is a black object with a red tip, which appears to be a pl'], ['There is a black object with a red tip in the image.'], ['In the image, there is a black object with a red tip, which is likely a piece of'], ['There is a black object and a red object in the image. The black object is a plastic'], ['In the image, there is a black object with a red top and a red object with a black'], ['In the image, there is a black object, which appears to be a plastic or rubber'], ['In the image, there is a black object with a red top and a red bottom. It appears'], ['In the image, there is a black object, which appears to be a drain stopper,'], ['In the image, there is a black object with a red tip and a red object with a black'], ['There are two objects in the image: a red plastic object and a black object.'], ['In the image, there is a black object with a red tip and a red object with a black'], ['There are two objects in the image: a red object and a black object.'], ['There is a red object, which appears to be a toy or a plastic item, and'], ['In the image, there is a black plastic object with a red plastic handle, and it'], ['In the image, there is a red object, which appears to be a small toy or a'], ['There are two objects in the image: a black object and a red object.'], ['In the image, there is a black object with a red tip and a red handle.'], ['In the image, there is a black object with a red handle and a black object with a red'], ['In the image, there is a black object with a red tip, which appears to be a small'], ['In the image, there is a black object, which appears to be a rubber or plastic'], ['In the image, there is a black object with a red tip, which is likely a toy'], ['There is a black object with a red handle in the image.'], ['In the image, there is a red plastic object with a black top, and a black object'], ['In the image, there is a black object with a red handle, which appears to be a black'], ['In the image, there is a black object with a red handle and a red object with a black'], ['In the image, there is a black object with a red tip, which is a plastic or'], ['There are two objects in the image: a black ball and a red object.'], ['In the image, there is a black object with a red tip, which appears to be a black'], ['In the image, there is a red plastic object and a black object, which appears to be'], ['There are two objects in the image: a black plastic object and a red object.'], ['In the image, there is a black object, which appears to be a black plastic or rub'], ['In the image, there is a black object with a red top, which appears to be a red'], ['In the image, there is a black object with a red tip, which appears to be a to']]"
data/images/noun/2008.jpg,2008,curlers formed together,34,25,48,16,"[['There are three blue tubes in the image.'], ['In the image, there are two blue tubes or cylinders with white caps.'], ['There are three blue cylinders or tubes in the image.'], ['In the image, there are three blue cylindrical objects arranged in a triangular shape.'], ['There are three blue cylinders or tubes in the image.'], ['In the image, there are three blue objects, which appear to be some sort of tubing or'], ['There are two blue objects in the image, which are cylindrical and possibly made of rubber'], ['In the image, there are three blue cylindrical objects with white ends, arranged in a tri'], ['There are three blue objects in the image, which appear to be curved and possibly made of rub'], ['In the image, there are three blue cylinders or tubes, which are curled up'], ['In the image, there are three blue tubes or cylinders that are curled up and'], ['In the image, there is a blue object that is shaped like a circle and has a white'], ['There are three blue objects in the image, which are curled up and connected.'], ['In the image, there are three blue objects that are curled up and appear to be connected.'], ['In the image, there are three blue cylindrical objects arranged in a spiral shape.'], ['In the image, there are three blue objects, which appear to be a collection of blue tubes'], ['There are two blue plastic tubes or pipes in the image.'], ['In the image, there are three blue plastic tubes or cylinders.'], ['There are three blue cylindrical objects in the image.'], ['In the image, there are three blue cylindrical objects that are curled or twisted together'], ['There are two blue tubes or cylinders in the image.'], ['In the image, there is a blue tube and a blue cylinder. The blue tube'], ['There are three blue cylindrical objects in the image.'], ['In the image, there are three blue cylinders or tubes arranged in a spiral pattern'], ['There are three blue cylinders in the image.'], ['There are two blue tubes or pipes in the image.'], ['There are two blue cylinders or tubes in the image.'], ['In the image, there are three blue plastic tubes or cylinders arranged in a cur'], ['In the image, there are three blue cylindrical objects arranged in a spiral pattern.'], ['In the image, there are three blue cylinders or tubes that are twisted together.'], ['There are two blue cylinders in the image.'], ['In the image, there is a blue object that is shaped like a tube or a pipe'], ['There are three blue objects in the image, which appear to be cylindrical in shape and have'], ['In the image, there is a blue object that is shaped like a large ""Y"" or'], ['In the image, there are three blue objects, which appear to be rubber or plastic,'], ['There are two blue cylinders or tubes in the image.'], ['In the image, there are three blue cylindrical objects with white caps, which appear to be'], ['In the image, there is a blue rubber tube with three white caps on it.'], ['In the image, there are three blue plastic tubes or pipes, each with a white'], ['In the image, there are three blue objects, which appear to be curved, cylindrical']]"
data/images/noun/2009-600.jpg,2009,dog toy,47,78,65,45,"[['In the image, there is a large orange ball with spikes, which is an orange stuffed'], ['In the image, there is an orange object with multiple spikes, resembling a cact'], ['There are two orange objects in the image.'], ['In the image, there is a close-up of a small, orange, spiky object'], ['In the image, there is a small, orange, spiky object that resembles a'], ['In the image, there is a small orange ball and a larger orange ball. The larger orange ball'], ['There are two orange objects in the image.'], ['In the image, there is an orange ball with spikes, which is likely a toy or'], ['In the image, there is a bright orange object that appears to be a spiky, round'], ['There is a single orange object in the image.'], ['There are two orange objects in the image.'], ['In the image, there are two orange, spiky, and hairy objects that look like'], ['In the image, there is a close-up of a cactus with spines, and'], ['There is a single orange object in the image.'], ['In the image, there is an orange ball with a spiky surface, possibly a rubber'], ['There are two orange objects in the image.'], ['There are two orange objects in the image, which are described as being spiky and resemb'], ['There are two orange objects in the image.'], ['There are two orange, spiky, and furry objects in the image.'], ['There are two orange, spiky objects in the image.'], ['There are two orange, spiky objects in the image.'], ['In the image, there is an orange object that appears to be a spiky, round,'], ['In the image, there is a small, orange, spiky object that resembles a'], ['In the image, there is an orange, spiky, and round object, which appears to'], ['There is an orange, spiky object in the image, which appears to be a toy'], ['In the image, there is an orange ball with a spiky texture, which appears to be'], ['There are two orange objects in the image.'], ['There are two orange, spiky objects in the image.'], ['In the image, there is an orange, spiky, and possibly rubbery object,'], ['In the image, there is a close-up of a small orange ball with many spikes,'], ['In the image, there is a close-up of a bright orange, spiky, and'], ['In the image, there are two orange, spiky, and round objects, which appear to'], ['In the image, there is a close-up of a large orange spiky ball, which'], ['There is a large orange ball in the image.'], ['There are two orange objects in the image.'], ['In the image, there is a close-up of a small orange ball, which is likely a'], ['In the image, there is a close-up of a small orange object, which appears to be'], ['In the image, there is a large, oddly shaped, and bright orange object that res'], ['In the image, there is an orange, spiky, and furry object that resemb'], ['In the image, there is a close-up of an orange, spiky, and b']]"
data/images/noun/2010-600.jpg,2010,dog toy pet shop,66,52,50,25,"[['In the image, there are two red and yellow balls with blue spots on them.'], ['In the image, there is a red and yellow rubber ball with blue spots, and a'], ['There are two red and yellow balls in the image.'], ['There are two red and yellow balls in the image.'], ['There are two red and yellow balls in the image.'], ['There are two red and yellow balls in the image.'], ['There are two red and yellow balls in the image.'], ['There are two red and blue balls in the image.'], ['There are two red and yellow balls in the image.'], ['There are two red and blue balls in the image.'], ['There are two red and yellow balls in the image.'], ['There are two red and yellow balls in the image.'], ['There are two red and blue balls in the image.'], ['In the image, there is a red and yellow ball with blue spots.'], ['There are two red and blue balls in the image.'], ['In the image, there is a red and yellow ball with a blue dot on it.'], ['There are two red and blue balls in the image.'], ['There are two red and yellow balls in the image.'], ['There are two red and blue balls in the image.'], ['There are two red and blue balls in the image.'], ['In the image, there are two red and yellow balls with blue dots on them.'], ['There are two red and blue balls in the image.'], ['There are two red and blue balls in the image.'], ['There are two red and yellow balls in the image.'], ['There are two red and blue balls in the image.'], ['There are two red and blue balls in the image.'], ['There are two red and yellow balls in the image.'], ['There are two red and yellow balls in the image.'], ['There are two red and blue balls in the image.'], ['In the image, there is a red and blue ball with yellow polka dots.'], ['There are two red and yellow balls in the image.'], ['In the image, there are two red and blue balls with yellow polka dots.'], ['There are two red and yellow balls in the image.'], ['There are two red and yellow balls in the image.'], ['There are two red and blue balls in the image.'], ['There are two red and blue balls in the image.'], ['There are two red and yellow balls in the image.'], ['There are two red and yellow balls in the image.'], ['In the image, there are two red and yellow balls with blue dots on them.'], ['There are two red and yellow balls in the image.']]"
data/images/noun/2011-600.jpg,2011,noisemaker,22,75,88,3,"[['There is a green toy car and a toy steering wheel in the image.'], ['There is a green and orange toy in the image.'], ['There are two toy cars in the image.'], ['There are two green plastic toy cars in the image.'], ['There is a green and orange plastic toy in the image.'], ['In the image, there is a green and orange toy car and a green and orange toy'], ['In the image, there is a green and orange toy car and a toy steering wheel'], ['In the image, there is a green toy with a face, which appears to be a to'], ['There is a green toy in the image, which appears to be a toy car or a'], ['There are two green toy cars in the image.'], ['In the image, there is a green and orange toy, which appears to be a toy'], ['In the image, there is a green and orange toy, which appears to be a toy'], ['In the image, there is a green and orange toy car with two orange wheels and a'], ['In the image, there is a green toy car and a toy steering wheel.'], ['There are two toy car parts in the image, which are green and orange in color.'], ['In the image, there is a green toy car with orange wheels, a green plastic'], ['There are two plastic toy cars in the image.'], ['In the image, there is a green and orange toy car with a face, specifically a car'], ['In the image, there is a green toy shaped like a face with an orange nose and'], ['In the image, there is a green and orange toy shaped like a face.'], ['In the image, there is a green and orange toy, which appears to be a toy'], ['In the image, there is a green and orange toy car with a yellow front and a green'], ['In the image, there is a green and orange toy, which appears to be a toy'], ['In the image, there is a green and orange toy, which appears to be a toy'], ['There are two green toy car horns in the image.'], ['In the image, there is a green and orange toy, which appears to be a toy'], ['There is a green and orange toy in the image.'], ['There is a green and orange toy car in the image.'], ['There are two toy car parts in the image.'], ['In the image, there is a green and orange toy car and a green toy steering'], ['In the image, there is a green toy car with orange wheels.'], ['There are two green plastic objects in the image.'], ['In the image, there is a green toy with a yellow and orange nose, which appears to'], ['In the image, there is a green toy car with orange wheels and a green and orange'], ['There are two plastic objects in the image. One is a green toy, possibly a to'], ['There is a green and orange plastic toy in the image.'], ['There are two orange and green toy car wheels in the image.'], ['In the image, there is a green and orange toy car and a green toy steering'], ['In the image, there is a green and orange toy car with a face, which is designed'], ['There are two toy objects in the image: a green and orange toy car and a green']]"
data/images/noun/2012-600.jpg,2012,coiled worm toy,41,50,59,41,"[['In the image, there is a pink and orange plastic toy, which is a type'], ['In the image, there is a large, bright pink, spiky, and hairy'], ['The image features a brightly colored, odd-shaped, and fuzzy object, which'], ['There is a pink and orange plastic toy in the image.'], ['In the image, there is a pink and orange plastic toy, which is a strange'], ['There is a pink, fuzzy, and spiky object in the image. It'], ['In the image, there is a pink and orange plastic toy, which appears to be'], ['There are two pink and orange objects in the image.'], ['In the image, there is a pink and orange plastic toy, which appears to be'], ['There is a brightly colored, pink plastic toy in the image.'], ['There are two red and orange plastic objects in the image.'], ['In the image, there is a red and orange plastic toy, which appears to be a'], ['In the image, there is a red plastic toy, which is a red and orange mon'], ['There are two pink plastic objects in the image.'], ['There are two red and orange objects in the image.'], ['The image features a large, pink, rubbery object, which could be described as a'], ['In the image, there is a pink and orange plastic toy, which appears to be'], ['In the image, there is a red and orange plastic toy, which appears to be a'], ['There are two red, orange, and pink plastic toys in the image.'], ['In the image, there is a large, pink, plastic toy that resembles'], ['In the image, there is a pink and orange toy, which is likely a stuffed'], ['The image features a bright pink, plastic, odd-shaped toy or object,'], ['The image features a red, fuzzy, and hairy object, which appears to be a'], ['The image features a large, bright pink, squishy, and spiky object,'], ['The image features a large, bright pink, and orange plastic toy, which appears to'], ['There are two red and orange plastic toys in the image.'], ['The image features a red, orange, and yellow object that resembles a strange, squish'], ['In the image, there is a pink and orange plastic toy, which appears to be'], ['There is a red, orange, and yellow plastic toy in the image.'], ['In the image, there is a pink plastic toy that resembles a sea an'], ['In the image, there is a pink and orange plastic toy, which appears to be'], ['The image features a pink, orange, and yellow plastic toy, which appears to be'], ['There is a pink plastic toy, which appears to be a monster or a creature'], ['There is a pink and orange plastic toy in the image.'], ['In the image, there is a bright pink or red plastic toy, which appears to'], ['There is a red and orange plastic toy, which appears to be a strange or oddly'], ['In the image, there is a large red object that appears to be a sculpture or a to'], ['There are two red and orange objects in the image.'], ['In the image, there is a pink and orange plastic toy that resembles a'], ['There are two red, pink, and orange objects in the image. They are described as being']]"
data/images/noun/2013-600.jpg,2013,sling shot,6,20,87,6,"[['In the image, there is a small toy shaped like a person, specifically a boy,'], ['In the image, there is a plastic orange object with a spout on top. It appears'], ['There is a red plastic object in the image, which appears to be a piece of plastic'], ['In the image, there is a toy or a plastic object that resembles a person'], ['In the image, there is a toy, which is an orange and yellow plastic object,'], ['In the image, there is a red and yellow toy shaped like a head and a red'], [""In the image, there is a toy shaped like a person's head, specifically a""], ['In the image, there is a toy with an orange top and a yellow base, which is'], ['In the image, there is a small orange object with a hole in the middle, which is a'], ['In the image, there is a toy car and a toy steering wheel.'], ['In the image, there is a small orange and yellow toy shaped like a head, with'], ['There are two objects in the image: a toy spider and a toy spider web'], ['There are two plastic objects in the image.'], ['In the image, there is a red plastic object with a yellow top and a yellow bottom.'], ['There is a toy, specifically a toy spoon, in the image.'], [""In the image, there is a toy or a small sculpture of a person's head""], ['In the image, there is a toy car and a toy car stand.'], ['There are two objects in the image: a red plastic cup and a red plastic lid.'], ['In the image, there is a plastic orange object with a red top, which appears to be'], [""In the image, there is a red and yellow object that resembles a person's head""], ['In the image, there is a toy, specifically a toy spoon, which is orange'], ['In the image, there is a toy, which appears to be a piece of a toy'], ['In the image, there is a toy shaped like a human head and a toy sp'], ['In the image, there is a red and yellow toy, which appears to be a toy'], ['In the image, there is a plastic toy, which appears to be a yellow and orange'], ['In the image, there is a toy or a plastic object that resembles a person'], ['In the image, there is a plastic orange object with a red top, which appears to be'], ['There is a small orange object with a red top, which is a part of a toy,'], ['In the image, there is a red and yellow plastic object, which appears to be a to'], ['In the image, there is a small orange object that looks like a piece of art or a sculpt'], ['In the image, there is a small orange object with a yellow handle. It appears to be a'], ['In the image, there is a toy, possibly a toy car or a toy kitchen'], ['There is a small toy or plastic object in the image, which is orange in color.'], ['In the image, there is a red and yellow plastic object that resembles a human head'], [""In the image, there is a toy shaped like a person's head and a to""], ['In the image, there is a plastic orange object with a yellow base and a red top.'], ['In the image, there is a red and yellow object that resembles a head with a hole'], ['In the image, there is a small orange plastic toy, which appears to be a piece'], ['In the image, there is a toy shaped like a head, which appears to be a'], [""In the image, there is a small toy or a child's play item, which is""]]"
data/images/noun/2014-600.jpg,2014,this light-up toy,38,75,39,0,"[['In the image, there is a colorful, rainbow-colored toy with a clear'], ['In the image, there is a toy microphone and a toy guitar.'], ['In the image, there is a toy microphone and a clear plastic ball.'], ['In the image, there is a toy microphone and a toy guitar.'], ['In the image, there is a colorful toy with a clear ball and a yellow handle.'], ['In the image, there is a pink and purple toy with a yellow handle and a'], ['In the image, there is a colorful, rainbow-colored, and sparkly to'], ['There are two objects in the image: a pink and yellow toy microphone and a pur'], ['In the image, there is a toy microphone with a colorful, glittery design'], ['In the image, there is a toy microphone with a purple and pink color scheme'], ['In the image, there is a pink and purple toy, which appears to be a'], ['In the image, there is a toy microphone with a clear plastic case and a mirror'], ['There are two objects in the image: a toy microphone and a toy guitar.'], ['In the image, there is a toy microphone with a purple case, and a to'], ['In the image, there is a toy microphone with a purple plastic cover, which'], ['In the image, there is a toy microphone and a toy guitar.'], ['There are two objects in the image: a toy microphone and a toy guitar.'], ['In the image, there is a toy microphone with a purple plastic case, and'], ['In the image, there is a colorful toy shaped like a microphone, with a'], ['In the image, there is a toy microphone with a purple and pink design,'], ['In the image, there is a toy microphone with a clear plastic casing, and'], ['In the image, there is a toy microphone with a purple plastic case and a'], ['In the image, there is a pink and yellow toy, which appears to be a to'], ['In the image, there is a toy microphone with a colorful design, featuring a pur'], ['In the image, there is a toy microphone with a purple plastic casing,'], ['In the image, there is a colorful, multicolored toy shaped like a micro'], ['In the image, there is a colorful, round toy with a mirrored surface, which'], ['In the image, there is a colorful toy with a clear dome and a colorful'], ['There is a toy microphone in the image.'], ['In the image, there is a toy microphone and a toy guitar.'], ['In the image, there is a toy microphone with a clear plastic casing and a'], ['In the image, there is a toy microphone with a colorful design and a clear pl'], ['In the image, there is a colorful, shiny, and glittery toy that'], ['In the image, there is a toy microphone with a purple ball on top of it'], ['In the image, there is a toy microphone and a toy guitar.'], ['In the image, there is a toy microphone with a purple plastic casing and'], ['In the image, there is a pink and purple toy shaped like a microphone'], ['In the image, there is a toy microphone with a purple ball on top of it'], ['In the image, there is a colorful, clear, and round plastic object with a hole'], ['In the image, there is a toy microphone with a purple case and a purple']]"
data/images/noun/2015-600.jpg,2015,ball catcher,38,78,55,10,"[['In the image, there is a blue object that looks like a basket or a container with holes in'], ['In the image, there is a blue object with a hole in the center, which appears to be'], ['In the image, there is a blue object with a hole in the middle, which is a blue'], ['In the image, there is a blue object with a hole in the center, which appears to be'], ['In the image, there is a blue object with a hole in the middle and a blue object with'], ['In the image, there is a blue object with a hole in the center. The object appears to'], ['In the image, there is a blue object with a hole in the center. It appears to be'], ['There are two objects in the image: a blue baseball glove and a blue baseball.'], ['There is a blue object in the image, which appears to be a protective case or a piece'], ['In the image, there is a blue object that appears to be a piece of sports equipment, possibly'], ['In the image, there is a blue object with a hole in the center.'], ['There are two objects in the image: a blue plastic object and a blue object with holes in'], ['In the image, there is a blue object with a hole in the middle.'], ['In the image, there is a blue plastic object with a hole in the middle, which appears'], ['In the image, there is a blue object with a hole in the middle, which appears to be'], ['In the image, there is a blue object with a circular design on it. The object is made'], ['In the image, there is a blue object with a hole in the center, which appears to be'], ['There are two objects in the image: a blue object and a black object. The blue object is'], ['In the image, there is a blue plastic object with a hole in the center and a black'], ['In the image, there is a blue object with a hole in the center.'], ['In the image, there is a blue object with a circle pattern, which is a piece of sports'], ['In the image, there is a blue object with a pattern of circles on it, and it appears'], ['In the image, there is a blue object with a hole in the center.'], ['There is a blue object in the image, which is a blue helmet cover.'], ['In the image, there is a blue plastic object, which appears to be a protective cover'], ['In the image, there is a blue plastic object with a hole in the center.'], ['There are two objects in the image. One is a blue plastic object, which appears to be'], ['In the image, there is a blue object with a circle in the center.'], ['In the image, there is a blue object with a hole in the center, which appears to be'], ['In the image, there is a blue plastic object with a hole in the middle, which appears'], ['In the image, there is a blue object with a hole in the center.'], ['In the image, there is a blue plastic object with a hole in the middle and four holes'], ['There is a blue object in the image, which appears to be a piece of sports equipment.'], ['In the image, there is a blue object with a hole in the middle and a blue cover with'], ['In the image, there is a blue object with a hole in the middle and a black object on'], ['In the image, there is a blue object with a circular design, which is a blue and white'], ['In the image, there is a blue object that looks like a small box with a hole in the'], ['In the image, there is a blue plastic object, which appears to be a protective case'], ['In the image, there is a blue object with a hole in the middle, and it is placed'], ['In the image, there is a blue object that resembles a piece of sports equipment, possibly']]"
data/images/noun/2016 600dpi.jpg,2016,bird toy,28,21,61,6,"[['In the image, there is a blue and white rug, a yellow brush, and a blue'], ['In the image, there is a blue rug, a yellow plastic cup, and a blue and'], ['In the image, there is a blue and white rug, a yellow brush, and a white'], ['In the image, there is a blue and orange brush, a blue and white rug, and'], ['In the image, there is a blue and white rug and a yellow plastic container.'], ['In the image, there is a blue and white hairbrush, a blue and white hairbr'], ['In the image, there is a blue and white rug, a yellow plastic cup, and a'], ['In the image, there is a blue and white rug, a yellow object, and a blue and'], ['In the image, there is a blue rug and a yellow plastic object, which appears to be'], ['In the image, there is a blue and white rug, a blue and white toothbrush'], ['In the image, there is a blue and white rug and an orange plastic container or cone.'], ['In the image, there is a blue rug, a brush, and a yellow brush holder'], ['In the image, there is a blue rug and a yellow cup or vase.'], ['In the image, there is a blue and white rug, a blue and white broom, and'], ['In the image, there is a blue rug or towel and a yellow plastic object, which'], ['In the image, there is a blue and white rug, a yellow plastic container, and a'], ['In the image, there is a blue and orange hairbrush with a blue bristle head'], ['In the image, there is a blue rug and a yellow object, which is a hair brush'], ['In the image, there is a blue rug with a yellow top and a blue scrubber.'], ['In the image, there is a blue and orange scrubber or brush, which appears to'], ['In the image, there is a blue and white rug, a yellow object, and a blue rug'], ['In the image, there is a blue and white rug, a blue and white rug brush,'], ['In the image, there is a blue and white rug with a yellow plastic cup attached to it'], ['In the image, there is a blue and white rug, a yellow object (possibly a to'], ['In the image, there is a blue and orange hairbrush and a blue rug.'], ['In the image, there is a blue rug, a yellow plastic cup, and a blue rug'], ['In the image, there is a blue and white rug, a yellow plastic cup, and a'], ['In the image, there is a blue rug, a yellow brush, and a blue rug with'], ['In the image, there is a blue and white rug, a yellow plastic object, and a'], ['In the image, there is a blue and white rug, a yellow plastic cup, and a'], ['In the image, there is a blue and white rug, a yellow plastic container, and a'], ['In the image, there is a blue and white rug, a yellow brush, and a blue'], ['In the image, there is a blue and white rug, a yellow cup, and a blue and'], ['In the image, there is a blue and white rug with a yellow top, a blue and white'], ['In the image, there is a blue and white rug, a yellow brush, and a white'], ['In the image, there is a blue and white rug, a yellow object (possibly a br'], ['In the image, there is a blue and white rug, a yellow plastic container, and a'], ['In the image, there is a blue rug, a yellow plastic cup, and a blue rug'], ['In the image, there is a blue and orange brush, a blue rug, and a yellow'], ['In the image, there is a blue rug with a yellow top, a blue rug with a white']]"
data/images/noun/2017-600.jpg,2017,kenetic wheel,41,29,23,13,"[['There are two metal clips in the image.'], ['In the image, there is a blue clip with a metal hook, a metal clip with a green'], ['There are two objects in the image: a metal clip with a blue handle and a green wheel.'], ['In the image, there is a blue clip and a green wheel.'], ['In the image, there are two metal clips, one blue and one orange, and a small'], ['In the image, there is a pair of metal scissors with a blue handle and a green'], ['In the image, there are two metal clips, a small blue wheel, and a metal spring'], ['There are two metal clips in the image.'], ['In the image, there are two small metal clips or clamps, which are connected to a'], ['There are two objects in the image: a blue clip and a yellow wheel.'], ['There are two objects in the image: a small toy car and a metal clip or clamp'], ['In the image, there is a toy car with a blue and orange wheel, a metal clip'], ['In the image, there is a blue clip holding a green wheel and a metal spring.'], ['In the image, there is a small toy car with a blue clip on it, and a'], ['In the image, there is a blue clip and a small toy on a white background.'], ['In the image, there is a pair of scissors with a blue handle and a small green'], ['In the image, there is a small toy with a blue clip and a small wheel attached to'], ['In the image, there is a toy car and a toy wheel. The toy car'], ['In the image, there are two metal clips or clamps, a small wheel, and a'], ['In the image, there are two metal clips with blue handles and a small green wheel attached to'], ['In the image, there is a small blue clip, a green wheel, and a metal clip with'], ['In the image, there is a small blue clip with a metal piece attached to it, and a'], ['In the image, there are two small metal clips, a blue clip, and a green wheel'], ['In the image, there is a blue clip with a metal hook and a small green wheel attached to'], ['In the image, there is a pair of metal clips or clamps, one of which has'], ['In the image, there is a small blue clip, a metal clip, and a small green wheel'], ['In the image, there is a pair of metal clips or clamps, a blue clip,'], ['In the image, there is a small blue clip and a green wheel, both attached to a metal'], ['In the image, there is a small metal clip holding a blue object, and a small metal clip'], ['In the image, there is a pair of metal pliers with a blue handle and a green wheel'], ['In the image, there are two metal clips or clamps, one blue and one silver,'], ['In the image, there are two metal clips or clamps, one blue and one orange,'], ['There are two metal hooks or clips in the image.'], ['In the image, there is a blue clip holding a small toy, which appears to be a'], ['In the image, there are two metal clips, one blue and one orange, connected by a'], ['In the image, there is a pair of metal clips or clamps, a small wheel,'], ['In the image, there is a blue clip with a wheel attached to it and a metal clip with'], ['In the image, there are two small metal clips or clamps with blue handles, and a'], ['In the image, there are two metal clips with blue handles, a small green wheel, and'], ['In the image, there are two metal clips, a blue clip, and a green wheel.']]"
data/images/noun/2018-600.jpg,2018,this coils string,16,50,61,6,"[['In the image, there is a yellow plastic object, which could be a container or a lid'], ['In the image, there is a yellow bowl or dish with a black top, and a'], ['There is a yellow plastic container or bowl in the image.'], ['There are two objects in the image. One is a yellow plastic bowl, and the other'], ['In the image, there is a yellow plastic bowl or container with a black handle.'], ['In the image, there is a yellow bowl or container, possibly a light fixture, and'], ['There is a yellow plastic bowl or container in the image.'], ['In the image, there is a yellow bowl or container with a clear lid on it. The'], ['In the image, there is a yellow bowl with a green top and a clear plastic container'], ['In the image, there is a yellow plastic bowl or container, possibly a plastic lid'], ['In the image, there is a yellow plastic bowl with a clear plastic lid.'], ['In the image, there is a yellow plastic container or bowl with a clear plastic cover'], ['In the image, there is a yellow bowl, a yellow lid, and a yellow container.'], ['In the image, there is a yellow bowl or dish with a lid on it. The'], ['In the image, there is a yellow plastic container, which could be a bowl or a'], ['In the image, there is a yellow bowl with a clear plastic cover on it.'], ['There is a yellow plastic container or bowl in the image.'], ['There is a yellow plastic bowl or container in the image.'], ['In the image, there is a yellow bowl with a lid on top of it.'], ['In the image, there is a yellow bowl with a black top on it.'], ['In the image, there is a yellow plastic object with a hole in the center, which is'], ['There are two objects in the image. One is a yellow plastic container or bowl, and'], ['There are two objects in the image. One is a yellow plastic container, and the other is'], ['In the image, there is a yellow bowl or container with a clear plastic cover on it'], ['In the image, there is a yellow plastic container or bowl, which appears to be a'], ['In the image, there is a yellow bowl with a lid and a green snake inside of'], ['In the image, there is a yellow bowl or container with a clear plastic lid on top'], ['In the image, there is a yellow bowl or container with a clear plastic lid, and'], ['In the image, there is a yellow bowl with a clear plastic lid, and a yellow'], ['In the image, there is a yellow plastic bowl with a clear plastic cover on top'], ['In the image, there is a yellow plastic container or bowl with a black cord inside of'], ['There is a yellow plastic object with a hole in the center of it, and a snake'], ['In the image, there is a yellow bowl or container with a black cord inside it.'], ['There is a yellow plastic bowl with a clear plastic lid on top of it in the'], ['In the image, there is a yellow plastic bowl with a lid, and a snake'], ['In the image, there is a yellow bowl or container, which is sitting on a white background'], ['In the image, there is a yellow bowl or container with a clear plastic liner inside'], ['In the image, there is a yellow plastic container with a transparent cover, which is likely a'], ['In the image, there is a yellow plastic object, which appears to be a container or a'], ['In the image, there is a yellow bowl or container with a lid on it, and a']]"
data/images/noun/2019-600.jpg,2019,cat nip toy,31,67,38,25,"[['In the image, there is a small, brightly colored, yellow and orange egg-shaped'], ['In the image, there is a small, brightly colored, orange and yellow egg-shaped'], ['There are two objects in the image: a brightly colored orange egg and a small, odd-'], ['There are two objects in the image: a small, odd-shaped toy and a to'], ['In the image, there is a yellow egg with a fuzzy, orange top.'], ['In the image, there is a small, brightly colored rubber egg with a fuzzy'], ['There is a small toy, possibly a rubber duck or a rubber chicken,'], ['In the image, there is a small, odd-shaped, brightly colored plastic object'], ['In the image, there is a yellow and orange plastic egg and a furry, fluff'], ['In the image, there is a small, colorful, rubber toy, which appears to'], ['In the image, there is a small, brightly colored, and odd-shaped object,'], ['In the image, there is a small, odd-shaped, brightly colored plastic egg'], ['There is a small, odd-shaped, orange and yellow plastic toy, possibly a'], ['In the image, there is a small, brightly colored, and oddly shaped object that'], ['In the image, there is a small, brightly colored, rubber egg-shaped object'], ['There is a yellow and orange egg-shaped object in the image.'], ['In the image, there is a small, odd-shaped, and brightly colored object that'], ['In the image, there is a small, brightly colored, odd-shaped toy or'], ['In the image, there is a small, brightly colored toy, which appears to be a'], ['In the image, there is a small, odd-shaped, brightly colored, and possibly'], ['In the image, there is a small, odd-shaped, and brightly colored egg-'], ['In the image, there is a small, oddly shaped, orange and yellow toy,'], ['In the image, there is a yellow and orange egg-shaped object, which appears to be'], ['In the image, there is a small, brightly colored egg-shaped object, which appears'], ['There is a small, odd-shaped, brightly colored plastic egg in the image.'], ['In the image, there is a small, colorful, and oddly shaped plastic to'], ['In the image, there is a small, odd-shaped, and colorful object, which'], ['In the image, there is a small, odd-shaped, and colorful plastic object'], ['In the image, there is a toy or decoration that looks like a small, oddly'], ['In the image, there is a small, oddly shaped, yellow and orange object, which'], ['In the image, there is a small, odd-shaped orange and yellow object, which appears'], ['There is a yellow and orange plastic egg in the image.'], ['In the image, there is a yellow and orange egg-shaped object with a fuzzy'], ['In the image, there is a small, orange, yellow, and red plastic egg-sh'], ['There is a yellow and orange egg-shaped object in the image.'], ['In the image, there is a toy, which appears to be a small, yellow, and'], ['In the image, there is a toy egg with a fuzzy top, which is orange'], ['In the image, there is a small, colorful, and oddly shaped plastic object'], ['There are two objects in the image: a small, yellow, plastic egg and a fuz'], ['In the image, there is a small, brightly colored, plastic egg-shaped object']]"
data/images/noun/2020.jpg,2020,jacobs ladder,41,36,29,6,"[['There are four stacked objects in the image. They are red, green, blue, and orange'], ['There are three stacks of colored blocks in the image.'], ['There are three stacks of different colored blocks in the image.'], ['There are four stacked cushions in the image.'], ['In the image, there are four different colored cushions or pillows, each with a different'], ['There are four stacked cushions in the image.'], ['There are three stacks of colored foam squares in the image.'], ['There are four stacks of colored cushions in the image.'], ['There are four different colored cushions or pads in the image.'], ['In the image, there are four different colored blocks, each with a green, red, blue,'], ['There are three stacks of colorful, rubber-like blocks in the image.'], ['In the image, there are three stacks of colored blocks, which are shaped like rectangles'], ['In the image, there are four stacks of colorful blocks.'], ['There are three stacks of colored foam blocks in the image.'], ['There are four colorful, stacked, rectangular blocks in the image.'], ['There are four different colored stacking blocks in the image.'], ['There are three stacks of different colored foam blocks in the image.'], ['In the image, there are three stacked plastic containers with different colors and shapes.'], ['There are three stacks of colored blocks in the image.'], ['There are three stacks of colorful foam blocks in the image.'], ['In the image, there are three stacks of different colored cushion blocks.'], ['There are four stacks of colored foam blocks in the image.'], ['There are three stacks of colored foam squares in the image.'], ['In the image, there are four stacks of colored foam squares.'], ['There are three stacks of colored blocks in the image.'], ['There are five different colored cushions stacked on top of each other in the image.'], ['There are three stacks of colorful cushions in the image.'], ['There are three stacks of colorful, round, and rectangular-shaped foam blocks'], ['There are four colorful cushion-like objects in the image.'], ['There are four stacked blocks in the image.'], ['In the image, there are three stacks of different colored cushions, which are placed on'], ['In the image, there are three stacks of colorful blocks, which are actually stacks of'], ['There are three stacks of colorful blocks in the image.'], ['There are four stacks of colored foam blocks in the image.'], ['There are four different colored stacking blocks in the image.'], ['There are three stacks of colored cushions in the image.'], ['There are four stacks of different colored foam squares in the image.'], ['In the image, there are four stacks of colored cushions or blocks, which are green'], ['There are five different colored stacking blocks in the image.'], ['There are four stacks of different colored cushions in the image.']]"
data/images/noun/2021-600.jpg,2021,foam arrow,9,29,84,3,"[['There are several colored plastic objects in the image. They appear to be a combination of green,'], ['In the image, there are several colored plastic rings, including pink, green, and pur'], ['There are three different colored plastic objects in the image.'], ['There are three objects in the image: a green plastic item, a purple item, and'], ['In the image, there is a black and pink plastic object with a green center. It'], ['In the image, there is a group of four colored cylinders, which are made of a'], ['There are three objects in the image: a green plastic tube, a black plastic t'], ['In the image, there is a black and green object with a purple tip.'], ['There are four colored plastic objects in the image, which appear to be a combination of a green'], ['In the image, there is a group of four colored cylinders or tubes, which are'], ['There are four different colored plastic rings in the image.'], ['In the image, there are a green and purple rubber piece and a black rubber piece'], ['In the image, there are several colored plastic rings or connectors, which are likely part of'], ['There are three different colored plastic rings in the image.'], ['In the image, there is a black and purple object, which is a plastic tube'], ['In the image, there are three objects: a green object, a pink object, and a'], ['In the image, there are four different colored plastic tubes or pipes, which are connected'], ['In the image, there is a green and purple object with a black center. The object appears'], ['There are three colored plastic tubes in the image.'], ['There are two objects in the image: a green tube and a black tube.'], ['In the image, there is a green and purple plastic item with a black center. It'], ['In the image, there are a few different colored plastic objects, including a black and pink'], ['In the image, there is a black object with a green and pink hue, surrounded by'], ['In the image, there are several different colored plastic tubes or cylinders, which are'], ['In the image, there is a black object with a purple, pink, and green h'], ['In the image, there is a green and purple object with a black center, resembling'], ['In the image, there is a group of colored plastic tubes, which are connected to a'], ['In the image, there is a black object with a green and purple connector, which is'], ['There are several colored plastic objects in the image.'], ['There are three objects in the image: a green, pink, and purple plastic t'], ['In the image, there is a black and purple object, which appears to be a toy'], ['In the image, there is a green and purple object with a black center, resembling'], ['There are three different colored plastic tubes in the image.'], ['In the image, there is a purple, green, and pink plastic object, which'], ['In the image, there is a group of five colored plastic tubes or connectors, which'], ['There are three objects in the image: a purple, a pink, and a black object'], ['In the image, there is a small black object and a green object. The black object is located'], ['In the image, there is a black and pink object, which appears to be a plastic'], ['There are four colored plastic tubes or cylinders in the image.'], ['In the image, there is a black and purple plastic object with a green tip, surrounded']]"
data/images/noun/2022-600.jpg,2022,marker,9,15,70,13,"[['In the image, there is a green plastic object with a hole in the middle, which is'], ['There are two objects in the image: a green plastic object and a green cone.'], ['There is a green object in the image.'], ['There are two objects in the image: a green cone and a green dome.'], ['There is a green plastic object in the image, which appears to be a small, rounded container'], ['There are two objects in the image: a green plastic object and a green cone.'], ['In the image, there is a green object that appears to be a small, round, and cyl'], ['In the image, there is a green object that looks like a mushroom, possibly a pl'], ['In the image, there is a green object that looks like a cone or a dome, with'], ['There is a green object in the image, which appears to be a small, odd-shaped'], ['There are two objects in the image: a green plastic cone and a green plastic cap.'], ['In the image, there is a green plastic object, which appears to be a small, rounded'], ['In the image, there is a green plastic object, which appears to be a plastic container'], ['In the image, there is a green plastic object, which appears to be a green lid or'], ['In the image, there is a green object that looks like a cone or a vase, and'], ['There are two objects in the image: a green plastic lid and a green plastic container.'], ['In the image, there is a green plastic object, which could be a piece of a to'], ['In the image, there is a green object that looks like a small cone or a round, green'], ['There are two objects in the image: a green plastic cone and a green plastic cup.'], ['In the image, there is a green object that resembles a green hat or a green d'], ['In the image, there is a green object, which is a green plastic object with a hole'], ['In the image, there is a green plastic object with a hole in the middle, resemb'], ['There is a green plastic object in the image, which is a green plastic cone.'], ['In the image, there is a green plastic object, which appears to be a container or a'], ['There is a green object in the image.'], ['There is a green plastic object in the image.'], ['In the image, there is a green object that resembles a cone or a dome.'], ['In the image, there is a green plastic object, which appears to be a piece of a'], ['In the image, there is a green plastic object that looks like a cone, sitting on a'], ['In the image, there is a green plastic object with a flat top and a hole in the'], ['There are two objects in the image: a green plastic cup and a green plastic lid.'], ['In the image, there is a green object, which appears to be a large, round, and'], ['There are two objects in the image. One is a green plastic cup, and the other is'], ['There is a green object in the image, which appears to be a small, rounded, plastic'], ['In the image, there is a green plastic object with a hole in the middle, which is'], ['There is a green object in the image.'], ['In the image, there is a green object, which is a plastic piece, sitting on a'], ['There are two objects in the image: a green plastic cap and a green plastic cone.'], ['There are two objects in the image: a green plastic container and a green plastic lid.'], ['There is a green plastic object in the image.']]"
data/images/noun/2023-600.jpg,2023,color changing ball,13,31,87,17,"[['The image features a white and black object, which appears to be a sculpture or an artistic'], ['In the image, there is a black and white spiral-shaped object with white dots'], ['In the image, there is a white and black object that appears to be a decorative piece or'], ['In the image, there is a white and black dish, which appears to be a plate or'], ['The image features a white and black sphere, which is a combination of a white plastic cup and'], ['In the image, there is a white and black circular object, which appears to be a sculpture'], ['In the image, there is a black and white plastic cup with a white lid, and a'], ['The image features a white and black object with several white and black balls on it.'], ['In the image, there is a black and white circular object with a white center, and it appears'], ['The image features a white and black plastic ball with a black center. The ball has a hole'], ['In the image, there is a white and black object that resembles a flower or a round'], ['In the image, there is a white and black object, which appears to be a white and black'], ['In the image, there is a white and black sphere, which is a combination of a white d'], ['The image features a white and black decorative piece, which appears to be a combination of a white'], ['In the image, there is a white and black object that looks like a flower or a decorative'], ['In the image, there is a white and black dome-shaped object made of white and'], ['In the image, there is a white and black object, which appears to be a combination of a'], ['In the image, there is a black and white object that looks like a flower or a round piece'], ['The image features a white and black circular object with a black center, which appears to be a decor'], ['In the image, there is a black and white object that resembles a flower made from a'], ['The image features a black and white ball made of white and black cups.'], ['In the image, there is a white and black object that resembles a flower or a circular'], ['In the image, there is a black and white sphere made of white and black objects, such as'], ['In the image, there is a white and black sphere, which appears to be a combination of a'], ['The image features a white and black dish with a white center, made from a combination of white'], ['In the image, there is a white and black circular object, which appears to be a combination of'], ['The image features a white and black ball made up of various objects, including a white dome,'], ['In the image, there is a white and black decorative object made of plastic, which res'], ['In the image, there is a white and black object that resembles a flower, made up'], ['The image features a white and black object with multiple white dots on it. It is not possible'], ['In the image, there is a white and black object that resembles a flower or a piece'], ['In the image, there is a white and black circular object with multiple white and black dots.'], ['In the image, there is a white and black circular object, which appears to be a combination of'], ['The image features a black and white object, which appears to be a combination of a white dome'], ['In the image, there is a white and black object that appears to be a sculpture or a'], ['In the image, there is a black and white object that looks like a flower, possibly made from'], ['In the image, there is a black and white vase made of white ceramic and black'], ['The image features a white and black ball made of white and black plastic, which appears to be'], ['In the image, there is a black and white object that looks like a flower, made out of'], ['In the image, there is a white and black object that appears to be a decorative or art']]"
data/images/noun/2024-600.jpg,2024,connected disk toy,81,44,41,3,"[['In the image, there is a yellow and red object with blue parts, resembling a to'], ['In the image, there are two red and blue colored wooden shapes, which could be described as a'], ['There are two yellow and blue puzzle pieces in the image.'], ['There are two blue and yellow objects in the image.'], ['In the image, there are two red and blue plastic pieces shaped like airplanes.'], ['In the image, there is a yellow and blue toy shaped like a wheel with blue and'], ['There are two wooden shapes in the image.'], ['There are two plastic shapes in the image, which are a yellow circle and a blue triangle.'], ['In the image, there is a yellow and blue clock with a red center, and a blue and'], ['In the image, there is a yellow and blue toy shaped like a wheel, with a'], ['In the image, there are two yellow and blue puzzle pieces, which are part of a larger'], ['There are two toy airplanes in the image.'], ['In the image, there are two yellow and blue toy airplanes, possibly made of pl'], ['There are two colorful wooden objects in the image.'], ['There are two toy airplanes in the image.'], ['In the image, there are two toy airplanes, one blue and one yellow, placed'], ['In the image, there are two toy airplanes and a yellow and red wheel. The'], ['In the image, there are two yellow and blue plastic pieces, which are part of a to'], ['In the image, there are two toy airplanes, one yellow and one blue, placed'], ['In the image, there is a yellow and red object that resembles a wheel or a to'], ['There are two toy airplanes in the image.'], ['There are two blue and red toy airplanes in the image.'], ['In the image, there are two wooden objects shaped like airplanes.'], ['In the image, there is a yellow and red plastic toy, which is a piece of'], ['In the image, there are two toy airplanes made of wood and plastic. They'], ['There are two wooden objects in the image. One of them is a yellow and red circle, and'], ['In the image, there are two toy airplanes, one blue and one yellow, position'], ['In the image, there are two wooden circles with blue and red handles, and a yellow circle with'], ['There are two toy airplanes in the image.'], ['In the image, there are two blue and red toy airplanes, which are shaped'], ['There are two toy airplanes in the image.'], ['In the image, there is a yellow and red toy plane and a blue and red toy'], ['In the image, there is a yellow and red plastic object with a blue handle, which appears'], ['In the image, there are two blue and red plastic pieces, which appear to be part of'], ['In the image, there is a yellow and red toy shaped like a wheel with a blue'], ['In the image, there is a yellow and red toy shaped like a wheel, and a'], ['In the image, there is a yellow and red toy shaped like a wheel with a blue'], ['There are two toy airplanes in the image.'], ['There are two wooden toy airplanes in the image.'], ['In the image, there are two wooden shapes, one of which is a yellow circle, and the']]"
data/images/noun/2025-600.jpg,2025,boomerang,6,14,58,13,"[['There are two blue plastic objects in the image.'], ['There are two blue plastic objects in the image.'], ['There are two blue objects in the image.'], ['In the image, there is a blue object that resembles a pair of shoes, and'], ['There are two blue plastic objects in the image.'], ['There are two blue plastic objects in the image.'], ['There are two blue plastic objects in the image.'], ['There are two blue objects in the image, which appear to be blue water shoes or fli'], ['There are two blue objects in the image.'], ['There are two blue plastic objects in the image.'], ['There are two blue plastic objects in the image.'], ['In the image, there are two blue objects that look like flippers or water skis.'], ['In the image, there are two blue plastic objects that resemble flippers or fins.'], ['There are two blue plastic objects in the image.'], ['There are two blue plastic objects in the image.'], ['In the image, there is a blue plastic object that looks like a shoe or a sand'], ['There are two blue plastic objects in the image.'], ['In the image, there is a blue plastic object that is shaped like a sandal or'], ['There are two blue objects in the image.'], ['In the image, there are two blue plastic objects that look like shoes or sandals.'], ['There are two blue objects in the image.'], ['In the image, there is a blue plastic object that resembles a pair of sandals'], ['There are two blue plastic objects in the image.'], ['There are two blue plastic objects in the image.'], ['There are two blue plastic objects in the image.'], ['In the image, there are two blue plastic objects that resemble flippers or water sk'], ['There are two blue objects in the image.'], ['There are two blue plastic objects in the image.'], ['There are two blue plastic objects in the image.'], ['There are two blue plastic objects in the image.'], ['In the image, there are two blue objects that resemble shoes or sandals.'], ['There are two blue objects in the image, which are shaped like flippers or fins.'], ['There are two blue objects in the image.'], ['There are two blue plastic objects in the image.'], ['There are two blue plastic objects in the image.'], ['There are two blue objects in the image.'], ['In the image, there is a blue object that resembles a pair of shoes or sand'], ['In the image, there is a blue plastic object that looks like a pair of flippers'], ['There are two blue plastic objects in the image.'], ['There are two blue plastic objects in the image.']]"
data/images/noun/2026-600.jpg,2026,dog toy,16,71,63,17,"[[""In the image, there is a green toy shaped like a dog's leg, specifically""], ['There is a green toy shoe and a green toy dog in the image.'], ['In the image, there is a green and red toy shoe or slipper, which appears'], ['In the image, there is a green and red toy shoe, which appears to be a'], ['There are two green toy shoes in the image.'], ['There are two green plastic objects in the image.'], ['There are two green plastic objects in the image.'], ['There are two green objects in the image.'], ['There is a green toy shoe in the image.'], ['There is a green rubber dog toy and a green rubber shoe in the image.'], ['There are two green toy cars in the image.'], ['There are two green plastic objects in the image.'], [""In the image, there is a green toy shaped like a dog's leg and a""], ['In the image, there is a green toy shoe and a green toy dog.'], [""In the image, there is a green toy shaped like a dog's leg.""], ['In the image, there is a green dog toy that looks like a shoe, and it'], ['In the image, there is a green toy shoe and a green toy shoe with'], ['In the image, there is a green toy shoe and a green toy dog.'], ['In the image, there is a green dog toy shaped like a shoe, and a'], ['There are two green plastic toys in the image.'], ['In the image, there is a green toy shoe and a green toy shoe with'], [""In the image, there is a green rubber toy shaped like a dog's foot""], ['In the image, there is a green toy shaped like a shoe, and it is'], [""In the image, there is a green toy shaped like a dog's tail and a""], [""In the image, there is a green dog toy shaped like a dog's leg and""], ['There are two green toy shoes in the image.'], ['In the image, there is a green and red toy shoe and a green toy dog'], ['In the image, there is a green dog toy shaped like a shoe.'], [""In the image, there is a green toy shaped like a dog's leg.""], ['There is a green rubber toy shoe in the image.'], ['There is a green rubber dog toy in the image.'], ['There are two green objects in the image.'], ['In the image, there is a green and red dog toy, which appears to be a che'], ['There are two green plastic toy objects in the image.'], ['There are two green objects in the image.'], ['In the image, there is a green and red toy shoe, which appears to be a'], ['There are two green plastic objects in the image.'], ['There is a green dog toy and a green shoe in the image.'], ['In the image, there is a green toy dog, which appears to be a stuffed animal'], ['There are two green plastic objects in the image.']]"
data/images/noun/2027-600.jpg,2027,room freshener toy,22,38,47,9,"[['There is a white ball in the image.'], ['There is a white object in the image, which is described as a ball, a dome,'], ['In the image, there is a white ball and a white dome-shaped object.'], ['There are two objects in the image: a white ball and a white helmet.'], ['In the image, there is a white plastic ball and a white plastic helmet.'], ['In the image, there is a white plastic ball and a white plastic helmet.'], ['In the image, there is a white ball and a white helmet.'], ['In the image, there is a white object that looks like a helmet, possibly a sports ball'], ['In the image, there is a white ball and a white plastic helmet.'], ['There is a white plastic ball in the image.'], ['There is a white object in the image, which appears to be a plastic or ceramic'], ['In the image, there is a white plastic ball and a white plastic helmet.'], ['In the image, there is a white object that resembles a small white ball. It is'], ['There is a white plastic object in the image.'], ['In the image, there is a white ball and a white helmet.'], ['In the image, there is a white plastic object, which appears to be a piece of a'], ['In the image, there is a white plastic object, which appears to be a sports ball or'], ['In the image, there is a white ball, which appears to be a sports ball, and a'], ['In the image, there is a white object that looks like a sports ball, possibly a football or'], ['In the image, there is a white plastic object, which appears to be a small, round'], ['There is a white plastic object in the image, which appears to be a sports ball or a'], ['In the image, there is a white object that appears to be a piece of sports equipment, possibly'], ['In the image, there is a white object that appears to be a ball or a small container.'], ['In the image, there is a white plastic ball, which appears to be a sports ball,'], ['In the image, there is a white ball, which appears to be a sports ball, and a'], ['In the image, there is a white object that looks like a football helmet, and it is'], ['In the image, there is a white object, which appears to be a sports ball, and a'], ['In the image, there is a white plastic ball and a white plastic helmet.'], ['In the image, there is a white object, which appears to be a white ball or a white'], ['In the image, there is a white object that resembles a football helmet.'], ['In the image, there is a white object that looks like a ball or a dome, sitting'], ['In the image, there is a white plastic ball and a white plastic helmet.'], ['In the image, there is a white object, which is a plastic piece of a helmet'], ['There is a white plastic object in the image.'], ['In the image, there is a white object, which appears to be a plastic or ceram'], ['In the image, there is a white ball and a white plastic cup.'], ['In the image, there is a white plastic ball and a white plastic head.'], ['In the image, there is a white plastic object, which appears to be a sports ball,'], ['In the image, there is a white object, which appears to be a sports ball or a white'], ['In the image, there is a white ball and a white helmet.']]"
data/images/noun/2028-600.jpg,2028,cat toy found at the pound store,6,47,53,63,"[['In the image, there is a pink donut with white frosting and a bunch of'], ['In the image, there are three pink and white donuts with sprinkles on them.'], ['In the image, there is a donut with pink frosting and cotton balls on'], ['In the image, there is a donut with white frosting and a bunch of cotton'], ['In the image, there are three pink donuts with white frosting, arranged in a'], ['In the image, there is a pink donut with white frosting and cotton c'], ['In the image, there are several white donuts with pink frosting, arranged in a'], ['In the image, there are several pink cotton balls and a pink donut.'], ['In the image, there are three pink donuts and three white pom-poms.'], ['In the image, there are three pink doughnuts with white frosting and a'], ['In the image, there is a donut with a pink frosting and a bunch of'], ['In the image, there are three pink donuts and three white pom-poms.'], ['In the image, there is a donut with white frosting and pink sprinkles'], ['There are two donuts in the image.'], ['In the image, there are three pink and white cotton donuts, which are arranged in'], ['In the image, there are four pink and white donuts with pink frosting,'], ['In the image, there are a bunch of cotton balls or marshmallows, which'], ['There are four white cotton balls in the image.'], ['In the image, there is a donut with a pink frosting and a bunch of'], ['In the image, there are a bunch of cotton balls and a donut.'], ['In the image, there are several pink and white donuts, each with a different shape and'], ['In the image, there are four pink and white cotton balls arranged in a circle.'], ['In the image, there are a bunch of white cotton balls, which appear to be shaped'], ['There are several pink and white pom poms in the image.'], ['In the image, there are three pink and white donuts and three pink and white cot'], ['In the image, there is a pink donut with white frosting and pink spr'], ['In the image, there is a white background with a pink donut-shaped object and'], ['There are several white and pink donuts in the image.'], ['In the image, there is a pink donut with white frosting and a bunch of'], ['In the image, there are several pink and white donuts, some of which are covered in'], ['In the image, there is a donut and a bunch of cotton balls.'], ['There are three pink donuts in the image.'], ['In the image, there is a donut with a hole in the center, and a bunch of'], ['In the image, there is a donut with a hole in the center, and it is surrounded'], ['In the image, there is a donut with pink frosting and white sprinkles'], ['In the image, there is a donut with pink frosting and a bunch of cot'], ['In the image, there are four pink donuts and four pink sprinkles.'], ['In the image, there is a pink donut with white frosting and a bunch of'], ['In the image, there is a pink donut with white frosting and a bunch of'], ['In the image, there is a pink donut with a hole in the center and a group']]"
data/images/noun/2029-600.jpg,2029,cover for room fresheners,19,27,65,16,"[['There is a black plastic piece with a hole in it, and a black object with a hole'], ['There is a black plastic object in the image, which appears to be a piece of equipment or'], ['There is a black object in the image, which is a piece of a gear or a part'], ['In the image, there is a black object with a hole in the middle, which is a piece'], ['In the image, there is a black plastic piece with a hole in the middle, and a'], ['In the image, there is a black object with a hole in it, which is likely a piece'], ['In the image, there is a black plastic object, which appears to be a part of a'], ['In the image, there is a black plastic piece with a hole in it, possibly a piece'], ['In the image, there is a black object, which is a piece of a black plastic or'], ['In the image, there is a black object with a hole in it, which appears to be a'], ['In the image, there is a black plastic object with a hole in the middle. It appears'], ['In the image, there is a black plastic object with a hole in it, which appears to'], ['In the image, there is a black object that resembles a camera or a piece of equipment'], ['There is a black object in the image, which appears to be a piece of a fire hydrant'], ['In the image, there is a black object, which appears to be a piece of a plastic'], ['There is a black plastic piece in the image.'], ['In the image, there is a black plastic piece with a hole in the center, and a'], ['In the image, there is a black plastic object that resembles a piece of plumb'], ['In the image, there is a black object, which appears to be a piece of a plastic'], ['In the image, there is a black object, which is a piece of a camera lens.'], ['There is a black plastic object in the image, which is a piece of a gear or'], ['There is a black plastic object in the image, which appears to be a part of a larger'], ['In the image, there is a black object that appears to be a piece of a camera or a'], ['In the image, there is a black plastic piece with a hole in it, possibly a piece'], ['In the image, there is a black object with a hole in the center, which is an object'], ['In the image, there is a black plastic object with a hole in it.'], ['In the image, there is a black plastic piece with a hole in the center, which appears'], [""In the image, there is a black object, which appears to be a piece of a car'""], ['There are two objects in the image: a black plastic part and a black metal part.'], ['In the image, there is a black plastic piece, which appears to be a part of a'], ['In the image, there is a black plastic piece with a hole in the middle, which appears'], ['There are two objects in the image: a black plastic part and a black plastic piece.'], ['In the image, there is a black plastic object, possibly a piece of a camera or a'], ['In the image, there is a black plastic object with a hole in the middle, sitting on'], ['In the image, there is a black plastic piece with a hole in it.'], ['In the image, there is a black plastic piece with a hole in the middle, which appears'], ['In the image, there is a black plastic object, which appears to be a piece of a'], ['There is a black object in the image, which appears to be a piece of a device or a'], ['There is a black plastic object in the image.'], ['In the image, there is a black plastic object, which appears to be a piece of a']]"
data/images/noun/2030-600.jpg,2030,marker,9,43,53,0,"[['In the image, there is a blue object that appears to be a toy or a decorative'], ['In the image, there is a blue ceramic object with a face, which appears to be'], ['In the image, there is a blue ceramic or glass object, which could be a v'], [""In the image, there is a blue object that resembles a person's head.""], ['In the image, there is a blue plastic container or jar, which appears to be a to'], ['In the image, there is a blue ceramic vase with a face on it.'], ['In the image, there is a blue plastic container or container lid, which appears to be a'], ['In the image, there is a blue object that resembles a face or a sculpture.'], ['In the image, there is a blue object, which could be described as a blue statue, a'], ['In the image, there is a blue object that appears to be a statue or a sculpture.'], ['In the image, there is a blue object that looks like a head, possibly a toy or'], ['In the image, there is a blue object that resembles a face with two eyes and a'], ['There are two objects in the image: a blue bottle and a blue figurine.'], ['In the image, there is a blue object that resembles a face, with a hole for'], ['In the image, there is a blue ceramic or plastic object, which appears to be'], ['In the image, there is a blue object that looks like a toy or a small sculpture'], ['In the image, there is a blue plastic object, which appears to be a toy or'], ['In the image, there is a blue plastic object that resembles a human face.'], ['In the image, there is a blue plastic object that resembles a face, and it'], ['There are two objects in the image: a blue plastic container and a blue plastic lid.'], ['There is a blue object in the image, which is described as a blue toy, a blue'], ['In the image, there is a blue object, which appears to be a small toy or a'], ['In the image, there is a blue plastic object, which appears to be a toy or'], ['In the image, there is a blue object that resembles a face, which is placed on'], ['In the image, there is a blue object that looks like a face, possibly a toy or'], ['There is a blue object in the image, which appears to be a small sculpture or figurine'], ['There is a blue object in the image.'], ['In the image, there is a blue plastic object that resembles a head or a face'], ['There is a blue object in the image, which appears to be a toy or a decorative'], ['In the image, there is a blue plastic object that looks like a face.'], ['In the image, there is a blue object that appears to be a vase or a sculpture'], ['In the image, there is a blue object, which could be a vase or a bottle'], ['In the image, there is a blue object that resembles a human face, which is a'], ['In the image, there is a blue object that looks like a face.'], ['There is a blue object in the image, which appears to be a small sculpture or a to'], ['In the image, there is a blue plastic container with a face drawn on it, and a'], ['There are two objects in the image. One is a blue toy, and the other is a'], ['There is a blue object in the image.'], ['In the image, there is a blue object, which appears to be a sculpture or a small'], ['There are two objects in the image: a blue object and a blue container.']]"
data/images/noun/2031.jpg,2031,book end,16,32,35,26,"[['In the image, there is a silver metal bracelet, which is a piece of jew'], ['In the image, there is a metal piece that is curved and has a shape resembling'], ['There is a metal piece in the image.'], ['In the image, there is a piece of metal, which appears to be a metal bracelet'], ['In the image, there is a metal piece, possibly a metal handle or a metal bar, with'], ['There are two metal objects in the image.'], ['There are two metal objects in the image.'], ['There is a metal piece, which appears to be a piece of art or a decorative object,'], ['In the image, there is a silver metal piece, which appears to be a piece of a metal'], ['There are two metal objects in the image.'], ['There are two metal pieces in the image.'], ['In the image, there is a piece of metal, which appears to be a metal bracket or'], ['In the image, there is a metal piece that is shaped like a piece of art or a'], ['In the image, there is a silver metal object, which appears to be a metal bracket or'], ['In the image, there is a piece of metal, possibly a metal bracket or a metal conne'], ['There are two metal objects in the image.'], ['In the image, there is a metal piece, possibly a piece of a metal bracelet,'], ['There are two metal objects in the image.'], ['In the image, there is a metal object that is bent into a shape resembling a chair'], ['There are two metal pieces in the image, which are curved and shaped like a half-'], ['In the image, there is a metal piece, possibly a metal bracket or a piece of metal'], ['In the image, there is a metal object that resembles a metal bracelet or a'], ['In the image, there is a metal piece, which appears to be a piece of a metal chair'], ['There are two metal objects in the image.'], ['There is a metal piece, possibly a metal bracket or a metal bar, in the image.'], ['There is a silver metal object in the image, which appears to be a piece of art or a'], ['In the image, there is a metal piece, which appears to be a piece of art or a'], ['There are two metal objects in the image.'], ['There is a metal piece in the image.'], ['In the image, there is a metal object, which appears to be a piece of silver metal,'], ['In the image, there is a piece of metal with a curved shape, possibly a metal bra'], ['In the image, there is a piece of metal, possibly a metal bracelet or a metal'], ['In the image, there is a piece of metal, possibly a metal bracket or a metal bra'], ['There is a silver metal piece in the image, which appears to be a metal bracket or a'], ['There are two metal objects in the image.'], ['There are two silver objects in the image.'], ['There is a metal piece, which appears to be a piece of metal art or a decorative item'], ['There are two metal objects in the image.'], ['In the image, there is a metal object that is shaped like a chair, with a cur'], ['There are two metal pieces in the image.']]"
data/images/noun/2032-600.jpg,2032,submarine,47,90,50,3,"[['There is an orange plastic object in the image, which appears to be a toy rocket'], ['There are two objects in the image: a small orange toy shaped like a rocket and'], ['In the image, there is a small orange toy rocket, which appears to be a to'], ['There is a small orange object, which appears to be a rocket, sitting on a white background'], ['There is an orange object in the image, which appears to be a toy or a piece of'], ['In the image, there is a toy rocket and a blue and orange plastic toy'], ['In the image, there is a toy rocket and a blue propeller.'], ['There is a small orange object, which appears to be a toy rocket or a plastic'], ['In the image, there is an orange toy rocket and a blue toy fish.'], ['There is an orange and blue object in the image, which is a toy rocket.'], ['In the image, there is a toy rocket with a blue tail and an orange body.'], ['In the image, there is a small orange toy rocket with a blue tail.'], ['In the image, there is a small orange toy rocket and a blue propeller.'], ['In the image, there is a small orange rocket toy and a blue propeller.'], ['In the image, there is a small orange plastic rocket-shaped object with a blue'], ['In the image, there is a small orange object with a blue tail and a blue and white object'], ['In the image, there is a toy rocket and a blue propeller. The toy'], ['There is a small orange toy shaped like a rocket in the image.'], ['In the image, there is an orange plastic toy rocket and a blue toy fish'], ['There are two objects in the image: a toy rocket and a blue plastic object.'], ['There is a small orange object with a blue tail and a blue tip, which appears to be a'], ['In the image, there is a toy rocket and a blue propeller.'], ['In the image, there is an orange plastic object, which appears to be a toy ro'], ['There is a toy rocket and a blue propeller in the image.'], ['There is an orange object in the image, which appears to be a toy or a piece of'], ['In the image, there is an orange plastic toy rocket and a blue plastic to'], ['In the image, there is a small orange object with a blue tail and a blue bow. It'], ['There is an orange toy rocket in the image.'], ['In the image, there is a toy rocket and a blue and orange object, which appears'], ['In the image, there is a toy rocket and a blue tail on the side of it'], ['In the image, there is a toy rocket and a blue object, possibly a toy'], ['There are two objects in the image: a toy rocket and a blue bird.'], ['There are two objects in the image: a toy rocket and a toy shuttle'], ['In the image, there is a small orange rocket toy and a blue propeller.'], ['There are two objects in the image: a small orange toy shaped like a rocket and'], ['In the image, there is a toy rocket and a blue propeller.'], ['In the image, there is a small orange toy rocket and a blue plastic piece that'], ['There is a small orange rocket toy in the image.'], ['In the image, there is a toy rocket and a blue sail.'], ['In the image, there is an orange plastic object with a blue tail, which appears to be']]"
data/images/noun/2033-600.jpg,2033,cat toy cage,9,57,55,3,"[['There are two objects in the image: an orange basket and a green handle. The orange basket has'], ['In the image, there is a small orange object with a green handle. The object has a star'], ['In the image, there is a green and orange plastic object with a star pattern on it,'], ['In the image, there is an orange plastic object with a green handle. It appears to be'], ['There are two objects in the image: a green object and an orange object.'], ['In the image, there is a piece of orange plastic with a green handle, which appears to'], ['In the image, there is a green and orange object, which appears to be a plastic container'], ['In the image, there is a small orange object with a green handle. The object has a star'], ['There are two objects in the image. The first object is a green plastic container with a star'], ['There is a small orange object in the image, which is a piece of orange plastic with a'], ['There are two objects in the image: a green object and an orange object. The green object is'], ['In the image, there is an orange and green object that appears to be a piece of a pl'], ['In the image, there is an orange and green plastic container, which appears to be a t'], ['In the image, there is a piece of orange plastic with a green handle. It appears to'], ['In the image, there is a green plastic object with a hole in it, which appears to'], ['There are two objects in the image. One is a green object, and the other is an orange'], ['In the image, there is a green and orange plastic container with a grid-like pattern.'], ['There is an orange plastic container with a green handle in the image.'], ['In the image, there is an orange and green plastic container with a lattice-like structure.'], ['In the image, there is an orange object with a green handle. It is not clear what the'], ['There is a green plastic tray with orange stars on it, and a green plastic object'], ['In the image, there is an orange plastic object with a green handle, which appears to be'], ['In the image, there is a green plastic object with an orange and black pattern, which appears'], ['There are two objects in the image: a green object and an orange object. The green object is'], ['In the image, there is an orange plastic object with a green handle. The object has a'], ['There is a green and orange object in the image.'], ['In the image, there is a green and orange plastic object, which appears to be a container'], ['In the image, there is an orange plastic object with a green handle, which is a combination'], ['There are two objects in the image: a green object and an orange object. The green object is'], ['In the image, there is a green and orange object with stars on it.'], ['In the image, there is a green and orange plastic object, which appears to be a piece'], ['In the image, there is a piece of orange plastic with a green handle. It is a'], ['In the image, there is an orange and green plastic object, which appears to be a piece'], ['There are two objects in the image: an orange object and a green object. The orange object is'], ['In the image, there is an orange object that appears to be a piece of furniture, possibly'], ['In the image, there is a small orange object that looks like a piece of a cake or'], ['In the image, there is a green and orange plastic object with a star pattern on it.'], ['In the image, there is an orange plastic object that appears to be a piece of furniture'], ['In the image, there is a piece of orange plastic with a green handle, which is a'], ['In the image, there is an orange object with a green handle. It is sitting on a white']]"
data/images/noun/2034-600.jpg,2034,worm ball with cut off hands or stars,72,39,45,26,"[['In the image, there is a pile of brightly colored, twisted, and curly'], ['There are several long, colorful, and curly plastic tubes or noodles in'], ['The image features a pile of neon colored, brightly colored, and colorful hair-'], ['The image features a pile of brightly colored, long, and curly hair-like objects'], ['The image features a pile of brightly colored, twisted, and curly noodle'], ['In the image, there is a pile of colored, long, and thin objects, possibly rub'], ['The image features a pile of colorful, long, and wiggly toy nood'], ['In the image, there are a bunch of colorful, curly, and long hair-like'], ['In the image, there are a bunch of colorful, long, and curly noodle'], ['In the image, there is a pile of neon green and pink hair, which is'], ['In the image, there are several long, colorful, and curly rubber noodles'], ['In the image, there is a pile of colorful, curly, and wiggly'], ['In the image, there are a bunch of brightly colored, long, and curly hair-'], ['In the image, there is a pile of brightly colored, long, and curly rub'], ['The image features a large pile of colored rubber noodles, predominantly pink'], ['In the image, there are two objects: a pink object and a green object. The p'], ['The image features a pile of brightly colored, twisted, and curly plastic objects'], ['The image features a large pile of neon green and pink hair or hair-like objects'], ['In the image, there are several neon-colored, long, and curly hair-'], ['There are several neon-colored, curly, and wiggly noodles or'], ['The image features a pile of multi-colored, long, and wiggly toys'], ['There are several long, colorful, and curly balloons in the image.'], ['The image features a pile of neon-colored hair extensions, which are made of a'], ['The image features a pile of brightly colored, wiggly, and squishy objects'], ['In the image, there is a pile of brightly colored, long, and curly pl'], ['In the image, there is a pile of colorful, long, and wiggly objects'], ['There are several large, colorful, and brightly colored rubber worms in the image'], ['In the image, there are several large, colorful, and curly hair-like objects made'], ['In the image, there are two large, brightly colored, and curly wigs made of'], ['In the image, there are two objects: a pink and yellow lollypop and a green'], ['There are several colorful hair-like objects in the image.'], ['In the image, there are several long, colorful, and wiggly toys. They'], ['In the image, there is a pile of neon-colored, long, rubber'], ['In the image, there are two large, brightly colored, and long neon wigs.'], ['In the image, there are two large, brightly colored, and long strands of hair made'], ['The image features a pile of neon-colored, long, and curly hairs'], ['The image features a pile of colorful, long, and wavy plastic objects, which'], ['In the image, there is a pile of brightly colored, long, and wavy hair'], ['The image features a pile of colorful, rubbery objects, which are likely ballo'], ['There are several brightly colored, long, and curly rubber noodles in the image']]"
data/images/noun/2035-600.jpg,2035,giant pen with pen tip removed and cooper scourer pad on top,13,54,47,13,"[['In the image, there is a blue pen and a brown brush.'], ['In the image, there is a blue pen and a brown brush.'], ['In the image, there is a blue pen and a brown brush.'], ['In the image, there is a blue pen and a brown brush.'], ['In the image, there is a blue pen and a brown brush.'], ['In the image, there is a blue pen with a brown bristle head and a brown br'], ['In the image, there is a blue pen and a brush.'], ['In the image, there is a blue pen and a brush with brown hair.'], ['In the image, there is a blue pen and a brush with brown bristles.'], ['In the image, there is a blue pen and a brown brush.'], ['In the image, there is a blue pen and a brush with brown hair.'], ['In the image, there is a blue pen and a brush with brown bristles.'], ['In the image, there is a blue pen and a brown brush.'], ['In the image, there is a blue pen with a brown bristle brush attached to it'], ['In the image, there is a blue pen and a brush with brown bristles.'], ['In the image, there is a blue pen with a brush on top of it.'], ['In the image, there is a blue pen and a brown brush.'], ['In the image, there is a blue pen and a brush with brown bristles.'], ['In the image, there is a blue pen with a brown brush on top of it.'], ['In the image, there is a blue pen and a brush with brown bristles.'], ['In the image, there is a blue pen with a brush head and a brush with brown'], ['In the image, there is a blue pen and a brush with brown bristles.'], ['In the image, there is a blue pen and a brown brush.'], ['In the image, there is a blue pen with a brown bristle head and a brown br'], ['In the image, there is a blue pen and a brown brush.'], ['In the image, there is a blue pen and a brush with brown bristles.'], ['In the image, there is a blue pen and a brush with brown bristles.'], ['In the image, there is a blue pen with a brown brush attached to it, and a'], ['In the image, there is a blue pen and a brush with brown bristles.'], ['In the image, there is a blue pen and a brown brush.'], ['In the image, there is a blue pen and a brush with brown bristles.'], ['In the image, there is a blue pen and a brush.'], ['In the image, there is a blue pen and a brush with brown bristles.'], ['In the image, there is a blue pen and a brown brush.'], ['In the image, there is a blue pen and a brush with brown bristles.'], ['In the image, there is a blue pen and a brush with brown bristles.'], ['In the image, there is a blue pen and a brown brush.'], ['In the image, there is a blue pen and a brown brush.'], ['In the image, there is a blue pen with a brown brush attached to it.'], ['In the image, there is a blue pen with a brush head attached to it, and a']]"
data/images/noun/2036-600.jpg,2036,cup-and-ball toy,59,70,20,20,"[['In the image, there is a wooden toy with a red ball on top and a yellow ball'], ['In the image, there is a wooden toy with a red, yellow, and green ball on'], ['In the image, there is a toy drum with a wooden handle and a colorful wooden stick'], ['There are a wooden drumstick and a wooden drum in the image.'], ['In the image, there is a wooden toy with a handle and a ball on top. The'], ['In the image, there is a wooden toy, which appears to be a drum or a to'], ['In the image, there is a toy drum with a wooden handle and colorful balls on it'], ['In the image, there is a wooden toy with a red ball on the end of it.'], ['There are three objects in the image: a wooden stick or toy, a red ball, and'], ['In the image, there is a wooden toy with a handle and a ball attached to it.'], ['In the image, there is a wooden toy with a red ball attached to the end of it'], ['In the image, there is a wooden toy, which is a colorful toy drum,'], ['In the image, there is a wooden toy with a handle and a red ball on top of'], ['In the image, there is a toy drum with a wooden handle and a plastic drumst'], ['In the image, there is a toy with a handle and a ball on the end.'], ['In the image, there is a wooden toy with a colorful ball on top, which is'], ['In the image, there is a wooden toy, which is a colorful drum with red,'], ['In the image, there is a wooden toy with a handle and a ball on top. The'], ['In the image, there is a wooden toy with a handle and a ball on top of it'], ['There is a wooden toy with a red, green, yellow, and blue handle in the image'], ['In the image, there is a wooden toy, which appears to be a toy drum or'], ['In the image, there is a wooden toy with a red ball and a green ball on top'], ['In the image, there is a wooden toy with a red ball on top, and a yellow'], ['There is a wooden toy, which appears to be a drum, with red, yellow, and'], ['In the image, there is a wooden toy with a red, green, and yellow handle and'], ['In the image, there is a wooden toy with a red ball on the end, and a'], ['There are two wooden handles and two red balls in the image.'], ['In the image, there is a wooden toy with a handle and a colorful ball on the'], ['In the image, there is a wooden toy with a red ball and a yellow ball on the'], ['In the image, there is a wooden toy with a red ball on the end and a yellow'], ['In the image, there is a wooden toy with a red ball on top and a yellow,'], ['There is a wooden toy with a red ball on top of it, and a toy drum'], ['In the image, there is a wooden toy with a red, green, and yellow handle,'], ['In the image, there is a wooden toy with a handle and a ball on top of it'], ['There is a wooden toy with a handle and a ball on top of it. The handle is'], ['In the image, there is a wooden toy with a red, yellow, and green top and'], ['In the image, there is a wooden toy with a handle and a ball on top. The'], ['In the image, there is a wooden toy, which is a combination of a drum and a'], ['In the image, there is a wooden toy, which appears to be a toy drum or'], ['In the image, there is a wooden toy with a handle and a ball attached to it.']]"
data/images/noun/2037-600.jpg,2037,teething ring with a bit photoshopped out,34,24,37,3,"[['In the image, there is a pink plastic bracelet with three beads on it'], ['In the image, there are three pink plastic rings or beads, which are shaped'], ['There are two pink plastic rings in the image.'], ['In the image, there is a pink plastic ring with a hole in the middle, and'], ['There are three pink plastic rings in the image.'], ['In the image, there is a pink bracelet made of clear plastic beads.'], ['There are two pink plastic rings in the image.'], ['In the image, there is a pink plastic ring and a pink plastic brace'], ['There are three pink plastic rings in the image.'], ['In the image, there is a pink plastic bracelet with three clear balls attached to'], ['In the image, there are three pink plastic rings or beads.'], ['In the image, there is a pink plastic ring and a pink plastic brace'], ['In the image, there are three pink plastic rings or beads.'], ['In the image, there is a pink plastic bracelet with a clear, pink'], ['In the image, there are two pink plastic rings with clear balls in the center.'], ['In the image, there are two pink plastic rings.'], ['In the image, there is a pink plastic ring with three clear plastic balls attached to'], ['There are three pink plastic balls in the image.'], ['In the image, there is a pink bracelet made of clear plastic beads.'], ['There are three pink plastic rings in the image.'], ['There is a pink bracelet in the image.'], ['In the image, there is a pink plastic bracelet with three clear plastic balls'], ['There are two pink plastic rings in the image.'], ['There are three pink plastic balls in the image.'], ['In the image, there is a pink bracelet made of plastic or glass, featuring'], ['In the image, there is a pink bracelet with three beads on it.'], ['In the image, there is a pink bracelet with three clear beads on it.'], ['There are three pink plastic rings in the image.'], ['In the image, there is a pink plastic bracelet with three clear balls attached to'], ['There are three pink plastic rings in the image.'], ['In the image, there are three pink plastic rings or beads.'], ['In the image, there is a pink plastic bracelet with a clear center.'], ['In the image, there is a pink plastic bracelet with three small beads on'], ['In the image, there is a pink bracelet made of plastic beads.'], ['In the image, there is a pink plastic bracelet with three clear beads on'], ['In the image, there is a pink bracelet made of clear plastic beads.'], ['In the image, there is a pink plastic bracelet with three pink beads'], ['There are three pink plastic balls in the image.'], ['In the image, there is a pink plastic bracelet with three pink beads'], ['There is a pink plastic bracelet in the image.']]"
data/images/noun/2038-600.jpg,2038,heart shaped slinky,56,63,26,6,"[['There are two large, colorful, and twisted loops of some kind of plastic material in'], ['In the image, there is a group of colorful, twisted, and curled plastic'], ['In the image, there is a colorful pile of long, curly, and flexible no'], ['In the image, there are several colorful, spiral-shaped objects, which are likely'], ['There are several colored noodles or noodle-like objects in the image.'], ['In the image, there are three different colored, twisted, and curled up noodle'], ['In the image, there are three different colored noodles or strands of hair, which are'], ['There are three colorful, twisted, and curly noodles in the image.'], ['There are several colored, twisted, and curled plastic straws in the image.'], ['The image features a pile of colorful, twisted, and curled plastic tubing'], ['In the image, there is a pile of colorful, twisted, and curled pl'], ['In the image, there is a pile of colored, twisted, and curled plastic'], ['There are a bunch of colorful, twisted, and curly noodles in the image'], ['In the image, there is a colorful bracelet made of multiple colored rubber bands,'], ['In the image, there are several brightly colored, curly, and twisted noodles'], ['The image features a pile of colorful, twisted, and curled noodles or'], ['There are several colorful, twisted, and curled plastic objects in the image.'], ['In the image, there are several colorful noodles or noodle-like objects.'], ['There are several rainbow-colored noodle sculptures in the image.'], ['There are three different colored noodles in the image.'], ['The image features a bunch of colorful, twisted, and curled noodles, which'], ['In the image, there are three different colored noodles, which are yellow, orange, and'], ['There are several colorful, twisted, and curled noodle-like objects in the'], ['In the image, there is a colorful assortment of noodles, which appear to'], ['In the image, there are several colorful, curly hairs or hair extensions, which are'], ['There are several rainbow-colored noodles in the image.'], ['In the image, there are three colorful, twisted, and curled noodles or'], ['There are a bunch of colorful noodles or pasta in the image.'], ['There are several rainbow-colored noodles or spaghetti in the image.'], ['The image features a group of colorful, spiral-shaped objects, which are likely hair'], ['There are three colorful, twisted, and curled plastic objects in the image.'], ['In the image, there is a group of colorful, curly, and twisted nood'], ['There are three colorful hair clips in the image.'], ['In the image, there are a bunch of colorful, twisted, and braided hair t'], ['There are several colorful, long, and curly noodles in the image.'], ['The image features a bunch of colorful, twisted, and curled noodles, which'], ['In the image, there are two different colored noodles, one orange and one yellow, sitting'], ['In the image, there are a bunch of colorful, twisted, and curled nood'], ['There are three different colored, spiral-shaped objects in the image.'], ['There are several colorful, spiral-shaped objects in the image.']]"
data/images/noun/2039-600.jpg,2039,led top,28,64,61,13,"[['In the image, there is a green plastic object that resembles a cross.'], ['There are two green plastic pieces in the image.'], ['In the image, there is a green plastic object with a cross-shaped design, which'], ['In the image, there is a green plastic toy cross with a clear plastic bolt'], ['There is a green plastic toy shaped like a cross in the image.'], ['In the image, there is a green plastic object that looks like a cross with a small sc'], ['In the image, there is a green plastic cross-shaped piece with a screw in'], ['There is a green plastic toy in the image, which appears to be a small green cross'], ['In the image, there is a green plastic cross and a green plastic screw.'], ['In the image, there is a green plastic toy cross and a green plastic screw'], ['In the image, there is a green plastic toy shaped like a cross.'], ['In the image, there is a green plastic object that resembles a cross.'], ['In the image, there is a green plastic cross-shaped object with a clear plastic'], ['In the image, there is a green plastic toy cross with a clear plastic center.'], ['In the image, there is a green plastic toy shaped like a cross.'], ['In the image, there is a green plastic toy shaped like a cross, which is'], ['There is a green plastic toy in the image, which appears to be a toy cross'], ['In the image, there is a green plastic toy shaped like a cross with a hole'], ['There are two green plastic objects in the image.'], ['In the image, there is a green plastic toy cross, which is a toy representation'], ['In the image, there is a green plastic toy in the shape of a cross.'], ['In the image, there is a green plastic toy shaped like a cross, which is'], ['In the image, there is a green plastic toy shaped like a cross.'], ['In the image, there is a green plastic object that looks like a cross with a screw'], ['In the image, there is a green plastic toy cross with a green plastic screw'], ['In the image, there is a green plastic toy shaped like a cross.'], ['There are two green plastic objects in the image.'], ['In the image, there is a green plastic cross-shaped object with a clear plastic'], ['In the image, there is a green plastic cross with a screw in the middle of it'], ['There are two green plastic objects in the image.'], ['There are two green objects in the image. One of them is a green plastic toy cross'], ['There is a green toy in the image.'], ['In the image, there is a green plastic toy cross and a green plastic screw'], ['In the image, there is a green plastic toy in the shape of a cross.'], ['In the image, there is a green plastic cross with a screw in the middle of it'], ['There is a green plastic toy in the image, which is shaped like a cross.'], ['In the image, there is a green plastic object that looks like a cross with a screw'], ['There are two green plastic objects in the image.'], ['There is a green plastic object in the image, which appears to be a small toy or'], ['In the image, there is a green plastic toy cross with a green plastic bolt']]"
data/images/noun/2040-600.jpg,2040,rubber toy found in toy aisle,31,64,63,16,"[['In the image, there is a blue and yellow ball with blue tentacles, which resembles'], ['There are two objects in the image: a blue ball with a yellow center and a blue and yellow'], ['In the image, there is a blue and yellow ball with blue tentacles or hairs, and'], ['In the image, there is a blue and yellow ball with a blue tentacle-like structure or'], ['In the image, there is a blue ball with a yellow center and blue tentacles.'], ['In the image, there is a blue and yellow ball with blue hair and a blue and yellow ball'], ['In the image, there is a blue and yellow ball with a blue and yellow top.'], ['In the image, there is a blue and yellow ball with a blue tail.'], ['In the image, there is a blue ball with a yellow center and blue tentacles.'], ['In the image, there is a blue and yellow ball with a long blue tail.'], ['In the image, there is a blue and yellow ball with a blue tentacle-like object or'], ['In the image, there is a blue ball with blue and yellow stripes, and a blue and'], ['In the image, there is a blue and yellow ball, which appears to be a sports ball,'], ['In the image, there is a blue and yellow ball with blue tentacles, which is a to'], ['In the image, there is a blue and yellow ball with a long blue hair-like tail.'], ['In the image, there is a blue and yellow ball with a blue, long, curly,'], ['In the image, there is a blue and yellow ball with a long blue tentacle or hair-'], ['In the image, there is a blue and yellow ball with blue tentacles, resembling a'], ['In the image, there is a blue and yellow ball, which is a toy, and a'], ['In the image, there is a blue and yellow ball with a blue and yellow top.'], ['In the image, there is a blue and yellow ball with a long blue tail, which is a'], ['In the image, there is a blue and yellow ball with a blue tentacle-like object coming'], ['In the image, there is a blue and yellow ball with blue hairs or tentacles, and'], ['There is a blue and yellow ball in the image.'], ['There are two objects in the image: a blue and yellow ball and a blue and yellow tennis ball'], ['In the image, there is a blue and yellow ball with blue hairs and a blue ball with'], ['In the image, there is a blue and yellow ball with a blue and yellow top, and a'], ['In the image, there is a blue and yellow ball, which appears to be a sports ball,'], ['There is a blue and yellow ball in the image.'], ['In the image, there is a blue and yellow ball with a long blue hair-like tail.'], ['In the image, there is a blue and yellow ball with blue tentacles or hairs, possibly'], ['There is a blue and yellow ball in the image.'], ['In the image, there is a blue and yellow ball with a long blue hair-like object coming'], ['In the image, there is a blue and yellow ball with a blue tail and a blue head.'], ['In the image, there is a blue and yellow ball with blue hair and a black center.'], ['In the image, there is a blue and yellow ball with blue hair and a blue ball with a'], ['In the image, there is a blue ball with a yellow center and a blue frisbee'], ['In the image, there is a blue and yellow ball with blue hairs on top of it.'], ['In the image, there is a blue and yellow ball with a blue tail and a yellow ball with'], ['In the image, there is a blue ball with yellow spikes and a blue ball with blue sp']]"
data/images/noun/2041-600.jpg,2041,massager,34,38,23,20,"[['There are four wooden balls in the image.'], ['There are four wooden balls in the image.'], ['There are four wooden balls in the image, arranged in a cross shape.'], ['There are four wooden balls and a blue ring in the image.'], ['The image features a wooden cross with four wooden circles attached to it.'], ['There are four wooden balls in the image, arranged in a cross shape.'], ['The image features a wooden cross with four wooden circles attached to it.'], ['In the image, there are four wooden beads or wooden balls arranged in a cross shape.'], ['The image features a wooden cross with four wooden balls attached to it.'], ['In the image, there is a blue wooden cross with four wooden balls attached to it.'], ['In the image, there is a wooden cross with four wooden balls attached to it.'], ['In the image, there are four wooden balls, each attached to a blue rod or stick, creating'], ['There are four wooden balls in the image.'], ['The image features a wooden cross with four wooden circles attached to it.'], ['There are four wooden balls in the image.'], ['In the image, there is a wooden cross with four wooden balls attached to it.'], ['The image features a wooden cross with four wooden circles attached to it.'], ['There are four wooden beads on a blue string in the image.'], ['In the image, there are four wooden circles or balls arranged in a cross-like formation.'], ['The image features a wooden cross with four wooden balls attached to it.'], ['In the image, there is a wooden cross with four wooden circles attached to it.'], ['The image features a wooden cross with four wooden balls attached to it.'], ['In the image, there are four wooden beads or balls arranged in a cross shape.'], ['In the image, there are four wooden beads or balls, arranged in a cross-like formation'], ['The image features a wooden cross with four wooden balls attached to it.'], ['In the image, there is a wooden cross with four wooden circles attached to it.'], ['There are four wooden balls in the image, arranged in the shape of a cross.'], ['In the image, there are four wooden circles or wooden balls, arranged in a cross-like formation'], ['The image features a wooden cross with four wooden circles attached to it.'], ['In the image, there is a wooden cross with four wooden circles attached to it. The cross is'], ['The image features a wooden cross with four wooden balls attached to it.'], ['There are four wooden balls in the image, arranged in the shape of a cross.'], ['In the image, there are four wooden balls attached to a blue wooden cross.'], ['In the image, there is a wooden cross with four wooden balls attached to it.'], ['The image features a wooden cross with four wooden balls attached to it.'], ['There are four wooden balls and a blue center piece in the image, forming a cross shape.'], ['The image features a wooden cross with four wooden balls attached to it.'], ['The image features a wooden cross with four wooden circles on it.'], ['In the image, there is a wooden cross with four wooden circles attached to it.'], ['The image features a wooden cross with four wooden balls attached to it.']]"
data/images/noun/2042-600.jpg,2042,small personal fan without blades,38,67,81,3,"[['There is a blue and yellow object in the image.'], ['There is a blue object in the image, which appears to be a toy or a small device'], ['In the image, there is a blue and yellow object, which appears to be a toy or'], ['In the image, there is a blue object that appears to be a handle or a grip,'], ['In the image, there is a blue plastic object with a yellow cap, which appears to be'], ['In the image, there is a blue and yellow toy shaped like a person, possibly a'], ['In the image, there is a blue and yellow toy car, which appears to be a to'], ['In the image, there is a blue and yellow object, which is a blue and yellow plastic'], ['In the image, there is a blue and yellow object, which is a piece of plastic or'], ['In the image, there is a blue and yellow object that resembles a toothbrush'], ['There are two objects in the image: a blue and yellow handle and a blue and yellow grip'], ['In the image, there is a blue plastic handle and a yellow plastic piece attached to it'], ['In the image, there is a blue object with a yellow handle, which appears to be a piece'], ['In the image, there is a blue and yellow object that appears to be a toy, possibly'], ['In the image, there is a blue and yellow object, which appears to be a toy or'], ['There is a blue and yellow object in the image.'], ['In the image, there is a blue plastic object that resembles a toothbrush'], ['There is a blue plastic object in the image, which appears to be a small toy or'], ['In the image, there is a blue plastic object with a yellow handle, which appears to be'], ['There is a blue and yellow object in the image, which appears to be a small piece of pl'], ['In the image, there is a blue plastic object with a yellow handle, and a blue and'], ['There is a blue plastic object in the image.'], ['There is a blue object in the image, which appears to be a plastic handle or a blue'], [""In the image, there is a blue and yellow toy shaped like a person's head""], ['There are two objects in the image: a blue and yellow toy and a blue and yellow remote'], [""In the image, there is a blue and yellow toy shaped like a person's head""], ['In the image, there is a blue and yellow toy shaped like a person, with a'], ['In the image, there is a blue and yellow object, which appears to be a blue and yellow'], ['In the image, there is a blue object with a yellow top and a blue handle. The object'], ['In the image, there is a blue and yellow object that appears to be a toy or a'], ['In the image, there is a blue and yellow object that appears to be a piece of plastic'], ['There are two objects in the image: a blue object and a yellow object.'], ['In the image, there is a blue and yellow object, which appears to be a piece of pl'], ['In the image, there is a blue and yellow object, which appears to be a plastic to'], ['In the image, there is a blue object that appears to be a toy or a gad'], ['There is a blue and yellow object in the image, which appears to be a toy or a'], ['In the image, there is a blue object that looks like a toy or a game controller,'], ['There is a blue plastic object with a yellow handle in the image.'], ['In the image, there is a blue plastic object with a yellow top, and a blue pl'], ['In the image, there is a blue and yellow toy car and a blue toy steering']]"
data/images/noun/2043.jpg,2043,clacker,66,76,65,6,"[['In the image, there is a pink and yellow ball, a green ball, and a p'], ['There are three different colored balls in the image, which are yellow, green, and pink.'], ['In the image, there is a toy with a ball on a string, and a toy'], ['In the image, there is a toy, specifically a toy ball and a toy l'], ['In the image, there is a pink and yellow toy, which appears to be a to'], ['In the image, there are a ball and a toy with a handle, which is a to'], ['In the image, there are two balls connected by a yellow and green string.'], ['In the image, there is a toy with a green, yellow, and pink ball attached'], ['In the image, there are two green balls connected by a yellow string and a pink ball connected'], ['In the image, there is a yellow ball, a green ball, and a pink ball on'], ['There are three colorful balls in the image, with one yellow, one green, and one p'], ['There are two green and yellow balls attached to a pink handle or handlebar, which is a'], ['In the image, there is a toy with a yellow ball and a pink handle. The'], ['There are two green and yellow balls, a pink handle, and a green string in the image'], ['There are two balls and a toy hanging from a string in the image.'], ['In the image, there are three different colored balls attached to a yellow, green, and pink'], ['There are three colorful plastic balls attached to a yellow, green, and pink toy'], ['In the image, there are three colorful balls attached to a string.'], ['In the image, there are two toy balls, a green ball, and a pink ball'], ['In the image, there are three different colored balls attached to a string or a cord.'], ['There are three objects in the image: a yellow ball, a green ball, and a pink'], ['In the image, there is a toy with a ball and a string. The toy is'], ['In the image, there is a toy with a green, yellow, and pink ball on'], ['In the image, there are three balls on a string.'], ['There are three different colored balls and a yellow, green, and pink plastic toy in'], ['In the image, there are a green, yellow, and pink toy, which is a'], ['In the image, there is a pink and yellow plastic toy with a string attached to'], ['In the image, there are three different colored balls attached to a string or a piece of yarn'], ['In the image, there is a toy with a yellow ball and a pink handle.'], ['In the image, there is a toy with a ball on the end of a string. The'], ['In the image, there is a pink and yellow toy hanging from a string, along'], ['In the image, there is a toy, specifically a green and yellow ball with a pink'], ['In the image, there is a toy with a ball and a string attached to it. The'], ['In the image, there is a toy with a green ball and a yellow ball on it,'], ['In the image, there are three colorful balls and a string or cord attached to them.'], ['There are two yellow balls and two green strings in the image.'], ['In the image, there are two yellow balls, two green balls, and a pink ball on'], ['In the image, there are three different colored balls attached to a string, which is also referred to'], ['In the image, there is a yellow, green, and pink ball on a string.'], ['In the image, there is a toy with a ball attached to it, which is a part']]"
data/images/noun/2044-600.jpg,2044,diving toy with small weight,6,27,94,6,"[['In the image, there is a blue ball and an orange toy, which appears to be a'], ['In the image, there is a blue ball and an orange and blue toy with a ball attached'], ['In the image, there is a blue ball and an orange and blue toy, which is a'], ['In the image, there is a blue ball and an orange ball with a blue ring around it.'], ['In the image, there is a blue ball and an orange ball, which are connected by a chain'], ['There are two objects in the image: an orange and blue toy and a blue ball.'], ['There are a blue ball and an orange toy with a hole in the middle in the image.'], ['There are a blue ball and an orange toy in the image.'], ['In the image, there is a blue ball and a red and orange toy. The toy'], ['In the image, there is a blue ball and an orange toy, which appears to be a'], ['There are two objects in the image: a blue ball and a toy with a row of orange'], ['In the image, there is a blue ball and an orange ball, along with a toy that'], ['In the image, there is a toy with a blue ball attached to it, and a to'], ['In the image, there is a blue ball with a hole in it and a toy designed to'], ['In the image, there is a blue ball and an orange toy with a hole in the middle'], ['In the image, there is a blue ball and a toy with a hole in it, which'], ['In the image, there is a blue ball and an orange and blue toy, which appears to'], ['In the image, there is a blue ball and a toy with orange rings.'], ['In the image, there is a toy shaped like a giant orange toothbrush and'], ['In the image, there is a blue ball with a chain attached to it, and a toy'], ['In the image, there is a blue ball and a red toy, which is a toy'], ['There are a blue ball and an orange and blue toy in the image.'], ['In the image, there is a blue ball with a string attached to it, and a red and'], ['In the image, there is a blue ball and an orange and blue toy. The orange and'], ['In the image, there is a blue ball with a ratchet-like mechanism, a blue'], ['In the image, there is a toy with a blue ball and a red ball attached to it'], ['There are a blue ball and an orange and blue toy with a hole in the middle in the'], ['In the image, there is a toy that is shaped like a long orange and blue chain'], ['In the image, there is a blue ball and a toy with a blue ball attached to it'], ['In the image, there is a toy shaped like a large orange and blue ball, with'], ['In the image, there is a blue ball with a chain and a set of orange and blue rings'], ['In the image, there is a toy that has a blue ball on top of a long orange'], ['In the image, there is a toy with a blue ball attached to it, and it appears'], ['In the image, there is a toy with a blue ball and an orange ring. The to'], ['In the image, there is a blue ball with a chain and a red ball with a chain.'], ['In the image, there is a toy with a blue ball and an orange and blue ball chain'], ['In the image, there is a blue ball and a toy designed to look like a large orange'], ['In the image, there is a blue ball with a red chain, which is also referred to as'], ['In the image, there is a blue ball with a ratchet-like structure attached to it'], ['In the image, there is a blue ball and an orange toy, which is a toy']]"
data/images/noun/2045-600.jpg,2045,wooden ball toy,25,29,3,55,"[['There are two wooden objects in the image.'], ['There is a wooden spoon in the image.'], ['There are two wooden objects in the image: a wooden spoon and a wooden ladle.'], ['In the image, there is a wooden spoon with a hole in the middle, which is sitting'], ['In the image, there is a wooden spoon and a wooden spatula.'], ['In the image, there is a wooden spoon and a wooden spatula.'], ['There is a wooden spoon in the image.'], ['In the image, there is a wooden spoon with a hole in the middle, also referred to'], ['There are two wooden objects in the image.'], ['In the image, there is a wooden spoon with holes in it.'], ['There are two wooden objects in the image: a wooden spoon and a wooden ladle.'], ['There are two wooden handles in the image.'], ['There are two wooden objects in the image: a wooden spoon and a wooden ladle.'], ['In the image, there is a wooden spoon and a wooden spatula.'], ['In the image, there is a wooden object with holes in it, which is a wooden spoon'], ['There is a wooden spoon in the image.'], ['There is a wooden spoon in the image.'], ['There are two wooden spoons in the image.'], ['In the image, there is a wooden spoon and a wooden spatula.'], ['In the image, there is a wooden spoon and a wooden spatula.'], ['In the image, there is a wooden object that appears to be a wooden spoon or a wooden'], ['There are two wooden objects in the image: a wooden spoon and a wooden spatula.'], ['In the image, there is a wooden object with holes in it, which is a wooden spoon'], ['In the image, there is a wooden spoon with four holes in it.'], ['In the image, there is a wooden spoon with a hole in the middle, and a wooden'], ['There is a wooden spoon and a wooden spatula in the image.'], ['In the image, there is a wooden object with a hole in the middle and a handle on the'], ['In the image, there is a wooden pizza cutter with a hole in the middle.'], ['In the image, there is a wooden spoon and a wooden spatula.'], ['In the image, there is a wooden spoon with holes in it, sitting on a white background'], ['In the image, there is a wooden spoon and a wooden spatula.'], ['There is a wooden spoon in the image.'], ['There is a wooden pizza cutter in the image.'], ['There is a wooden spoon in the image.'], ['In the image, there is a wooden spoon and a wooden spatula.'], ['There are two wooden objects in the image: a wooden spoon and a wooden spatula.'], ['There is a wooden spoon in the image.'], ['In the image, there is a wooden object with three holes in it, which appears to be a'], ['There is a wooden object in the image, which appears to be a wooden tool or a piece of'], ['In the image, there is a wooden spoon with holes in it, and a wooden spat']]"
data/images/noun/2046-600.jpg,2046,keychain with bubbles inside,34,67,42,3,"[['In the image, there is a keychain with a small tray and a small case attached to'], ['In the image, there is a keychain with a small tray on it. The tray'], ['In the image, there is a small plastic container with a clear bottom and a chain attached to'], ['In the image, there is a small clear plastic case with a blue and white design, and'], ['In the image, there is a small plastic tray with a keychain attached to it.'], ['In the image, there is a keychain with a small container on it, which has a blue'], ['In the image, there is a small container with a keychain attached to it. The container is'], ['In the image, there is a small plastic tray with compartments and a keychain attached'], ['In the image, there is a small plastic tray with compartments, which is attached to'], ['In the image, there is a small, clear plastic box with a key chain attached to it'], ['In the image, there is a key chain with a small tray attached to it. The t'], ['In the image, there is a small, colorful, plastic container with a key chain attached'], ['In the image, there is a small, clear case with compartments and a key chain attached to'], ['In the image, there is a small plastic container with a clear top, containing small plastic'], ['In the image, there is a small plastic case with a clear cover and a key chain attached'], ['In the image, there is a key chain with a small tray or container attached to it.'], ['In the image, there is a key chain with a small plastic tray attached to it.'], ['In the image, there is a small container with a clear lid, containing a few small objects,'], ['In the image, there is a keychain with a small tray attached to it. The t'], ['In the image, there is a small, rectangular case with a clear, plastic window,'], ['In the image, there is a small plastic tray with compartments, which is attached to'], ['In the image, there is a small plastic container with a keychain attached to it. The'], ['In the image, there is a small box or case with a key chain attached to it. The'], ['In the image, there is a small plastic box with a key chain attached to it. The'], ['In the image, there is a small case or container with a key chain attached to it. The'], ['In the image, there is a small plastic case with a clear window, containing a key chain'], ['In the image, there is a key chain with a small tray or compartment attached to it'], ['In the image, there is a small plastic container with a keychain attached to it. The'], ['In the image, there is a keychain with a small tray or container attached to it.'], ['In the image, there is a small, clear plastic container with a keychain attached to it'], ['In the image, there is a small clear case containing a set of colored balls, which are blue'], ['In the image, there is a small, colorful plastic box with a keychain attached to'], ['In the image, there is a small case or container with a key chain attached to it. The'], ['In the image, there is a small plastic case with a clear window, a key chain,'], ['In the image, there is a keychain with a small tray attached to it, which is'], ['In the image, there is a small plastic container with a chain attached to it, which is'], ['In the image, there is a small box with a key chain attached to it. The box has'], ['In the image, there is a small container with a keychain attached to it. The container is'], ['In the image, there is a small plastic box with a keychain attached to it. The'], ['In the image, there is a small, clear, plastic case with a key chain attached to']]"
data/images/noun/2047-600.jpg,2047,perfume sprayer,41,32,50,3,"[['In the image, there is a small black and silver bottle, which appears to be a container'], ['There is a black and silver object in the image.'], ['There is a silver lid on a black container in the image.'], ['There is a bottle in the image.'], ['There is a black object in the image.'], ['There is a bottle in the image.'], ['There is a bottle in the image.'], ['There is a bottle in the image.'], ['In the image, there is a black bottle or container with a silver lid.'], ['In the image, there is a black and silver bottle, which appears to be a vase'], ['In the image, there is a black object with a silver top.'], ['There is a silver cap on top of a black object in the image.'], ['In the image, there is a black bottle with a silver top.'], ['In the image, there is a black and silver object, which appears to be a bottle or'], ['There are two objects in the image: a silver lid and a black container.'], ['In the image, there is a silver bottle cap, a black bottle, and a silver'], ['In the image, there is a black bottle with a silver cap on a white background.'], ['In the image, there is a black and silver bottle or container, which is the main focus'], ['There are two objects in the image: a black and silver bottle, and a black and silver'], ['There is a black and silver object in the image.'], ['In the image, there is a silver bottle cap with a black body.'], ['In the image, there is a black object that is a cylinder or a vase-like'], ['There is a silver lid on a black bottle in the image.'], ['In the image, there is a black bottle or container with a silver lid or top.'], ['In the image, there is a black and silver bottle with a silver top.'], ['In the image, there is a silver bottle cap on a white background.'], ['There is a silver top on a black bottle in the image.'], ['There is a black and silver object in the image.'], ['In the image, there is a black and silver bottle cap.'], ['In the image, there is a small black bottle with a silver top.'], ['There are two objects in the image: a silver bottle and a black bottle.'], ['There is a black and silver bottle in the image.'], ['There is a silver cap on top of a black bottle in the image.'], ['There are two objects in the image: a bottle and a cap.'], ['There is a silver and black bottle in the image.'], ['In the image, there is a black object with a silver top.'], ['In the image, there is a black bottle and a silver lid.'], ['In the image, there is a silver cap on a black bottle.'], ['In the image, there is a silver lid on top of a black container.'], ['In the image, there is a black bottle with a silver top.']]"
data/images/noun/2048-600.jpg,2048,worm ball with hands and stars cut off,13,47,55,6,"[['There are a bunch of colorful balls in the image.'], ['The image features a pile of colorful balls, including a mix of various shapes and sizes.'], ['The image features a pile of colorful balls, including a blue ball, a green ball,'], ['The image features a pile of colorful balls, which include a mix of different colors such as'], ['There are several different colored balls in the image, stacked on top of each other.'], ['There are various colored balls in the image, including blue, yellow, pink, green, and'], ['There are various colorful plastic balls in the image.'], ['In the image, there is a pile of assorted colorful balls, including a mix of'], ['There are several colorful balloons in the image.'], ['In the image, there is a stack of colorful plastic balls, which are piled on'], ['The image features a pile of colorful plastic balls, which are stacked on top of'], ['There are a bunch of colorful plastic balls in the image.'], ['There are several plastic balls in the image.'], ['In the image, there are a bunch of colorful balls, including a blue one, stacked'], ['There are several colorful balls, including a blue ball and a green ball, piled on top'], ['There are a bunch of colorful balls in the image.'], ['The image features a pile of colorful balls, including both balloons and dumbb'], ['There are several colorful balls in the image.'], ['In the image, there is a pile of various colorful plastic toys, including different'], ['In the image, there are several multi-colored plastic balls, which are stacked on'], ['The image features a pile of various colored balls, including blue, green, pink, and'], ['In the image, there are a bunch of colorful balls, specifically a pile of sixteen'], ['In the image, there are a bunch of colorful balls, including a blue one, and a'], ['In the image, there are several colorful plastic balls, including pink, blue, yellow'], ['There are several different colored balls in the image.'], ['There are several colorful balls in the image, including a blue ball, a green ball, and'], ['The image features a pile of various colored balloons.'], ['The image features a pile of colorful balls, including a mix of different colors such as blue'], ['There are various colorful balls in the image, including blue, green, yellow, pink,'], ['The image features a pile of colorful, rubber-like objects, which appear to be'], ['The image features a stack of colorful plastic balls.'], ['There are a bunch of colorful balls in the image.'], ['The image features a pile of various colored balloons.'], ['The image features a collection of colorful balls, including a mix of different shapes and sizes. These'], ['The image features a stack of colorful plastic balls, including pink, blue, green,'], ['The image features a pile of various colored balls, including blue, green, orange, and pur'], ['In the image, there are several brightly colored plastic balls and a blue plastic tube'], ['In the image, there are several colorful plastic balls, including a blue one, and a'], ['In the image, there are several different colored balls, including a blue, green, yellow, p'], ['In the image, there is a pile of colorful plastic balls, including both round and']]"
data/images/noun/2049-600.jpg,2049,slide whistle,19,44,39,10,"[['There is a blue pencil with a white eraser on the end, and a small metal'], ['In the image, there is a blue pen and a small clip or magnet attached to the pen.'], ['In the image, there is a blue pen and a small metal clip.'], ['In the image, there is a blue pencil with a clip attached to it.'], ['There are two objects in the image: a blue pen and a small metal clip.'], ['In the image, there is a blue pencil with a clip attached to it.'], ['In the image, there is a blue pen with a clip attached to it and a small piece of'], ['In the image, there is a blue pen with a clip attached to it, and a blue clip'], ['In the image, there is a blue pen and a metal clip.'], ['In the image, there is a blue pen with a clip attached to it and a small metal clip'], ['In the image, there is a blue pen with a clip attached to it, and a small metal'], ['In the image, there is a blue pen and a metal clip attached to it.'], ['In the image, there is a blue pen and a metal clip.'], ['In the image, there is a blue pencil with a clip attached to it, and a'], ['In the image, there is a blue pen, a clip, and a small piece of paper.'], ['In the image, there is a blue pencil and a clip attached to it.'], ['In the image, there is a blue pen with a clip attached to it and a white button.'], ['In the image, there is a blue pen and a clip.'], ['In the image, there is a blue pen, a small clip, and a blue pen clip.'], ['In the image, there is a blue pen, a clip, and a clipboard. The pen'], ['In the image, there is a blue pen and a clip attached to it.'], ['There is a blue pen and a metal clip in the image.'], ['In the image, there is a blue pen with a clip attached to it, and a blue p'], ['In the image, there is a blue pencil with a clip attached to it.'], ['In the image, there is a blue pen and a metal clip.'], ['In the image, there is a blue pen with a clip attached to it, and a white clip'], ['In the image, there is a blue pencil and a small metal clip or magnet attached to'], ['In the image, there is a blue pen with a clip attached to it, and a blue p'], ['In the image, there is a blue pen, a clip, and a blue pencil.'], ['In the image, there is a blue pen and a clip attached to it.'], ['In the image, there is a blue pen with a clip attached to it, a clipboard,'], ['There are two objects in the image: a blue pen and a small metal clip or hook.'], ['There are a blue pencil and a small metal clip in the image.'], ['In the image, there is a blue pencil and a small metal hook or clasp.'], ['In the image, there is a blue pen and a clip attached to the pen.'], ['In the image, there is a blue pencil with a clip attached to it and a white'], ['In the image, there is a blue pencil with a white eraser and a small metal'], ['In the image, there is a blue pen with a clip attached to it and a metal ring.'], ['In the image, there is a blue pencil and a metal clip with a ring attached to'], ['In the image, there is a blue pencil with a metal ring attached to it, which']]"
data/images/noun/2050-600.jpg,2050,mobile phone stand for a car,31,68,45,0,"[['In the image, there is a black object with a circular top, which is a part of a'], ['In the image, there is a black object that resembles a black light fixture or a'], ['In the image, there is a black object with a hole in the center, which appears to be'], ['There is a black object, which appears to be a piece of a circular or round object, sitting'], ['There is a black object in the image, which is a round object with a hole in the center'], ['In the image, there is a black object, which appears to be a black dome or a'], ['In the image, there is a black object with a hole in the center, which appears to be'], ['There are two objects in the image: a black cap and a black plug.'], ['In the image, there is a black object with a hole in the center, which appears to be'], ['In the image, there is a black object, which is a black knob or a black cap'], ['In the image, there is a black object that resembles a dome, with a hole'], ['In the image, there is a black object, which appears to be a black dome or a'], ['In the image, there is a black object with a hole in the center, which appears to be'], ['There are two objects in the image: a black top and a black base. The black top is'], ['In the image, there is a black object with a hole in the center, which is a black'], ['In the image, there is a black object with a silver top, which appears to be a round'], ['In the image, there is a black object, which appears to be a piece of equipment or a'], ['In the image, there is a black object with a hole in the middle. It appears to be'], ['In the image, there is a black plastic object with a silver top, which appears to be'], ['In the image, there is a black object with a circular top, which is sitting on a white'], ['In the image, there is a black object with a hole in the center, sitting on a white'], ['In the image, there is a black object, which appears to be a circular piece of equipment or'], ['In the image, there is a black object that appears to be a cover or a cap, sitting'], ['In the image, there is a black object, which appears to be a black dome or top'], ['In the image, there is a black object with a circular top, which appears to be a part'], ['There is a black object, which appears to be a black dome or a black cap, in'], ['In the image, there is a black object with a hole in the middle, sitting on a white'], ['In the image, there is a black object, which is a black cap, and a black object'], ['In the image, there is a black object with a hole in the center.'], ['In the image, there is a black object, which appears to be a round, flat, or'], ['In the image, there is a black object, which is a black dome or a black top'], ['There are two objects in the image: a black plastic piece with a hole in the center and'], ['In the image, there is a black object with a hole in the center, which is a part'], ['In the image, there is a black object that appears to be a piece of equipment or a tool'], ['There is a black object, which is a piece of equipment, sitting on a white background.'], ['There is a black object in the image, which appears to be a black piece of equipment or a'], ['In the image, there is a black object with a hole in the center.'], ['In the image, there is a black plastic piece with a hole in the center, which is'], ['In the image, there is a black object, which appears to be a round piece of equipment or'], ['There are two objects in the image: a black top and a black base.']]"
data/images/noun/2051-600.jpg,2051,finger castanet,53,60,47,9,"[['There are two green objects in the image.'], ['In the image, there is a green toy with a hole in it and a green toy'], ['In the image, there is a green toy shaped like a toilet and a green'], ['In the image, there is a green plastic toy shaped like a toilet and'], ['In the image, there is a green plastic object that looks like a toilet, and'], ['There are two objects in the image: a green toilet seat and a green toilet'], ['In the image, there is a green toy shaped like a toilet and a green'], ['There are two green objects in the image, which are a toy toilet and a to'], ['There are two green plastic objects in the image.'], ['In the image, there is a green toy shaped like a toilet with a lid'], ['In the image, there is a green toilet seat with a handle and a green toile'], ['In the image, there is a green plastic object that looks like a toilet, with'], ['In the image, there is a green plastic object that resembles a toilet seat'], ['In the image, there is a green toy shaped like a toilet and a green'], ['In the image, there is a green plastic toy, which is a toy-sh'], ['In the image, there is a green plastic toy, which appears to be a toile'], ['In the image, there is a green toy toilet with a pink flower on it'], ['In the image, there is a green toy shaped like a toilet with a lid'], ['In the image, there is a green toy shaped like a toilet with a handle'], ['In the image, there is a green toilet seat with a pink flower design on it'], ['In the image, there is a green plastic object that looks like a toilet seat,'], ['In the image, there is a green plastic toy shaped like a toilet and'], ['In the image, there is a green toy, which appears to be a toy toile'], ['In the image, there is a green toilet seat with a floral design on it.'], ['In the image, there is a green toy, which appears to be a toy car,'], ['In the image, there is a green plastic object that resembles a toilet seat'], ['In the image, there is a green toilet seat with a leaf design on it, and'], ['In the image, there is a green toy shaped like a toilet, with a'], ['In the image, there is a green toy, which appears to be a toilet,'], ['In the image, there is a green toy shaped like a toilet and a green'], ['In the image, there is a green toy shaped like a toilet and a green'], ['In the image, there is a green toy shaped like a toilet with a lid'], ['In the image, there is a green toilet seat with a flower design on it.'], ['In the image, there is a green toy, which appears to be a toilet,'], ['In the image, there is a green toilet seat and a green toilet lid.'], ['In the image, there is a green plastic toy, which appears to be a toy'], ['In the image, there is a green plastic toilet seat with a floral design on'], ['In the image, there is a green toy shaped like a toilet with a handle'], ['In the image, there is a green toilet seat with a leaf design and a green to'], ['In the image, there is a green toy shaped like a toilet, which is']]"
data/images/noun/2052-600.jpg,2052,noisemaker,41,53,63,7,"[['In the image, there is a green umbrella and a pair of scissors.'], ['In the image, there is a green plastic toothbrush with a pink handle and'], ['In the image, there is a green plastic object that resembles a pair of sciss'], ['In the image, there is a green plastic toothbrush with a pink handle.'], ['There are two green umbrella handles in the image.'], ['In the image, there is a green plastic object with a pink handle, which is a'], ['In the image, there is a green umbrella handle and a pink plastic cup.'], ['In the image, there is a green plastic tool with two handles, which appears to be a'], ['In the image, there is a green and pink umbrella and a green and pink'], ['In the image, there is a green plastic toothbrush holder with a pink to'], ['In the image, there is a green toothbrush and a pink cup.'], ['There are two green handles with pink tips in the image.'], ['In the image, there is a green umbrella with a pink handle and a green handle'], ['In the image, there is a green plastic toothbrush holder with a toothbr'], ['In the image, there is a green plastic object with a pink handle.'], ['In the image, there is a green toothbrush with a pink handle.'], ['In the image, there is a green umbrella-shaped object with a pink handle'], ['In the image, there is a green plastic object that resembles a pair of sciss'], ['In the image, there is a green toothbrush with a pink handle and a p'], ['In the image, there is a green plastic toothbrush with a pink handle.'], ['There are two green plastic handles in the image.'], ['There are two green plastic objects in the image.'], ['In the image, there is a green umbrella with a pink handle.'], ['In the image, there is a green toothbrush with a pink handle and a p'], ['In the image, there is a green umbrella and a green toothbrush.'], ['In the image, there is a green plastic object with two green handles and a pink handle'], ['In the image, there is a green umbrella with a pink handle.'], ['In the image, there is a green and pink plastic object, which appears to be a'], ['In the image, there is a green plastic object that resembles a pair of sciss'], ['In the image, there is a green object with a pink handle and a pink object with'], ['There is a green object in the image, which appears to be a tool or a piece of equipment'], ['In the image, there is a green toothbrush with a pink handle and a p'], ['There are two green handles in the image.'], ['In the image, there is a green plastic object with two handles, which is shaped like'], ['In the image, there is a green umbrella and a pink plastic object, which'], ['There is a green and pink umbrella in the image.'], ['In the image, there is a green object with two handles and a red or pink object with'], ['In the image, there is a green and pink toothbrush holder, which is designed'], ['There are two green plastic objects in the image.'], ['In the image, there is a green and pink plastic toothbrush holder, which']]"
data/images/noun/2053-600.jpg,2053,hand castanet,44,79,45,6,"[['There are two red objects in the image.'], ['There are two red handles in the image.'], ['In the image, there is a red object with two black handles.'], ['In the image, there is a red object that appears to be a pair of scissors,'], ['In the image, there is a red umbrella stand with a red umbrella attached to'], ['In the image, there is a red object with two black handles or clips.'], ['There are two red objects in the image.'], ['In the image, there is a red object that appears to be a piece of a chair or a'], ['There is a red metal object in the image, which is a pair of red scissors.'], ['In the image, there is a red umbrella handle and a red umbrella.'], ['There are two red handles or handles with red ends in the image.'], ['There are two red metal objects in the image.'], ['There are two red objects in the image.'], ['In the image, there is a red object, which appears to be a pair of scissors'], ['There are two red handles in the image.'], ['There are two red objects in the image.'], ['There are two red handles or handles with red ends in the image.'], ['In the image, there is a red object, which appears to be a piece of art or a'], ['In the image, there is a red umbrella and a pair of scissors.'], ['In the image, there is a red pole and a pair of scissors.'], ['In the image, there is a red object with a black handle and a red pole.'], ['There is a red pole with two black hooks on it in the image.'], ['There are two red objects in the image.'], ['In the image, there is a red umbrella handle and a pair of black scissors'], ['In the image, there is a red object that appears to be a pair of scissors,'], ['In the image, there is a red object, which appears to be a piece of art or a'], ['In the image, there is a red umbrella handle and a red pair of scissors'], ['In the image, there is a red object with a black handle, which is likely a pair of'], ['There is a red object in the image, which is a pair of scissors.'], ['There are two red handles or handles with red grips in the image.'], ['In the image, there is a red metal object with two red handles, which is likely a red'], ['In the image, there is a red object, which is a pair of red scissors.'], ['In the image, there is a red umbrella handle and a pair of black scissors'], ['In the image, there is a red object with a black handle and a red object with a black'], ['In the image, there is a red object, which appears to be a pair of scissors'], ['In the image, there is a red umbrella handle and a red umbrella stand.'], ['There are two red handles in the image.'], ['There are two red handles in the image.'], ['In the image, there is a red object with a black handle, which appears to be a piece'], ['In the image, there is a red umbrella and a pair of scissors.']]"
data/images/noun/2054-600.jpg,2054,floating ball game,3,25,38,48,"[['In the image, there is a wooden object, which appears to be a wooden handle or a wooden'], ['In the image, there is a wooden object with a red handle, which appears to be a piece'], ['In the image, there is a wooden paddle and a red handle. The wooden paddle is'], ['In the image, there is a wooden board and a red piece of wood attached to it. The'], ['In the image, there is a wooden object with a red handle, and a red base.'], ['In the image, there is a wooden board with a red handle.'], ['In the image, there is a wooden plank and a red metal piece, which is likely a'], ['In the image, there is a wooden board with a red knob on top of it.'], ['In the image, there is a wooden block and a red knob.'], ['In the image, there is a wooden object, which appears to be a wooden plank or a'], ['In the image, there is a wooden object, which could be a plank or a wooden bar'], ['In the image, there is a wooden object with a red handle and a wooden block. The wooden'], ['In the image, there is a wooden object with a red handle, which is likely a wooden rolling'], ['In the image, there is a wooden object, which appears to be a wooden handle or a wooden'], ['In the image, there is a wooden handle and a red object, which could be a piece of'], ['In the image, there is a wooden handle, a red piece of wood, and a wooden bar'], ['There are two wooden objects in the image. One is a wooden bar or a wooden handle, and'], ['There are two wooden objects in the image: a wooden block and a wooden rolling pin. The wooden'], ['In the image, there is a wooden object with a red handle, which appears to be a tool'], ['In the image, there is a wooden board with a red handle and a red stand. The wooden'], ['In the image, there is a wooden object with a red knob on it. The object appears'], ['In the image, there is a wooden handle and a red clamp. The wooden handle is attached'], ['There is a wooden plank with a red clamp and a wooden handle in the image.'], ['There is a wooden object with a red handle in the image.'], ['In the image, there is a wooden board with a red handle and a red piece of wood attached'], ['In the image, there is a wooden object, which appears to be a wooden plank or a'], ['In the image, there is a wooden plank or board with a red handle or handlebar on'], ['In the image, there is a wooden plank or board and a red piece of metal, which'], ['In the image, there is a wooden plank or a wooden bar with a red piece of wood'], ['In the image, there is a wooden object, possibly a wooden block or a piece of wood,'], ['In the image, there is a wooden object with a red piece on top of it, and it'], ['In the image, there is a wooden plank with a red knob on it.'], ['In the image, there is a wooden plank with a red handle, which appears to be a'], ['In the image, there is a wooden object, which could be a wooden handle, a wooden bar'], ['In the image, there is a wooden object with a red top, which appears to be a wooden'], ['In the image, there is a wooden object, which appears to be a wooden plank or a'], ['There is a wooden board with a red handle and a red stand on which the board is placed.'], ['There are two wooden objects in the image: a wooden plank and a wooden peg.'], ['In the image, there is a wooden board with a red handle and a red piece of wood on'], ['There are two wooden objects in the image: a wooden handle and a wooden board.']]"
data/images/noun/2055-600.jpg,2055,aroma therapy oil burner,13,33,53,13,"[['There is a vase in the image, which is a green sculpture with a unique design.'], ['There are three green vases in the image.'], ['In the image, there is a green vase with a unique design.'], ['There is a vase in the image.'], ['In the image, there is a green vase with a unique design.'], ['There is a green vase in the image.'], ['In the image, there is a green vase with a unique design.'], ['There is a green vase in the image.'], ['In the image, there is a green vase or sculpture with multiple holes or openings.'], ['In the image, there is a yellow vase with a unique design that resembles a face'], ['In the image, there is a green vase with holes in it.'], ['In the image, there is a green vase with holes in it.'], ['There are two objects in the image: a green vase and a yellow vase.'], ['In the image, there is a green vase with a unique design, featuring a series of holes'], ['In the image, there is a vase made of plastic with a green color.'], ['There are two objects in the image. One is a yellow vase, and the other is a'], ['There are two objects in the image. The first object is a green vase, and the second'], ['There is a green vase in the image.'], ['The image features a green vase with a hole in the middle.'], ['In the image, there is a green vase with a unique design.'], ['The image features a green vase or sculpture with holes in it.'], ['In the image, there is a vase with a green color and a unique design.'], ['The image features a green vase with a hole in the middle, which is placed on a white'], ['There is a green vase in the image.'], ['In the image, there is a green vase with a hole in the middle, and a yellow'], ['In the image, there is a green vase with holes in it.'], ['The image features a green vase with holes in it.'], ['In the image, there is a green vase with holes in it.'], ['In the image, there is a green vase with a unique design, which features a series of'], ['In the image, there is a yellow vase or sculpture with multiple holes or openings in'], ['The image features a vase with a green, textured surface.'], ['The image features a green vase with multiple holes in it.'], ['In the image, there is a green vase or sculpture with a hole in the middle.'], ['In the image, there is a green vase with multiple holes in it.'], ['In the image, there is a green vase with holes in it, which is placed on a'], ['There is a green vase in the image.'], ['In the image, there is a green vase with a unique design.'], ['In the image, there is a green vase or container with a hole in the middle.'], ['In the image, there is a green vase with multiple holes in it.'], ['The image features a green vase with a unique design, resembling a face or a mouth']]"
data/images/noun/2056-600.jpg,2056,dog toy,19,59,61,13,"[['There are two blue and yellow plastic toys in the image.'], ['There are two blue and green toy planes in the image.'], ['There are two blue and green toy airplanes in the image.'], ['In the image, there are two blue and yellow colored plastic toys in the shape of a'], ['In the image, there is a toy in the shape of an airplane and a toy'], ['In the image, there are two toy airplanes, one blue and one red, sitting'], ['There are two toy airplanes in the image.'], ['In the image, there are two blue and green plastic toy airplanes.'], ['In the image, there are two colorful wooden toy airplanes, one blue and one'], ['In the image, there are two colorful wooden toys shaped like an airplane and a'], ['In the image, there is a toy airplane made out of a combination of blue and red'], ['In the image, there is a blue and green toy shaped like an airplane.'], ['There are two toy airplanes in the image.'], ['There are two toy airplanes in the image.'], ['In the image, there are two toy airplanes made out of different colored plastic,'], ['In the image, there is a blue and red toy shaped like an airplane.'], ['In the image, there is a blue and green toy shaped like a bird, specifically a'], ['In the image, there is a blue and red toy airplane and a blue and green to'], ['In the image, there is a toy shaped like a plane, with a blue wing and'], ['There are two toy airplanes in the image.'], ['There are two blue and green toy airplanes in the image.'], ['There are two blue and yellow toy airplanes in the image.'], ['In the image, there is a blue and red toy shaped like a plane, which is'], ['In the image, there is a blue and red toy plane and a blue and red toy'], ['There are two toy airplanes in the image.'], ['There are two blue and yellow plastic toys in the image.'], ['In the image, there is a blue and red toy in the shape of an airplane,'], ['In the image, there is a toy airplane and a toy car.'], ['In the image, there is a toy airplane and a toy car.'], ['There are two toy airplanes in the image.'], ['In the image, there is a blue and red toy shaped like a bird, with green'], ['There are two toy airplanes in the image.'], ['In the image, there is a blue and red toy airplane and a blue and green to'], ['There are two blue and green plastic toy wings in the image.'], ['There are two toy airplanes in the image.'], ['In the image, there are two colorful wooden toys in the shape of an airplane and'], ['In the image, there are two blue and green toy planes or toy airplanes'], ['In the image, there is a blue and red toy airplane and a blue and green to'], ['There are two toy airplanes in the image.'], ['There are two toy airplanes in the image.']]"
data/images/noun/2057-600.jpg,2057,spout for watering can,34,32,35,3,"[['In the image, there is a red plastic object, which appears to be a red plastic'], ['In the image, there is a red plastic object with a black bottom, which appears to be'], ['There are two objects in the image: a red object and a black object.'], ['In the image, there is a red plastic object with a hole in the center, sitting on'], ['In the image, there is a red plastic object that looks like a frisbee,'], ['In the image, there is a red object with a hole in the middle, which appears to be'], ['There is a red object in the image, which is described as a red cone, a red ball'], ['In the image, there is a red object that appears to be a rounded, conical-sh'], ['In the image, there is a red object with a black top and a white bottom. The object'], ['There are two objects in the image: a red object and a white object.'], ['There are two objects in the image: a red plastic cup and a red plastic lid.'], ['In the image, there is a red object with a black top, which is a red and black'], ['In the image, there is a red plastic object, possibly a frisbee, with'], ['In the image, there is a red object that resembles a red frisbee,'], ['In the image, there is a red object, which appears to be a red plastic or rub'], ['There are two objects in the image: a red object and a white object. The red object is'], ['In the image, there is a red plastic object with a black bottom, which appears to be'], ['In the image, there is a red object, which appears to be a plastic container or a'], ['In the image, there is a red object with a black top, which appears to be a red'], ['In the image, there is a red object with a hole in the center, which appears to be'], ['In the image, there is a red object, which appears to be a red ball or a red'], ['There are two objects in the image: a red plastic object and a black plastic object.'], ['In the image, there is a red object, which appears to be a red plastic container or'], ['In the image, there is a red object, which appears to be a red dome or a'], ['In the image, there is a red plastic object with a black bottom, which appears to be'], ['In the image, there is a red plastic object, possibly a red frisbee,'], ['In the image, there is a red plastic object, which appears to be a red fris'], ['There are two objects in the image. One is a red plastic object, and the other is'], ['In the image, there is a red object, which appears to be a plastic item, sitting'], ['In the image, there is a red plastic object, which appears to be a red fris'], ['There is a red plastic object in the image.'], ['There is a red plastic object in the image.'], ['In the image, there is a red plastic object with a black bottom, which appears to be'], ['In the image, there is a red object that appears to be a piece of sports equipment, possibly'], ['In the image, there is a red plastic object with a black top, which appears to be'], ['There is a red object in the image, which appears to be a red and black cone or a'], ['In the image, there is a red object with a black cap on it.'], ['There are two objects in the image: a red plastic cup and a red plastic ball.'], ['In the image, there is a red object with a black cap, which appears to be a piece'], ['In the image, there is a red object that looks like a dome or a rounded piece of']]"
data/images/noun/2058-600.jpg,2058,hole for children golf game,22,33,58,3,"[['There is a pink object in the image, which is a piece of plastic or a pl'], ['In the image, there is a pink plastic ring or disc, which appears to be a'], ['In the image, there is a pink plastic object, which could be a plastic ring'], ['In the image, there is a pink plastic object with a hole in the middle, which'], ['There is a pink plastic ring in the image.'], ['There is a pink plastic ring in the image.'], ['In the image, there is a pink plastic object, which could be a piece of pl'], ['There are two objects in the image: a pink plastic ring and a pink plastic'], ['There is a pink plastic ring in the image.'], ['There is a pink plastic ring in the image.'], ['In the image, there is a pink plastic object that appears to be a small, round'], ['In the image, there is a pink plastic ring or a small white object, which appears'], ['In the image, there is a pink plastic ring, which is a plastic donut'], ['There is a pink plastic ring in the image.'], ['In the image, there is a pink plastic ring or lid, which is sitting on a'], ['There is a pink plastic ring in the image.'], ['There is a pink plastic object in the image.'], ['In the image, there is a pink plastic ring or disc-shaped object.'], ['In the image, there is a pink plastic object with a hole in the middle.'], ['In the image, there is a pink plastic object, which appears to be a plastic'], ['In the image, there is a pink plastic ring or circular object, which could be a'], ['There is a pink plastic object in the image.'], ['There is a pink plastic object in the image, which appears to be a piece of pl'], ['In the image, there is a pink plastic ring and a pink plastic disc.'], ['There is a pink plastic ring in the image.'], ['There are two objects in the image: a pink plastic ring and a pink plastic'], ['In the image, there is a pink plastic ring, which appears to be a lid or'], ['There is a pink plastic ring in the image.'], ['There are two objects in the image: a pink plastic ring and a pink plastic'], ['In the image, there is a pink plastic ring or lid, which is a circular piece'], ['In the image, there is a pink plastic ring or lid, which appears to be a'], ['In the image, there is a pink plastic object with a hole in the center.'], ['In the image, there is a pink plastic ring or lid, which is round and has'], ['In the image, there is a pink plastic object with a hole in the middle.'], ['In the image, there is a pink plastic object that resembles a piece of p'], ['In the image, there is a pink plastic ring and a pink plastic circle.'], ['There is a pink plastic object in the image, which appears to be a plastic ring'], ['In the image, there is a pink plastic ring or doughnut-shaped object'], ['There is a pink plastic object in the image.'], ['There is a pink plastic ring in the image.']]"
data/images/noun/2059-600.jpg,2059,maraca pen,75,92,28,0,"[['In the image, there is a purple dildo or vibrator, which is a'], ['In the image, there is a purple vibrator, which is a type of sex to'], ['There are two objects in the image: a purple vibrator and a purple dild'], ['In the image, there is a purple vibrator or dildo, which is a'], ['In the image, there is a purple dildo, which is a type of vibr'], ['There are two objects in the image: a purple vibrator and a purple dild'], ['In the image, there is a purple vibrator and a purple dildo.'], ['In the image, there is a purple dildo, which is a type of adult to'], ['There is a purple vibrator in the image.'], ['In the image, there is a purple vibrator and a purple dildo.'], ['In the image, there is a purple vibrator or dildo, which is a'], ['There is a purple dildo, or vibrator, in the image.'], ['In the image, there is a purple vibrator or dildo, which is a'], ['In the image, there is a purple vibrator or dildo, which is a'], ['In the image, there is a purple vibrator or dildo, which is a'], ['In the image, there is a purple vibrator with a curved design.'], ['In the image, there is a purple vibrator and a purple dildo.'], ['There is a purple vibrator in the image.'], ['There are two objects in the image: a purple vibrator and a purple dild'], ['In the image, there is a purple vibrator, which is a type of sex to'], ['In the image, there is a purple vibrator or dildo, which is a'], ['In the image, there is a purple vibrator or dildo.'], ['In the image, there is a purple dildo, which is a type of vibr'], ['In the image, there is a purple vibrator, also known as a dildo'], ['In the image, there is a purple dildo, which is a type of sex to'], ['There is a purple vibrator in the image.'], ['In the image, there is a purple vibrator, which is a type of adult to'], ['In the image, there is a purple vibrator or dildo, which is a'], ['There is a purple dildo in the image.'], ['In the image, there is a purple vibrator and a purple dildo.'], ['In the image, there is a purple dildo, which is a type of sex to'], ['There is a purple vibrator in the image.'], ['In the image, there is a purple vibrator or dildo, which is a'], ['There is a purple vibrator in the image.'], ['There is a purple dildo, or a purple vibrator, in the image'], ['There is a purple vibrator in the image.'], ['There is a purple dildo, also known as a vibrator, in the image'], ['There is a purple vibrator in the image.'], ['In the image, there is a purple vibrator, which is a type of adult to'], ['In the image, there is a purple dildo, which is a type of sex to']]"
data/images/noun/2060-600.jpg,2060,dog toy with removed rope,38,32,55,29,"[['The image features a red object that resembles a flower made of glass.'], ['In the image, there is a large, red, glass object that resembles a flower or'], ['In the image, there is a red plastic object that appears to be a ball or a piece'], ['The image features a red glass ball with a bunch of small red glass balls inside it.'], ['In the image, there is a red, plastic, three-dimensional flower-shaped object'], ['There is a close-up image of a red glass object with a star-shaped pattern.'], ['The image features a red plastic object with a clear center, which appears to be a red pl'], ['In the image, there is a large, red, glass object with multiple glass pieces attached to it'], ['There are several red glass beads in the image.'], ['There are several red glass beads in the image.'], ['In the image, there is a red glass object that looks like a flower or a piece of art'], ['There are several red glass beads in the image.'], ['In the image, there is a large red glass ball with a pattern on it, surrounded by several'], ['There is a red, glass-like object in the image.'], ['There are several red glass balls in the image.'], ['In the image, there is a large red glass ball with a clear center.'], ['There is a red glass ball in the image.'], ['There is a red plastic object in the image.'], ['In the image, there is a red glass ball with a bunch of red glass balls inside it.'], ['The image features a close-up of a red glass ball.'], ['In the image, there is a large red glass ball with multiple smaller red glass balls attached to it'], ['In the image, there is a red glass ball with a hollow center, and it is surrounded'], ['The image features a red, plastic, three-dimensional object that resembles a flower or'], ['In the image, there is a red object that looks like a flower made out of plastic.'], ['In the image, there is a red plastic object with a cluster of small red plastic spher'], ['In the image, there is a large, red, glass, or plastic, ball-like'], ['In the image, there is a close-up of a red glass ball.'], ['There are several red glass beads in the image.'], ['In the image, there is a close-up of a red glass object, which appears to be'], ['In the image, there is a red, plastic, round object with a hole in the center'], ['In the image, there is a close-up of a red plastic ball with a bunch of'], ['There are four red glass beads in the image.'], ['There is a red plastic object in the image, which appears to be a cluster of red balls'], ['There are several red glass balls in the image.'], ['The image features a close-up of a red glass flower with a clear center, which appears to'], ['There are four red plastic containers in the image.'], ['In the image, there is a red glass object that appears to be a sculpture or a piece'], ['In the image, there is a close-up of a red glass object that appears to be a'], ['In the image, there is a red glass ball with multiple red glass beads inside it.'], ['The image features a close-up of a red, clear, glass object with a hollow center']]"
data/images/noun/2061-600.jpg,2061,dog toy,53,53,59,13,"[['The image features a green and yellow ball with a hole in the center, surrounded by many colorful'], ['In the image, there is a green and yellow plastic toy with a hole in the center'], ['In the image, there is a green and yellow plastic toy with a hole in the middle'], ['The image features a green and yellow toy, which is a plastic toy with a hole'], ['There is a green and yellow donut-shaped toy with a hole in the center.'], ['In the image, there is a green and blue colored plastic toy, which appears to be'], ['The image features a green and blue ball with a hole in the middle.'], ['In the image, there is a green, colorful, and round toy with a hole in'], ['In the image, there is a green and blue donut-shaped toy with a hole'], ['The image features a green, multi-colored, and multi-textured rubber donut'], ['The image features a green and yellow toy, which is a plastic toy with a hole'], ['In the image, there is a green and blue ball with a hole in the center. The ball'], ['In the image, there is a green and blue donut-shaped toy with a hole'], ['In the image, there is a green and blue toy with a hole in the center, which'], ['The image features a green and blue plastic toy with a hole in the center, which is'], ['The image features a green and blue donut-shaped toy with a hole in the center'], ['The image features a green and yellow donut-shaped toy with colored spots, which'], ['There is a green and blue plastic toy in the image.'], ['In the image, there is a green and blue donut-shaped toy with a hole'], ['The image features a green and blue plastic toy, which appears to be a colorful ball'], ['There is a green and blue plastic toy in the image, which appears to be a to'], ['There are two objects in the image: a green and yellow plastic toy and a green and'], ['In the image, there is a green and yellow toy with a hole in the middle, which'], ['The image features a green and yellow plastic toy with a hole in the center, which is'], ['There are two objects in the image: a green and blue donut-shaped toy and'], ['There is a green and blue donut-shaped toy with a hole in the middle in'], ['In the image, there is a green and yellow toy with a hole in the middle, surrounded'], ['In the image, there is a green and blue plastic toy with a hole in the middle'], ['The image features a green and blue donut-shaped toy with a hole in the middle'], ['In the image, there is a green and blue donut-shaped toy with a hole'], ['In the image, there is a green and blue donut-shaped toy with a hole'], ['The image features a green and blue plastic toy with a hole in the center. The to'], ['In the image, there is a green and yellow plastic toy, which appears to be a'], ['In the image, there is a green and yellow ball with a hole in the middle, which is'], ['In the image, there is a green and blue plastic toy with a hole in the center'], ['In the image, there is a green and yellow toy, which appears to be a plastic'], ['In the image, there is a green and blue ball with a hole in the middle, which appears'], ['In the image, there is a green and blue plastic toy with a hole in the center'], ['In the image, there is a green and yellow toy, which appears to be a rubber'], ['The image features a green and yellow toy, which appears to be a ball or a toy']]"
data/images/noun/2062-600.jpg,2062,dog toy,44,56,29,42,"[['In the image, there is a red beaded necklace.'], ['In the image, there is a large orange bead necklace with orange beads on it.'], ['In the image, there is a large orange bead and a large orange circle.'], ['There are orange beads in the image.'], ['In the image, there is a large orange bead necklace.'], ['The image features a large orange bead or orange beaded necklace, which is made of orange'], ['In the image, there is a large orange beaded necklace with a circular shape.'], ['In the image, there is a large orange bead or orange plastic ring with a lot of'], ['The image features a large orange beaded necklace.'], ['In the image, there is a round orange bead and a beaded orange bracelet.'], ['In the image, there is an orange beaded necklace with a round shape.'], ['In the image, there is an orange bead necklace.'], ['In the image, there is a circular orange beaded necklace with a metal band.'], ['In the image, there is an orange bead necklace with orange beads on it.'], ['The image features an orange beaded necklace or bracelet.'], ['In the image, there is a red bead necklace with orange beads.'], ['In the image, there is a red bead necklace.'], ['In the image, there is a single orange bead on a string.'], ['In the image, there is a circular orange bead with a row of white teeth-like pro'], ['There are orange beads in the image.'], ['In the image, there is an orange beaded necklace and a red beaded necklace.'], ['There is an orange beaded necklace in the image.'], ['In the image, there is an orange bead necklace with orange beads.'], ['In the image, there is an orange beaded necklace with orange beads.'], ['In the image, there is a large orange bead or jewelry piece, which appears'], ['In the image, there is a large orange beaded necklace.'], ['The image features a bright orange beaded necklace.'], ['In the image, there is an orange beaded necklace with a large orange bead in the'], ['There is a piece of orange bead jewelry in the image.'], ['In the image, there is a large orange beaded necklace with a row of orange beads'], ['There is a piece of orange beaded jewelry in the image.'], ['In the image, there is a large orange bead with a row of orange beads around it'], ['In the image, there is an orange beaded necklace with orange beads.'], ['The image features a red plastic ring with orange beads.'], ['The image features an orange beaded necklace, which is a type of jewelry.'], ['There is a large orange beaded necklace in the image.'], ['There is a piece of orange jewelry in the image.'], ['In the image, there is a red beaded necklace.'], ['There is a large orange bead on a string in the image.'], ['In the image, there is a large orange beaded necklace.']]"
data/images/noun/2063-600.jpg,2063,magic loops,25,38,13,19,"[['In the image, there is a metal sculpture or piece of artwork that resembles a'], ['In the image, there is a metal sculpture or piece of artwork that resembles a'], ['In the image, there is a metal sculpture of a planet with a ring around it, and'], ['In the image, there is a silver metal globe or ball with various colored beads or mar'], ['In the image, there is a metal object that looks like a planet, with a series of colored'], ['In the image, there is a metal sculpture of a planet with a dome-shaped'], ['The image features a large, metal, three-dimensional sculpture that resembles a planet or'], ['In the image, there is a small, round, silver object with various colored beads or balls'], ['The image features a metal sculpture or art piece that resembles a planet or a space-'], ['In the image, there is a metal piece with a variety of beads and small objects on it'], ['In the image, there is a small, circular metal object with a variety of colored beads or'], ['In the image, there is a silver or gold sphere that is made up of multiple smaller spheres'], ['In the image, there is a silver metal piece with a bunch of colored beads or balls on'], ['In the image, there is a metal object with many colored beads on it, which resemb'], ['The image features a metal object that resembles a planet or a spacecraft, with a central'], ['In the image, there is a silver ring with a metal planet design and a silver globe.'], ['In the image, there is a small metal sculpture of a planet with a bunch of beads'], ['In the image, there is a metal object that resembles a planet or a spaceship,'], ['In the image, there is a metal sculpture that resembles a planet, featuring a large'], ['In the image, there is a silver, beaded, or wire-wrapped piece of'], ['In the image, there is a small metal object that resembles a planet or a globe'], ['In the image, there is a silver metal globe or ball with various colored beads or p'], ['In the image, there is a silver metal object that resembles a planet, with a metal'], ['In the image, there is a metal sculpture or a metal art piece that resembles a'], ['In the image, there is a silver, three-dimensional sculpture of a planet, which is'], ['In the image, there is a metal sculpture of a globe, which is an artistic'], ['The image features a silver, wire-like sculpture that resembles a planet or a glo'], ['In the image, there is a large metal ball with various colored beads or beads on it'], ['In the image, there is a small, round, silver sculpture or piece of artwork that'], ['In the image, there is a metal sculpture of a globe, which is a three-'], ['The image features a small metal sculpture of a planet, which is a three-dimensional representation of'], ['The image features a silver, wire-like object with a large number of beads, resemb'], ['In the image, there is a metal object that looks like a planet or a globe, with'], ['In the image, there is a silver metal ball with a bunch of colored beads or marbles'], ['The image features a silver, wire-like sculpture or art piece with a variety of colored be'], ['The image features a silver metal sculpture of a planet with a variety of colored beads or balls'], ['In the image, there is a metal piece that resembles a planet or a globe,'], ['In the image, there is a metal piece with a globe-like shape and various colored be'], ['The image features a metal sculpture or a piece of artwork, which is shaped like a'], ['In the image, there is a silver metal object that resembles a globe or a planet']]"
data/images/noun/2064-600.jpg,2064,massager,28,33,45,3,"[['There are two green plastic objects in the image.'], ['In the image, there is a green object with a screw on top of it.'], ['There are two green plastic objects in the image.'], ['In the image, there is a green object that looks like a wrench or a piece of a'], ['In the image, there is a green object that resembles a bottle cap, a sc'], ['There are two green objects in the image.'], ['There are two green plastic objects in the image.'], ['In the image, there is a green object that appears to be a combination of a screw and'], ['In the image, there is a green object that looks like a screw or a cap, and'], ['In the image, there is a green object with screws, which appears to be a piece'], ['There are two green objects in the image.'], ['There are two green plastic objects in the image.'], ['In the image, there is a green and silver object that appears to be a plumbing fi'], ['There are two green objects in the image.'], ['There are two green plastic objects in the image.'], ['There are two green plastic objects in the image.'], ['There is a green object in the image, which is a piece of plumbing equipment.'], ['There are two green objects in the image, which appear to be a pair of green scissors'], ['There are two green objects in the image.'], ['In the image, there is a green and silver object that appears to be a piece of art or'], ['There are two green objects in the image.'], ['There are two green plastic objects in the image.'], ['In the image, there is a green object that resembles a bottle cap or a pl'], ['There is a green plastic cap on the image, which appears to be a bottle cap.'], ['In the image, there is a green and silver object, which appears to be a plastic piece'], ['In the image, there is a green object that resembles a bolt or a screw'], ['In the image, there is a green plastic object that appears to be a combination of a plug'], ['In the image, there is a green object with a screw on top, which appears to be'], ['In the image, there is a green object that appears to be a piece of art or a decor'], ['There are two green objects in the image.'], ['In the image, there is a green object that resembles a bottle cap or a c'], ['In the image, there is a green object with a screw in the center.'], ['In the image, there is a green object that looks like a bottle cap, which is actually'], ['In the image, there is a green object that appears to be a piece of art or a decor'], ['In the image, there is a green object that resembles a bottle cap or a b'], ['There are two green plastic objects in the image.'], ['In the image, there is a green object that appears to be a piece of art or a decor'], ['In the image, there is a green object that looks like a toy or a decoration,'], ['There is a green object in the image, which is described as a ""wrench"" or a'], ['In the image, there is a green and silver object that appears to be a piece of art or']]"
