image,number label,actual name,familiarity score,nameability score,color saliency,texture saliency,llava_output
data/images/noun/2001-600.jpg,2001,bee have trap,19,50,66,14,"[['In the image, there is a clear plastic container with a yellow color, containing a yellow object'], ['In the image, there are two clear plastic containers, each containing a small toy or figur'], ['In the image, there are two plastic containers with a yellow color, sitting side by side on'], ['In the image, there is a clear plastic container with a hole in the center, which is'], ['In the image, there is a pair of yellow plastic balls, each with a hole in the'], ['In the image, there are two plastic containers with small holes in them, sitting side by side'], ['In the image, there are two plastic containers, one orange and one yellow, sitting next to'], ['In the image, there is a close-up view of a clear plastic container, possibly a'], ['In the image, there are two yellow plastic containers with a hole in the center. The containers'], ['In the image, there is a clear plastic container with a hole in the center, which appears'], ['In the image, there are two plastic toy balls, one on top of the other,'], ['In the image, there are two yellow plastic containers with small holes in them. They are sitting'], ['In the image, there are two clear plastic containers, which appear to be plastic bags'], ['In the image, there is a pair of yellow plastic containers with a clear plastic lining'], ['In the image, there is a close-up of a yellow plastic object with a hole in'], ['In the image, there are two yellow plastic containers, possibly egg holders, sitting on a'], ['In the image, there are two plastic containers, one yellow and one orange, sitting next to'], ['In the image, there is a clear plastic container with a yellow color. The container is round'], ['In the image, there are two yellow plastic toys shaped like ears. They are sitting'], ['In the image, there are two small, clear plastic containers with holes in the center. They'], ['In the image, there are two yellow plastic containers or dishes with holes in them. They'], ['In the image, there are two plastic yellow objects that look like they are made to be used'], ['In the image, there are two clear plastic containers, each with a hole in the center.'], ['In the image, there are two small, clear, plastic containers with a yellowish hue'], ['In the image, there are two plastic toy animal figures, specifically two yellow frogs,'], ['In the image, there is a clear plastic container with a yellowish hue, possibly made'], ['In the image, there is a close-up view of two yellow plastic containers, which appear'], ['In the image, there are two yellow plastic containers with holes in them, sitting on a white'], ['In the image, there are two yellow plastic objects, which appear to be toys or containers'], ['In the image, there is a close-up view of two yellow plastic toys, which'], ['In the image, there is a close-up view of two yellow plastic containers, possibly a'], ['In the image, there is a clear plastic container with a yellowish tint. The container'], ['In the image, there are two small, clear, plastic containers with holes in the bottom.'], ['In the image, there is a close-up of two yellow plastic containers, which appear to'], ['In the image, there is a pair of plastic, yellow, and clear objects that resemble'], ['In the image, there are two clear plastic containers, one on top of the other, with'], ['In the image, there is a clear plastic container with a yellow hue, possibly made of'], ['In the image, there is a close-up view of a yellow plastic container with a hole'], ['In the image, there is a pair of yellow plastic ear molds or earplugs.'], ['In the image, there is a pair of clear plastic, yellow, and black containers, which']]"
data/images/noun/2002-600.jpg,2002,bookend,22,83,59,9,"[['In the image, there is a red vase with a curved shape, resembling a'], ['In the image, there is a red vase that is shaped like a large red triangle.'], ['In the image, there is a red vase with a unique design, resembling a person'], ['In the image, there is a red vase, which is a sculpture, placed on a'], ['In the image, there is a red vase with a curved design, possibly resembling'], ['In the image, there is a red vase with a curved shape, possibly made of glass'], ['In the image, there is a red vase or sculpture, possibly made of metal, sitting'], ['In the image, there is a red vase with a curved shape, sitting on a white'], ['In the image, there is a red vase with a curved shape, resembling a'], ['In the image, there is a red sculpture of a vase or a sculpture of a'], ['In the image, there is a red vase that is shaped like a cone. It is'], ['In the image, there is a red vase that is curved and shaped like a woman'], ['In the image, there is a red vase or sculpture with a curved design. The'], ['In the image, there is a red vase with a unique design. The vase is sh'], ['In the image, there is a red vase or sculpture, which appears to be made of'], ['In the image, there is a red sculpture or vase with a curved shape, possibly'], ['In the image, there is a red sculpture of a vase with a curved shape.'], ['In the image, there is a red sculpture of a vase with a curved shape.'], ['In the image, there is a red vase with a curved design, sitting on a white'], ['In the image, there is a red vase or sculpture with a curved shape, sitting'], ['In the image, there is a red vase or sculpture with a curved shape, res'], ['In the image, there is a red vase with a unique shape, resembling a large'], ['In the image, there is a red sculpture or statue of a vase. The vase'], ['In the image, there is a red vase with a curved shape, sitting on a white'], ['In the image, there is a red vase or sculpture with a unique design. It appears'], ['In the image, there is a red vase or sculpture, which is shaped like a'], ['In the image, there is a red sculpture of a vase. It is a unique and'], ['In the image, there is a red vase or sculpture, which appears to be made of'], ['In the image, there is a red vase with a curved shape, sitting on a white'], ['In the image, there is a red vase with a curved shape, sitting on a white'], ['In the image, there is a red vase with a curved design. The vase is'], ['In the image, there is a red vase with a curved shape, resembling a'], ['In the image, there is a red sculpture of a vase, possibly a ceramic'], ['In the image, there is a red vase with a unique, curved shape. The v'], ['In the image, there is a red sculpture of a vase. The vase is sh'], ['In the image, there is a red vase with a unique, curved shape, possibly res'], ['In the image, there is a red vase with a curved shape, possibly a sculpture'], ['In the image, there is a red sculpture of a vase. The vase is made'], ['In the image, there is a red vase with a curved design, placed on a white'], ['In the image, there is a red vase or sculpture with a unique shape, resemb']]"
data/images/noun/2003-600.jpg,2003,fidget toy,59,74,19,0,"[['In the image, there is a wooden toy that resembles a puzzle or a building'], ['In the image, there is a wooden toy shaped like a large letter ""H"" made'], ['In the image, there is a colorful wooden puzzle with interlocking pieces. The puzz'], ['In the image, there is a colorful wooden toy, resembling a puzzle or'], ['In the image, there is a stack of wooden blocks with different colors. The blocks are arranged in'], ['In the image, there is a wooden toy shaped like a giant letter ""F"" made'], ['In the image, there is a stack of wooden blocks with different colors. The blocks are arranged in'], ['In the image, there is a colorful wooden block with letters on it. The block is designed'], ['In the image, there is a colorful wooden block with a variety of colors, including red,'], ['In the image, there is a stack of wooden blocks arranged in a colorful pattern. The blocks'], ['In the image, there is a wooden toy with a colorful design. It is a three'], ['In the image, there is a colorful wooden toy made up of multiple interconnected blocks.'], ['In the image, there is a stack of colorful wooden blocks, each with different colors, arranged'], ['In the image, there is a stack of wooden blocks with letters on them. The blocks are arranged'], ['In the image, there is a colorful wooden toy made up of various colored blocks, forming'], ['In the image, there is a wooden toy shaped like a letter. It is made up'], ['In the image, there is a colorful wooden toy made of interlocking blocks. The'], ['In the image, there is a wooden toy shaped like a letter. The toy is'], ['In the image, there is a colorful wooden toy, which appears to be a stack of'], ['In the image, there is a wooden toy shaped like a large letter ""E"" with'], ['In the image, there is a colorful wooden toy made up of interlocking blocks.'], ['In the image, there is a colorful wooden toy in the shape of a large letter ""'], ['In the image, there is a stack of wooden blocks arranged in a colorful pattern. The blocks'], ['In the image, there is a colorful wooden puzzle toy. It consists of multiple wooden'], ['In the image, there is a colorful wooden toy that resembles a puzzle or'], ['In the image, there is a wooden toy shaped like a letter ""Y"" with colored'], ['In the image, there is a colorful wooden toy that resembles a puzzle.'], ['In the image, there is a stack of colored wooden blocks. The blocks are arranged in a way'], ['In the image, there is a colorful stack of wooden blocks. The blocks are arranged in a'], ['In the image, there is a colorful wooden puzzle made up of five different colored blocks.'], ['In the image, there is a stack of wooden blocks, specifically a toy building block set.'], ['In the image, there is a colorful wooden toy made of different colored blocks, resemb'], ['In the image, there is a colorful wooden toy, which appears to be a stack of'], ['In the image, there is a wooden toy shaped like a letter T, made up of'], ['In the image, there is a colorful wooden block with a variety of colored shapes, including red'], ['In the image, there is a colorful wooden toy in the shape of a letter ""L'], ['In the image, there is a colorful wooden puzzle made up of several wooden blocks. The'], ['In the image, there is a wooden toy shaped like a giant letter ""T"" made'], ['In the image, there is a stack of colored wooden blocks. The blocks are arranged in a tri'], ['In the image, there is a colorful wooden toy, possibly a building block or a puzz']]"
data/images/noun/2004-600.jpg,2004,pencil sharpener,41,70,48,52,"[['In the image, there is a bright orange plastic ring with a hole in the middle, sitting'], ['In the image, there is a bright orange rubber ring with a hole in the center. The'], ['In the image, there is a close-up of a yellow and orange toy. The to'], ['In the image, there is a close-up view of a bright orange and yellow toy,'], ['In the image, there is a small, brightly colored, orange toy. It appears to'], ['In the image, there is a close-up of a yellow plastic object with a hole in'], ['In the image, there is a small orange toy with a hole in the middle. It is'], ['In the image, there is a close-up of a yellow and orange plastic toy,'], ['In the image, there is a small, bright orange plastic object with a hole in the middle'], ['In the image, there is a close-up of a yellow, circular object with a hole in'], ['In the image, there is a small, round, bright orange object with a hole in the center'], ['In the image, there is a close-up view of a bright orange, round, and slightly'], ['In the image, there is a bright yellow, plastic ring with a hole in the center.'], ['In the image, there is a bright orange toy, possibly a frisbee or a'], ['In the image, there is a close-up view of a yellow plastic ring with a hole'], ['In the image, there is a bright yellow plastic ring with a hole in the center. The'], ['In the image, there is a close-up of a yellow, round, plastic item with'], ['In the image, there is a close-up view of a yellow and orange plastic ring with'], ['In the image, there is a small, brightly colored, orange and yellow plastic toy'], ['In the image, there is a close-up view of a yellow plastic ring with a hole'], ['In the image, there is a close-up of a bright orange toy with a hole in'], ['In the image, there is a small, round, orange plastic object with a hole in the'], ['In the image, there is a close-up of a yellow and orange object with a hole in'], ['In the image, there is a bright orange rubber ring with a hole in the center. The'], ['In the image, there is a close-up of a bright orange toy, possibly a to'], ['In the image, there is a small, bright orange plastic ring with a hole in the center'], ['In the image, there is a close-up view of a yellow object, which appears to be'], ['In the image, there is a bright orange toy, which appears to be a toy ring'], ['In the image, there is a bright orange, round, and slightly curved plastic object.'], ['In the image, there is a small, bright orange plastic object with a hole in the center'], ['In the image, there is a small, bright orange toy with a hole in the center.'], ['In the image, there is a close-up of a yellow plastic ring with a hole in'], ['In the image, there is a bright orange toy with a hole in the middle, which appears'], ['In the image, there is a small, round, orange toy with a hole in the middle'], ['In the image, there is a bright orange and yellow plastic toy with a hole in the'], ['In the image, there is a bright orange plastic object with a hole in the center. It'], ['In the image, there is a close-up view of a bright orange rubber ring. The'], ['In the image, there is a bright yellow plastic toy with a hole in the center.'], ['In the image, there is a small, brightly colored, plastic toy with a hole'], ['In the image, there is a close-up of a bright orange plastic ring, which is']]"
data/images/noun/2005-600.jpg,2005,fish tank stone,6,25,81,13,"[['In the image, there is a pink and purple plastic toy wing, which is'], [""In the image, there is a pink and white sculpture that resembles a bird'""], [""In the image, there is a pink and yellow sculpture of a bird's wing,""], ['In the image, there is a pink and yellow plastic piece of artwork, possibly a'], ['In the image, there is a pink, rainbow-colored, wing-shaped'], ['In the image, there is a pink and purple piece of artwork that resembles'], ['In the image, there is a colorful, abstract, and artistic sculpture of a bird'], ['In the image, there is a pink, rainbow-colored sculpture or decoration'], ['In the image, there is a colorful, rainbow-colored wing-shaped object'], ['In the image, there is a pink, colorful, and rainbow-colored wing'], ['In the image, there is a pink and yellow wing-shaped object, which appears to'], ['In the image, there is a pink and yellow winged hat with a feathery design'], ['In the image, there is a pink plastic piece with a bird-like shape, res'], ['In the image, there is a pink, rainbow-colored wing-shaped object'], ['In the image, there is a pink, colorful, and abstract sculpture that resemb'], ['In the image, there is a pink, rainbow-colored, and white sculpture'], ['In the image, there is a colorful, rainbow-colored wing-shaped object'], ['In the image, there is a pink and yellow sculpture of a bird wing, possibly a'], ['In the image, there is a pink plastic wing with a rainbow-colored design'], ['In the image, there is a pink and yellow sculpture of a bird wing. The wing'], ['In the image, there is a pink, plastic, wing-shaped object, which'], ['In the image, there is a colorful, pink, and yellow plastic wing or hat'], ['In the image, there is a pink and yellow plastic item that looks like a hat,'], ['In the image, there is a pink plastic item that resembles a crown or a'], [""In the image, there is a colorful, three-dimensional sculpture of a bird's""], ['In the image, there is a pink, rainbow-colored plastic wing with a'], ['In the image, there is a colorful, rainbow-colored sculpture of a bird'], ['In the image, there is a pink, colorful, and abstract wing-shaped object'], ['In the image, there is a pink and yellow plastic wing-shaped object. It'], ['In the image, there is a colorful, artistic, and abstract pink wing-sh'], ['In the image, there is a pink plastic object that resembles a bird wing.'], ['In the image, there is a pink plastic item with wings that is shaped like a'], ['In the image, there is a pink, colorful, and shiny sculpture of an'], ['In the image, there is a pink, plastic, colorful, and rainbow-'], ['In the image, there is a pink and purple plastic winged hat with a rain'], ['In the image, there is a pink and white plastic winged hat, which is sh'], ['In the image, there is a pink, rainbow-colored winged sculpture.'], ['In the image, there is a pink, rainbow-colored sculpture of a bird'], ['In the image, there is a pink and purple colored plastic winged hat with a'], ['In the image, there is a pink and yellow winged sculpture, which appears to be']]"
data/images/noun/2006-600.jpg,2006,space ship top,34,64,31,3,"[['In the image, there is a silver, round object with a dome-shaped top.'], ['In the image, there is a small silver object with a dome-shaped top. It'], ['In the image, there is a silver or metallic object that appears to be a small satellite'], ['In the image, there is a silver object that resembles a flying saucer or a top'], ['In the image, there is a silver object that looks like a space ship or a flying saucer'], ['In the image, there is a silver object that appears to be a small spaceship or a silver'], ['In the image, there is a silver metal object that looks like a silver dome or a silver'], ['In the image, there is a silver metal object with a round top, which appears to be a'], ['In the image, there is a silver, circular object with a hole in the center. The object'], ['In the image, there is a silver metal object that resembles a flying saucer or a'], ['In the image, there is a small silver object that resembles a spaceship or a U'], ['In the image, there is a silver object with a round top that resembles a satellite d'], ['In the image, there is a small silver object with a dome-shaped top. The'], ['In the image, there is a silver, metallic, and round object with a hole in'], ['In the image, there is a silver, round object with a hole in the center. It is'], ['In the image, there is a silver, circular object with a dome-like shape, which'], ['In the image, there is a small silver object with a blue top, which appears to be a'], ['In the image, there is a small silver object that resembles a top or a saucer'], ['In the image, there is a small, silver, round object with a hole in the center.'], ['In the image, there is a small silver object that looks like a top or a cap. It'], ['In the image, there is a small silver dome with a blue top. It appears to be'], ['In the image, there is a silver or grey metal object that looks like a top or a d'], ['In the image, there is a silver, round object that looks like a spaceship or a top'], ['In the image, there is a silver metal object that resembles a small spaceship or a'], ['In the image, there is a silver object that resembles a top, possibly a silver d'], ['In the image, there is a small silver object with a blue top. The object appears to be'], ['In the image, there is a small silver object that resembles a spaceship or a U'], ['In the image, there is a small, silver, round object that resembles a spaceship'], ['In the image, there is a small, silver, round object with a dome-shaped'], ['In the image, there is a silver, circular object with a dome-shaped top.'], ['In the image, there is a silver object that appears to be a top of a metal or pl'], ['In the image, there is a silver metal object that resembles a top or a small satellite'], ['In the image, there is a small silver object with a dome-shaped top, res'], ['In the image, there is a silver, round object with a hole in the middle, resemb'], ['In the image, there is a silver object with a dome-shaped top, which appears'], ['In the image, there is a silver metal object with a circular shape and a hole in the middle'], ['In the image, there is a silver object that resembles a spaceship or a top.'], ['In the image, there is a silver, metallic, circular object with a hole in the'], ['In the image, there is a small silver object that resembles a flying saucer or a'], ['In the image, there is a silver object that appears to be a model or a toy spaces']]"
data/images/noun/2007-600.jpg,2007,air blower for slr cameras,22,46,78,6,"[['In the image, there is a small black object with a red tip, sitting on a white background'], ['In the image, there is a small black object with a red top, which appears to be a'], ['In the image, there is a black object with a red tip. It is sitting on a white'], ['In the image, there is a black plastic object with a red tip. The object appears to'], ['In the image, there is a small black ball with a red tip. The ball is sitting on'], ['In the image, there is a black object with a red tip. It appears to be a pl'], ['In the image, there is a black object with a red tip. It appears to be a black'], ['In the image, there is a small black object with a red tip. The object appears to be'], ['In the image, there is a black and red object that looks like a large black ball with a'], ['In the image, there is a small black object with a red tip. It appears to be a'], ['In the image, there is a small black ball with a red tip. The ball appears to be'], ['In the image, there is a black plastic object with a red tip, which appears to be'], ['In the image, there is a black object with a red tip. It appears to be a to'], ['In the image, there is a black plastic object with a red top. It appears to be'], ['In the image, there is a black plastic object with a red plastic top, resemb'], ['In the image, there is a black object with a red tip. It appears to be a small'], ['In the image, there is a black object with a red tip, which appears to be a black'], ['In the image, there is a small black object with a red tip. The object is sitting on'], ['In the image, there is a small black object with a red top, which appears to be a'], ['In the image, there is a black object that looks like a small, round, black ball with'], ['In the image, there is a black object with a red tip, which appears to be a large'], ['In the image, there is a black plastic item with a red plastic tip, which appears'], ['In the image, there is a black object with a red tip, which appears to be a rub'], ['In the image, there is a black object with a red top, which appears to be a pl'], ['In the image, there is a black object with a red tip, which appears to be a pl'], ['In the image, there is a black object with a red tip, which appears to be a pl'], ['In the image, there is a black and red object, which appears to be a black plastic'], ['In the image, there is a black and red object that looks like a toy or a piece'], ['In the image, there is a black object with a red tip, which appears to be a to'], ['In the image, there is a small black object with a red top, which appears to be a'], ['In the image, there is a black and red object that looks like a small ball or a rub'], ['In the image, there is a black object with a red top, which appears to be a pl'], ['In the image, there is a small black object, which appears to be a black and red to'], ['In the image, there is a black object with a red tip, which appears to be a black'], ['In the image, there is a black object with a red tip, which appears to be a black'], ['In the image, there is a small black object with a red top, resembling a to'], ['In the image, there is a small black ball with a red stem, sitting on a white background'], ['In the image, there is a black object with a red tip, which appears to be a pl'], ['In the image, there is a black object that appears to be a small, round, black ball'], ['In the image, there is a black plastic item with a red tip. The item is sitting']]"
data/images/noun/2008.jpg,2008,curlers formed together,34,25,48,16,"[['In the image, there is a blue object with a curled shape, which appears to be a'], ['In the image, there is a blue object with a white tip. It appears to be a cur'], ['In the image, there is a blue plastic object with a twisted shape. The object appears'], ['In the image, there is a blue object with three white stripes, which appears to be a'], ['In the image, there is a blue object with a spiral shape, which appears to be a'], ['In the image, there is a blue object with a twisted shape, resembling a blue'], ['In the image, there is a blue object that appears to be a curled-up piece of'], ['In the image, there is a blue object with a curved shape, resembling a cur'], ['In the image, there is a blue object that appears to be a cylinder, possibly made of'], ['In the image, there is a blue rubber item that looks like a bunch of blue tubes'], ['In the image, there is a blue object with a white top, which appears to be a blue'], ['In the image, there is a blue object with a spiral shape and three white knobs on'], ['In the image, there is a blue object with a curved shape, possibly a blue pipe or'], ['In the image, there is a blue object with three blue tubes or rods coming out of'], ['In the image, there is a blue object that resembles a bunch of wires or a'], ['In the image, there is a blue plastic tube with three blue plastic tubes wrapped'], ['In the image, there is a blue object that appears to be a curled-up or tw'], ['In the image, there is a blue cylinder with a white top, which appears to be a'], ['In the image, there is a blue plastic object with three blue tubes or pipes attached'], ['In the image, there is a blue object with a spiral shape, which appears to be a'], ['In the image, there is a blue object with a twisted shape, resembling a blue'], ['In the image, there is a blue object with a white stripe, which appears to be a'], ['In the image, there is a blue object that appears to be a tube or a piece of'], ['In the image, there is a blue cylinder with a white top. The blue cylinder is'], ['In the image, there is a blue rubber object with three white caps on it. The object'], ['In the image, there is a blue object with three white plugs on it. The object is'], ['In the image, there is a blue object that looks like a tube or a pipe. It'], ['In the image, there is a blue cylinder with a white top, which appears to be a'], ['In the image, there is a blue object with a twisted shape, resembling a blue'], ['In the image, there is a blue object that appears to be a piece of art or a sculpt'], ['In the image, there is a blue object that appears to be a piece of art or a sculpt'], ['In the image, there is a blue plastic tube or pipe with a white object inside of'], ['In the image, there is a blue object that looks like a piece of art or a sculpture'], ['In the image, there is a blue object that looks like a curled-up blue pipe or'], ['In the image, there is a blue object that resembles a bunch of blue grapes'], ['In the image, there is a blue object that looks like a curled-up, twisted'], ['In the image, there is a blue object that resembles a curled up blue pipe.'], ['In the image, there is a blue object that resembles a curled-up piece of'], ['In the image, there is a blue rubber tube that has been cut in half, reve'], ['In the image, there is a blue object that looks like a blue cylinder or a blue t']]"
data/images/noun/2009-600.jpg,2009,dog toy,47,78,65,45,"[['In the image, there is an orange, spiky, and fuzzy object that res'], ['In the image, there is a close-up of a bright orange, spiky, and'], ['In the image, there is a close-up of a bright orange, spiky, and'], ['In the image, there is an orange, spiky object that resembles a cact'], ['In the image, there is a close-up of an orange, spiky, and fur'], ['In the image, there is a close-up of an orange, spiky, and fur'], ['In the image, there is an orange, spiky, and round object that appears to be'], ['In the image, there is a close-up view of an orange, spiky, and'], ['In the image, there is a close-up view of a bright orange object that resembles'], ['In the image, there is an orange and white spiky object, possibly a toy or'], ['In the image, there is a close-up of an orange, spiky object that looks'], ['In the image, there is a close-up of an orange, spiky, and fur'], ['In the image, there is a close-up of a bright orange, spiky, and'], ['In the image, there is a close-up view of a large, bright orange, spik'], ['In the image, there is a close-up of a bright orange, spiky, and'], ['In the image, there is a close-up of an orange and white object that looks like a'], ['In the image, there is a close-up of an orange, spiky, and f'], ['In the image, there is a close-up of a bright orange, spiky object,'], ['In the image, there is a close-up of an orange, spiky, and possibly'], ['In the image, there is a close-up of an orange, fuzzy, and sp'], ['In the image, there is a close-up of an orange, spiky object that res'], ['In the image, there is an orange, spiky, and round object, possibly a to'], ['In the image, there is a close-up view of an orange and yellow ball-shaped'], ['In the image, there is an orange, spiky object that appears to be a small ball'], ['In the image, there is a close-up of a bright orange, spiky object,'], ['In the image, there is a close-up of an orange, spiky, and fur'], ['In the image, there is a close-up of an orange, spiky, and odd'], ['In the image, there is a close-up of an orange and yellow object that resembles'], ['In the image, there is a close-up of a small, bright orange, spiky'], ['In the image, there is a close-up of a large orange object that resembles a'], ['In the image, there is a close-up of an orange, spiky, and f'], ['In the image, there is a close-up view of an orange, spiky, and'], ['In the image, there is a close-up view of a bright orange, spiky,'], ['In the image, there is a close-up view of an orange, spiky, and'], ['In the image, there is an orange, spiky, and possibly rubber-like object'], ['In the image, there is a close-up of an orange, spiky, and hair'], ['In the image, there is an orange, spiky, and round object that appears to be'], ['In the image, there is a close-up view of a bright orange, spiky,'], ['In the image, there is an orange, spiky object with a shape resembling a'], ['In the image, there is a close-up of a large orange spiky object, which']]"
data/images/noun/2010-600.jpg,2010,dog toy pet shop,66,52,50,25,"[['In the image, there is a red and yellow ball with a blue dot on top. The ball'], ['In the image, there are two red and yellow balls sitting on a white background. They appear to'], ['In the image, there is a close-up of a red and blue ball with yellow polka'], ['In the image, there is a red and yellow toy with blue spots, resembling'], ['In the image, there is a red and blue ball with a yellow center, sitting on a white'], ['In the image, there is a red and blue ball with a yellow center. The ball is sitting'], ['In the image, there is a red and yellow ball with a blue center. The ball is made'], ['In the image, there is a close-up view of a red and yellow rubber toy'], ['In the image, there is a red and blue ball with a white background. The ball is covered'], ['In the image, there is a red and blue toy with a red body and blue spikes'], ['In the image, there is a red and yellow ball with a blue center. The ball is sitting'], ['In the image, there are two red and yellow balls with blue spots. They are sitting side'], ['In the image, there is a red and blue ball with yellow polka dots. The ball'], ['In the image, there is a red and blue rubber ball with a pattern of yellow and blue'], ['In the image, there are two red and yellow balls with blue spots. They are sitting on'], ['In the image, there are two red and yellow balls with blue spots. They are sitting on'], ['In the image, there are two red and yellow plastic balls with blue dots on them.'], ['In the image, there are two red and yellow balls with blue spots on them. They are'], ['In the image, there is a red and blue toy, which appears to be a rubber'], ['In the image, there is a red and blue ball with a yellow center, sitting on a white'], ['In the image, there are two red and yellow balls with blue spots, sitting next to each'], ['In the image, there are two red and blue balls with yellow polka dots, sitting on'], ['In the image, there are two red and yellow balls with blue dots. They are sitting on'], ['In the image, there is a red and yellow ball with a blue dot on top. The ball'], ['In the image, there are two red and blue balls with yellow spots, sitting side by side'], ['In the image, there are two red and yellow balls with blue spots, sitting side by side'], ['In the image, there are two red and yellow plastic balls with blue spots, sitting on'], ['In the image, there are two red and yellow balls with blue spots on them. They are'], ['In the image, there is a red and yellow ball with blue spots. The ball is sitting'], ['In the image, there are two red and yellow balls with blue dots. They are sitting on'], ['In the image, there are two red and yellow balls with blue dots on them. They are'], ['In the image, there is a red and yellow ball with blue spots on it. The ball'], ['In the image, there is a close-up of a red and yellow ball with a blue center'], ['In the image, there is a red and blue ball with yellow polka dots, sitting on'], ['In the image, there is a close-up of a red and yellow ball with blue dots'], ['In the image, there are two red and yellow balls with blue spots. They are placed on'], ['In the image, there is a close-up of a red and blue toy, which appears'], ['In the image, there is a red and yellow ball with blue spots. The ball has a'], ['In the image, there is a red and yellow ball with blue dots, which appears to be'], ['In the image, there is a red and yellow ball with blue dots on it. The ball']]"
data/images/noun/2011-600.jpg,2011,noisemaker,22,75,88,3,"[['In the image, there is a green toy with a face and two orange arms. The to'], ['In the image, there is a green and orange toy car with a face painted on it.'], ['In the image, there is a green and orange toy shaped like a face with a large'], ['In the image, there is a green toy car with orange wheels, sitting on a white'], ['In the image, there is a green and orange toy car with a face on it. The'], ['In the image, there is a green toy car with orange wheels and a plastic orange'], ['In the image, there is a green and orange toy car with a large orange nose and two'], ['In the image, there is a green toy shaped like a face with an orange nose and'], ['In the image, there is a green toy with a red nose and orange ears. It appears'], ['In the image, there is a green toy car with orange wheels and a yellow steering'], ['In the image, there is a green and orange toy car with a face, which appears to'], ['In the image, there is a green toy car with a bright orange nose. The toy'], ['In the image, there is a green and orange toy car with a large orange nose. The'], ['In the image, there is a green and orange toy car with a yellow and orange nose,'], ['In the image, there is a green and orange toy shaped like a face, with a'], ['In the image, there is a green and orange toy, which appears to be a toy'], ['In the image, there is a green and orange toy shaped like a face, with a'], ['In the image, there is a green toy car with an orange nose and a yellow handle.'], ['In the image, there is a green and orange toy with a face and a long orange nose'], ['In the image, there is a green and orange plastic toy shaped like a face.'], ['In the image, there is a green toy car with an orange nose and orange wheels.'], ['In the image, there is a green and orange toy with a face on it. The to'], ['In the image, there is a green and orange toy shaped like a face. The to'], ['In the image, there is a green toy with an orange nose and a yellow handle. The'], ['In the image, there is a green and orange toy shaped like a face, with a'], ['In the image, there is a green toy shaped like a face with a red nose and'], ['In the image, there is a green toy car with an orange nose, placed on a white'], ['In the image, there is a green toy car with a yellow nose, designed to look like'], ['In the image, there is a green and orange toy car with a smiley face on it'], ['In the image, there is a green toy shaped like a face with a large orange nose'], ['In the image, there is a green and orange toy car with a face on it. The'], ['In the image, there is a green and orange toy shaped like a face. The to'], ['In the image, there is a green toy car with orange wheels and a yellow front.'], ['In the image, there is a green and orange toy with a face, possibly a toy'], ['In the image, there is a green toy with an orange nose and a yellow handle. It'], ['In the image, there is a green toy car with an orange nose and a yellow steering'], ['In the image, there is a green toy shaped like a face, with two orange whe'], ['In the image, there is a green toy shaped like a face with an orange nose.'], ['In the image, there is a green toy car with orange wheels. The toy car'], ['In the image, there is a green toy with a plastic face and orange arms. It']]"
data/images/noun/2012-600.jpg,2012,coiled worm toy,41,50,59,41,"[['In the image, there is a close-up view of a pink, fuzzy,'], ['In the image, there is a pink and orange plastic toy, which appears to be'], ['In the image, there is a bright pink, odd-shaped object that resembles'], ['In the image, there is a close-up view of a bright pink, orange, and'], ['In the image, there is a close-up of a bright pink, squishy,'], ['In the image, there is a large, bright red, and yellow toy that resembles'], ['In the image, there is a pink and orange plastic toy, which resembles'], ['In the image, there is a large, bright pink, and yellow object with multiple orange tent'], ['In the image, there is a bright pink plastic toy, possibly a squid or'], ['In the image, there is a close-up of a brightly colored, odd-shaped'], ['In the image, there is a large, bright pink, and yellow plastic toy.'], ['In the image, there is a bright pink, fuzzy, and somewhat squishy'], ['In the image, there is a close-up of a pink and orange, possibly red,'], ['In the image, there is a large, bright pink plastic toy, possibly a stuff'], ['In the image, there is a pink and orange plastic toy that looks like a weird'], ['In the image, there is a close-up view of a red and orange object that resemb'], ['In the image, there is a large, bright pink, and yellow plastic toy,'], ['In the image, there is a close-up view of a bright pink, squishy'], ['In the image, there is a large, bright pink, and fuzzy object that res'], ['In the image, there is a bright pink, squishy, and somewhat odd-looking'], ['In the image, there is a pink, fuzzy, and spiky object,'], ['In the image, there is a close-up of a pink and orange plastic toy'], ['In the image, there is a large, bright pink, fuzzy, and spik'], ['In the image, there is a large, pink, and orange plastic toy that looks'], ['In the image, there is a close-up view of a bright pink, squishy'], ['In the image, there is a large, pink, rubbery, and fuzzy'], ['In the image, there is a pink and orange plastic toy, which appears to be'], ['In the image, there is a close-up view of a bright pink and orange plastic'], ['In the image, there is a large, pink, fuzzy, and squishy'], ['In the image, there is a close-up of a brightly colored, odd-shaped'], ['In the image, there is a brightly colored, oddly shaped object that resembles'], ['In the image, there is a pink and orange plastic toy, which appears to be'], ['In the image, there is a large, pink, and orange plastic toy, possibly'], ['In the image, there is a close-up of a bright pink, rubbery,'], ['In the image, there is a close-up of a pink, orange, and yellow pl'], ['In the image, there is a pink and orange plastic toy that resembles a'], ['In the image, there is a bright pink, spiky, and hairy object that'], ['In the image, there is a large, bright pink, and orange plastic toy with'], ['In the image, there is a large, bright pink, squishy toy with a'], ['In the image, there is a close-up view of a bright pink, fuzzy']]"
data/images/noun/2013-600.jpg,2013,sling shot,6,20,87,6,"[['In the image, there is a toy or a piece of plastic artwork that resemb'], ['In the image, there is a toy car with an orange top, resembling a to'], ['In the image, there is a small orange object with a yellow base, resembling a piece'], ['In the image, there is a bright orange plastic object that appears to be a piece of a'], ['In the image, there is a small, orange plastic toy with a yellow base and a'], ['In the image, there is a toy with an orange top, which appears to be a bott'], ['In the image, there is a close-up view of a red and yellow plastic toy'], ['In the image, there is a small toy with a red cap, which is a piece of'], ['In the image, there is a toy shaped like a head, with a yellow and orange'], ['In the image, there is a toy with an orange top and a yellow base. It appears'], ['In the image, there is a close-up of a yellow and orange plastic toy,'], [""In the image, there is a small orange plastic toy shaped like a person's""], ['In the image, there is a close-up view of a yellow and orange object, which appears'], [""In the image, there is a bright orange plastic toy shaped like a person's""], ['In the image, there is a toy or a piece of artwork that resembles a'], ['In the image, there is a bright orange plastic object with a unique shape, resembling'], ['In the image, there is a small orange plastic object with a spout or a hole on'], ['In the image, there is a bright orange object with a red top, resembling a triangle'], ['In the image, there is a toy, possibly a toy kitchen appliance or a to'], [""In the image, there is a toy shaped like a person's head with an orange""], ['In the image, there is a bright orange and yellow plastic object with a curved shape.'], [""In the image, there is a toy, possibly a child's toy, with a""], ['In the image, there is a small orange and yellow plastic object, which appears to be a'], ['In the image, there is a close-up view of an orange and yellow plastic toy'], ['In the image, there is a close-up view of a plastic orange toy with a'], ['In the image, there is a close-up of a red and yellow plastic object, possibly'], ['In the image, there is a toy or a plastic object that resembles a person'], ['In the image, there is a close-up of a bright orange plastic object, which appears'], ['In the image, there is a bright orange object that looks like a piece of art or a sculpt'], ['In the image, there is a toy with an orange cap on top. The toy is'], ['In the image, there is a small orange plastic toy shaped like a human head.'], ['In the image, there is a small toy shaped like a person with a head, arms'], ['In the image, there is a toy shaped like a head with an orange plastic top'], ['In the image, there is a close-up view of an orange plastic object with a yellow'], ['In the image, there is a toy that appears to be a combination of a bottle and'], ['In the image, there is a close-up view of a bright orange and yellow plastic object'], ['In the image, there is a small orange plastic toy, possibly a toy car or'], ['In the image, there is a bright orange plastic piece of a toy, possibly a to'], ['In the image, there is a close-up of a bright orange plastic object, possibly a'], ['In the image, there is a close-up of a yellow and orange plastic toy.']]"
data/images/noun/2014-600.jpg,2014,this light-up toy,38,75,39,0,"[['In the image, there is a toy shaped like a microphone, with a purple'], ['In the image, there is a colorful, round, and shiny object with a purple'], ['In the image, there is a colorful, round, and clear object with a patterned design'], ['In the image, there is a pink and yellow toy with a purple ball on top'], ['In the image, there is a colorful, rainbow-colored toy that appears to'], ['In the image, there is a pink and yellow toy with a clear plastic ball on'], ['In the image, there is a pink and purple toy with a clear plastic ball'], ['In the image, there is a colorful toy with a clear plastic ball and a mirror'], ['In the image, there is a colorful toy that appears to be a combination of a micro'], ['In the image, there is a pink and purple toy with a yellow handle, which'], ['In the image, there is a colorful, clear plastic toy shaped like a micro'], ['In the image, there is a toy that resembles a microphone or a hairbr'], ['In the image, there is a colorful, spiral-shaped toy with a pur'], [""In the image, there is a colorful toy, possibly a kids' toy or""], ['In the image, there is a toy shaped like a microphone, with a purple'], ['In the image, there is a colorful toy with a purple plastic ball on top'], ['In the image, there is a colorful, glittery toy that appears to be a'], ['In the image, there is a colorful, shiny, and round object that resembles'], ['In the image, there is a toy shaped like a microphone with a purple pl'], ['In the image, there is a colorful, rainbow-colored toy shaped like'], ['In the image, there is a colorful, glittery, and shiny toy sh'], ['In the image, there is a colorful toy that resembles a microphone. It'], ['In the image, there is a colorful toy, which appears to be a toy micro'], ['In the image, there is a pink and yellow toy shaped like a microphone,'], ['In the image, there is a colorful, plastic toy shaped like a microphone'], ['In the image, there is a colorful toy with a clear plastic ball and a yellow'], ['In the image, there is a toy shaped like a microphone with a purple and'], ['In the image, there is a colorful toy with a purple and pink color scheme'], ['In the image, there is a colorful, shiny, and glittery toy that'], ['In the image, there is a colorful, shiny, and sparkly toy, which'], ['In the image, there is a colorful, glittery, and shiny object that res'], ['In the image, there is a colorful, lighted toy shaped like a microphone'], ['In the image, there is a colorful, round, and shiny object with a hole in'], ['In the image, there is a colorful toy shaped like a microphone. The to'], ['In the image, there is a colorful toy shaped like a microphone, featuring a'], ['In the image, there is a toy with a purple and pink color scheme, featuring'], ['In the image, there is a toy microphone with a purple and pink color scheme'], ['In the image, there is a pink and yellow toy with a clear plastic ball attached'], ['In the image, there is a toy microphone with a purple and pink color scheme'], ['In the image, there is a pink and purple toy shaped like a microphone']]"
data/images/noun/2015-600.jpg,2015,ball catcher,38,78,55,10,"[['In the image, there is a blue object that looks like a baseball glove or a catcher'], ['In the image, there is a blue plastic item with a hole in the middle. The item'], ['In the image, there is a blue plastic object with a hole in the center, which is'], ['In the image, there is a blue object with a hole in the center, resembling a'], ['In the image, there is a blue object that resembles a sports helmet with a clear'], ['In the image, there is a blue plastic object with a hole in the middle. The object'], ['In the image, there is a blue object that resembles a sports ball, possibly a basketball'], ['In the image, there is a blue plastic object that resembles a helmet or a'], ['In the image, there is a blue plastic item with a hole in the middle, which is'], ['In the image, there is a blue object that appears to be a piece of sports equipment. It'], ['In the image, there is a blue object that resembles a sports helmet. It has'], ['In the image, there is a blue object with a hole in the middle, possibly a container or'], ['In the image, there is a blue object with a hole in the middle, resembling a'], ['In the image, there is a blue object that looks like a piece of sports equipment. It has'], ['In the image, there is a blue plastic object with a hole in the center, which is'], ['In the image, there is a blue plastic object with a pattern of small circles on it.'], ['In the image, there is a blue plastic object with a hole in the center, which is'], ['In the image, there is a blue object with a circular design on it. The object is blue'], ['In the image, there is a blue plastic item with a hole in the center, resemb'], ['In the image, there is a blue plastic object with a hole in the center. It appears'], ['In the image, there is a blue plastic object with a circular pattern on it. It appears'], ['In the image, there is a blue plastic object with a circular pattern on it. The object'], ['In the image, there is a blue object that resembles a sports helmet or a piece'], ['In the image, there is a blue plastic object that resembles a protective case or'], ['In the image, there is a blue object with a circular pattern. It is a close-up'], ['In the image, there is a blue object with a hole in the center, which appears to be'], ['In the image, there is a blue object with a pattern of small circles on it. The object'], ['In the image, there is a blue object with a hole in the center, surrounded by a metal'], ['In the image, there is a blue plastic object with a hole in the middle. The object'], ['In the image, there is a blue object with a hole in the center. It appears to be'], ['In the image, there is a blue plastic item with a hole in the center. The item'], ['In the image, there is a blue sports protective gear, likely a helmet, with'], ['In the image, there is a blue plastic item with a hole in the center. It appears'], ['In the image, there is a blue plastic object with a hole in the middle. The object'], ['In the image, there is a blue object with a hole in the middle, which appears to be'], ['In the image, there is a blue object that appears to be a piece of sports equipment, possibly'], ['In the image, there is a blue plastic object that resembles a piece of sports equipment'], ['In the image, there is a blue object with a hole in the center. The object appears to'], ['In the image, there is a blue object that looks like a helmet, with a blue pl'], ['In the image, there is a blue plastic object with a hole in the center, which appears']]"
data/images/noun/2016 600dpi.jpg,2016,bird toy,28,21,61,6,"[['In the image, there is a blue and white rug on a white background. The rug is made'], ['In the image, there is a blue and white rug with a yellow top, sitting on a white'], ['In the image, there is a blue and white rug with a yellow handle. The rug is rolled'], ['In the image, there is a blue and orange hairbrush with a blue bristle br'], ['In the image, there is a blue and white rug on a white background. The rug appears to'], ['In the image, there is a blue and white hairbrush with a bristle brush'], ['In the image, there is a blue and white rug on a white background. The rug appears to'], ['In the image, there is a blue and white rug on a white background. The rug is w'], ['In the image, there is a blue and orange hairbrush with a blue bristle br'], ['In the image, there is a blue and white rug hanging from a yellow object, which appears'], ['In the image, there is a blue and orange brush with a blue bristle brush'], ['In the image, there is a blue and white rug with a yellow handle. The rug is h'], ['In the image, there is a blue and white rug with a yellow top, which appears to be'], ['In the image, there is a blue and orange scrubber with a bristle head,'], ['In the image, there is a blue and white rug hanging from a yellow plastic object.'], ['In the image, there is a blue and white rug on a white background. The rug is h'], ['In the image, there is a blue and white hairbrush with a blue bristle br'], ['In the image, there is a blue and white rug with a yellow top, sitting on a white'], ['In the image, there is a blue and white rug with a yellow handle, likely a hairbr'], ['In the image, there is a blue and orange hairbrush with a long bristle br'], ['In the image, there is a blue and orange toothbrush with a blue bristle'], ['In the image, there is a blue and white rug on a white background. The rug is made'], ['In the image, there is a blue and white rug with a yellow handle. The rug appears to'], ['In the image, there is a blue and white rug with a yellow top. The rug is h'], ['In the image, there is a blue and white rug with a yellow handle, possibly a brush'], ['In the image, there is a blue and white rug with a yellow top. The rug is rolled'], ['In the image, there is a blue and white rug on a white background. The rug is made'], ['In the image, there is a blue and white rug with a yellow top. The rug is h'], ['In the image, there is a blue and white rug hanging from a yellow plastic object,'], ['In the image, there is a blue and white rug with a yellow handle. The rug is rolled'], ['In the image, there is a blue and white rug with a yellow handle, which is hanging'], ['In the image, there is a blue and orange scrub brush with a scrubber head'], ['In the image, there is a blue and white rug on a white background. The rug appears to'], ['In the image, there is a blue and white rug with a yellow cap on top of it.'], ['In the image, there is a blue and orange brush or hairbrush with a brist'], ['In the image, there is a blue and orange scrub brush with a blue scrubber'], ['In the image, there is a blue and orange scrub brush with a long blue and white'], ['In the image, there is a blue and white rug with a yellow cap on top of it.'], ['In the image, there is a blue and orange scrub brush with a blue bristle'], ['In the image, there is a blue and orange scrub brush with a fuzzy br']]"
data/images/noun/2017-600.jpg,2017,kenetic wheel,41,29,23,13,"[['In the image, there is a small toy with a blue clip on it, sitting on a'], ['In the image, there is a small toy with a blue clip attached to it. The to'], ['In the image, there is a small toy with a blue clip and a green wheel. The'], ['In the image, there is a toy with a green wheel attached to a metal clip. The'], ['In the image, there is a small toy car with a blue clip attached to it. The'], ['In the image, there is a small toy on a white background. The toy is a'], ['In the image, there is a small metal device with a blue clip attached to it. The device'], ['In the image, there is a small toy, likely a toy car or a small metal'], ['In the image, there is a small metal clip with a blue handle attached to it. The clip'], ['In the image, there is a toy with a blue handle and a green wheel. The to'], ['In the image, there is a toy with a green wheel attached to a metal clip. The'], ['In the image, there is a blue and silver clip holding a small green wheel. The clip is'], ['In the image, there is a small toy with a blue clip on top of it. The'], ['In the image, there is a toy car with a blue and silver wheel on it, sitting'], [""In the image, there is a small toy, possibly a child's toy, with""], ['In the image, there is a small blue clip attached to a metal wire. The metal wire is'], ['In the image, there is a small toy with a blue clip attached to it. The to'], ['In the image, there is a blue and silver clip holding a green and yellow wheel. The clip'], ['In the image, there is a small toy with a blue and yellow wheel, sitting on a'], ['In the image, there is a blue and silver metal clip with a small wheel attached to it.'], ['In the image, there is a toy with a green wheel attached to it, sitting on a'], ['In the image, there is a small metal object with a blue clip and a green wheel attached to'], ['In the image, there is a toy with a blue clip and a green wheel. The to'], ['In the image, there is a toy with a blue clip and a green wheel attached to it'], ['In the image, there is a pair of metal clips or clamps, one blue and one'], ['In the image, there is a pair of scissors with a blue handle and a green wheel'], ['In the image, there is a pair of metal clips with a blue and a green wheel attached'], ['In the image, there is a small blue and silver clip with a green wheel attached to it.'], ['In the image, there is a toy car with a blue clip on it, sitting on a'], ['In the image, there is a small toy with a green wheel and a blue clip attached to'], ['In the image, there is a small toy with a blue handle and a yellow wheel. The'], ['In the image, there is a small toy with a blue clip and a green wheel. The'], ['In the image, there is a small toy with a blue and silver clip attached to it.'], ['In the image, there is a pair of scissors with a green and orange wheel attached to'], ['In the image, there is a small metal clip with a blue and a yellow wheel attached to it'], ['In the image, there is a small toy on a white background. The toy is a'], ['In the image, there is a toy car with a blue clip on it. The toy'], ['In the image, there is a blue clip with a small wheel attached to it. The clip is'], ['In the image, there is a toy with a green wheel, which appears to be a to'], ['In the image, there is a small metal clip with a blue handle, which is attached to a']]"
data/images/noun/2018-600.jpg,2018,this coils string,16,50,61,6,"[['In the image, there is a yellow plastic bowl with a black cord coming out of it'], ['In the image, there is a yellow plastic bowl with a clear plastic lid on top'], ['In the image, there is a yellow plastic object with a black top, which appears to be'], ['In the image, there is a yellow plastic container with a black top, which is sitting on'], ['In the image, there is a yellow bowl or container with a clear plastic lid. The'], ['In the image, there is a yellow plastic container with a clear plastic lid. The container'], ['In the image, there is a yellow plastic bowl with a clear top, sitting on a'], ['In the image, there is a yellow plastic bowl with a clear lid on it. The'], ['In the image, there is a yellow plastic object with a clear cover, sitting on a white'], ['In the image, there is a yellow plastic container with a black top. The container is sitting'], ['In the image, there is a yellow plastic bowl with a black top, which appears to'], ['In the image, there is a yellow bowl-shaped object with a hole in the middle'], ['In the image, there is a yellow plastic container or bowl with a clear plastic lid'], ['In the image, there is a yellow bowl or container with a clear plastic lid. The'], ['In the image, there is a yellow bowl with a black center, placed on a white background'], ['In the image, there is a yellow bowl with a clear lid. The bowl is sitting'], ['In the image, there is a yellow plastic container with a clear plastic lid. The container'], ['In the image, there is a yellow plastic bowl with a transparent lid, placed on a'], ['In the image, there is a yellow plastic container with a clear lid, sitting on a white'], ['In the image, there is a yellow plastic bowl or container with a clear lid. The'], ['In the image, there is a yellow plastic bowl or container with a clear plastic cover'], ['In the image, there is a yellow plastic container with a clear lid, sitting on a white'], ['In the image, there is a small, yellow plastic bowl with a clear plastic lid'], ['In the image, there is a small yellow bowl with a green top. The bowl is'], ['In the image, there is a yellow plastic bowl with a transparent lid. The bowl'], ['In the image, there is a yellow plastic container with a clear lid. The container is open'], ['In the image, there is a yellow bowl-shaped object with a clear plastic top'], ['In the image, there is a yellow bowl or container with a clear plastic lining,'], ['In the image, there is a yellow plastic container with a clear lid, sitting on a white'], ['In the image, there is a small, yellow, clear plastic bowl with a black bottom'], ['In the image, there is a yellow bowl or dish with a clear plastic lid.'], ['In the image, there is a small yellow plastic container with a black top. The container is'], ['In the image, there is a yellow plastic object, which appears to be a container or a'], ['In the image, there is a yellow plastic bowl or container with a clear lid, sitting'], ['In the image, there is a yellow bowl or container with a black top, which is sitting'], ['In the image, there is a yellow plastic bowl or container with a clear plastic lid'], ['In the image, there is a yellow plastic container with a clear cover. The container is placed'], ['In the image, there is a yellow plastic bowl with a lid on top of it.'], ['In the image, there is a small yellow bowl or dish with a clear plastic cover'], ['In the image, there is a yellow bowl or container with a clear plastic cover. The']]"
data/images/noun/2019-600.jpg,2019,cat nip toy,31,67,38,25,"[['In the image, there is a brightly colored, oddly shaped object that resembles'], ['In the image, there is a small, odd-shaped, and brightly colored plastic'], ['In the image, there is a small, brightly colored, odd-shaped object that appears'], ['In the image, there is a yellow and orange egg-shaped object with a fuzzy'], ['In the image, there is a small, odd-shaped, and brightly colored plastic'], ['In the image, there is a small, odd-shaped, yellow and orange object with a'], ['In the image, there is a small, brightly colored, orange and yellow egg-shaped'], ['In the image, there is a brightly colored, oddly shaped plastic egg with a'], ['In the image, there is a small, odd-shaped, orange and yellow plastic to'], ['In the image, there is a small, odd-shaped, orange and yellow plastic to'], ['In the image, there is a yellow and orange egg-shaped object with a fuzzy'], ['In the image, there is a yellow and orange rubber ducky toy. The to'], ['In the image, there is a small, odd-shaped, brightly colored egg, which'], ['In the image, there is a small, odd-shaped, and brightly colored plastic'], ['In the image, there is a brightly colored, oddly shaped toy that resemb'], ['In the image, there is a small, brightly colored, and somewhat odd-looking object,'], ['In the image, there is a small, brightly colored, yellow and orange egg-shaped'], ['In the image, there is a yellow and orange rubber egg with a fuzzy top,'], ['In the image, there is a small, brightly colored, orange and yellow egg-shaped'], ['In the image, there is a yellow and orange egg-shaped object with a fuzzy'], ['In the image, there is a small, brightly colored, and odd-shaped object that'], ['In the image, there is a brightly colored, oddly shaped object that resembles'], ['In the image, there is a small, odd-shaped orange and yellow object with a fur'], ['In the image, there is a small, brightly colored, and oddly shaped plastic'], ['In the image, there is a yellow and orange rubber egg with a fuzzy top.'], ['In the image, there is a small, odd-shaped, yellow and orange toy or'], ['In the image, there is a small, orange, and yellow egg-shaped object with a'], ['In the image, there is a yellow and orange egg-shaped object with a fuzzy'], ['In the image, there is a small, brightly colored, and oddly shaped object that'], ['In the image, there is a small, odd-shaped, and brightly colored plastic'], ['In the image, there is a yellow and orange egg-shaped object with a fuzzy'], ['In the image, there is a small, odd-shaped, brightly colored egg with a'], ['In the image, there is a brightly colored, odd-shaped object that appears to be'], ['In the image, there is a small, odd-shaped, brightly colored egg with a'], ['In the image, there is a small, brightly colored toy egg with a long, f'], ['In the image, there is a small, oddly shaped, yellow and orange egg-like'], ['In the image, there is a small, oddly shaped, brightly colored, and somewhat'], ['In the image, there is a yellow and orange rubber egg with a fuzzy top.'], ['In the image, there is a small, brightly colored, orange and yellow rubber egg with'], ['In the image, there is a brightly colored plastic toy shaped like an egg.']]"
data/images/noun/2020.jpg,2020,jacobs ladder,41,36,29,6,"[['In the image, there is a stack of five colored rectangular cushions. The cush'], ['In the image, there is a stack of five different colored mats, each with a distinct color'], ['In the image, there are four stacks of colorful, oddly shaped foam blocks'], ['In the image, there are four stacks of colorful, multi-colored, and pattern'], ['In the image, there is a stack of five different colored foam wedge blocks, each with'], ['In the image, there are four stacks of colored foam squares, each with a different color'], ['In the image, there is a stack of five colorful cushions or coasters,'], ['In the image, there are four stacks of different colored mats. The mats are arranged'], ['In the image, there is a stack of six colored foam blocks, each with a different color'], ['In the image, there is a stack of five colored mats, with each mat having a different'], ['In the image, there is a stack of five colored cushions, each with a different color'], ['In the image, there is a stack of five colored foam blocks, each with a different color'], ['In the image, there is a stack of five colored cushions, each with a different color'], ['In the image, there is a stack of five different colored cushions, each with a different'], ['In the image, there is a stack of six different colored foam blocks, each with a unique'], ['In the image, there are three stacks of colorful, cushioned blocks arranged on a'], ['In the image, there are four stacked cushions, each with a different color: red'], ['In the image, there is a stack of five different colored cushions, each with a different'], ['In the image, there is a stack of six colorful cushion-like items, each'], ['In the image, there is a stack of five colorful rectangular cushions, each with'], ['In the image, there are four stacked rubber mats, each with different colors. The'], ['In the image, there is a stack of five colorful rubber mats arranged in a neat'], ['In the image, there are four stacks of colorful foam blocks, each with a different'], ['In the image, there is a stack of five colorful cushions or pads, each'], ['In the image, there is a stack of six different colored blocks, each with a unique color.'], ['In the image, there are three stacks of colored blocks arranged in a row. The blocks are'], ['In the image, there are four stacked cushions of different colors, including blue, green'], ['In the image, there are three stacks of brightly colored, oddly shaped, and'], ['In the image, there are three stacks of different colored blocks, each with a distinct color combination'], ['In the image, there is a stack of five colorful foam blocks, each with a different'], ['In the image, there is a stack of five colored cushions, with each cushion'], ['In the image, there is a stack of five different colored cushion-like items, possibly'], ['In the image, there is a stack of five colorful cushions or pillows, each'], ['In the image, there is a stack of five colorful wedge-shaped cushions'], ['In the image, there is a stack of five different colored cushions, each with a unique'], ['In the image, there is a stack of five different colored blocks, each with a unique color.'], ['In the image, there is a stack of five colorful cushions sitting on a white surface'], ['In the image, there is a stack of five different colored mats, which are green, red'], ['In the image, there are three stacks of different colored cushions, each with a different'], ['In the image, there is a stack of six colorful, rectangular-shaped objects.']]"
data/images/noun/2021-600.jpg,2021,foam arrow,9,29,84,3,"[['In the image, there is a small green and purple object with a black center. It appears'], ['In the image, there is a green and purple plastic item with a black center, which'], ['In the image, there is a black and purple object that resembles a tube or'], ['In the image, there is a green and purple object with a black center. The object appears'], ['In the image, there is a green and purple plastic tube with a black object inside'], ['In the image, there is a close-up of a black and purple object with a green'], ['In the image, there is a green and purple rubber object with a black center. The'], ['In the image, there is a small black and green plastic object with a black tip. The'], ['In the image, there is a close-up of a purple and green colored object that looks'], ['In the image, there is a close-up of a purple and pink plastic object'], ['In the image, there is a close-up of a colorful plastic piece with a black'], ['In the image, there is a close-up of a black and pink object that appears to'], ['In the image, there is a close-up of a purple, pink, and green'], ['In the image, there is a close-up of a purple and green object, which appears'], ['In the image, there is a close-up of a green and purple object, which appears'], ['In the image, there is a close-up view of a colorful, plastic item that'], ['In the image, there is a green and purple plastic object with a black center. The'], ['In the image, there is a close-up of a purple and green plastic item,'], ['In the image, there is a close-up view of a black and pink object, which'], ['In the image, there is a close-up view of a purple, pink, and'], ['In the image, there is a close-up of a colorful, multi-colored,'], ['In the image, there is a close-up of a green and purple object, which appears'], ['In the image, there is a close-up view of a green and purple plastic piece'], ['In the image, there is a close-up view of a green and purple object that res'], ['In the image, there is a green and purple plastic piece with a black tip. The'], ['In the image, there is a black and pink object, which appears to be a plastic'], ['In the image, there is a close-up view of a colorful object made of plastic'], ['In the image, there is a close-up of a green and purple object that resemb'], ['In the image, there is a close-up of a green and purple plastic connector'], ['In the image, there is a close-up of a colorful plastic item, which appears'], ['In the image, there is a small, colorful object with a black and purple center.'], ['In the image, there is a close-up view of a purple and pink plastic'], ['In the image, there is a close-up of a green and purple colored plastic to'], ['In the image, there is a close-up of a green and purple object that resemb'], ['In the image, there is a close-up of a black and pink object with a green'], ['In the image, there is a black and pink object with a green tip. It appears to'], ['In the image, there is a black and pink object with a green center, resembling'], ['In the image, there is a close-up of a purple, pink, and green'], ['In the image, there is a close-up of a purple and pink plastic object'], ['In the image, there is a close-up of a black and pink rubber ring with']]"
data/images/noun/2022-600.jpg,2022,marker,9,15,70,13,"[['In the image, there is a green plastic object with a hole in the middle, sitting on'], ['In the image, there is a green plastic cone sitting on a white background. The cone appears'], ['In the image, there is a green plastic object that appears to be a small, round,'], ['In the image, there is a green plastic object with a rounded top. It appears to be'], ['In the image, there is a green object with a round top and a hole in the middle.'], ['In the image, there is a green plastic object that looks like a large, odd-sh'], ['In the image, there is a green plastic object with a hole in the middle, which appears'], ['In the image, there is a green object that resembles a cone or a small green d'], ['In the image, there is a green plastic object with a round top, resembling a'], ['In the image, there is a green plastic object with a dome shape, sitting on a'], ['In the image, there is a green plastic object that resembles a large, oddly'], ['In the image, there is a green plastic object with a flat top and a hole in the'], ['In the image, there is a green plastic object that appears to be a small, rounded container'], ['In the image, there is a green plastic object with a hole in the center. It appears'], ['In the image, there is a green plastic object that resembles a cone or a v'], ['In the image, there is a green object with a hole in the middle, resembling a'], ['In the image, there is a green plastic object, possibly a toy or a piece of'], ['In the image, there is a green plastic object that appears to be a mushroom-'], ['In the image, there is a green plastic object that looks like a green cone. It is'], ['In the image, there is a green plastic object that looks like a top or a dome'], ['In the image, there is a green object, possibly a vase or a lamp base, sitting'], ['In the image, there is a green plastic object, possibly a piece of plastic equipment or'], ['In the image, there is a green plastic object that looks like a cone or a dome'], ['In the image, there is a green plastic object, possibly a piece of a toy,'], ['In the image, there is a green object, which appears to be a small, rounded plastic'], ['In the image, there is a green plastic object, which appears to be a cap or a'], ['In the image, there is a green plastic object, which appears to be a piece of a'], ['In the image, there is a green plastic object, possibly a toy or a piece of'], ['In the image, there is a green plastic object with a hole in the middle, resemb'], ['In the image, there is a green plastic object that resembles a mushroom,'], ['In the image, there is a green plastic object with a rounded top, which is positioned'], ['In the image, there is a green object that resembles a small cone or dome,'], ['In the image, there is a green plastic cone with a white top. The cone is sitting'], ['In the image, there is a green object that looks like a cone or a mushroom,'], ['In the image, there is a green plastic object with a white background. It appears to be'], ['In the image, there is a green plastic object with a dome shape, sitting on a'], ['In the image, there is a green plastic object that resembles a cone or a d'], ['In the image, there is a green plastic object with a hole in the center. It appears'], ['In the image, there is a green object that appears to be a large, rounded, and possibly'], ['In the image, there is a green plastic object that looks like a small green cone or a']]"
data/images/noun/2023-600.jpg,2023,color changing ball,13,31,87,17,"[['In the image, there is a white and black object that looks like a large, oddly sh'], ['In the image, there is a white and black plastic object with a circular shape. The object'], ['In the image, there is a black and white object with a white center, resembling a'], ['In the image, there is a white and black object that resembles a flower or a piece'], ['In the image, there is a black and white sphere made of various pieces of white and black cu'], ['In the image, there is a white and black circular object with a white center. It appears to'], ['In the image, there is a white and black object that resembles a flower or a v'], ['In the image, there is a white and black circular object with a gold ring in the center.'], ['In the image, there is a white and black object that appears to be a decorative piece or'], ['In the image, there is a white and black object that resembles a flower or a piece'], ['In the image, there is a white and black object with a spiral design, resembling'], ['In the image, there is a white and black spiral-shaped object that appears to be'], ['In the image, there is a white and black circular object with a bunch of white dots on'], ['In the image, there is a white and black dish with a unique design, resembling'], ['In the image, there is a white and black object that appears to be a piece of art or'], ['In the image, there is a white and black object that resembles a flower. The object'], ['In the image, there is a white and black circular object with a hole in the center. The'], ['In the image, there is a white and black circular object, which appears to be a combination of'], ['In the image, there is a white and black circular object that appears to be a combination of a'], ['In the image, there is a white and black object that resembles a flower or a piece'], ['In the image, there is a black and white photo of a white and black circular object, possibly'], ['In the image, there is a white and black object that resembles a flower. It is'], ['In the image, there is a black and white circular object with a white center. The object appears'], ['In the image, there is a white and black spiral-shaped object, which appears to'], ['In the image, there is a white and black spiral-shaped object that appears to be'], ['In the image, there is a black and white circular object that resembles a flower or a'], ['In the image, there is a white and black circular object with a white center. The object appears'], ['In the image, there is a white and black object that resembles a flower or a piece'], ['In the image, there is a white and black object with a circular shape, possibly a vase'], ['In the image, there is a white and black object that resembles a flower or a v'], ['In the image, there is a white and black ball with a hole in the center. The ball'], ['In the image, there is a white and black spiral sculpture made from multiple white and black'], ['In the image, there is a white and black object that resembles a flower. It is'], ['In the image, there is a white and black object that resembles a flower. It has'], ['In the image, there is a white and black dish with a white center. The dish'], ['In the image, there is a white and black object that looks like a flower or a round sculpt'], ['In the image, there is a white and black object that looks like a large, intricately'], ['In the image, there is a white and black object that appears to be a combination of a v'], ['In the image, there is a white and black circular object with a gold center, which appears to'], ['In the image, there is a white and black circular object with a hole in the center. The']]"
data/images/noun/2024-600.jpg,2024,connected disk toy,81,44,41,3,"[['In the image, there is a colorful toy shaped like a spaceship, with a'], ['In the image, there is a yellow and red toy shaped like a wheel with a blue'], ['In the image, there is a yellow and red toy shaped like a circle with a blue'], ['In the image, there is a yellow and red toy shaped like a clock. The clock'], ['In the image, there is a colorful toy shaped like a spaceship. The spaces'], ['In the image, there is a yellow and red plastic toy in the shape of a wheel'], ['In the image, there is a toy shaped like a yellow and red spaceship. The'], ['In the image, there is a yellow and blue object that resembles a clock, but it'], ['In the image, there is a yellow and red toy shaped like a spaceship. The'], ['In the image, there is a colorful wooden toy in the shape of a yellow wheel with'], ['In the image, there is a toy shaped like a wheel with a yellow center and red'], ['In the image, there is a yellow and red toy shaped like a circle, with a'], ['In the image, there is a colorful, circular toy with blue, yellow, and red'], ['In the image, there is a toy shaped like a yellow and red airplane, with'], ['In the image, there is a yellow and red toy shaped like a wheel with a blue'], ['In the image, there is a yellow and red toy shaped like a wheel, with blue'], ['In the image, there is a colorful toy shaped like a yellow and red wheel.'], ['In the image, there is a yellow and red toy shaped like a wheel, with a'], ['In the image, there is a toy with a yellow and red color scheme, which appears to'], ['In the image, there is a yellow and blue toy shaped like a wheel with a red'], ['In the image, there is a colorful toy shaped like a spaceship. The spaces'], ['In the image, there is a colorful wooden toy shaped like a wheel, with blue'], ['In the image, there is a yellow and red plastic toy shaped like a circle with'], ['In the image, there is a colorful toy shaped like a wheel, with a yellow'], ['In the image, there is a yellow and blue toy shaped like a spaceship with a'], ['In the image, there is a yellow and red toy shaped like a circle with blue wings'], ['In the image, there is a yellow and red toy in the shape of a wheel with a'], ['In the image, there is a toy shaped like a clock, with the clock face made'], ['In the image, there is a yellow and red toy shaped like a circle with blue and'], ['In the image, there is a yellow and red plastic toy shaped like a clock.'], ['In the image, there is a yellow and red toy shaped like a wheel with a blue'], ['In the image, there is a yellow and blue object that resembles a clock or a to'], ['In the image, there is a colorful, three-dimensional object that resembles a wheel'], ['In the image, there is a yellow and red toy shaped like a wheel with a blue'], ['In the image, there is a yellow and blue toy shaped like a plane, with a'], ['In the image, there is a colorful toy in the shape of a wheel, made up'], ['In the image, there is a yellow and red toy shaped like a clock with a blue'], ['In the image, there is a colorful toy in the shape of a circle with a yellow'], ['In the image, there is a yellow and blue object with a red center, resembling a'], ['In the image, there is a colorful toy in the shape of a wheel with a yellow']]"
data/images/noun/2025-600.jpg,2025,boomerang,6,14,58,13,"[['In the image, there is a blue plastic object with a curved shape, resembling'], ['In the image, there is a blue object that looks like a pair of sandals or flip'], ['In the image, there is a blue plastic object that looks like a shoe, but it'], ['In the image, there is a blue plastic object that resembles a pair of sandals'], ['In the image, there is a blue plastic object that looks like a pair of flippers'], ['In the image, there is a blue object that looks like a shoe or a sandal,'], ['In the image, there is a blue object that resembles a pair of flippers or'], ['In the image, there is a blue object that looks like a shoe or a flip f'], ['In the image, there is a blue object that looks like a shoe or a sandal.'], ['In the image, there is a blue plastic object that looks like a shoe or sandal'], ['In the image, there is a blue object that resembles a pair of flippers or'], ['In the image, there is a blue plastic object that resembles a shoe or sand'], ['In the image, there is a blue object that appears to be a shoe or a sandal'], ['In the image, there is a blue object that looks like a pair of shoes or sandals'], ['In the image, there is a blue object that appears to be a plastic shoe or sand'], ['In the image, there is a blue object that resembles a pair of sandals or f'], ['In the image, there is a blue plastic object that resembles a pair of fli'], ['In the image, there is a blue object that resembles a pair of flippers or'], ['In the image, there is a blue plastic object that resembles a pair of shoes'], ['In the image, there is a blue plastic object that looks like a shoe, with a'], ['In the image, there is a blue object that resembles a shoe or a sandal'], ['In the image, there is a blue plastic item that resembles a pair of sandals'], ['In the image, there is a blue object that resembles a shoe or a sandal'], ['In the image, there is a blue plastic object that resembles a pair of shoes'], ['In the image, there is a blue plastic object that looks like a pair of flippers'], ['In the image, there is a blue plastic object that looks like a pair of shoes.'], ['In the image, there is a blue plastic object that resembles a shoe or a'], ['In the image, there is a blue plastic object with a curved shape, resembling'], ['In the image, there is a blue plastic object that resembles a shoe or sand'], ['In the image, there is a blue object that resembles a pair of flippers or'], ['In the image, there is a blue plastic item that resembles a shoe or a'], ['In the image, there is a blue object that resembles a pair of flippers or'], ['In the image, there is a blue object that resembles a pair of flippers or'], ['In the image, there is a blue object that resembles a pair of flippers or'], ['In the image, there is a blue plastic object that resembles a pair of sandals'], ['In the image, there is a blue object that appears to be a piece of art or a sculpt'], ['In the image, there is a blue object that resembles a pair of sandals or f'], ['In the image, there is a blue object that appears to be a piece of art or a sculpt'], ['In the image, there is a blue object that appears to be a piece of art or a sculpt'], ['In the image, there is a blue plastic object that resembles a sandal or a']]"
data/images/noun/2026-600.jpg,2026,dog toy,16,71,63,17,"[[""In the image, there is a green rubber toy shaped like a dog's leg""], [""In the image, there is a green toy shaped like a dog's leg. The""], [""In the image, there is a green toy shaped like a dog's foot, with""], [""In the image, there is a green toy shaped like a dog's tail. The""], [""In the image, there is a green and red plastic toy shaped like a dog'""], [""In the image, there is a green and red plastic toy shaped like a dog'""], ['In the image, there is a green toy dog, possibly a chew toy or a'], [""In the image, there is a green and red toy shaped like a dog's foot""], [""In the image, there is a green toy shaped like a dog's leg. The""], [""In the image, there is a green toy shaped like a dog's foot, with""], [""In the image, there is a green toy shaped like a dog's foot. The""], ['In the image, there is a green toy shaped like a shoe. The toy'], ['In the image, there is a green toy shaped like a shoe, with a red'], ['In the image, there is a green and red toy shoe, which appears to be a'], [""In the image, there is a green rubber toy shaped like a dog's foot""], [""In the image, there is a green toy shaped like a dog's leg, with""], [""In the image, there is a green toy shaped like a dog's leg. The""], [""In the image, there is a green toy shaped like a dog's foot, with""], ['In the image, there is a green dog toy shaped like a shoe, with a'], [""In the image, there is a green toy shaped like a dog's foot with a""], [""In the image, there is a green toy shaped like a dog's foot, with""], [""In the image, there is a green toy shaped like a dog's leg, with""], [""In the image, there is a green toy shaped like a dog's leg. The""], [""In the image, there is a green toy shaped like a dog's tail, with""], [""In the image, there is a green toy shaped like a dog's foot. It""], [""In the image, there is a green toy shaped like a dog's foot. The""], [""In the image, there is a green toy shaped like a dog's foot with a""], [""In the image, there is a green toy shaped like a dog's foot with a""], ['In the image, there is a green toy shaped like a shoe. The toy'], [""In the image, there is a green toy shaped like a dog's leg, with""], [""In the image, there is a green toy shaped like a dog's foot, with""], ['In the image, there is a green rubber toy that looks like a shoe or a'], [""In the image, there is a green toy shaped like a dog's foot, with""], ['In the image, there is a green and red toy shoe on a white background. The'], [""In the image, there is a green rubber toy shaped like a dog's tail""], [""In the image, there is a green toy shaped like a dog's leg, with""], [""In the image, there is a green dog toy shaped like a dog's leg.""], ['In the image, there is a green toy shaped like a shoe, with a red'], [""In the image, there is a green toy shaped like a dog's leg, with""], [""In the image, there is a green toy shaped like a dog's leg, with""]]"
data/images/noun/2027-600.jpg,2027,room freshener toy,22,38,47,9,"[['In the image, there is a white plastic object that resembles a sports ball, possibly'], ['In the image, there is a white object that looks like a large, round, empty head or'], ['In the image, there is a white, plastic, round object with a hole in the center'], ['In the image, there is a white plastic object that resembles a football helmet,'], ['In the image, there is a white plastic object that resembles a football helmet.'], ['In the image, there is a white plastic object that resembles a small, round,'], ['In the image, there is a white object that resembles a sports ball, possibly a football'], ['In the image, there is a white, round object with a hole in the middle. It appears'], ['In the image, there is a white object that appears to be a ball or a small white sphere'], ['In the image, there is a white plastic ball with a hole in the middle, sitting on'], ['In the image, there is a white object that appears to be a sports ball, possibly a football'], ['In the image, there is a white, round object that resembles a football helmet.'], ['In the image, there is a white plastic ball with a hole in the middle. It is'], ['In the image, there is a white plastic object that resembles a ball, with a'], ['In the image, there is a white plastic object that resembles a sports ball, possibly'], ['In the image, there is a white object that resembles a football helmet. It is'], ['In the image, there is a white object that looks like a football helmet. It is sitting'], ['In the image, there is a white plastic object that looks like a small white ball or a'], ['In the image, there is a white, round object that looks like a ball. It is placed'], ['In the image, there is a white plastic ball sitting on a white background. The ball appears'], ['In the image, there is a white plastic object with a hole in the middle. The object'], ['In the image, there is a white plastic ball with a hole in the center, sitting on'], ['In the image, there is a white, round object that resembles a football or a hel'], ['In the image, there is a white plastic object with a hole in the middle, resemb'], ['In the image, there is a white, plastic ball with a hole in the middle. The'], ['In the image, there is a white, round object that appears to be a sports ball or a'], ['In the image, there is a white plastic ball with a hole in the middle. The ball'], ['In the image, there is a white plastic object that looks like a ball or a dome'], ['In the image, there is a white, plastic object that appears to be a small, white'], ['In the image, there is a white plastic object, possibly a sports ball or a toy'], ['In the image, there is a white, plastic object that appears to be a toy or'], ['In the image, there is a white plastic ball sitting on a white background. The ball appears'], ['In the image, there is a white plastic object with a hole in the middle, which appears'], ['In the image, there is a white plastic ball with a hole in the center. The ball'], ['In the image, there is a white plastic object that appears to be a toy or a'], ['In the image, there is a white plastic ball sitting on a white background. The ball appears'], ['In the image, there is a white, plastic object with a hole in the center. It'], ['In the image, there is a white object that appears to be a ball, possibly made of pl'], ['In the image, there is a white, round object that appears to be a piece of sports equipment'], ['In the image, there is a white plastic ball sitting on a white background. The ball appears']]"
data/images/noun/2028-600.jpg,2028,cat toy found at the pound store,6,47,53,63,"[['In the image, there is a close-up of a donut with a hole in the center'], ['In the image, there is a close-up of a donut with a hole in the middle'], ['In the image, there is a close-up of a donut with white frosting and'], ['In the image, there is a close-up of a pink donut with white frost'], ['In the image, there is a pink donut with white frosting, which is placed'], ['In the image, there is a close-up of a pink donut with white frost'], ['In the image, there is a close-up of a pink donut with white frost'], ['In the image, there is a close-up of a pink donut with white frost'], ['In the image, there is a close-up of a donut with white frosting and'], ['In the image, there is a white background with a pink donut-shaped object sitting'], ['In the image, there is a close-up of a donut with a hole in the center'], ['In the image, there is a close-up of a pink donut with white frost'], ['In the image, there is a white background with a pink donut-shaped object placed'], ['In the image, there is a pink and white donut-shaped object with a hole'], ['In the image, there is a white background with a pink and white donut-shaped'], ['In the image, there is a white background with a donut-shaped object, which appears'], ['In the image, there is a pink donut with white frosting, which is sitting'], ['In the image, there is a white background with a pink donut and a bunch of cot'], ['In the image, there is a close-up view of a pink donut with white fro'], ['In the image, there is a white background with a pink donut-shaped object on'], ['In the image, there is a white background with a pink donut and several white balls scattered'], ['In the image, there is a pink donut with white frosting, and it is'], ['In the image, there is a close-up view of a pink donut with white fro'], ['In the image, there is a close-up of a pink and white donut with a'], ['In the image, there is a white background with a pink and white donut-shaped'], ['In the image, there is a pink donut with white frosting, which appears to'], ['In the image, there is a white background with a pink donut-shaped object on'], ['In the image, there is a pink donut with white frosting, sitting on a'], ['In the image, there is a close-up view of a donut with a hole in the'], ['In the image, there is a close-up of a pink donut with white frost'], ['In the image, there is a white background with a pink and white donut-shaped'], ['In the image, there is a close-up of a pink and white donut with a'], ['In the image, there is a close-up of a pink donut with white frost'], ['In the image, there is a white background with a pink donut-shaped object that'], ['In the image, there is a close-up of a donut with pink frosting'], ['In the image, there is a white background with a pink donut and six white cotton'], ['In the image, there is a white background with a pink donut-shaped object with'], ['In the image, there is a white background with a pink donut and several white cotton'], ['In the image, there is a close-up view of a pink donut with white fro'], ['In the image, there is a white background with a large pink donut and a bunch of']]"
data/images/noun/2029-600.jpg,2029,cover for room fresheners,19,27,65,16,"[['In the image, there is a close-up view of a black plastic piece, possibly a'], ['In the image, there is a black plastic part with a hole in it. It appears to'], ['In the image, there is a black object that appears to be a piece of a camera or a'], ['In the image, there is a black plastic object with a hole in the center, which appears'], ['In the image, there is a black plastic part, possibly a piece of a camera or a'], ['In the image, there is a black plastic piece with a hole in it. It appears to'], ['In the image, there is a black object that appears to be a piece of a gear or'], ['In the image, there is a black plastic piece with a hole in the middle, possibly a'], ['In the image, there is a black object with a hole in it, possibly a piece of a'], ['In the image, there is a black plastic part with a hole in it, which is likely'], ['In the image, there is a close-up of a black plastic object, which appears to'], ['In the image, there is a close-up of a black plastic piece, possibly a part'], ['In the image, there is a close-up view of a black plastic piece with a hole'], ['In the image, there is a black plastic piece with a hole in the center. The hole'], ['In the image, there is a black plastic piece with a hole in the middle, sitting on'], ['In the image, there is a black plastic piece with a hole in the center. It appears'], ['In the image, there is a black object, possibly a piece of plastic or a part of'], ['In the image, there is a black plastic piece with a hole in the center. The piece'], ['In the image, there is a close-up of a black plastic piece, which appears to'], ['In the image, there is a close-up of a black plastic piece with a hole in'], ['In the image, there is a black plastic part, possibly a piece of a toy or'], ['In the image, there is a close-up view of a black plastic piece with a hole'], ['In the image, there is a black object, possibly a piece of plastic, with a hole'], ['In the image, there is a close-up view of a black plastic part, possibly a'], ['In the image, there is a black plastic part with a hole in the middle. The part'], ['In the image, there is a black plastic piece, which appears to be a part of a'], ['In the image, there is a black plastic piece with a hole in the middle. It appears'], ['In the image, there is a black plastic piece with a hole in it, sitting on a'], ['In the image, there is a black plastic piece with a hole in it, sitting on a'], ['In the image, there is a black plastic part with a hole in it. The part appears'], ['In the image, there is a black plastic piece, possibly a part of a toy or'], ['In the image, there is a black plastic piece, which appears to be a part of a'], ['In the image, there is a black plastic piece with a hole in the middle, which appears'], ['In the image, there is a black object, possibly a piece of plastic, with a hole'], ['In the image, there is a black object that looks like a piece of a plastic toy'], ['In the image, there is a black plastic piece, possibly a part of a machine or a'], ['In the image, there is a close-up view of a black plastic piece, which appears'], ['In the image, there is a close-up view of a black plastic part, which appears'], ['In the image, there is a black plastic piece, which appears to be a part of a'], ['In the image, there is a close-up view of a black plastic object, which appears']]"
data/images/noun/2030-600.jpg,2030,marker,9,43,53,0,"[['In the image, there is a blue object that appears to be a sculpture or a small to'], ['In the image, there is a blue object that looks like a person with a face, sitting on'], [""In the image, there is a blue ceramic object that looks like a person's head""], ['In the image, there is a small blue ceramic statue of a head, possibly a b'], ['In the image, there is a blue object that appears to be a small sculpture or a piece'], ['In the image, there is a blue ceramic object that looks like a small statue or figur'], ['In the image, there is a small blue object that looks like a face. The object is placed'], ['In the image, there is a blue object that looks like a person with a face and a hole'], ['In the image, there is a blue object with a face, which appears to be a small sculpt'], ['In the image, there is a small, blue ceramic figurine or sculpture. It'], ['In the image, there is a blue plastic object that looks like a toy or a piece'], ['In the image, there is a small blue object that looks like a blue gnome head. It'], ['In the image, there is a blue plastic object with a face, which appears to be a'], ['In the image, there is a blue object that looks like a face with two eyes and a nose'], ['In the image, there is a blue object that resembles a face with two eyes and a'], ['In the image, there is a blue object that resembles a face, with a large nose'], ['In the image, there is a blue plastic object that appears to be a small toy or'], ['In the image, there is a blue object with a face on it, which appears to be a'], ['In the image, there is a blue object that appears to be a toy or a decorative'], ['In the image, there is a blue object that appears to be a ceramic or glass v'], ['In the image, there is a blue object that looks like a small statue or sculpture. It'], ['In the image, there is a blue object that resembles a face. It is a small'], ['In the image, there is a blue plastic object that resembles a face, sitting on'], ['In the image, there is a small, blue ceramic object with a face painted on it'], ['In the image, there is a small blue object that resembles a blue elephant.'], ['In the image, there is a blue plastic toy or decoration that appears to be a'], ['In the image, there is a blue object with a face on it, sitting on a white background'], ['In the image, there is a blue ceramic object that resembles a face. It'], ['In the image, there is a blue object with a face and a hole in the center. It'], ['In the image, there is a blue object that looks like a small, blue face with two eyes'], ['In the image, there is a blue ceramic vase or urn with a face painted'], ['In the image, there is a blue plastic object with a face and a hole in the middle'], ['In the image, there is a blue ceramic object, which appears to be a vase'], ['In the image, there is a blue object with a face on it, resembling a small'], ['In the image, there is a blue ceramic figurine or sculpture, which could be'], ['In the image, there is a blue object that looks like a face with a hole in the center'], ['In the image, there is a blue object that resembles a face. It is placed against'], ['In the image, there is a blue plastic object that appears to be a toy or a'], ['In the image, there is a blue plastic object that looks like a face. The object is'], ['In the image, there is a blue object that resembles a face. The object is sh']]"
data/images/noun/2031.jpg,2031,book end,16,32,35,26,"[['In the image, there is a silver metal piece that appears to be a piece of a metal bra'], ['In the image, there is a silver metal piece with a curved shape, possibly a metal bra'], ['In the image, there is a silver metal piece with a curved shape, possibly a piece of'], ['In the image, there is a close-up of a metal piece that resembles a metal'], ['In the image, there is a silver metal piece that is shaped like a bent metal bar.'], ['In the image, there is a silver metal piece with a curved design. The piece appears to'], ['In the image, there is a metal piece, possibly a piece of a metal bracket, sitting'], ['In the image, there is a metal piece, possibly a metal bracelet or a piece of'], ['In the image, there is a silver metal piece that is curved and has a slight bend'], ['In the image, there is a silver metal piece, possibly a bracelet or a decorative'], ['In the image, there is a close-up of a metal piece that appears to be a piece'], ['In the image, there is a close-up of a metal object that appears to be a metal'], ['In the image, there is a silver metal piece that resembles a curved metal brace'], ['In the image, there is a close-up view of a silver metal piece, possibly a piece'], ['In the image, there is a close-up view of a metal piece that resembles a'], ['In the image, there is a metal piece with a curved design. It appears to be a'], ['In the image, there is a close-up of a metal object, which appears to be a'], ['In the image, there is a metal piece that appears to be a silver handle or a metal piece'], ['In the image, there is a close-up of a silver metal object, which appears to be'], ['In the image, there is a silver metal object that appears to be a metal bracket or a'], ['In the image, there is a close-up of a metal piece, possibly a metal bracket'], ['In the image, there is a silver metal piece with a curved shape, which appears to be'], ['In the image, there is a metal piece that appears to be a piece of a metal bracket'], ['In the image, there is a close-up view of a metal object, which appears to be'], ['In the image, there is a silver metal piece with a curve in it. The metal appears to'], ['In the image, there is a silver metal piece that appears to be a metal handle or a piece'], ['In the image, there is a close-up of a metal piece, which appears to be a'], ['In the image, there is a silver metal piece with a curve shape, possibly a piece of j'], ['In the image, there is a silver metal piece that resembles a metal handle or a metal'], ['In the image, there is a close-up of a metal piece that is bent into a curve'], ['In the image, there is a close-up view of a metal piece, possibly a metal bra'], ['In the image, there is a metal piece with a curved shape, possibly a metal handle or'], ['In the image, there is a metal piece that appears to be a piece of a bracelet'], ['In the image, there is a silver metal piece, which could be a bracket or a piece'], ['In the image, there is a close-up of a metal piece, possibly a metal bracket'], ['In the image, there is a close-up of a metal piece, possibly a bracelet'], ['In the image, there is a metal piece that appears to be a metal handle or a piece of'], ['In the image, there is a metal piece with a curved shape, possibly a metal bracket'], ['In the image, there is a silver metal piece that appears to be a metal bracelet or'], ['In the image, there is a silver metal piece that resembles a curved piece of metal']]"
data/images/noun/2032-600.jpg,2032,submarine,47,90,50,3,"[['In the image, there is a small orange toy shaped like a rocket. It is'], ['In the image, there is a small orange plastic toy shaped like a rocket.'], ['In the image, there is an orange toy rocket with a blue tail. It is sitting'], ['In the image, there is a small orange toy rocket sitting on a white background. The'], ['In the image, there is a small orange toy rocket sitting on a white background. The'], ['In the image, there is a bright orange plastic toy rocket on a white background.'], ['In the image, there is a small orange toy shaped like a rocket with a blue'], ['In the image, there is an orange plastic toy rocket with a blue tail. The'], ['In the image, there is a small orange toy rocket with a blue tail. The ro'], ['In the image, there is a small orange toy rocket sitting on a white background. The'], ['In the image, there is a small orange object with a blue tip, resembling a ro'], ['In the image, there is a small orange plastic toy shaped like a rocket.'], ['In the image, there is a small orange toy rocket sitting on a white background. The'], ['In the image, there is a small orange plastic toy shaped like a rocket.'], ['In the image, there is a small orange plastic rocket toy with a blue tail,'], ['In the image, there is an orange toy shaped like a rocket. It is placed'], ['In the image, there is a small orange object with a blue tail, which appears to be a'], ['In the image, there is an orange plastic toy shaped like a rocket or a'], ['In the image, there is an orange object with a blue tail, which appears to be a to'], ['In the image, there is an orange plastic toy rocket sitting on a white background.'], ['In the image, there is a small orange toy rocket sitting on a white background. The'], ['In the image, there is a small orange plastic toy rocket sitting on a white background'], ['In the image, there is an orange object that resembles a rocket or a toy'], ['In the image, there is a small orange plastic toy rocket with a blue tail,'], ['In the image, there is an orange and blue toy rocket on a white background. The'], ['In the image, there is an orange toy shaped like a rocket with a blue tail'], ['In the image, there is a small orange plastic toy shaped like a rocket.'], ['In the image, there is a small orange plastic toy rocket on a white background.'], ['In the image, there is an orange toy shaped like a rocket, sitting on a'], ['In the image, there is a small orange plastic rocket toy sitting on a white background'], ['In the image, there is a small orange plastic toy rocket with a blue nose.'], ['In the image, there is a small orange object, which appears to be a toy or a'], ['In the image, there is a small orange toy shaped like a rocket. It is'], ['In the image, there is a small orange toy rocket sitting on a white background. The'], ['In the image, there is a small orange toy rocket sitting on a white background. The'], ['In the image, there is a small orange plastic toy shaped like a rocket.'], ['In the image, there is a small orange toy rocket with a blue tail. The ro'], ['In the image, there is an orange toy rocket with a blue tail, sitting on a'], ['In the image, there is a small orange object with a blue tip, resembling a ro'], ['In the image, there is a small orange toy shaped like a rocket, with a']]"
data/images/noun/2033-600.jpg,2033,cat toy cage,9,57,55,3,"[['In the image, there is a green and orange object that appears to be a piece of furniture'], ['In the image, there is a green and orange object that appears to be a piece of furniture'], ['In the image, there is an orange object with a green handle, which appears to be a piece'], ['In the image, there is an orange plastic object with a green handle. The object has a'], ['In the image, there is a small, orange, star-shaped object, possibly a to'], ['In the image, there is a green and orange plastic tray with a star pattern. The'], ['In the image, there is a green and orange plastic object with a star pattern. It appears'], ['In the image, there is a small orange plastic object with a green handle. It appears to'], ['In the image, there is a small orange object with a green handle, resembling a t'], ['In the image, there is a green and orange plastic piece of furniture with a lattice design'], ['In the image, there is an orange plastic object with a green handle. The object appears to'], ['In the image, there is a large orange plastic object with a green top, resembling'], ['In the image, there is a green and orange object with a star pattern. The object appears to'], ['In the image, there is a green and orange plastic container with a star pattern. The container'], ['In the image, there is a small orange plastic object with a green handle. It is a'], ['In the image, there is a small orange object with a green handle. It appears to be a'], ['In the image, there is an orange plastic object with a green handle, which appears to be'], ['In the image, there is an orange plastic container with a green handle. The container has a'], ['In the image, there is a green and orange object with a hole in the center. It appears'], ['In the image, there is an orange plastic object with a green handle. The object has a'], ['In the image, there is a large orange object that appears to be a piece of sports equipment,'], ['In the image, there is an orange and green plastic container with a star pattern on it.'], ['In the image, there is an orange plastic container with a green handle. The container has a'], ['In the image, there is a green and orange plastic object, possibly a piece of sports equipment'], ['In the image, there is an orange and green plastic object with a star pattern. It appears'], ['In the image, there is an orange and green plastic object that appears to be a piece of'], ['In the image, there is a green and orange object that appears to be a piece of sports equipment'], ['In the image, there is a small, orange plastic container with a green handle. The container'], ['In the image, there is a large orange plastic object with a green handle. The object appears'], ['In the image, there is a green and orange plastic container with a star pattern on it.'], ['In the image, there is an orange and green plastic object that looks like a piece of a'], ['In the image, there is an orange object that appears to be a piece of sports equipment, possibly'], ['In the image, there is a small, orange plastic object with a green handle. The object'], ['In the image, there is a bright orange and green plastic object with a star pattern on it'], ['In the image, there is a small orange plastic object with a green top. The object has'], ['In the image, there is a bright orange plastic object with a green handle. The object has'], ['In the image, there is a large orange plastic container with a green handle. The container is'], ['In the image, there is an orange object with a green handle. It appears to be a piece'], ['In the image, there is a small orange plastic container with a green handle. The container is'], ['In the image, there is a green and orange plastic container with a star pattern. The container']]"
data/images/noun/2034-600.jpg,2034,worm ball with cut off hands or stars,72,39,45,26,"[['In the image, there is a pile of brightly colored, curly, and twisted'], ['In the image, there is a large pile of neon-colored hair, possibly a'], ['In the image, there is a pile of brightly colored, long, and wavy hair'], ['In the image, there is a large pile of neon green and pink hair, which'], ['In the image, there is a pile of multi-colored, wiggly, and'], ['In the image, there is a pile of colorful, long, and wavy hairs'], ['In the image, there is a pile of brightly colored, long, and wavy no'], ['In the image, there is a pile of colorful, long, and curly hairs'], ['In the image, there is a large pile of brightly colored, long, and wavy'], ['In the image, there is a large pile of colorful, long, and wavy no'], ['In the image, there is a pile of brightly colored, long, and curly pl'], ['In the image, there is a pile of colorful, long, and wavy plastic'], ['In the image, there is a large pile of colorful, long, and curly hair'], ['In the image, there is a pile of colorful, curly, and twisted ne'], ['In the image, there is a pile of colorful, brightly colored, and oddly'], ['In the image, there is a pile of brightly colored, wiggly, and cur'], ['In the image, there is a pile of colorful, long, and wavy plastic'], ['In the image, there is a pile of colorful, long, and curly hairs'], ['In the image, there is a pile of brightly colored, long, and curly pl'], ['In the image, there is a pile of colorful, wiggly, and curly'], ['In the image, there is a pile of brightly colored, long, and wiggly'], ['In the image, there is a pile of brightly colored, long, and wiggly'], ['In the image, there is a large pile of colorful, rubbery, and squ'], ['In the image, there is a pile of colorful, wiggly, and squish'], ['In the image, there is a pile of brightly colored, long, and wavy rub'], ['In the image, there is a pile of neon-colored hair or wigs,'], ['In the image, there is a pile of brightly colored, long, and wavy rub'], ['In the image, there is a pile of brightly colored, long, and wavy hair'], ['In the image, there is a large pile of colorful, curly, and wavy'], ['In the image, there is a pile of colorful, long, and wavy rubber'], ['In the image, there is a large pile of colorful, long, and wavy rub'], ['In the image, there is a pile of brightly colored, long, and wiggly'], ['In the image, there is a pile of brightly colored, long, and wavy hair'], ['In the image, there is a pile of brightly colored, long, and wavy pl'], ['In the image, there is a pile of colorful, long, and wavy hairs'], ['In the image, there is a pile of brightly colored, long, and curly rub'], ['In the image, there is a pile of brightly colored, long, and wavy pl'], ['In the image, there is a pile of brightly colored, long, and wavy no'], ['In the image, there is a pile of brightly colored, long, and curly rub'], ['In the image, there is a pile of brightly colored, long, and wavy hair']]"
data/images/noun/2035-600.jpg,2035,giant pen with pen tip removed and cooper scourer pad on top,13,54,47,13,"[['In the image, there is a blue pen with a brown brush or bristles on top'], ['In the image, there is a blue pen with a brush head on top of it. The'], ['In the image, there is a blue pen with a bristly, fuzzy, and'], ['In the image, there is a blue pen with a brown brush attached to the top of it'], ['In the image, there is a blue pen with a bristly brush head on the end'], ['In the image, there is a blue pen with a brown bristle head, which appears to'], ['In the image, there is a blue pen with a brush attached to it. The brush'], ['In the image, there is a blue pen with a brush attached to the end of it.'], ['In the image, there is a blue pen with a bristly brush on top of it'], ['In the image, there is a blue pen with a brown bristle brush attached to it'], ['In the image, there is a blue pen with a brown bristle head, which appears to'], ['In the image, there is a blue pen with a brown bristle head. The pen is'], ['In the image, there is a blue pen with a brush attached to it. The pen is'], ['In the image, there is a blue pen with a brush head on top of it. The'], ['In the image, there is a blue pen with a brush attached to it. The pen is'], ['In the image, there is a blue pen with a bristle brush attached to it.'], ['In the image, there is a blue pen with a brown brush attached to it. The pen'], ['In the image, there is a blue pen with a brown bristle on top of it.'], ['In the image, there is a blue pen with a brush attached to it. The brush'], ['In the image, there is a blue pen with a brown brush attached to the top. The'], ['In the image, there is a blue pen with a brown bristle head, which appears to'], ['In the image, there is a blue pen with a brown bristle brush attached to it'], ['In the image, there is a blue pen with a brown bristle brush attached to it'], ['In the image, there is a blue pen with a brush on the end of it. The'], ['In the image, there is a blue pen with a brush on top of it. The pen'], ['In the image, there is a blue pen with a brown brush attached to it. The pen'], ['In the image, there is a blue pen with a brown bristle head. The pen is'], ['In the image, there is a blue pen with a brown bristle brush on top of'], ['In the image, there is a blue pen with a brown bristle head. The pen is'], ['In the image, there is a blue pen with a brush attached to it. The brush'], ['In the image, there is a blue pen with a brown bristle brush attached to the'], ['In the image, there is a blue pen with a brown brush or bristles attached to'], ['In the image, there is a blue pen with a brown bristle head. The pen is'], ['In the image, there is a blue pen with a brown brush attached to it. The pen'], ['In the image, there is a blue pen with a brush head on it. The brush'], ['In the image, there is a blue pen with a brush on top of it. The pen'], ['In the image, there is a blue pen with a brush head attached to it. The pen'], ['In the image, there is a blue pen with a brown brush attached to it. The pen'], ['In the image, there is a blue pen with a brown bristle head, which appears to'], ['In the image, there is a blue pen with a brush head on it. The pen is']]"
data/images/noun/2036-600.jpg,2036,cup-and-ball toy,59,70,20,20,"[['In the image, there is a wooden toy with a colorful handle. The handle is multi'], ['In the image, there is a colorful wooden toy with a red, green, yellow,'], ['In the image, there is a colorful wooden toy with a red, green, yellow,'], ['In the image, there is a wooden toy with a handle and a ball on top. The'], ['In the image, there is a colorful wooden toy with a handle and three colorful balls'], ['In the image, there is a colorful wooden toy with a red ball on top, and'], ['In the image, there is a wooden toy with a red ball on one end and a yellow'], ['In the image, there is a colorful wooden toy with a handle and a ball at the'], ['In the image, there is a wooden toy with a red ball at the end of it.'], ['In the image, there is a wooden toy with a red ball on the end, which appears'], ['In the image, there is a colorful wooden toy with a handle, featuring a red ball'], ['In the image, there is a wooden toy with a colorful design, featuring a red,'], ['In the image, there is a colorful wooden toy with a red ball on one end and'], ['In the image, there is a wooden toy with a colorful handle, resembling a'], ['In the image, there is a wooden toy with a handle and a ball on the end.'], ['In the image, there is a wooden toy with a red, yellow, and green stripe'], ['In the image, there is a wooden toy with a handle and a ball attached to it.'], ['In the image, there is a wooden toy with a colorful handle, which includes red,'], ['In the image, there is a wooden toy with a handle and a colorful ball attached to'], ['In the image, there is a colorful wooden toy with a red, yellow, and green'], ['In the image, there is a colorful wooden toy with a handle and a ball on top'], ['In the image, there is a wooden toy with a colorful design, resembling a'], ['In the image, there is a wooden toy with a handle and a colorful, multicol'], ['In the image, there is a wooden toy with a colorful design, featuring a red,'], ['In the image, there is a wooden toy with a handle and a red ball attached to it'], ['In the image, there is a wooden toy with a handle and three balls attached to it.'], ['In the image, there is a colorful wooden toy with a red, yellow, and green'], ['In the image, there is a wooden toy with a handle and a colorful ball on top'], ['In the image, there is a wooden toy with a handle and a colorful ball attached to'], ['In the image, there is a wooden toy with a handle and a ball on top. The'], ['In the image, there is a wooden toy with a handle and three colored balls attached to it'], ['In the image, there is a colorful wooden toy with a red, yellow, and green'], ['In the image, there is a colorful wooden toy, likely a toy drum, with'], ['In the image, there is a wooden toy with a handle and a colorful ball attached to'], ['In the image, there is a wooden toy with a red, yellow, and green ball on'], ['In the image, there is a wooden toy with a colorful handle, resembling a'], ['In the image, there is a wooden toy with a red, yellow, and green striped'], ['In the image, there is a wooden toy with a red, yellow, and green striped'], ['In the image, there is a wooden toy with a handle and a ball on the end.'], ['In the image, there is a colorful wooden toy with a handle and a ball attached to']]"
data/images/noun/2037-600.jpg,2037,teething ring with a bit photoshopped out,34,24,37,3,"[['In the image, there is a pink bracelet made of clear plastic, featuring three'], ['In the image, there is a pink plastic bracelet with a clear plastic center'], ['In the image, there is a pink plastic ring with a round hole in the middle.'], ['In the image, there is a pink plastic bracelet with three small, clear balls'], ['In the image, there is a pink plastic bracelet with three round beads on'], ['In the image, there is a pink plastic bracelet with a clear center, featuring'], ['In the image, there is a pink plastic bracelet with three clear plastic balls'], ['In the image, there is a pink plastic bracelet with a clear center. The'], ['In the image, there is a pink bracelet with a clear, smooth, and round'], ['In the image, there is a pink plastic bracelet with three small round beads'], ['In the image, there is a pink bracelet made of plastic beads. The'], ['In the image, there is a pink bracelet with three beads on it. The'], ['In the image, there is a pink plastic bracelet with a clear center. The'], ['In the image, there is a pink plastic bracelet with three round, clear be'], ['In the image, there is a pink bracelet with three clear plastic beads on'], ['In the image, there is a pink plastic bracelet with three clear plastic balls'], ['In the image, there is a pink plastic bracelet with a circular design. The'], ['In the image, there is a pink bracelet with three clear plastic balls attached to'], ['In the image, there is a pink plastic bracelet with a clear, smooth surface'], ['In the image, there is a pink bracelet with three pink beads on it'], ['In the image, there is a pink bracelet with a clear plastic bead on'], ['In the image, there is a pink plastic bracelet with four clear balls on it'], ['In the image, there is a pink bracelet with three beads on it. The'], ['In the image, there is a pink plastic bracelet with three clear balls on it'], ['In the image, there is a pink plastic ring with three small, clear, round balls'], ['In the image, there is a pink plastic ring with a circular design, which is placed'], ['In the image, there is a pink plastic ring with a hole in the center. The'], ['In the image, there is a pink plastic bracelet with three clear beads on'], ['In the image, there is a pink bracelet with a clear plastic bead design'], ['In the image, there is a pink plastic bracelet with three beads on it'], ['In the image, there is a pink plastic bracelet with three beads on it'], ['In the image, there is a pink plastic ring with three round balls on it, sitting'], ['In the image, there is a pink plastic bracelet with three round, clear pl'], ['In the image, there is a pink bracelet with three beads on it. The'], ['In the image, there is a pink plastic ring with three small circles on it, res'], ['In the image, there is a pink plastic bracelet with three beads on it'], ['In the image, there is a pink plastic bracelet with a circular design, which'], ['In the image, there is a pink plastic ring with three clear balls on it. The'], ['In the image, there is a pink plastic bracelet with a row of three small'], ['In the image, there is a pink plastic ring with three clear plastic balls attached to']]"
data/images/noun/2038-600.jpg,2038,heart shaped slinky,56,63,26,6,"[['In the image, there is a close-up of a colorful, twisted, and cur'], ['In the image, there is a pile of colorful, twisted, and curled up'], ['In the image, there is a pile of brightly colored, twisted, and curled'], ['In the image, there is a close-up of a bunch of colorful, curly,'], ['In the image, there is a colorful bracelet made of different colored noodles,'], ['In the image, there is a close-up of a colorful spiral made out of various'], ['In the image, there is a pile of colorful, twisted, and curled no'], ['In the image, there is a group of brightly colored, twisted, and curled no'], ['In the image, there is a close-up view of a bunch of colorful, curly'], ['In the image, there is a close-up of a colorful bracelet made of many'], ['In the image, there is a group of six different colored, twisted, and curled no'], ['In the image, there is a pile of colorful, twisted, and curled-'], ['In the image, there is a close-up view of a colorful, spiral-sh'], ['In the image, there is a close-up of a bunch of colored, spiral-sh'], ['In the image, there is a group of six colorful, twisted, and curled pl'], ['In the image, there is a close-up of a rainbow-colored hair scrunch'], ['In the image, there is a close-up of a colorful and curly hair accessory'], ['In the image, there is a close-up view of a pile of colorful, cur'], ['In the image, there is a close-up of a bunch of colorful, twisted,'], ['In the image, there is a close-up of a pile of brightly colored, tw'], ['In the image, there is a close-up of a colorful, twisted, and cur'], ['In the image, there is a close-up of a pile of different colored noodles'], ['In the image, there is a close-up of a colorful bracelet made of long'], ['In the image, there is a pile of brightly colored, curly, and twisted'], ['In the image, there is a close-up view of a bunch of brightly colored, tw'], ['In the image, there is a pile of colorful, twisted, and curled no'], ['In the image, there is a close-up of a rainbow-colored, twisted'], ['In the image, there is a group of colorful, long, curly, and twisted'], ['In the image, there is a colorful arrangement of six long, curly, and wavy'], ['In the image, there is a close-up of a colorful hair tie made of rubber'], ['In the image, there is a pile of brightly colored, curly hair clips.'], ['In the image, there is a group of six brightly colored, spiral-shaped,'], ['In the image, there is a group of six colored noodles, including red, yellow,'], ['In the image, there is a collection of colorful, twisted, and curled plastic'], ['In the image, there is a close-up of a rainbow-colored spiral made'], ['In the image, there is a collection of colorful, curly hair clips arranged in a'], ['In the image, there is a colorful bracelet made of long, curly, and'], ['In the image, there is a large, colorful pile of various colored noodles,'], ['In the image, there is a group of colorful, curly, and twisted nood'], ['In the image, there is a close-up of a colorful cloud-shaped hair tie']]"
data/images/noun/2039-600.jpg,2039,led top,28,64,61,13,"[['In the image, there is a green plastic toy shaped like a cross. It has'], ['In the image, there is a green plastic toy shaped like a cross. The to'], ['In the image, there is a green plastic toy shaped like a cross. The to'], ['In the image, there is a green plastic toy cross with a screw in the middle'], ['In the image, there is a green plastic toy in the shape of a cross. The'], ['In the image, there is a green plastic piece that looks like a cross with a hole in'], ['In the image, there is a green plastic piece of a toy, possibly a puzzle'], ['In the image, there is a green plastic item with a cross shape on it. The item'], ['In the image, there is a green plastic toy in the shape of a cross. The'], ['In the image, there is a green plastic piece with a cross shape. The cross is made'], ['In the image, there is a green plastic toy shaped like a cross. The to'], ['In the image, there is a green plastic piece that resembles a cross with a sc'], ['In the image, there is a green plastic item with a cross shape, possibly a toy'], ['In the image, there is a green plastic toy shaped like a cross. The to'], ['In the image, there is a green plastic item that looks like a cross. The item is'], ['In the image, there is a green plastic toy shaped like a cross with a clear'], ['In the image, there is a green plastic toy shaped like a cross. The to'], ['In the image, there is a green plastic toy shaped like a cross. The to'], ['In the image, there is a green plastic piece that resembles a cross. It is'], ['In the image, there is a green plastic toy in the shape of a cross. The'], ['In the image, there is a green plastic item that looks like a cross, possibly a to'], ['In the image, there is a green plastic toy shaped like a cross. The to'], ['In the image, there is a green plastic toy shaped like a cross with a sc'], ['In the image, there is a green plastic toy shaped like a cross. The to'], ['In the image, there is a green plastic piece that resembles a cross. The cross'], ['In the image, there is a green plastic toy shaped like a cross. The to'], ['In the image, there is a green plastic item that resembles a cross. It is'], ['In the image, there is a green plastic toy shaped like a cross. The to'], ['In the image, there is a green plastic toy cross with a clear plastic dome'], ['In the image, there is a green plastic toy shaped like a cross. The to'], ['In the image, there is a green plastic toy shaped like a cross with a clear'], ['In the image, there is a green plastic toy in the shape of a cross. The'], ['In the image, there is a green plastic item that looks like a cross. The item is'], ['In the image, there is a green plastic item that looks like a cross with a green top'], ['In the image, there is a green plastic piece that looks like a cross. It is sitting'], ['In the image, there is a green plastic piece that looks like a cross with a hole in'], ['In the image, there is a green plastic toy in the shape of a cross. The'], ['In the image, there is a green plastic toy shaped like a cross. The to'], ['In the image, there is a green plastic toy in the shape of a cross. The'], ['In the image, there is a green plastic item that resembles a cross, with a']]"
data/images/noun/2040-600.jpg,2040,rubber toy found in toy aisle,31,64,63,16,"[['In the image, there is a blue and yellow ball with a blue tail. The ball is sitting'], ['In the image, there is a small, blue and yellow ball with long, blue tentacles.'], ['In the image, there is a small blue and yellow ball with blue hairs. The ball is'], ['In the image, there is a small blue and yellow ball with a long blue and yellow tail.'], ['In the image, there is a blue and yellow ball with a blue tail, which appears to be'], ['In the image, there is a blue and yellow ball with a blue and yellow design. The ball'], ['In the image, there is a blue and yellow ball with a long blue tail. The ball is'], ['In the image, there is a blue and yellow ball with blue hairs sticking out of it'], ['In the image, there is a blue and yellow ball with a long blue tentacle-like tail'], ['In the image, there is a blue and yellow ball with a blue and yellow top. The ball'], ['In the image, there is a blue and yellow ball with blue tentacles or hairs on it'], ['In the image, there is a small blue and yellow ball with long blue hairs on top of'], ['In the image, there is a blue and yellow ball with a blue, long, fuzzy'], ['In the image, there is a blue and yellow ball with blue tentacles or hairs on it'], ['In the image, there is a blue and yellow ball with a blue tail. The ball appears to'], ['In the image, there is a blue and yellow ball with a long blue tail. The ball is'], ['In the image, there is a small blue and yellow ball with long blue hairs on top of'], ['In the image, there is a blue and yellow ball with blue hairs on it, which appears'], ['In the image, there is a small blue and yellow ball with long blue hairs sticking out'], ['In the image, there is a blue and yellow ball with a long blue tentacle-like structure'], ['In the image, there is a blue and yellow ball with a blue tail. The ball is located'], ['In the image, there is a blue and yellow ball with blue tentacles, which resembles'], ['In the image, there is a blue and yellow ball with a long blue tentacle-like structure'], ['In the image, there is a blue and yellow ball with a long blue hair. The ball appears'], ['In the image, there is a blue and yellow ball with blue tentacles, resembling a'], ['In the image, there is a blue and yellow ball with blue tentacles, possibly a toy'], ['In the image, there is a blue and yellow ball with blue hair, sitting on a white background'], ['In the image, there is a blue and yellow ball with blue tentacles or arms extending outwards'], ['In the image, there is a small blue and yellow ball with a blue tail. The ball is'], ['In the image, there is a blue and yellow ball with a blue and yellow face. The ball'], ['In the image, there is a blue and yellow ball with blue hair, possibly resembling a'], ['In the image, there is a blue and yellow toy ball with a blue and yellow design.'], ['In the image, there is a blue and yellow ball with blue hairs sticking out of it'], ['In the image, there is a blue and yellow ball with blue hairs on top of it.'], ['In the image, there is a blue and yellow ball with a blue tail, resembling a'], ['In the image, there is a blue and yellow ball with blue tentacles surrounding it. The ball'], ['In the image, there is a small blue and yellow ball, which appears to be a toy'], ['In the image, there is a blue and yellow ball with blue tentacles. The ball is placed'], ['In the image, there is a blue and yellow ball with blue hairs, resembling a'], ['In the image, there is a blue and yellow toy ball with a long blue hair or tent']]"
data/images/noun/2041-600.jpg,2041,massager,34,38,23,20,"[['In the image, there is a wooden cross with four wooden balls attached to it. The cross is'], ['In the image, there is a wooden cross made of four wooden balls. The cross is blue and'], ['In the image, there is a wooden cross with four wooden circles attached to it. The cross is'], ['In the image, there is a wooden cross with four wooden circles attached to it. The cross is'], ['In the image, there is a wooden cross with four wooden circles on it. The cross is blue'], ['In the image, there is a toy cross made of wood and blue plastic. The to'], ['In the image, there is a wooden cross made of four wooden circles. The cross is blue in'], ['In the image, there is a wooden cross with four wooden balls attached to it. The cross is'], ['In the image, there is a wooden cross with four wooden circles attached to it. The cross is'], ['In the image, there is a wooden cross made of four wooden balls attached to a blue metal rod'], ['In the image, there is a toy cross made of wood and blue plastic. The to'], ['In the image, there is a wooden cross with four wooden balls attached to it. The cross is'], ['In the image, there is a wooden cross with four wooden circles attached to it. The cross is'], ['In the image, there is a wooden cross with four wooden circles attached to it. The cross is'], ['In the image, there is a toy cross made of wood with four small wooden circles attached to'], ['In the image, there is a wooden cross with four wooden balls attached to it. The cross is'], ['In the image, there is a wooden cross made up of four wooden balls, each attached to a'], ['In the image, there is a wooden cross with four wooden circles attached to it. The cross is'], ['In the image, there is a toy cross made of wood and blue plastic. The cross'], ['In the image, there is a toy cross made of wood and blue plastic. The cross'], ['In the image, there is a wooden cross with four wooden circles attached to it. The cross is'], ['In the image, there is a toy cross made of wood and blue plastic. The to'], ['In the image, there is a toy cross made out of wood and blue plastic. The'], ['In the image, there is a wooden cross with four wooden circles attached to it. The cross is'], ['In the image, there is a wooden cross with four wooden balls attached to it. The cross is'], ['In the image, there is a wooden cross with four wooden balls attached to it. The cross is'], ['In the image, there is a wooden cross with four wooden circles attached to it. The cross is'], ['In the image, there is a wooden cross made up of four wooden balls. The cross is blue'], ['In the image, there is a wooden cross with four wooden balls attached to it. The cross is'], ['In the image, there is a wooden cross with four wooden balls attached to it. The cross is'], ['In the image, there is a wooden cross with four wooden balls attached to it. The cross is'], ['In the image, there is a wooden cross made of four wooden balls, with a blue bolt'], ['In the image, there is a wooden cross made up of four wooden balls. The cross is blue'], ['In the image, there is a small wooden cross with four wooden balls attached to it. The cross'], ['In the image, there is a wooden cross with four wooden balls attached to it. The cross is'], ['In the image, there is a small wooden cross with four wooden balls attached to it. The cross'], ['In the image, there is a wooden cross with four wooden balls attached to it. The cross is'], ['In the image, there is a wooden cross made of four wooden balls attached to a blue metal rod'], ['In the image, there is a wooden cross with four wooden balls attached to it. The cross is'], ['In the image, there is a wooden cross with four wooden balls attached to it. The cross is']]"
data/images/noun/2042-600.jpg,2042,small personal fan without blades,38,67,81,3,"[['In the image, there is a blue and yellow toy car with a yellow steering wheel.'], ['In the image, there is a blue and yellow toy car with a yellow steering wheel.'], ['In the image, there is a blue and yellow object, which appears to be a blue and yellow'], ['In the image, there is a blue and yellow object with a hole in the middle. It appears'], ['In the image, there is a blue and yellow object, which appears to be a small toy'], ['In the image, there is a blue and yellow object that appears to be a handle or a g'], ['In the image, there is a blue plastic object with a yellow tip. It appears to be'], ['In the image, there is a blue and yellow toy car, possibly a remote control, sitting'], ['In the image, there is a blue and yellow object that resembles a toy steering'], ['In the image, there is a blue and yellow object that appears to be a handle or a part'], ['In the image, there is a blue and yellow object, possibly a toy or a small g'], ['In the image, there is a blue plastic item that resembles a toy or a'], ['In the image, there is a blue and yellow object with a blue handle, resembling a'], ['In the image, there is a blue plastic handle with a yellow tip. The handle is designed'], ['In the image, there is a blue and yellow object, which appears to be a piece of pl'], ['In the image, there is a blue and yellow toy car with a yellow steering wheel and'], ['In the image, there is a blue and yellow object that resembles a toothbrush'], ['In the image, there is a blue and yellow object, possibly a toy or a small g'], ['In the image, there is a blue object with a yellow handle. The blue object is shaped'], ['In the image, there is a blue plastic object with a yellow tip, which appears to be'], ['In the image, there is a blue and yellow toy car with a yellow steering wheel.'], ['In the image, there is a blue and yellow toy car with a yellow steering wheel.'], ['In the image, there is a blue plastic object with a yellow and blue handle. The object'], ['In the image, there is a blue object with a yellow tip, which appears to be a pl'], ['In the image, there is a blue object that resembles a toy or a piece of'], ['In the image, there is a blue plastic handle with a yellow cap on it. The handle'], ['In the image, there is a blue and yellow toy car on display. The toy car'], ['In the image, there is a blue plastic object with a yellow top, which appears to be'], ['In the image, there is a blue and yellow plastic object, possibly a toy or a'], ['In the image, there is a blue and yellow toy shaped like a hand. The to'], ['In the image, there is a blue and yellow object, possibly a toy or a piece of'], ['In the image, there is a blue and yellow object, possibly a toy or a piece of'], ['In the image, there is a blue and yellow object that looks like a handle or a grip'], [""In the image, there is a blue and yellow toy shaped like a person's arm""], ['In the image, there is a blue and yellow object with a blue handle. The object has a'], ['In the image, there is a blue object with a yellow handle, possibly a toy or a'], ['In the image, there is a blue and yellow toy car with a blue handle. The to'], ['In the image, there is a blue and yellow object with a handle. It appears to be a'], ['In the image, there is a blue object that looks like a remote control or a gadget'], ['In the image, there is a blue and yellow object that resembles a toy or a']]"
data/images/noun/2043.jpg,2043,clacker,66,76,65,6,"[['In the image, there is a pink and yellow ball on a string, with a green ball'], ['In the image, there is a toy with a yellow, green, and pink ball on'], ['In the image, there is a toy with a ball on a string. The toy appears'], ['In the image, there is a toy with a yellow ball attached to a green and yellow string'], ['In the image, there is a pink and yellow plastic toy with a green ball attached'], ['In the image, there is a pink and yellow toy with a ball attached to it,'], ['In the image, there is a toy with a yellow, green, and pink ball attached'], ['In the image, there is a colorful toy with a yellow ball and a pink handle'], ['In the image, there is a pink and yellow toy, which appears to be a to'], ['In the image, there is a toy that appears to be a ball with a string attached to'], ['In the image, there is a pink and yellow toy hanging from a string. The'], ['In the image, there is a pink and yellow toy with a string attached to it.'], ['In the image, there is a toy with a green ball attached to it. The toy'], ['In the image, there is a toy with a green, yellow, and pink ball attached'], ['In the image, there is a toy with a yellow ball and a green ball attached to it'], ['In the image, there is a toy with a yellow ball on one end and a pink'], ['In the image, there is a colorful toy with a yellow ball and a pink handle'], ['In the image, there is a toy with a ball on one end and a string with two'], ['In the image, there is a close-up of a yellow and green toy with a ball'], ['In the image, there is a pink and yellow ball on a string. The ball is attached'], ['In the image, there is a pink and yellow toy with a green ball attached to it'], ['In the image, there is a toy with a ball attached to it. The toy has'], ['In the image, there is a toy with a green ball and a pink handle. The'], ['In the image, there is a toy with a ball and a string. The toy is'], ['In the image, there is a toy with a ball on the end of a string. The'], ['In the image, there is a toy with a yellow ball, a green ball, and a'], ['In the image, there is a pink and yellow ball on a string. The ball is attached'], ['In the image, there is a toy that looks like a green, yellow, and pink'], ['In the image, there is a close-up of a colorful toy with a yellow,'], ['In the image, there is a toy with a ball on a string. The toy appears'], ['In the image, there is a colorful toy with a yellow ball and a pink handle'], ['In the image, there is a pink and yellow toy hanging from a string. The'], ['In the image, there is a pink and yellow toy with a green ball hanging from'], ['In the image, there is a toy with a yellow ball and a pink handle. The'], ['In the image, there is a pink and yellow toy, which appears to be a pl'], ['In the image, there is a toy with a ball and a string. The toy is'], ['In the image, there is a toy with a green, yellow, and pink ball on'], ['In the image, there is a colorful toy, which appears to be a combination of a'], ['In the image, there is a toy with a ball attached to it. The toy appears'], ['In the image, there is a toy with a ball attached to it. The toy is']]"
data/images/noun/2044-600.jpg,2044,diving toy with small weight,6,27,94,6,"[['In the image, there is a blue ball with a chain attached to it. The chain is made'], ['In the image, there is a blue and orange toy shaped like a large smile, with'], ['In the image, there is a toy shaped like a large orange and blue ball. The'], ['In the image, there is a blue ball with a chain attached to it. The ball is position'], ['In the image, there is a toy designed to look like a row of teeth, with a'], ['In the image, there is a toy that appears to be a combination of a toothbr'], ['In the image, there is a blue ball with a rusted chain attached to it. The ball'], ['In the image, there is a blue ball with a chain attached to it. The chain has multiple'], ['In the image, there is a toy that appears to be a ball with a long chain or'], ['In the image, there is a blue ball on top of an orange ball, creating a colorful'], ['In the image, there is a blue ball with a hole in the middle, which is attached to'], ['In the image, there is a blue ball on a string. The ball is positioned near the'], ['In the image, there is a blue ball with a rattle inside of it. The ball is'], ['In the image, there is a blue ball attached to a toy with a series of orange rings'], ['In the image, there is a toy with a blue ball on the end of it. The'], ['In the image, there is a blue ball with a string attached to it, which is hanging'], ['In the image, there is a toy that appears to be a large orange and blue ball.'], ['In the image, there is a toy shaped like a long orange and blue tube with'], ['In the image, there is a toy shaped like a large orange and blue ball. It'], ['In the image, there is a toy shaped like a giant orange and blue tennis racket'], ['In the image, there is a toy that resembles a giant orange and blue gum'], ['In the image, there is a toy with a blue ball attached to it. The toy'], ['In the image, there is a toy shaped like a large orange and blue ball. It'], ['In the image, there is a toy with a blue ball attached to it. The toy'], ['In the image, there is a toy designed to look like a giant orange and blue spider'], ['In the image, there is a blue and orange toy shaped like a large toothbr'], ['In the image, there is a toy shaped like a long orange and blue chain. The'], ['In the image, there is a toy with a blue ball attached to it. The toy'], ['In the image, there is a blue ball attached to a red and orange chain. The ball is'], ['In the image, there is a blue ball with a hole in the middle, which is connected to'], ['In the image, there is a toy that resembles a long orange and blue chain with'], ['In the image, there is a toy that resembles a large orange and blue tooth'], ['In the image, there is a toy that resembles a long orange and blue tube'], ['In the image, there is a blue ball with a chain attached to it. The chain is made'], ['In the image, there is a toy shaped like a long orange and blue tube with'], ['In the image, there is a toy with a blue ball on the end of it. The'], ['In the image, there is a blue and orange toy that appears to be a combination of a'], ['In the image, there is a blue ball with a chain attached to it. The ball is connected'], ['In the image, there is a toy shaped like a long orange and blue tube.'], ['In the image, there is a blue ball on a string. The ball is connected to a series']]"
data/images/noun/2045-600.jpg,2045,wooden ball toy,25,29,3,55,"[['In the image, there is a wooden spoon with holes in it, sitting on a white background'], ['In the image, there is a wooden spoon with a hole in the middle, sitting on a'], ['In the image, there is a wooden spoon with a handle, sitting on a white background.'], ['In the image, there is a wooden spoon with a handle, placed on a white background.'], ['In the image, there is a wooden tool with a handle and five holes in it. The tool'], ['In the image, there is a wooden object that appears to be a wooden spoon or a wooden'], ['In the image, there is a wooden tool with five holes in it. The tool is rectangular'], ['In the image, there is a wooden spoon with a hole in the middle, sitting on a'], ['In the image, there is a wooden object with a hole in the middle, resembling a'], ['In the image, there is a wooden pizza cutter with a handle. The cutter has'], ['In the image, there is a wooden object that resembles a pizza cutter, with'], ['In the image, there is a wooden spoon with holes in it. The spoon is position'], ['In the image, there is a wooden spoon with a handle and a hole in the middle,'], ['In the image, there is a wooden spoon with five holes in it, placed against a white'], ['In the image, there is a wooden pizza cutter with a wooden handle. The pizza'], ['In the image, there is a wooden object that resembles a large pair of scissors'], ['In the image, there is a wooden spoon with a hole in the middle, sitting on a'], ['In the image, there is a wooden spoon with a hole in the middle, placed on a'], ['In the image, there is a wooden object that resembles a pair of scissors,'], ['In the image, there is a wooden object with five holes in it, resembling a piece'], ['In the image, there is a wooden object with five holes in it, resembling a piece'], ['In the image, there is a wooden object with five holes in it, which appears to be a'], ['In the image, there is a wooden spoon with a hole in the middle, sitting on a'], ['In the image, there is a wooden object that appears to be a piece of a wooden tool,'], ['In the image, there is a wooden board with a row of three holes in it. The board'], ['In the image, there is a wooden spoon with holes in it. The spoon is placed'], ['In the image, there is a wooden object that appears to be a piece of wood with a hole'], ['In the image, there is a wooden spoon with a handle, placed on a white background.'], ['In the image, there is a wooden object with five holes in it, possibly a wooden spoon'], ['In the image, there is a wooden board with four holes in it. The board appears to be'], ['In the image, there is a wooden object with a hole in the center, which appears to be'], ['In the image, there is a wooden tool with four holes in it. The tool appears to be'], ['In the image, there is a wooden pizza cutter with a handle. The pizza cut'], ['In the image, there is a wooden object with a hole in the middle. The wooden object has'], ['In the image, there is a wooden spoon with a handle and a wooden handle with four holes'], ['In the image, there is a wooden board with five holes in it, placed on a white background'], ['In the image, there is a wooden object with three holes in it. It appears to be a'], ['In the image, there is a wooden spoon with four holes in it. The spoon is'], ['In the image, there is a wooden spoon with holes in it. The spoon is rest'], ['In the image, there is a wooden paddle with four holes in it, placed against a white']]"
data/images/noun/2046-600.jpg,2046,keychain with bubbles inside,34,67,42,3,"[['In the image, there is a small blue box with a clear window. The box is filled with'], ['In the image, there is a small, clear plastic container with a blue lid. The container'], ['In the image, there is a small clear plastic case with a keychain attached to it.'], ['In the image, there is a small, clear case with a blue, green, and white design'], ['In the image, there is a small, colorful, plastic container with a key chain attached'], ['In the image, there is a small, colorful case with a key chain attached to it.'], ['In the image, there is a small clear case with a blue, green, and white design.'], ['In the image, there is a small plastic case with a keychain attached to it. The'], ['In the image, there is a small plastic tray with a key chain attached to it.'], ['In the image, there is a small, clear case with a blue and green design on it.'], ['In the image, there is a small container with a blue lid, which is attached to a key'], ['In the image, there is a small plastic box with a key chain attached to it. The'], ['In the image, there is a small clear case with a key attached to it. The case is'], ['In the image, there is a small, colorful plastic box with a chain attached to it'], ['In the image, there is a small blue case with a key attached to it. The case has'], ['In the image, there is a small blue and clear plastic case with a keychain attached to'], ['In the image, there is a small, rectangular, clear case with a blue, green,'], ['In the image, there is a small clear plastic box with a key attached to it. The'], ['In the image, there is a small clear case with a blue and white design, containing a small'], ['In the image, there is a small plastic box with a key chain attached to it. The'], ['In the image, there is a small, clear case with a blue and white design. The case'], ['In the image, there is a small blue and clear box with a key chain attached to it.'], ['In the image, there is a small, clear, plastic container with a chain attached to it'], ['In the image, there is a small, rectangular case with a keychain attached to it.'], ['In the image, there is a small clear plastic box with a key chain attached to it.'], ['In the image, there is a small plastic container with a chain attached to it. The container'], ['In the image, there is a small blue and clear box with a key attached to it. The'], ['In the image, there is a small plastic container with a key chain attached to it. The'], ['In the image, there is a small plastic case with a key chain attached to it. The'], ['In the image, there is a small, rectangular object with a chain attached to it. The'], ['In the image, there is a small container with a clear cover, containing a set of small pl'], ['In the image, there is a small plastic container with a key chain attached to it. The'], ['In the image, there is a small clear plastic case with a keychain attached to it.'], ['In the image, there is a small, colorful, clear box with a key chain attached to'], ['In the image, there is a small, rectangular object with a chain attached to it. The'], ['In the image, there is a small container with a blue and white lid. The container is attached'], ['In the image, there is a small clear plastic case with a keychain attached to it.'], ['In the image, there is a small, rectangular case with a key chain attached to it.'], ['In the image, there is a small, clear case with a keychain attached to it. The'], ['In the image, there is a small, rectangular plastic container with a chain attached to it']]"
data/images/noun/2047-600.jpg,2047,perfume sprayer,41,32,50,3,"[['In the image, there is a black and silver container or bottle, possibly a vase or'], ['In the image, there is a small black and silver object, possibly a bottle or a container'], ['In the image, there is a small black object with a silver top, which appears to be a'], ['In the image, there is a black and silver bottle with a silver top. The bottle'], ['In the image, there is a black and silver bottle with a silver top, standing alone on'], ['In the image, there is a small black and silver bottle with a silver top. The bott'], ['In the image, there is a black and silver bottle with a silver top. The bottle'], ['In the image, there is a small black and silver object, possibly a bottle or a container'], ['In the image, there is a silver bottle cap with a black base, sitting on a white'], ['In the image, there is a small black and silver bottle with a silver top. The bott'], ['In the image, there is a small black bottle with a silver cap. The bottle is'], ['In the image, there is a black bottle with a silver cap, standing upright on'], ['In the image, there is a black and silver bottle with a silver cap. The bottle'], ['In the image, there is a silver and black bottle sitting on a white background. The bott'], ['In the image, there is a black and silver bottle, possibly a cologne bottle,'], ['In the image, there is a silver and black bottle cap sitting on a white background. The'], ['In the image, there is a black bottle with a silver top. The bottle is standing'], ['In the image, there is a black bottle with a silver cap, which is sitting on a'], ['In the image, there is a black and silver bottle with a silver top, standing on a'], ['In the image, there is a silver and black bottle with a black cap. The bottle'], ['In the image, there is a black and silver bottle sitting on a white background. The bott'], ['In the image, there is a silver and black bottle cap sitting on a white background. The'], ['In the image, there is a black bottle with a silver top. The bottle is placed'], ['In the image, there is a black and silver bottle with a silver top. The bottle'], ['In the image, there is a small black bottle with a silver top. The bottle is'], ['In the image, there is a black bottle with a silver top. The bottle is standing'], ['In the image, there is a black and silver bottle sitting on a white background. The bott'], ['In the image, there is a black and silver bottle, which is a metal container, sitting'], ['In the image, there is a silver top on a black bottle. The bottle is located'], ['In the image, there is a black and silver bottle with a silver top, sitting on a'], ['In the image, there is a black and silver bottle, possibly a vase, sitting on'], ['In the image, there is a small black bottle with a silver top. The bottle is'], ['In the image, there is a black and silver bottle with a silver cap, placed on a'], ['In the image, there is a black and silver bottle or container sitting on a white background.'], ['In the image, there is a black and silver bottle with a silver cap. The bottle'], ['In the image, there is a black bottle with a silver cap. The bottle is placed'], ['In the image, there is a small black and silver bottle with a silver top. The bott'], ['In the image, there is a small black bottle with a silver top. The bottle is'], ['In the image, there is a black and silver bottle with a silver cap. The bottle'], ['In the image, there is a silver top on a black bottle. The bottle is placed']]"
data/images/noun/2048-600.jpg,2048,worm ball with hands and stars cut off,13,47,55,6,"[['In the image, there is a pile of brightly colored balls sitting on a white background.'], ['In the image, there is a pile of colorful balls, including a mix of blue,'], ['In the image, there is a pile of colorful balls, including both large and small ones'], ['In the image, there is a pile of variously colored plastic balls, including blue,'], ['In the image, there is a pile of colorful balls stacked on top of each other'], ['In the image, there is a pile of colorful balls, including both large and small ones'], ['In the image, there is a stack of colorful plastic balls. The balls are of various'], ['In the image, there is a pile of colorful plastic balls, including a mix of'], ['In the image, there is a pile of colorful balls, including blue, green, p'], ['In the image, there is a stack of colorful balls, including a mix of different colors such'], ['In the image, there is a pile of various colored balls, including blue, green, p'], ['In the image, there is a pile of colorful plastic balls, including blue, green'], ['In the image, there is a pile of colorful plastic balls, including a mix of'], ['In the image, there is a pile of variously colored balls, including blue, green,'], ['In the image, there is a pile of colorful balls, including a mix of blue,'], ['In the image, there is a pile of colorful balls, including a variety of shapes and'], ['In the image, there is a pile of colorful plastic balls. The balls are stack'], ['In the image, there is a large pile of colorful plastic balls stacked on top'], ['In the image, there is a pile of various colored plastic balls, including green, blue'], ['In the image, there is a pile of brightly colored balls, including yellow, blue,'], ['In the image, there is a pile of colorful balls sitting on a white background. The'], ['In the image, there is a pile of colorful balls, including a mix of pink'], ['In the image, there is a pile of colorful balls, including a mix of different colors'], ['In the image, there is a pile of colorful balls, including blue, yellow, and'], ['In the image, there is a pile of colorful balls sitting on a white background. The'], ['In the image, there is a pile of various colored plastic balls stacked on top of'], ['In the image, there is a pile of colorful balls stacked on top of each other'], ['In the image, there is a pile of colorful plastic balls stacked on top of'], ['In the image, there is a pile of colorful plastic balls stacked on top of'], ['In the image, there is a large stack of colorful plastic balls. The balls are of'], ['In the image, there is a stack of colorful balls, including blue, green, orange,'], ['In the image, there is a pile of variously colored rubber balls, including blue,'], ['In the image, there is a pile of variously colored balls, including green, blue,'], ['In the image, there is a stack of brightly colored plastic balls, which include a mix'], ['In the image, there is a pile of brightly colored, round toys, including a'], ['In the image, there is a pile of colorful plastic balls. The balls are arranged'], ['In the image, there is a pile of brightly colored balls, including a variety of colors'], ['In the image, there is a pile of colorful balls, including blue, green, yellow'], ['In the image, there is a pile of colorful balls, including a mix of different colors'], ['In the image, there is a pile of various colored balls, including blue, green, p']]"
data/images/noun/2049-600.jpg,2049,slide whistle,19,44,39,10,"[['In the image, there is a blue pencil with a white eraser on top. The'], ['In the image, there is a blue pen with a white cap and a metal clip attached to it'], ['In the image, there is a blue pencil with a metal clip attached to it. The'], ['In the image, there is a blue pen with a white cap, sitting on a white background.'], ['In the image, there is a blue pen with a white cap, sitting on a white background.'], ['In the image, there is a blue pen with a clip attached to it. The pen is lying'], ['In the image, there is a blue pen with a white cap sitting on a white background. The'], ['In the image, there is a blue pen with a white cap and a metal clip attached to it'], ['In the image, there is a blue pencil with a white eraser and a metal clip'], ['In the image, there is a blue pen with a metal clip attached to it. The pen is'], ['In the image, there is a blue pen with a metal clip attached to it. The pen is'], ['In the image, there is a blue pen with a metal clip attached to it. The pen is'], ['In the image, there is a blue pen with a clip attached to it. The pen is standing'], ['In the image, there is a blue pencil with a metal ring attached to it. The'], ['In the image, there is a blue pen with a metal clip attached to it. The pen is'], ['In the image, there is a blue pen with a clip attached to it. The pen is standing'], ['In the image, there is a blue pen with a clip attached to it, sitting on a white'], ['In the image, there is a blue pen with a clip attached to it. The pen is lying'], ['In the image, there is a blue pen with a white cap, which is attached to a metal'], ['In the image, there is a blue pen with a clip attached to it, sitting on a white'], ['In the image, there is a blue pencil with a clip attached to it, sitting on'], ['In the image, there is a blue pencil with a white eraser on top. The'], ['In the image, there is a blue pencil with a white eraser on the end,'], ['In the image, there is a blue pen with a metal clip attached to it. The pen is'], ['In the image, there is a blue pencil with a clip attached to it. The p'], ['In the image, there is a blue pencil with a metal clip attached to it. The'], ['In the image, there is a blue pen with a metal clip attached to it. The pen is'], ['In the image, there is a blue pen with a metal clip attached to it. The pen is'], ['In the image, there is a blue pen with a metal clip attached to it. The pen is'], ['In the image, there is a blue pencil with a metal clip on the end. The'], ['In the image, there is a blue pencil with a metal clip attached to it. The'], ['In the image, there is a blue pen with a clip attached to it. The pen is position'], ['In the image, there is a blue pen with a clip attached to it. The pen is standing'], ['In the image, there is a blue pencil with a metal clip attached to it. The'], ['In the image, there is a blue pen with a clip attached to it, sitting on a white'], ['In the image, there is a blue pencil with a clip attached to it. The p'], ['In the image, there is a blue pencil with a clip attached to it. The p'], ['In the image, there is a blue pencil with a metal clip on it. The p'], ['In the image, there is a blue pen with a clip attached to it, sitting on a white'], ['In the image, there is a blue pen with a clip attached to it. The pen is lying']]"
data/images/noun/2050-600.jpg,2050,mobile phone stand for a car,31,68,45,0,"[['In the image, there is a black object with a silver top, which appears to be a round'], ['In the image, there is a black object, which appears to be a piece of a round or'], ['In the image, there is a black object, possibly a piece of machinery or a small'], ['In the image, there is a black object that appears to be a round, plastic piece with'], ['In the image, there is a black plastic object with a hole in the center, which appears'], ['In the image, there is a black object, possibly a round piece of equipment, sitting on a'], ['In the image, there is a black plastic object with a metal center, which appears to be'], ['In the image, there is a black object with a hole in the center. It appears to be'], ['In the image, there is a black plastic object with a hole in the middle, sitting on'], ['In the image, there is a black object that looks like a black dome or a black bow'], ['In the image, there is a black object with a hole in the center, sitting on a white'], ['In the image, there is a black object that resembles a small black bowl or d'], ['In the image, there is a black object with a metal ring in the center. The object is'], ['In the image, there is a black object with a hole in the center, which is located on'], ['In the image, there is a black object with a silver top, which appears to be a circular'], ['In the image, there is a black object with a circular base and a hole in the center.'], ['In the image, there is a black plastic piece with a circular base, possibly a black pl'], ['In the image, there is a black object with a silver top, which appears to be a circular'], ['In the image, there is a black object that appears to be a piece of a machine or an'], ['In the image, there is a black object with a silver center, which appears to be a d'], ['In the image, there is a black object with a hole in the center. It is sitting on'], ['In the image, there is a black round object with a hole in the middle, which appears to'], ['In the image, there is a black object with a silver top, which appears to be a black'], ['In the image, there is a black plastic object with a circular hole in the middle. It'], ['In the image, there is a black object that appears to be a round piece of equipment or a'], ['In the image, there is a black object with a hole in the center, sitting on a white'], ['In the image, there is a black object with a hole in the center, sitting on a white'], ['In the image, there is a black object with a hole in the center, sitting on a white'], ['In the image, there is a black object, possibly a cover or a piece of equipment, sitting'], ['In the image, there is a black object that looks like a black dome or a black hat'], ['In the image, there is a black object with a hole in the center. It appears to be'], ['In the image, there is a black object with a hole in the middle, which appears to be'], ['In the image, there is a black object with a circular hole in the middle, sitting on a'], ['In the image, there is a black plastic object with a silver center. It appears to be'], ['In the image, there is a black object, possibly a piece of a camera or a camera l'], ['In the image, there is a black plastic object with a circular top, sitting on a white'], ['In the image, there is a black object, possibly a round black piece or a small black d'], ['In the image, there is a black plastic object with a hole in the center, sitting on'], ['In the image, there is a black object, which appears to be a metal or plastic item'], ['In the image, there is a black object with a metal top, which appears to be a round']]"
data/images/noun/2051-600.jpg,2051,finger castanet,53,60,47,9,"[['In the image, there is a green plastic item that appears to be a toy or a'], ['In the image, there is a green plastic toy shaped like a toilet.'], ['In the image, there is a green toy that looks like a toilet seat. It'], ['In the image, there is a green plastic item with a hole in the middle, which appears'], ['In the image, there is a green toy shaped like a toilet, with a'], ['In the image, there is a green toy shaped like a toilet with a handle'], ['In the image, there is a green toy shaped like a toilet. The to'], ['In the image, there is a green plastic item that resembles a toilet seat'], ['In the image, there is a green toilet seat with a leaf design on it. The'], ['In the image, there is a green toilet seat with a floral design on it.'], ['In the image, there is a green plastic toy shaped like a toilet.'], ['In the image, there is a green toy shaped like a toilet, with a'], ['In the image, there is a green toy shaped like a toilet. It is'], ['In the image, there is a green plastic toy shaped like a toilet.'], ['In the image, there is a green toy shaped like a toilet, with a'], ['In the image, there is a green plastic object that appears to be a toy or a'], ['In the image, there is a green toy shaped like a toilet with a lid'], ['In the image, there is a green toilet seat with a pink flower design on it'], ['In the image, there is a green toilet seat with a floral design on it.'], ['In the image, there is a green toy shaped like a toilet. The to'], ['In the image, there is a green toy shaped like a toilet. The to'], ['In the image, there is a green toy shaped like a toilet with a lid'], ['In the image, there is a green plastic object that resembles a toilet seat'], ['In the image, there is a green plastic toy shaped like a toilet with'], ['In the image, there is a green toy shaped like a toilet with a lid'], ['In the image, there is a green toy with a hole in it, resembling a'], ['In the image, there is a green toy that resembles a toilet, with'], ['In the image, there is a green toilet seat with a flower design on it. The'], ['In the image, there is a green toy shaped like a toilet. It has'], ['In the image, there is a green toy shaped like a toilet. The to'], ['In the image, there is a green toy with a handle that resembles a toile'], ['In the image, there is a green plastic toy that looks like a toilet.'], ['In the image, there is a green toy shaped like a toilet. It has'], ['In the image, there is a green plastic item that looks like a toilet, with'], ['In the image, there is a green toy shaped like a toilet, with a'], ['In the image, there is a green plastic item with a hole in the middle. It appears'], ['In the image, there is a green toy that resembles a toilet. It'], ['In the image, there is a green plastic toy shaped like a toilet,'], ['In the image, there is a green toy shaped like a toilet. The to'], ['In the image, there is a green plastic toy shaped like a toilet.']]"
data/images/noun/2052-600.jpg,2052,noisemaker,41,53,63,7,"[['In the image, there is a green plastic object with two handles and a pink center.'], ['In the image, there is a green plastic toothbrush holder with a pink to'], ['In the image, there is a green umbrella with a pink handle. The umbre'], ['In the image, there is a green plastic object that resembles a pair of sciss'], ['In the image, there is a green umbrella with a pink handle. The umbre'], ['In the image, there is a green plastic object with a pink handle. It appears to'], ['In the image, there is a green object that appears to be a pair of scissors.'], ['In the image, there is a green plastic object with two handles, which is likely a hair'], ['In the image, there is a green object with a pink handle, which appears to be a'], ['In the image, there is a green object that resembles a pair of scissors,'], ['In the image, there is a green plastic object that resembles a pair of sciss'], ['In the image, there is a green plastic object that looks like a pair of scissors'], ['In the image, there is a green plastic object that resembles a pair of sciss'], ['In the image, there is a green object that looks like a pair of scissors. It'], ['In the image, there is a green umbrella with a pink handle. The umbre'], ['In the image, there is a green plastic tool with two handles, which appears to be a'], ['In the image, there is a green plastic object that looks like a pair of scissors'], ['In the image, there is a green and pink object that resembles a pair of sc'], ['In the image, there is a green plastic tool with two handles, which is designed to hold'], ['In the image, there is a green umbrella with a pink handle. The umbre'], ['In the image, there is a green plastic tool with a pink handle. It appears to'], ['In the image, there is a green plastic object with two green handles, resembling a'], ['In the image, there is a green object that resembles a pair of scissors with'], ['In the image, there is a green plastic toothbrush holder with a pink to'], ['In the image, there is a green umbrella with a pink handle. The umbre'], ['In the image, there is a green plastic object with a pink handle. The green object'], ['In the image, there is a green umbrella-shaped object with a handle and a'], ['In the image, there is a green object with two handles, resembling a pair of sc'], ['In the image, there is a green and pink umbrella handle with a pink handle'], ['In the image, there is a green and pink plastic tool, which appears to be a'], ['In the image, there is a green and pink plastic toothbrush holder with a'], ['In the image, there is a green plastic object that resembles a pair of sciss'], ['In the image, there is a green plastic object with a red tip, resembling a'], ['In the image, there is a green umbrella with a pink handle, standing upr'], ['In the image, there is a green umbrella with a pink handle. The umbre'], ['In the image, there is a green and pink object that resembles a pair of sc'], ['In the image, there is a green umbrella-shaped object with a pink handle'], ['In the image, there is a green object with a pink handle. The object has a cur'], ['In the image, there is a green plastic object that looks like a pair of scissors'], ['In the image, there is a green plastic object with a pink handle, which appears to']]"
data/images/noun/2053-600.jpg,2053,hand castanet,44,79,45,6,"[['In the image, there is a red object with two black handles or clips. The red object'], ['In the image, there is a red metal object with two black metal hooks attached to it.'], ['In the image, there is a red umbrella handle standing upright against a white background'], ['In the image, there is a red umbrella stand with a red umbrella attached to'], ['In the image, there is a red object that appears to be a pair of scissors.'], ['In the image, there is a red object with two black clips or hooks on it,'], ['In the image, there is a red pole with two black clips or hooks on it.'], ['In the image, there is a red umbrella handle on display, with a red and black'], ['In the image, there is a red object that appears to be a pair of scissors,'], ['In the image, there is a red metal pole with a black handle on top of it. The'], ['In the image, there is a red object, possibly a piece of art or a sculpture,'], ['In the image, there is a red object that resembles a pair of scissors.'], ['In the image, there is a red umbrella stand with an umbrella attached to it'], ['In the image, there is a red metal object with a black handle, standing upright against'], ['In the image, there is a red metal object with a hook on the end. It appears to'], ['In the image, there is a red object with two black handles. It appears to be a piece'], ['In the image, there is a red metal object with two black metal hooks or clips attached'], ['In the image, there is a red pole with a black object on top of it. The pole'], ['In the image, there is a red umbrella stand with a red umbrella on it'], ['In the image, there is a red metal object with two black handles, standing upright on'], ['In the image, there is a red object that resembles a pair of scissors,'], ['In the image, there is a red object, possibly a red pole or a red piece of wood'], ['In the image, there is a red object with a metal loop on top. The object is position'], ['In the image, there is a red umbrella handle with a black metal base. The um'], ['In the image, there is a red object with a black handle, possibly a pair of sciss'], ['In the image, there is a red object with two black handles, resembling a pair of'], ['In the image, there is a red umbrella stand with a red umbrella on it'], ['In the image, there is a red pole with a pair of black metal scissors attached to'], ['In the image, there is a red object with two black handles or hooks on it. The'], ['In the image, there is a red pole with a pair of black metal clips or clamps'], ['In the image, there is a red metal object with two black handles. The object is standing u'], ['In the image, there is a red object that appears to be a piece of art or a sculpt'], ['In the image, there is a red umbrella stand with a red umbrella attached to'], ['In the image, there is a red umbrella stand with a red umbrella on it'], ['In the image, there is a red pole with a black handle. The pole is standing alone,'], ['In the image, there is a red object that appears to be a metal or wooden pole. It'], ['In the image, there is a red metal pole with two black handles. The pole is standing u'], ['In the image, there is a red object that resembles a pair of scissors,'], ['In the image, there is a red pole with a pair of black scissors attached to it'], ['In the image, there is a red metal object that appears to be a piece of a metal bar']]"
data/images/noun/2054-600.jpg,2054,floating ball game,3,25,38,48,"[['In the image, there is a wooden object with a red handle. The wooden object is placed on'], ['In the image, there is a wooden object with a red handle. The object is placed on a'], ['In the image, there is a wooden board with a red bolt or screw in the middle'], ['In the image, there is a wooden object with a red hook or attachment on it. The wooden'], ['In the image, there is a wooden board with a red handle attached to it. The handle is'], ['In the image, there is a wooden object with a red handle, which appears to be a piece'], ['In the image, there is a wooden board with a red clamp or clamping device attached'], ['In the image, there is a wooden plank with a red piece of wood attached to it.'], ['In the image, there is a wooden object with a red hook on it. The object is sitting'], ['In the image, there is a wooden object with a red handle, sitting on a white background.'], ['In the image, there is a wooden object with a red handle, which appears to be a piece'], ['In the image, there is a wooden object with a red clamp or clasp, sitting on'], ['In the image, there is a wooden paddle with a red handle, sitting on a white background'], ['In the image, there is a wooden board with a red handle. The board is placed on a'], ['In the image, there is a wooden block with a red handle. The block appears to be made'], ['In the image, there is a wooden object with a red piece of metal on top of it.'], ['In the image, there is a wooden object with a red top, which appears to be a wooden'], ['In the image, there is a wooden object with a red handle, sitting on a white background.'], ['In the image, there is a wooden plank with a red piece of wood attached to it.'], ['In the image, there is a wooden object with a red hook or clamp attached to it.'], ['In the image, there is a wooden plank or piece of wood with a red hook or attachment'], ['In the image, there is a wooden object with a red hook or clamp attached to it.'], ['In the image, there is a wooden object, possibly a wooden handle or a wooden bar, with'], ['In the image, there is a wooden plank with a red clamp or clamping device'], ['In the image, there is a wooden board with a red handle. The board is placed on a'], ['In the image, there is a wooden board with a red clamp or clamping device attached'], ['In the image, there is a wooden object with a red hook or clamp attached to it.'], ['In the image, there is a wooden object with a red top, which appears to be a wooden'], ['In the image, there is a wooden object, possibly a piece of wood or a wooden plank'], ['In the image, there is a wooden paddle or a wooden plank with a red piece of'], ['In the image, there is a wooden object with a red handle, which appears to be a wooden'], ['In the image, there is a wooden plank with a red clamp on it, likely used'], ['In the image, there is a wooden plank with a red handle. The plank is attached'], ['In the image, there is a wooden object with a red handle, which appears to be a piece'], ['In the image, there is a wooden object with a red handle, which appears to be a piece'], ['In the image, there is a wooden object with a red handle, which appears to be a piece'], ['In the image, there is a wooden object with a red handle. The object appears to be a'], ['In the image, there is a wooden object with a red handle, which appears to be a tool'], ['In the image, there is a wooden board with a red handle, which appears to be a small'], ['In the image, there is a wooden object with a red piece of wood attached to it. The']]"
data/images/noun/2055-600.jpg,2055,aroma therapy oil burner,13,33,53,13,"[['In the image, there is a large, green vase with a unique design. The vase'], ['In the image, there is a large, yellow, three-dimensional sculpture with a hole in'], ['In the image, there is a green vase with a unique design. It has multiple holes and'], ['In the image, there is a large, green vase with a unique design. It appears to'], ['In the image, there is a yellow vase with a unique design. The vase has a'], ['In the image, there is a large green vase with a unique design. The vase has'], ['In the image, there is a large, green, plastic vase with a unique design.'], ['In the image, there is a large green vase with a unique design. The vase is'], ['In the image, there is a green vase with a hole in the middle. The vase'], ['In the image, there is a green vase with a unique design. The vase is made'], ['In the image, there is a green vase with a unique design. It has a hole in'], ['In the image, there is a yellow vase with multiple holes or slots in it. The'], ['In the image, there is a close-up of a green vase with a pattern of holes'], ['In the image, there is a green vase with multiple holes in it. The vase has'], ['In the image, there is a large, bright yellow vase with a unique design. The v'], ['In the image, there is a yellow vase with a unique design. The vase has a'], ['In the image, there is a large green vase with a unique design. The vase is'], ['In the image, there is a green vase with a unique design. It features a hole in'], ['In the image, there is a green vase with a unique design, featuring a series of holes'], ['In the image, there is a yellow vase with a unique design. The vase has a'], ['In the image, there is a green vase with a unique design. It has a hole in'], ['In the image, there is a green vase with multiple holes in it. The vase appears'], ['In the image, there is a green vase with a unique design. The vase has a'], ['In the image, there is a green vase with a unique design. It has a curved'], ['In the image, there is a large, bright green vase with a unique design. The v'], ['In the image, there is a large, green, glass vase with multiple holes in it.'], ['In the image, there is a close-up view of a yellow vase with a unique design'], ['In the image, there is a close-up of a yellow vase with multiple holes in it'], ['In the image, there is a green vase with a unique design, featuring multiple holes or open'], ['In the image, there is a green vase with a unique design. The vase has multiple'], ['In the image, there is a large, oddly shaped, green vase with multiple holes'], ['In the image, there is a close-up of a green vase with a unique design.'], ['In the image, there is a close-up of a yellow vase with a unique design.'], ['In the image, there is a large, bright green vase with multiple holes in it. The'], ['In the image, there is a green vase with multiple holes in it. The vase has'], ['In the image, there is a large, green vase with multiple holes in it. The v'], ['In the image, there is a green vase with a unique design. It has a hole in'], ['In the image, there is a large, yellow, and green vase with a unique design.'], ['In the image, there is a large, bright green vase with multiple holes in it. The'], ['In the image, there is a green vase with a unique design. The vase has a']]"
data/images/noun/2056-600.jpg,2056,dog toy,19,59,61,13,"[['In the image, there is a toy shaped like a blue and red airplane. The'], ['In the image, there is a colorful toy shaped like a plane with a rainbow'], ['In the image, there is a colorful toy in the shape of an airplane, with'], ['In the image, there is a blue and red toy shaped like a bird. The to'], ['In the image, there is a toy shaped like a blue and red airplane. The'], ['In the image, there is a toy shaped like a blue and red airplane. The'], ['In the image, there is a toy airplane made out of clay or plastic,'], ['In the image, there is a colorful toy, which appears to be a toy air'], ['In the image, there is a toy shaped like an airplane, made of a combination'], ['In the image, there is a toy airplane with a rainbow-colored tail.'], ['In the image, there is a blue and red toy shaped like an airplane. The'], ['In the image, there is a colorful toy shaped like a bird with a blue body'], ['In the image, there is a toy shaped like a bird, with its wings spread out'], ['In the image, there is a toy airplane made of different colored plastic, including blue'], ['In the image, there is a toy designed to look like an airplane. The toy'], ['In the image, there is a blue and green toy shaped like an airplane. The'], ['In the image, there is a toy in the shape of a plane, which appears to be'], ['In the image, there is a blue and red toy shaped like a bird. The bird'], ['In the image, there is a blue and red toy shaped like a bird with a green'], ['In the image, there is a toy shaped like an airplane with a rainbow-'], ['In the image, there is a blue and green toy shaped like a plane. It is'], ['In the image, there is a toy shaped like an airplane with a rainbow color'], ['In the image, there is a toy shaped like a blue and red airplane. It'], ['In the image, there is a colorful toy in the shape of an airplane. The'], ['In the image, there is a blue and red toy, which appears to be a toy'], ['In the image, there is a blue and red toy airplane made out of a single piece'], ['In the image, there is a toy shaped like a bird, which appears to be made'], ['In the image, there is a toy designed to look like an airplane. It is a'], ['In the image, there is a toy shaped like a blue and red bird. The bird'], ['In the image, there is a toy shaped like a blue and red airplane. It'], ['In the image, there is a colorful toy shaped like an airplane, with its'], ['In the image, there is a blue and red toy shaped like a plane. The to'], ['In the image, there is a colorful toy in the shape of an airplane, made'], ['In the image, there is a blue and red toy in the shape of a bird, sitting'], ['In the image, there is a blue and red toy shaped like an airplane. The'], ['In the image, there is a blue and red toy in the shape of an airplane.'], ['In the image, there is a blue and red toy shaped like an airplane. The'], ['In the image, there is a colorful toy in the shape of a blue and red air'], ['In the image, there is a toy shaped like a blue and red bird with a green'], ['In the image, there is a blue and red toy airplane with a rainbow-color']]"
data/images/noun/2057-600.jpg,2057,spout for watering can,34,32,35,3,"[['In the image, there is a red, rubber, round object with a hole in the center'], ['In the image, there is a red plastic object that appears to be a piece of sports equipment'], ['In the image, there is a red object that looks like a piece of equipment or a tool,'], ['In the image, there is a red plastic object with a hole in the middle, which appears'], ['In the image, there is a red, plastic, concave object that appears to be'], ['In the image, there is a red plastic object that appears to be a frisbee'], ['In the image, there is a red, plastic, cone-shaped object with a black'], ['In the image, there is a red plastic object with a black top, sitting on a white'], ['In the image, there is a red object with a hole in the center. It appears to be'], ['In the image, there is a red plastic object, possibly a red frisbee or'], ['In the image, there is a red plastic object that appears to be a red and black cone'], ['In the image, there is a red, circular object with a black plug on the bottom. The'], ['In the image, there is a red, plastic object with a black top, which appears to'], ['In the image, there is a red plastic object with a black top, sitting on a white'], ['In the image, there is a red plastic object that appears to be a red plastic disc'], ['In the image, there is a red plastic item with a hole in the middle, sitting on'], ['In the image, there is a red object with a black cap, which appears to be a pl'], ['In the image, there is a red object with a black top, which appears to be a pl'], ['In the image, there is a red plastic item with a black top, possibly a plastic'], ['In the image, there is a red object that resembles a sports ball, with a black'], ['In the image, there is a red object that appears to be a piece of sports equipment, possibly'], ['In the image, there is a red plastic object that appears to be a small, round,'], ['In the image, there is a red object that appears to be a cone or a dome-'], ['In the image, there is a red plastic object with a black cap, sitting on a white'], ['In the image, there is a red, circular object with a hole in the middle, sitting on'], ['In the image, there is a red plastic object that appears to be a piece of a sports'], ['In the image, there is a red object with a black bottom, which appears to be a red'], ['In the image, there is a red object that appears to be a rounded, plastic or rub'], ['In the image, there is a red plastic object, possibly a red frisbee or'], ['In the image, there is a red plastic object, possibly a red dome or a red'], ['In the image, there is a red plastic object with a black bottom, possibly a red fr'], ['In the image, there is a red, circular object with a hole in the center. The object'], ['In the image, there is a red plastic object that looks like a red ball or cone.'], ['In the image, there is a red plastic object with a black top. The object appears to'], ['In the image, there is a red plastic object that resembles a red frisbe'], ['In the image, there is a red plastic item, possibly a red frisbee or'], ['In the image, there is a red plastic object that looks like a cone or a dome'], ['In the image, there is a red plastic item that resembles a red frisbe'], ['In the image, there is a red object with a hole in the middle, sitting on a white'], ['In the image, there is a red object that appears to be a piece of sports equipment, possibly']]"
data/images/noun/2058-600.jpg,2058,hole for children golf game,22,33,58,3,"[['In the image, there is a pink plastic ring, which appears to be a piece of'], ['In the image, there is a pink plastic ring with a hole in the center. The'], ['In the image, there is a pink plastic ring or circular object, which appears to be'], ['In the image, there is a pink plastic ring or disc, which appears to be a'], ['In the image, there is a pink plastic ring, which appears to be a plastic'], ['In the image, there is a pink plastic ring or dome with a hole in the'], ['In the image, there is a pink plastic ring or lid sitting on a white background.'], ['In the image, there is a pink plastic ring or dome-shaped object.'], ['In the image, there is a pink plastic ring or dome-shaped object sitting'], ['In the image, there is a pink plastic ring with a hole in the middle, which'], ['In the image, there is a pink plastic item with a hole in the center. It'], ['In the image, there is a pink plastic item with a hole in the middle. The'], ['In the image, there is a pink, round, plastic item that resembles a'], ['In the image, there is a pink plastic ring with a hole in the middle, which'], ['In the image, there is a pink plastic item that appears to be a doughnut'], ['In the image, there is a pink plastic ring or dome-shaped object.'], ['In the image, there is a pink plastic object with a hole in the middle, sitting'], ['In the image, there is a pink, round, plastic item with a hole in the'], ['In the image, there is a pink, plastic-like object with a hole in the'], ['In the image, there is a pink plastic ring with a hole in the center. The'], ['In the image, there is a pink plastic item that resembles a donut or'], ['In the image, there is a pink plastic object with a hole in the center. It'], ['In the image, there is a pink plastic item with a hole in the middle. It'], ['In the image, there is a pink, round, plastic object with a hole in the'], ['In the image, there is a pink plastic ring or circle with a hole in the center'], ['In the image, there is a pink plastic item with a hole in the center, sitting'], ['In the image, there is a pink plastic item that looks like a doughnut,'], ['In the image, there is a pink plastic ring or circle on a white background. The'], ['In the image, there is a pink plastic ring or donut-shaped item,'], ['In the image, there is a pink plastic ring or circle with a hole in the center'], ['In the image, there is a pink plastic ring with a hole in the center, sitting'], ['In the image, there is a pink, round, plastic object with a hole in the'], ['In the image, there is a pink plastic item that appears to be a dome or'], ['In the image, there is a pink plastic item, which appears to be a small,'], ['In the image, there is a pink plastic ring, which is a molded pl'], ['In the image, there is a pink plastic ring with a hole in the middle. It'], ['In the image, there is a pink plastic ring with a hole in the center. The'], ['In the image, there is a pink, plastic, circular object that is sitting on a'], ['In the image, there is a pink plastic item, which could be a piece of a'], ['In the image, there is a pink plastic ring with a hole in the middle. It']]"
data/images/noun/2059-600.jpg,2059,maraca pen,75,92,28,0,"[['In the image, there is a purple vibrator with a long, thin, and cur'], ['In the image, there is a purple dildo, which is a type of vibr'], ['In the image, there is a purple dildo with a black handle. The dild'], ['In the image, there is a purple dildo or vibrator with a purple'], ['In the image, there is a purple vibrator with a long handle, sitting on a'], ['In the image, there is a purple vibrator with a black tip, sitting on a'], ['In the image, there is a purple dildo, which is a type of sex to'], ['In the image, there is a purple vibrator, which is a type of sex to'], ['In the image, there is a purple vibrator on display.'], ['In the image, there is a purple vibrator on a white background.'], ['In the image, there is a purple vibrator with a long, curved, and'], ['In the image, there is a purple vibrator with a curved, pointed tip.'], ['In the image, there is a purple vibrator with a long handle, sitting on a'], ['In the image, there is a purple dildo, which is a type of vibr'], ['In the image, there is a purple vibrator with a long handle. It is placed'], ['In the image, there is a purple vibrator, which is a type of sex to'], ['In the image, there is a purple vibrator or dildo with a long,'], ['In the image, there is a purple vibrator on display.'], ['In the image, there is a purple vibrator on a white background.'], ['In the image, there is a purple vibrator on a white background.'], ['In the image, there is a purple vibrator with a long, thin, and cur'], ['In the image, there is a purple vibrator with a long handle. It is sitting'], ['In the image, there is a purple vibrator or dildo, which is a'], ['In the image, there is a purple vibrator with a long, curved shape,'], ['In the image, there is a purple vibrator or dildo with a curved'], ['In the image, there is a purple dildo with a black handle, placed on a'], ['In the image, there is a purple vibrator, which is a sex toy,'], ['In the image, there is a purple dildo, which is a type of vibr'], ['In the image, there is a purple vibrator on display, sitting on a white background'], ['In the image, there is a purple vibrator with a long, thin handle. The'], ['In the image, there is a purple vibrator with a curved design. The v'], ['In the image, there is a purple vibrator with a curved shape and a black'], ['In the image, there is a purple dildo or vibrator on display.'], ['In the image, there is a purple vibrator, which is a type of sex to'], ['In the image, there is a purple dildo, which is a type of adult to'], ['In the image, there is a purple vibrator, or dildo, standing u'], ['In the image, there is a purple vibrator with a curved design, standing u'], ['In the image, there is a purple vibrator, which is a type of sex to'], ['In the image, there is a purple dildo or vibrator on display. The'], ['In the image, there is a purple vibrator with a long, curved handle.']]"
data/images/noun/2060-600.jpg,2060,dog toy with removed rope,38,32,55,29,"[['In the image, there is a red, round, and shiny object that resembles a'], ['In the image, there is a close-up view of a red glass ball with a unique design'], ['In the image, there is a close-up of a red plastic object, which appears to'], ['In the image, there is a red plastic flower with multiple red plastic beads in the'], ['In the image, there is a close-up view of a red, glass-like object that'], ['In the image, there is a red, glass-like object that looks like a cluster of red'], ['In the image, there is a red, plastic, three-dimensional flower-like object,'], ['In the image, there is a close-up view of a red, round, plastic object'], ['In the image, there is a close-up view of a red, glass-like object with'], ['In the image, there is a red, glass-like object with a unique, round shape.'], ['In the image, there is a close-up of a red glass object, which appears to be'], ['In the image, there is a close-up view of a red, glass-like object that'], ['In the image, there is a close-up view of a red glass object that appears to be'], ['In the image, there is a close-up view of a red plastic object, which appears'], ['In the image, there is a red, glass-like object with a hollow center, res'], ['In the image, there is a close-up view of a red glass ball. The ball is'], ['In the image, there is a red, plastic-like object with a circular shape, res'], ['In the image, there is a close-up of a red, glass-like object that looks'], ['In the image, there is a close-up of a red glass ball, which appears to be'], ['In the image, there is a red, glass-like object with a circular shape, resemb'], ['In the image, there is a close-up view of a red, glass-like object that'], ['In the image, there is a close-up of a red plastic object that resembles'], ['In the image, there is a close-up view of a red, glass-like object,'], ['In the image, there is a close-up view of a red glass object that resembles'], ['In the image, there is a close-up of a red plastic flower made up of many'], ['In the image, there is a close-up view of a red glass sculpture that resemb'], ['In the image, there is a close-up of a red plastic toy, possibly a'], ['In the image, there is a red plastic ball with a clear center, surrounded by four smaller'], ['In the image, there is a red, glass-like object that resembles a flower or'], ['In the image, there is a red, glass-like object with a swirled pattern,'], ['In the image, there is a close-up view of a red glass ball with a pattern of'], ['In the image, there is a close-up of a red glass object that appears to be a'], ['In the image, there is a red, glass-like, three-dimensional structure that resemb'], ['In the image, there is a close-up view of a red, glass-like object that'], ['In the image, there is a red plastic object that resembles a flower or a bou'], ['In the image, there is a close-up view of a red glass ball with a clear center'], ['In the image, there is a close-up view of a red, clear, and shiny'], ['In the image, there is a close-up of a red, glass-like object that looks'], ['In the image, there is a close-up view of a red, round, and clear object'], ['In the image, there is a close-up view of a red, clear, and shiny']]"
data/images/noun/2061-600.jpg,2061,dog toy,53,53,59,13,"[['In the image, there is a green and blue doughnut-shaped toy with a'], ['In the image, there is a green and yellow plastic toy with a hole in the middle'], ['In the image, there is a green and yellow donut-shaped toy with a hole'], ['In the image, there is a green, multicolored, and polka-dotted to'], ['In the image, there is a green and blue donut-shaped toy with a hole'], ['In the image, there is a green and blue plastic toy with a hole in the center'], ['In the image, there is a green and blue plastic toy with a hole in the middle'], ['In the image, there is a green, multi-colored, and multi-colored dot'], ['In the image, there is a green and colorful toy, which appears to be a pl'], ['In the image, there is a green and colorful toy that resembles a donut'], ['In the image, there is a green and blue toy with a hole in the center. The'], ['In the image, there is a green and yellow toy with a hole in the middle. The'], ['In the image, there is a close-up view of a green and blue ball with a hole'], ['In the image, there is a green and blue donut-shaped toy with a hole'], ['In the image, there is a green and yellow rubber toy with a hole in the center'], ['In the image, there is a green and blue donut-shaped toy with a hole'], ['In the image, there is a green and blue doughnut-shaped toy with a'], ['In the image, there is a green and blue plastic toy with a hole in the center'], ['In the image, there is a green and colorful donut-shaped toy with a'], ['In the image, there is a green and blue donut-shaped toy with a hole'], ['In the image, there is a close-up of a green and yellow donut-shaped'], ['In the image, there is a close-up of a green and blue polka dot donut'], ['In the image, there is a green and blue plastic toy, which appears to be a'], ['In the image, there is a green and yellow toy with a hole in the center, res'], ['In the image, there is a close-up view of a green and blue polka dot to'], ['In the image, there is a close-up of a colorful, multi-colored,'], ['In the image, there is a green and blue plastic toy, resembling a don'], ['In the image, there is a green and blue doughnut-shaped toy with a'], ['In the image, there is a green and yellow toy with a hole in the center. The'], ['In the image, there is a green and yellow plastic toy with a hole in the middle'], ['In the image, there is a green and blue donut-shaped toy with a hole'], ['In the image, there is a green, colorful, and multi-colored rubber don'], ['In the image, there is a green and blue colored, multi-colored, and multi-'], ['In the image, there is a green and blue donut-shaped toy with a hole'], ['In the image, there is a green and yellow donut-shaped toy with a hole'], ['In the image, there is a green and yellow toy with a hole in the center, res'], ['In the image, there is a green and yellow toy with a hole in the center, res'], ['In the image, there is a green and blue donut-shaped toy with a hole'], ['In the image, there is a green and blue plastic toy with a hole in the center'], ['In the image, there is a green and yellow rubber toy with a hole in the center']]"
data/images/noun/2062-600.jpg,2062,dog toy,44,56,29,42,"[['In the image, there is a close-up view of an orange beaded necklace. The'], ['In the image, there is a close-up of a bright orange beaded necklace. The'], ['In the image, there is a large, orange beaded necklace with a circular shape. The'], ['In the image, there is a large orange bead necklace with a circular shape. The neck'], ['In the image, there is a close-up of a red bead necklace with a row'], ['In the image, there is a close-up of a large orange beaded necklace with a'], ['In the image, there is a close-up of an orange beaded necklace. The neck'], ['In the image, there is a large orange bead with a row of small orange beads surrounding'], ['In the image, there is an orange beaded necklace with a circular shape. The necklace'], ['In the image, there is a large orange bead necklace with orange beads that are sh'], ['In the image, there is a close-up of a red, orange, or peach-'], ['In the image, there is a large orange bead or orange plastic ring with a row of'], ['In the image, there is a close-up of a large, orange bead with a row'], ['In the image, there is a close-up of a red plastic bead necklace with'], ['In the image, there is a large orange bead or beaded circle with a lot of holes'], ['In the image, there is a close-up of an orange beaded necklace with a large'], ['In the image, there is a large orange bead with a row of orange beads on top'], ['In the image, there is a close-up of an orange beaded necklace. The neck'], ['In the image, there is a close-up of an orange bead necklace. The neck'], ['In the image, there is an orange beaded necklace with a round, circular shape. The'], ['In the image, there is a close-up of an orange beaded necklace. The neck'], ['In the image, there is a close-up view of a large orange beaded necklace.'], ['In the image, there is an orange bead necklace with a large, round bead in'], ['In the image, there is a large orange bead necklace with a row of orange beads'], ['In the image, there is a large, bright orange bead necklace with a circular shape.'], ['In the image, there is a close-up of a red beaded necklace. The neck'], ['In the image, there is an orange bead necklace with a row of beads. The'], ['In the image, there is an orange bead necklace with a row of orange beads on'], ['In the image, there is a large, round, orange bead with a row of orange be'], ['In the image, there is an orange bead necklace with a row of orange beads.'], ['In the image, there is a large orange bead with a row of orange beads on it'], ['In the image, there is a large orange beaded necklace with a circle design. The neck'], ['In the image, there is an orange beaded necklace with a large, round bead at'], ['In the image, there is an orange beaded necklace or bracelet with a circular shape'], ['In the image, there is a large orange beaded necklace. The necklace is made up'], ['In the image, there is a close-up of a bright orange beaded necklace. The'], ['In the image, there is a close-up of an orange bead necklace with a round'], ['In the image, there is a close-up of a red bead necklace. The neck'], ['In the image, there is an orange beaded necklace with a large orange bead in the'], ['In the image, there is a close-up of a bright orange beaded necklace. The']]"
data/images/noun/2063-600.jpg,2063,magic loops,25,38,13,19,"[['In the image, there is a close-up of a metal, three-dimensional model of a'], ['In the image, there is a close-up view of a metal sculpture that resembles'], ['In the image, there is a close-up view of a small, colorful, and intr'], ['In the image, there is a close-up of a metal sculpture of a planet. The'], ['In the image, there is a silver metal piece with a dome shape and a variety of colored'], ['In the image, there is a close-up view of a metal object that resembles a'], ['In the image, there is a silver, three-dimensional model of a planet. The planet is'], ['In the image, there is a large, round, metal object with a variety of colored beads'], ['In the image, there is a silver metal globe with a variety of colored beads and p'], ['In the image, there is a close-up of a silver metal sculpture of a planet.'], ['In the image, there is a metal sculpture that resembles a planet or a globe'], ['In the image, there is a close-up of a metal object that resembles a glo'], ['In the image, there is a small, intricate, three-dimensional metal sculpture of a'], ['In the image, there is a close-up of a metal sculpture that resembles a'], ['In the image, there is a silver wire sculpture of a globe, featuring a blue and'], ['In the image, there is a silver metal sculpture of a globe, featuring a large,'], ['In the image, there is a close-up view of a metal object that looks like a glo'], ['In the image, there is a large, intricate, and colorful metal sculpture that res'], ['In the image, there is a close-up view of a silver metal object that resembles'], ['In the image, there is a metal sculpture of a planet, possibly a model of the solar'], ['In the image, there is a large metal sculpture or piece of artwork that resembles'], ['In the image, there is a metal sculpture of a planet, which is a three-dimensional'], ['In the image, there is a close-up of a metal object that resembles a planet'], ['In the image, there is a close-up of a metal sculpture that resembles a'], ['In the image, there is a small, round, metal sculpture of a planet with a large'], ['In the image, there is a silver metal sculpture that resembles a planet or a space'], ['In the image, there is a large, round metal sculpture with a web-like pattern,'], ['In the image, there is a close-up of a silver metal object that looks like a planet'], ['In the image, there is a large, intricate metal sculpture of a globe, featuring'], ['In the image, there is a small, round, silver sculpture or art piece. The sculpt'], ['In the image, there is a metal sculpture of a planet with various colored beads and j'], ['In the image, there is a small metal sculpture of a globe, which is made up'], ['In the image, there is a close-up view of a small, round, metal object with'], ['In the image, there is a close-up of a metal sculpture, which appears to be'], ['In the image, there is a metal sculpture of a planet with a large number of colored be'], ['In the image, there is a close-up view of a metal, round, multi-color'], ['In the image, there is a silver metal sculpture or artwork, which appears to be a'], ['In the image, there is a small, intricately crafted metal globe with a series'], ['In the image, there is a silver, three-dimensional model of a planet, possibly a glo'], ['In the image, there is a silver, three-dimensional sculpture that resembles a planet']]"
data/images/noun/2064-600.jpg,2064,massager,28,33,45,3,"[['In the image, there is a green object that appears to be a piece of art or a sculpt'], ['In the image, there is a green object that resembles a piece of art or a sculpt'], ['In the image, there is a green object with a screw in the center, sitting on a'], ['In the image, there is a green and silver object that appears to be a piece of art or'], ['In the image, there is a green plastic item with a screw in the center. The'], ['In the image, there is a green object with a silver top. It is shaped like a'], ['In the image, there is a green object with a silver top, resembling a screw'], ['In the image, there is a green object that appears to be a piece of plumbing equipment'], ['In the image, there is a green object with a screw on top. It appears to be'], ['In the image, there is a green object that looks like a piece of art or a sculpture'], ['In the image, there is a green object with a silver top, which appears to be a small'], ['In the image, there is a green object that resembles a toy or a piece of'], ['In the image, there is a green object that appears to be a piece of art or a decor'], ['In the image, there is a green object that resembles a bottle cap with a sc'], ['In the image, there is a green object with a silver top, which appears to be a sc'], ['In the image, there is a green and silver object that resembles a bottle cap or'], ['In the image, there is a green object that looks like a toy or a piece of art'], ['In the image, there is a green plastic item with a screw in the middle. It'], ['In the image, there is a green plastic piece of artwork, which appears to be a'], ['In the image, there is a green object that looks like a bottle cap, with a metal'], ['In the image, there is a green object that resembles a large screw or a rounded'], ['In the image, there is a green object that resembles a bottle cap, with a'], ['In the image, there is a green object that appears to be a piece of art or a sculpt'], ['In the image, there is a green plastic cap or lid with a metal screw on top'], ['In the image, there is a green object that appears to be a toy or a decorative'], ['In the image, there is a green object with a screw on top. It appears to be'], ['In the image, there is a green object that appears to be a piece of plumbing,'], ['In the image, there is a green object with a screw on top of it. It appears'], ['In the image, there is a green plastic piece of equipment with a screw in the center'], ['In the image, there is a green object with a screw in the center, resembling'], ['In the image, there is a green object that resembles a bottle cap or a sc'], ['In the image, there is a green and silver object that appears to be a piece of plumb'], ['In the image, there is a green object that appears to be a piece of art or a sculpt'], ['In the image, there is a green object with a screw on top of it. The object'], ['In the image, there is a green and silver metal object that looks like a small, rounded,'], ['In the image, there is a green plastic object that resembles a bolt or a'], ['In the image, there is a green object with a screw on top of it. It appears'], ['In the image, there is a green object that resembles a piece of artwork, with'], ['In the image, there is a green object with a metal top, which appears to be a piece'], ['In the image, there is a green plastic object with a screw on top. It is']]"
