index,image,ratio,none,almost_none,the_smaller_part,few,some,many,most,almost_all,all
0,data/images/quantifier/test_0.png,0Y,0.9765886288,0.0050167224,0.0,0.0033444816,0.0100334448,0.0,0.0,0.0,0.0050167224
1,data/images/quantifier/test_1.png,0Y,0.9765886288,0.0050167224,0.0,0.0033444816,0.0100334448,0.0,0.0,0.0,0.0050167224
2,data/images/quantifier/test_2.png,0Y,0.9765886288,0.0050167224,0.0,0.0033444816,0.0100334448,0.0,0.0,0.0,0.0050167224
3,data/images/quantifier/test_3.png,0Y,0.9765886288,0.0050167224,0.0,0.0033444816,0.0100334448,0.0,0.0,0.0,0.0050167224
4,data/images/quantifier/test_4.png,0Y,0.9765886288,0.0050167224,0.0,0.0033444816,0.0100334448,0.0,0.0,0.0,0.0050167224
5,data/images/quantifier/test_5.png,0Y,0.9765886288,0.0050167224,0.0,0.0033444816,0.0100334448,0.0,0.0,0.0,0.0050167224
6,data/images/quantifier/test_6.png,0Y,0.9765886288,0.0050167224,0.0,0.0033444816,0.0100334448,0.0,0.0,0.0,0.0050167224
7,data/images/quantifier/test_7.png,0Y,0.9765886288,0.0050167224,0.0,0.0033444816,0.0100334448,0.0,0.0,0.0,0.0050167224
8,data/images/quantifier/test_8.png,0Y,0.9765886288,0.0050167224,0.0,0.0033444816,0.0100334448,0.0,0.0,0.0,0.0050167224
9,data/images/quantifier/test_9.png,0Y,0.9765886288,0.0050167224,0.0,0.0033444816,0.0100334448,0.0,0.0,0.0,0.0050167224
10,data/images/quantifier/test_10.png,0Y,0.9765886288,0.0050167224,0.0,0.0033444816,0.0100334448,0.0,0.0,0.0,0.0050167224
11,data/images/quantifier/test_11.png,0Y,0.9765886288,0.0050167224,0.0,0.0033444816,0.0100334448,0.0,0.0,0.0,0.0050167224
12,data/images/quantifier/test_12.png,0Y,0.9765886288,0.0050167224,0.0,0.0033444816,0.0100334448,0.0,0.0,0.0,0.0050167224
13,data/images/quantifier/test_13.png,0Y,0.9765886288,0.0050167224,0.0,0.0033444816,0.0100334448,0.0,0.0,0.0,0.0050167224
14,data/images/quantifier/test_14.png,0Y,0.9765886288,0.0050167224,0.0,0.0033444816,0.0100334448,0.0,0.0,0.0,0.0050167224
15,data/images/quantifier/test_15.png,0Y,0.9765886288,0.0050167224,0.0,0.0033444816,0.0100334448,0.0,0.0,0.0,0.0050167224
16,data/images/quantifier/test_16.png,0Y,0.9765886288,0.0050167224,0.0,0.0033444816,0.0100334448,0.0,0.0,0.0,0.0050167224
17,data/images/quantifier/test_17.png,0Y,0.9765886288,0.0050167224,0.0,0.0033444816,0.0100334448,0.0,0.0,0.0,0.0050167224
18,data/images/quantifier/test_18.png,0Y,0.9765886288,0.0050167224,0.0,0.0033444816,0.0100334448,0.0,0.0,0.0,0.0050167224
19,data/images/quantifier/test_19.png,0Y,0.9765886288,0.0050167224,0.0,0.0033444816,0.0100334448,0.0,0.0,0.0,0.0050167224
20,data/images/quantifier/test_20.png,0Y,0.9765886288,0.0050167224,0.0,0.0033444816,0.0100334448,0.0,0.0,0.0,0.0050167224
21,data/images/quantifier/test_21.png,0Y,0.9765886288,0.0050167224,0.0,0.0033444816,0.0100334448,0.0,0.0,0.0,0.0050167224
22,data/images/quantifier/test_22.png,0Y,0.9765886288,0.0050167224,0.0,0.0033444816,0.0100334448,0.0,0.0,0.0,0.0050167224
23,data/images/quantifier/test_23.png,0Y,0.9765886288,0.0050167224,0.0,0.0033444816,0.0100334448,0.0,0.0,0.0,0.0050167224
24,data/images/quantifier/test_24.png,0Y,0.9765886288,0.0050167224,0.0,0.0033444816,0.0100334448,0.0,0.0,0.0,0.0050167224
25,data/images/quantifier/test_25.png,0Y,0.9765886288,0.0050167224,0.0,0.0033444816,0.0100334448,0.0,0.0,0.0,0.0050167224
26,data/images/quantifier/test_26.png,0Y,0.9765886288,0.0050167224,0.0,0.0033444816,0.0100334448,0.0,0.0,0.0,0.0050167224
27,data/images/quantifier/test_27.png,0Y,0.9765886288,0.0050167224,0.0,0.0033444816,0.0100334448,0.0,0.0,0.0,0.0050167224
28,data/images/quantifier/test_28.png,0Y,0.9765886288,0.0050167224,0.0,0.0033444816,0.0100334448,0.0,0.0,0.0,0.0050167224
29,data/images/quantifier/test_29.png,0Y,0.9765886288,0.0050167224,0.0,0.0033444816,0.0100334448,0.0,0.0,0.0,0.0050167224
30,data/images/quantifier/test_30.png,0Y,0.9765886288,0.0050167224,0.0,0.0033444816,0.0100334448,0.0,0.0,0.0,0.0050167224
31,data/images/quantifier/test_31.png,0Y,0.9765886288,0.0050167224,0.0,0.0033444816,0.0100334448,0.0,0.0,0.0,0.0050167224
32,data/images/quantifier/test_32.png,0Y,0.9765886288,0.0050167224,0.0,0.0033444816,0.0100334448,0.0,0.0,0.0,0.0050167224
33,data/images/quantifier/test_33.png,0Y,0.9765886288,0.0050167224,0.0,0.0033444816,0.0100334448,0.0,0.0,0.0,0.0050167224
34,data/images/quantifier/test_34.png,0Y,0.9765886288,0.0050167224,0.0,0.0033444816,0.0100334448,0.0,0.0,0.0,0.0050167224
35,data/images/quantifier/test_35.png,0Y,0.9765886288,0.0050167224,0.0,0.0033444816,0.0100334448,0.0,0.0,0.0,0.0050167224
36,data/images/quantifier/test_36.png,0Y,0.9765886288,0.0050167224,0.0,0.0033444816,0.0100334448,0.0,0.0,0.0,0.0050167224
37,data/images/quantifier/test_37.png,0Y,0.9765886288,0.0050167224,0.0,0.0033444816,0.0100334448,0.0,0.0,0.0,0.0050167224
38,data/images/quantifier/test_38.png,0Y,0.9765886288,0.0050167224,0.0,0.0033444816,0.0100334448,0.0,0.0,0.0,0.0050167224
39,data/images/quantifier/test_39.png,0Y,0.9765886288,0.0050167224,0.0,0.0033444816,0.0100334448,0.0,0.0,0.0,0.0050167224
40,data/images/quantifier/test_40.png,0Y,0.9765886288,0.0050167224,0.0,0.0033444816,0.0100334448,0.0,0.0,0.0,0.0050167224
41,data/images/quantifier/test_41.png,0Y,0.9765886288,0.0050167224,0.0,0.0033444816,0.0100334448,0.0,0.0,0.0,0.0050167224
42,data/images/quantifier/test_42.png,0Y,0.9765886288,0.0050167224,0.0,0.0033444816,0.0100334448,0.0,0.0,0.0,0.0050167224
43,data/images/quantifier/test_43.png,0Y,0.9765886288,0.0050167224,0.0,0.0033444816,0.0100334448,0.0,0.0,0.0,0.0050167224
44,data/images/quantifier/test_44.png,0Y,0.9765886288,0.0050167224,0.0,0.0033444816,0.0100334448,0.0,0.0,0.0,0.0050167224
45,data/images/quantifier/test_45.png,0Y,0.9765886288,0.0050167224,0.0,0.0033444816,0.0100334448,0.0,0.0,0.0,0.0050167224
46,data/images/quantifier/test_46.png,0Y,0.9765886288,0.0050167224,0.0,0.0033444816,0.0100334448,0.0,0.0,0.0,0.0050167224
47,data/images/quantifier/test_47.png,0Y,0.9765886288,0.0050167224,0.0,0.0033444816,0.0100334448,0.0,0.0,0.0,0.0050167224
48,data/images/quantifier/test_48.png,0Y,0.9765886288,0.0050167224,0.0,0.0033444816,0.0100334448,0.0,0.0,0.0,0.0050167224
49,data/images/quantifier/test_49.png,0Y,0.9765886288,0.0050167224,0.0,0.0033444816,0.0100334448,0.0,0.0,0.0,0.0050167224
50,data/images/quantifier/test_50.png,0Y,0.9765886288,0.0050167224,0.0,0.0033444816,0.0100334448,0.0,0.0,0.0,0.0050167224
51,data/images/quantifier/test_51.png,0Y,0.9765886288,0.0050167224,0.0,0.0033444816,0.0100334448,0.0,0.0,0.0,0.0050167224
52,data/images/quantifier/test_52.png,0Y,0.9765886288,0.0050167224,0.0,0.0033444816,0.0100334448,0.0,0.0,0.0,0.0050167224
53,data/images/quantifier/test_53.png,0Y,0.9765886288,0.0050167224,0.0,0.0033444816,0.0100334448,0.0,0.0,0.0,0.0050167224
54,data/images/quantifier/test_54.png,0Y,0.9765886288,0.0050167224,0.0,0.0033444816,0.0100334448,0.0,0.0,0.0,0.0050167224
55,data/images/quantifier/test_55.png,0Y,0.9765886288,0.0050167224,0.0,0.0033444816,0.0100334448,0.0,0.0,0.0,0.0050167224
56,data/images/quantifier/test_56.png,0Y,0.9765886288,0.0050167224,0.0,0.0033444816,0.0100334448,0.0,0.0,0.0,0.0050167224
57,data/images/quantifier/test_57.png,0Y,0.9765886288,0.0050167224,0.0,0.0033444816,0.0100334448,0.0,0.0,0.0,0.0050167224
58,data/images/quantifier/test_58.png,0Y,0.9765886288,0.0050167224,0.0,0.0033444816,0.0100334448,0.0,0.0,0.0,0.0050167224
59,data/images/quantifier/test_59.png,0Y,0.9765886288,0.0050167224,0.0,0.0033444816,0.0100334448,0.0,0.0,0.0,0.0050167224
60,data/images/quantifier/test_60.png,0Y,0.9765886288,0.0050167224,0.0,0.0033444816,0.0100334448,0.0,0.0,0.0,0.0050167224
61,data/images/quantifier/test_61.png,0Y,0.9765886288,0.0050167224,0.0,0.0033444816,0.0100334448,0.0,0.0,0.0,0.0050167224
62,data/images/quantifier/test_62.png,0Y,0.9765886288,0.0050167224,0.0,0.0033444816,0.0100334448,0.0,0.0,0.0,0.0050167224
63,data/images/quantifier/test_63.png,0Y,0.9765886288,0.0050167224,0.0,0.0033444816,0.0100334448,0.0,0.0,0.0,0.0050167224
64,data/images/quantifier/test_64.png,0Y,0.9765886288,0.0050167224,0.0,0.0033444816,0.0100334448,0.0,0.0,0.0,0.0050167224
65,data/images/quantifier/test_65.png,0Y,0.9765886288,0.0050167224,0.0,0.0033444816,0.0100334448,0.0,0.0,0.0,0.0050167224
66,data/images/quantifier/test_66.png,0Y,0.9765886288,0.0050167224,0.0,0.0033444816,0.0100334448,0.0,0.0,0.0,0.0050167224
67,data/images/quantifier/test_67.png,0Y,0.9765886288,0.0050167224,0.0,0.0033444816,0.0100334448,0.0,0.0,0.0,0.0050167224
68,data/images/quantifier/test_68.png,0Y,0.9765886288,0.0050167224,0.0,0.0033444816,0.0100334448,0.0,0.0,0.0,0.0050167224
69,data/images/quantifier/test_69.png,0Y,0.9765886288,0.0050167224,0.0,0.0033444816,0.0100334448,0.0,0.0,0.0,0.0050167224
70,data/images/quantifier/test_70.png,0Y,0.9765886288,0.0050167224,0.0,0.0033444816,0.0100334448,0.0,0.0,0.0,0.0050167224
71,data/images/quantifier/test_71.png,0Y,0.9765886288,0.0050167224,0.0,0.0033444816,0.0100334448,0.0,0.0,0.0,0.0050167224
72,data/images/quantifier/test_72.png,0Y,0.9765886288,0.0050167224,0.0,0.0033444816,0.0100334448,0.0,0.0,0.0,0.0050167224
73,data/images/quantifier/test_73.png,0Y,0.9765886288,0.0050167224,0.0,0.0033444816,0.0100334448,0.0,0.0,0.0,0.0050167224
74,data/images/quantifier/test_74.png,0Y,0.9765886288,0.0050167224,0.0,0.0033444816,0.0100334448,0.0,0.0,0.0,0.0050167224
75,data/images/quantifier/test_75.png,0Y,0.9765886288,0.0050167224,0.0,0.0033444816,0.0100334448,0.0,0.0,0.0,0.0050167224
76,data/images/quantifier/test_76.png,0Y,0.9765886288,0.0050167224,0.0,0.0033444816,0.0100334448,0.0,0.0,0.0,0.0050167224
77,data/images/quantifier/test_77.png,0Y,0.9765886288,0.0050167224,0.0,0.0033444816,0.0100334448,0.0,0.0,0.0,0.0050167224
78,data/images/quantifier/test_78.png,0Y,0.9765886288,0.0050167224,0.0,0.0033444816,0.0100334448,0.0,0.0,0.0,0.0050167224
79,data/images/quantifier/test_79.png,0Y,0.9765886288,0.0050167224,0.0,0.0033444816,0.0100334448,0.0,0.0,0.0,0.0050167224
80,data/images/quantifier/test_80.png,0Y,0.9765886288,0.0050167224,0.0,0.0033444816,0.0100334448,0.0,0.0,0.0,0.0050167224
81,data/images/quantifier/test_81.png,0Y,0.9765886288,0.0050167224,0.0,0.0033444816,0.0100334448,0.0,0.0,0.0,0.0050167224
82,data/images/quantifier/test_82.png,0Y,0.9765886288,0.0050167224,0.0,0.0033444816,0.0100334448,0.0,0.0,0.0,0.0050167224
83,data/images/quantifier/test_83.png,0Y,0.9765886288,0.0050167224,0.0,0.0033444816,0.0100334448,0.0,0.0,0.0,0.0050167224
84,data/images/quantifier/test_84.png,0Y,0.9765886288,0.0050167224,0.0,0.0033444816,0.0100334448,0.0,0.0,0.0,0.0050167224
85,data/images/quantifier/test_85.png,0Y,0.9765886288,0.0050167224,0.0,0.0033444816,0.0100334448,0.0,0.0,0.0,0.0050167224
86,data/images/quantifier/test_86.png,0Y,0.9765886288,0.0050167224,0.0,0.0033444816,0.0100334448,0.0,0.0,0.0,0.0050167224
87,data/images/quantifier/test_87.png,0Y,0.9765886288,0.0050167224,0.0,0.0033444816,0.0100334448,0.0,0.0,0.0,0.0050167224
88,data/images/quantifier/test_88.png,0Y,0.9765886288,0.0050167224,0.0,0.0033444816,0.0100334448,0.0,0.0,0.0,0.0050167224
89,data/images/quantifier/test_89.png,0Y,0.9765886288,0.0050167224,0.0,0.0033444816,0.0100334448,0.0,0.0,0.0,0.0050167224
90,data/images/quantifier/test_90.png,0Y,0.9765886288,0.0050167224,0.0,0.0033444816,0.0100334448,0.0,0.0,0.0,0.0050167224
91,data/images/quantifier/test_91.png,0Y,0.9765886288,0.0050167224,0.0,0.0033444816,0.0100334448,0.0,0.0,0.0,0.0050167224
92,data/images/quantifier/test_92.png,0Y,0.9765886288,0.0050167224,0.0,0.0033444816,0.0100334448,0.0,0.0,0.0,0.0050167224
93,data/images/quantifier/test_93.png,0Y,0.9765886288,0.0050167224,0.0,0.0033444816,0.0100334448,0.0,0.0,0.0,0.0050167224
94,data/images/quantifier/test_94.png,0Y,0.9765886288,0.0050167224,0.0,0.0033444816,0.0100334448,0.0,0.0,0.0,0.0050167224
95,data/images/quantifier/test_95.png,0Y,0.9765886288,0.0050167224,0.0,0.0033444816,0.0100334448,0.0,0.0,0.0,0.0050167224
96,data/images/quantifier/test_96.png,0Y,0.9765886288,0.0050167224,0.0,0.0033444816,0.0100334448,0.0,0.0,0.0,0.0050167224
97,data/images/quantifier/test_97.png,0Y,0.9765886288,0.0050167224,0.0,0.0033444816,0.0100334448,0.0,0.0,0.0,0.0050167224
98,data/images/quantifier/test_98.png,0Y,0.9765886288,0.0050167224,0.0,0.0033444816,0.0100334448,0.0,0.0,0.0,0.0050167224
99,data/images/quantifier/test_99.png,0Y,0.9765886288,0.0050167224,0.0,0.0033444816,0.0100334448,0.0,0.0,0.0,0.0050167224
100,data/images/quantifier/test_100.png,0Y,0.9765886288,0.0050167224,0.0,0.0033444816,0.0100334448,0.0,0.0,0.0,0.0050167224
101,data/images/quantifier/test_101.png,0Y,0.9765886288,0.0050167224,0.0,0.0033444816,0.0100334448,0.0,0.0,0.0,0.0050167224
102,data/images/quantifier/test_102.png,0Y,0.9765886288,0.0050167224,0.0,0.0033444816,0.0100334448,0.0,0.0,0.0,0.0050167224
103,data/images/quantifier/test_103.png,0Y,0.9765886288,0.0050167224,0.0,0.0033444816,0.0100334448,0.0,0.0,0.0,0.0050167224
104,data/images/quantifier/test_104.png,0Y,0.9765886288,0.0050167224,0.0,0.0033444816,0.0100334448,0.0,0.0,0.0,0.0050167224
105,data/images/quantifier/test_105.png,0Y,0.9765886288,0.0050167224,0.0,0.0033444816,0.0100334448,0.0,0.0,0.0,0.0050167224
106,data/images/quantifier/test_106.png,0Y,0.9765886288,0.0050167224,0.0,0.0033444816,0.0100334448,0.0,0.0,0.0,0.0050167224
107,data/images/quantifier/test_107.png,0Y,0.9765886288,0.0050167224,0.0,0.0033444816,0.0100334448,0.0,0.0,0.0,0.0050167224
108,data/images/quantifier/test_108.png,0Y,0.9765886288,0.0050167224,0.0,0.0033444816,0.0100334448,0.0,0.0,0.0,0.0050167224
109,data/images/quantifier/test_109.png,0Y,0.9765886288,0.0050167224,0.0,0.0033444816,0.0100334448,0.0,0.0,0.0,0.0050167224
110,data/images/quantifier/test_110.png,0Y,0.9765886288,0.0050167224,0.0,0.0033444816,0.0100334448,0.0,0.0,0.0,0.0050167224
111,data/images/quantifier/test_111.png,0Y,0.9765886288,0.0050167224,0.0,0.0033444816,0.0100334448,0.0,0.0,0.0,0.0050167224
112,data/images/quantifier/test_112.png,0Y,0.9765886288,0.0050167224,0.0,0.0033444816,0.0100334448,0.0,0.0,0.0,0.0050167224
113,data/images/quantifier/test_113.png,0Y,0.9765886288,0.0050167224,0.0,0.0033444816,0.0100334448,0.0,0.0,0.0,0.0050167224
114,data/images/quantifier/test_114.png,0Y,0.9765886288,0.0050167224,0.0,0.0033444816,0.0100334448,0.0,0.0,0.0,0.0050167224
115,data/images/quantifier/test_115.png,0Y,0.9765886288,0.0050167224,0.0,0.0033444816,0.0100334448,0.0,0.0,0.0,0.0050167224
116,data/images/quantifier/test_116.png,0Y,0.9765886288,0.0050167224,0.0,0.0033444816,0.0100334448,0.0,0.0,0.0,0.0050167224
117,data/images/quantifier/test_117.png,0Y,0.9765886288,0.0050167224,0.0,0.0033444816,0.0100334448,0.0,0.0,0.0,0.0050167224
118,data/images/quantifier/test_118.png,0Y,0.9765886288,0.0050167224,0.0,0.0033444816,0.0100334448,0.0,0.0,0.0,0.0050167224
119,data/images/quantifier/test_119.png,0Y,0.9765886288,0.0050167224,0.0,0.0033444816,0.0100334448,0.0,0.0,0.0,0.0050167224
120,data/images/quantifier/test_120.png,0Y,0.9765886288,0.0050167224,0.0,0.0033444816,0.0100334448,0.0,0.0,0.0,0.0050167224
121,data/images/quantifier/test_121.png,0Y,0.9765886288,0.0050167224,0.0,0.0033444816,0.0100334448,0.0,0.0,0.0,0.0050167224
122,data/images/quantifier/test_122.png,0Y,0.9765886288,0.0050167224,0.0,0.0033444816,0.0100334448,0.0,0.0,0.0,0.0050167224
123,data/images/quantifier/test_123.png,0Y,0.9765886288,0.0050167224,0.0,0.0033444816,0.0100334448,0.0,0.0,0.0,0.0050167224
124,data/images/quantifier/test_124.png,0Y,0.9765886288,0.0050167224,0.0,0.0033444816,0.0100334448,0.0,0.0,0.0,0.0050167224
125,data/images/quantifier/test_125.png,0Y,0.9765886288,0.0050167224,0.0,0.0033444816,0.0100334448,0.0,0.0,0.0,0.0050167224
126,data/images/quantifier/test_126.png,0Y,0.9765886288,0.0050167224,0.0,0.0033444816,0.0100334448,0.0,0.0,0.0,0.0050167224
127,data/images/quantifier/test_127.png,0Y,0.9765886288,0.0050167224,0.0,0.0033444816,0.0100334448,0.0,0.0,0.0,0.0050167224
128,data/images/quantifier/test_128.png,0Y,0.9765886288,0.0050167224,0.0,0.0033444816,0.0100334448,0.0,0.0,0.0,0.0050167224
129,data/images/quantifier/test_129.png,0Y,0.9765886288,0.0050167224,0.0,0.0033444816,0.0100334448,0.0,0.0,0.0,0.0050167224
130,data/images/quantifier/test_130.png,0Y,0.9765886288,0.0050167224,0.0,0.0033444816,0.0100334448,0.0,0.0,0.0,0.0050167224
131,data/images/quantifier/test_131.png,0Y,0.9765886288,0.0050167224,0.0,0.0033444816,0.0100334448,0.0,0.0,0.0,0.0050167224
132,data/images/quantifier/test_132.png,0Y,0.9765886288,0.0050167224,0.0,0.0033444816,0.0100334448,0.0,0.0,0.0,0.0050167224
133,data/images/quantifier/test_133.png,0Y,0.9765886288,0.0050167224,0.0,0.0033444816,0.0100334448,0.0,0.0,0.0,0.0050167224
134,data/images/quantifier/test_134.png,0Y,0.9765886288,0.0050167224,0.0,0.0033444816,0.0100334448,0.0,0.0,0.0,0.0050167224
135,data/images/quantifier/test_135.png,0Y,0.9765886288,0.0050167224,0.0,0.0033444816,0.0100334448,0.0,0.0,0.0,0.0050167224
136,data/images/quantifier/test_136.png,0Y,0.9765886288,0.0050167224,0.0,0.0033444816,0.0100334448,0.0,0.0,0.0,0.0050167224
137,data/images/quantifier/test_137.png,0Y,0.9765886288,0.0050167224,0.0,0.0033444816,0.0100334448,0.0,0.0,0.0,0.0050167224
138,data/images/quantifier/test_138.png,0Y,0.9765886288,0.0050167224,0.0,0.0033444816,0.0100334448,0.0,0.0,0.0,0.0050167224
139,data/images/quantifier/test_139.png,0Y,0.9765886288,0.0050167224,0.0,0.0033444816,0.0100334448,0.0,0.0,0.0,0.0050167224
140,data/images/quantifier/test_140.png,0Y,0.9765886288,0.0050167224,0.0,0.0033444816,0.0100334448,0.0,0.0,0.0,0.0050167224
141,data/images/quantifier/test_141.png,0Y,0.9765886288,0.0050167224,0.0,0.0033444816,0.0100334448,0.0,0.0,0.0,0.0050167224
142,data/images/quantifier/test_142.png,0Y,0.9765886288,0.0050167224,0.0,0.0033444816,0.0100334448,0.0,0.0,0.0,0.0050167224
143,data/images/quantifier/test_143.png,0Y,0.9765886288,0.0050167224,0.0,0.0033444816,0.0100334448,0.0,0.0,0.0,0.0050167224
144,data/images/quantifier/test_144.png,0Y,0.9765886288,0.0050167224,0.0,0.0033444816,0.0100334448,0.0,0.0,0.0,0.0050167224
145,data/images/quantifier/test_145.png,0Y,0.9765886288,0.0050167224,0.0,0.0033444816,0.0100334448,0.0,0.0,0.0,0.0050167224
146,data/images/quantifier/test_146.png,0Y,0.9765886288,0.0050167224,0.0,0.0033444816,0.0100334448,0.0,0.0,0.0,0.0050167224
147,data/images/quantifier/test_147.png,0Y,0.9765886288,0.0050167224,0.0,0.0033444816,0.0100334448,0.0,0.0,0.0,0.0050167224
148,data/images/quantifier/test_148.png,0Y,0.9765886288,0.0050167224,0.0,0.0033444816,0.0100334448,0.0,0.0,0.0,0.0050167224
149,data/images/quantifier/test_149.png,0Y,0.9765886288,0.0050167224,0.0,0.0033444816,0.0100334448,0.0,0.0,0.0,0.0050167224
150,data/images/quantifier/test_150.png,0Y,0.9765886288,0.0050167224,0.0,0.0033444816,0.0100334448,0.0,0.0,0.0,0.0050167224
151,data/images/quantifier/test_151.png,0Y,0.9765886288,0.0050167224,0.0,0.0033444816,0.0100334448,0.0,0.0,0.0,0.0050167224
152,data/images/quantifier/test_152.png,0Y,0.9765886288,0.0050167224,0.0,0.0033444816,0.0100334448,0.0,0.0,0.0,0.0050167224
153,data/images/quantifier/test_153.png,0Y,0.9765886288,0.0050167224,0.0,0.0033444816,0.0100334448,0.0,0.0,0.0,0.0050167224
154,data/images/quantifier/test_154.png,0Y,0.9765886288,0.0050167224,0.0,0.0033444816,0.0100334448,0.0,0.0,0.0,0.0050167224
155,data/images/quantifier/test_155.png,0Y,0.9765886288,0.0050167224,0.0,0.0033444816,0.0100334448,0.0,0.0,0.0,0.0050167224
156,data/images/quantifier/test_156.png,0Y,0.9765886288,0.0050167224,0.0,0.0033444816,0.0100334448,0.0,0.0,0.0,0.0050167224
157,data/images/quantifier/test_157.png,0Y,0.9765886288,0.0050167224,0.0,0.0033444816,0.0100334448,0.0,0.0,0.0,0.0050167224
158,data/images/quantifier/test_158.png,0Y,0.9765886288,0.0050167224,0.0,0.0033444816,0.0100334448,0.0,0.0,0.0,0.0050167224
159,data/images/quantifier/test_159.png,0Y,0.9765886288,0.0050167224,0.0,0.0033444816,0.0100334448,0.0,0.0,0.0,0.0050167224
160,data/images/quantifier/test_160.png,0Y,0.9765886288,0.0050167224,0.0,0.0033444816,0.0100334448,0.0,0.0,0.0,0.0050167224
161,data/images/quantifier/test_161.png,0Y,0.9765886288,0.0050167224,0.0,0.0033444816,0.0100334448,0.0,0.0,0.0,0.0050167224
162,data/images/quantifier/test_162.png,0Y,0.9765886288,0.0050167224,0.0,0.0033444816,0.0100334448,0.0,0.0,0.0,0.0050167224
163,data/images/quantifier/test_163.png,0Y,0.9765886288,0.0050167224,0.0,0.0033444816,0.0100334448,0.0,0.0,0.0,0.0050167224
164,data/images/quantifier/test_164.png,0Y,0.9765886288,0.0050167224,0.0,0.0033444816,0.0100334448,0.0,0.0,0.0,0.0050167224
165,data/images/quantifier/test_165.png,0Y,0.9765886288,0.0050167224,0.0,0.0033444816,0.0100334448,0.0,0.0,0.0,0.0050167224
166,data/images/quantifier/test_166.png,0Y,0.9765886288,0.0050167224,0.0,0.0033444816,0.0100334448,0.0,0.0,0.0,0.0050167224
167,data/images/quantifier/test_167.png,0Y,0.9765886288,0.0050167224,0.0,0.0033444816,0.0100334448,0.0,0.0,0.0,0.0050167224
168,data/images/quantifier/test_168.png,0Y,0.9765886288,0.0050167224,0.0,0.0033444816,0.0100334448,0.0,0.0,0.0,0.0050167224
169,data/images/quantifier/test_169.png,0Y,0.9765886288,0.0050167224,0.0,0.0033444816,0.0100334448,0.0,0.0,0.0,0.0050167224
170,data/images/quantifier/test_170.png,0Y,0.9765886288,0.0050167224,0.0,0.0033444816,0.0100334448,0.0,0.0,0.0,0.0050167224
171,data/images/quantifier/test_171.png,0Y,0.9765886288,0.0050167224,0.0,0.0033444816,0.0100334448,0.0,0.0,0.0,0.0050167224
172,data/images/quantifier/test_172.png,0Y,0.9765886288,0.0050167224,0.0,0.0033444816,0.0100334448,0.0,0.0,0.0,0.0050167224
173,data/images/quantifier/test_173.png,0Y,0.9765886288,0.0050167224,0.0,0.0033444816,0.0100334448,0.0,0.0,0.0,0.0050167224
174,data/images/quantifier/test_174.png,0Y,0.9765886288,0.0050167224,0.0,0.0033444816,0.0100334448,0.0,0.0,0.0,0.0050167224
175,data/images/quantifier/test_175.png,0Y,0.9765886288,0.0050167224,0.0,0.0033444816,0.0100334448,0.0,0.0,0.0,0.0050167224
176,data/images/quantifier/test_176.png,0Y,0.9765886288,0.0050167224,0.0,0.0033444816,0.0100334448,0.0,0.0,0.0,0.0050167224
177,data/images/quantifier/test_177.png,0Y,0.9765886288,0.0050167224,0.0,0.0033444816,0.0100334448,0.0,0.0,0.0,0.0050167224
178,data/images/quantifier/test_178.png,0Y,0.9765886288,0.0050167224,0.0,0.0033444816,0.0100334448,0.0,0.0,0.0,0.0050167224
179,data/images/quantifier/test_179.png,0Y,0.9765886288,0.0050167224,0.0,0.0033444816,0.0100334448,0.0,0.0,0.0,0.0050167224
180,data/images/quantifier/test_180.png,0Y,0.9765886288,0.0050167224,0.0,0.0033444816,0.0100334448,0.0,0.0,0.0,0.0050167224
181,data/images/quantifier/test_181.png,0Y,0.9765886288,0.0050167224,0.0,0.0033444816,0.0100334448,0.0,0.0,0.0,0.0050167224
182,data/images/quantifier/test_182.png,0Y,0.9765886288,0.0050167224,0.0,0.0033444816,0.0100334448,0.0,0.0,0.0,0.0050167224
183,data/images/quantifier/test_183.png,0Y,0.9765886288,0.0050167224,0.0,0.0033444816,0.0100334448,0.0,0.0,0.0,0.0050167224
184,data/images/quantifier/test_184.png,0Y,0.9765886288,0.0050167224,0.0,0.0033444816,0.0100334448,0.0,0.0,0.0,0.0050167224
185,data/images/quantifier/test_185.png,0Y,0.9765886288,0.0050167224,0.0,0.0033444816,0.0100334448,0.0,0.0,0.0,0.0050167224
186,data/images/quantifier/test_186.png,0Y,0.9765886288,0.0050167224,0.0,0.0033444816,0.0100334448,0.0,0.0,0.0,0.0050167224
187,data/images/quantifier/test_187.png,0Y,0.9765886288,0.0050167224,0.0,0.0033444816,0.0100334448,0.0,0.0,0.0,0.0050167224
188,data/images/quantifier/test_188.png,0Y,0.9765886288,0.0050167224,0.0,0.0033444816,0.0100334448,0.0,0.0,0.0,0.0050167224
189,data/images/quantifier/test_189.png,0Y,0.9765886288,0.0050167224,0.0,0.0033444816,0.0100334448,0.0,0.0,0.0,0.0050167224
190,data/images/quantifier/test_190.png,0Y,0.9765886288,0.0050167224,0.0,0.0033444816,0.0100334448,0.0,0.0,0.0,0.0050167224
191,data/images/quantifier/test_191.png,0Y,0.9765886288,0.0050167224,0.0,0.0033444816,0.0100334448,0.0,0.0,0.0,0.0050167224
192,data/images/quantifier/test_192.png,0Y,0.9765886288,0.0050167224,0.0,0.0033444816,0.0100334448,0.0,0.0,0.0,0.0050167224
193,data/images/quantifier/test_193.png,0Y,0.9765886288,0.0050167224,0.0,0.0033444816,0.0100334448,0.0,0.0,0.0,0.0050167224
194,data/images/quantifier/test_194.png,0Y,0.9765886288,0.0050167224,0.0,0.0033444816,0.0100334448,0.0,0.0,0.0,0.0050167224
195,data/images/quantifier/test_195.png,0Y,0.9765886288,0.0050167224,0.0,0.0033444816,0.0100334448,0.0,0.0,0.0,0.0050167224
196,data/images/quantifier/test_196.png,0Y,0.9765886288,0.0050167224,0.0,0.0033444816,0.0100334448,0.0,0.0,0.0,0.0050167224
197,data/images/quantifier/test_197.png,0Y,0.9765886288,0.0050167224,0.0,0.0033444816,0.0100334448,0.0,0.0,0.0,0.0050167224
198,data/images/quantifier/test_198.png,0Y,0.9765886288,0.0050167224,0.0,0.0033444816,0.0100334448,0.0,0.0,0.0,0.0050167224
199,data/images/quantifier/test_199.png,0Y,0.9765886288,0.0050167224,0.0,0.0033444816,0.0100334448,0.0,0.0,0.0,0.0050167224
200,data/images/quantifier/test_200.png,19,0.0051020408,0.5595238095,0.1139455782,0.2823129252,0.0238095238,0.0,0.0017006803,0.0136054422,0.0
201,data/images/quantifier/test_201.png,19,0.0051020408,0.5595238095,0.1139455782,0.2823129252,0.0238095238,0.0,0.0017006803,0.0136054422,0.0
202,data/images/quantifier/test_202.png,19,0.0051020408,0.5595238095,0.1139455782,0.2823129252,0.0238095238,0.0,0.0017006803,0.0136054422,0.0
203,data/images/quantifier/test_203.png,19,0.0051020408,0.5595238095,0.1139455782,0.2823129252,0.0238095238,0.0,0.0017006803,0.0136054422,0.0
204,data/images/quantifier/test_204.png,19,0.0051020408,0.5595238095,0.1139455782,0.2823129252,0.0238095238,0.0,0.0017006803,0.0136054422,0.0
205,data/images/quantifier/test_205.png,19,0.0051020408,0.5595238095,0.1139455782,0.2823129252,0.0238095238,0.0,0.0017006803,0.0136054422,0.0
206,data/images/quantifier/test_206.png,19,0.0051020408,0.5595238095,0.1139455782,0.2823129252,0.0238095238,0.0,0.0017006803,0.0136054422,0.0
207,data/images/quantifier/test_207.png,19,0.0051020408,0.5595238095,0.1139455782,0.2823129252,0.0238095238,0.0,0.0017006803,0.0136054422,0.0
208,data/images/quantifier/test_208.png,19,0.0051020408,0.5595238095,0.1139455782,0.2823129252,0.0238095238,0.0,0.0017006803,0.0136054422,0.0
209,data/images/quantifier/test_209.png,19,0.0051020408,0.5595238095,0.1139455782,0.2823129252,0.0238095238,0.0,0.0017006803,0.0136054422,0.0
210,data/images/quantifier/test_210.png,19,0.0051020408,0.5595238095,0.1139455782,0.2823129252,0.0238095238,0.0,0.0017006803,0.0136054422,0.0
211,data/images/quantifier/test_211.png,19,0.0051020408,0.5595238095,0.1139455782,0.2823129252,0.0238095238,0.0,0.0017006803,0.0136054422,0.0
212,data/images/quantifier/test_212.png,19,0.0051020408,0.5595238095,0.1139455782,0.2823129252,0.0238095238,0.0,0.0017006803,0.0136054422,0.0
213,data/images/quantifier/test_213.png,19,0.0051020408,0.5595238095,0.1139455782,0.2823129252,0.0238095238,0.0,0.0017006803,0.0136054422,0.0
214,data/images/quantifier/test_214.png,19,0.0051020408,0.5595238095,0.1139455782,0.2823129252,0.0238095238,0.0,0.0017006803,0.0136054422,0.0
215,data/images/quantifier/test_215.png,19,0.0051020408,0.5595238095,0.1139455782,0.2823129252,0.0238095238,0.0,0.0017006803,0.0136054422,0.0
216,data/images/quantifier/test_216.png,19,0.0051020408,0.5595238095,0.1139455782,0.2823129252,0.0238095238,0.0,0.0017006803,0.0136054422,0.0
217,data/images/quantifier/test_217.png,19,0.0051020408,0.5595238095,0.1139455782,0.2823129252,0.0238095238,0.0,0.0017006803,0.0136054422,0.0
218,data/images/quantifier/test_218.png,19,0.0051020408,0.5595238095,0.1139455782,0.2823129252,0.0238095238,0.0,0.0017006803,0.0136054422,0.0
219,data/images/quantifier/test_219.png,19,0.0051020408,0.5595238095,0.1139455782,0.2823129252,0.0238095238,0.0,0.0017006803,0.0136054422,0.0
220,data/images/quantifier/test_220.png,19,0.0051020408,0.5595238095,0.1139455782,0.2823129252,0.0238095238,0.0,0.0017006803,0.0136054422,0.0
221,data/images/quantifier/test_221.png,19,0.0051020408,0.5595238095,0.1139455782,0.2823129252,0.0238095238,0.0,0.0017006803,0.0136054422,0.0
222,data/images/quantifier/test_222.png,19,0.0051020408,0.5595238095,0.1139455782,0.2823129252,0.0238095238,0.0,0.0017006803,0.0136054422,0.0
223,data/images/quantifier/test_223.png,19,0.0051020408,0.5595238095,0.1139455782,0.2823129252,0.0238095238,0.0,0.0017006803,0.0136054422,0.0
224,data/images/quantifier/test_224.png,19,0.0051020408,0.5595238095,0.1139455782,0.2823129252,0.0238095238,0.0,0.0017006803,0.0136054422,0.0
225,data/images/quantifier/test_225.png,19,0.0051020408,0.5595238095,0.1139455782,0.2823129252,0.0238095238,0.0,0.0017006803,0.0136054422,0.0
226,data/images/quantifier/test_226.png,19,0.0051020408,0.5595238095,0.1139455782,0.2823129252,0.0238095238,0.0,0.0017006803,0.0136054422,0.0
227,data/images/quantifier/test_227.png,19,0.0051020408,0.5595238095,0.1139455782,0.2823129252,0.0238095238,0.0,0.0017006803,0.0136054422,0.0
228,data/images/quantifier/test_228.png,19,0.0051020408,0.5595238095,0.1139455782,0.2823129252,0.0238095238,0.0,0.0017006803,0.0136054422,0.0
229,data/images/quantifier/test_229.png,19,0.0051020408,0.5595238095,0.1139455782,0.2823129252,0.0238095238,0.0,0.0017006803,0.0136054422,0.0
230,data/images/quantifier/test_230.png,19,0.0051020408,0.5595238095,0.1139455782,0.2823129252,0.0238095238,0.0,0.0017006803,0.0136054422,0.0
231,data/images/quantifier/test_231.png,19,0.0051020408,0.5595238095,0.1139455782,0.2823129252,0.0238095238,0.0,0.0017006803,0.0136054422,0.0
232,data/images/quantifier/test_232.png,19,0.0051020408,0.5595238095,0.1139455782,0.2823129252,0.0238095238,0.0,0.0017006803,0.0136054422,0.0
233,data/images/quantifier/test_233.png,19,0.0051020408,0.5595238095,0.1139455782,0.2823129252,0.0238095238,0.0,0.0017006803,0.0136054422,0.0
234,data/images/quantifier/test_234.png,19,0.0051020408,0.5595238095,0.1139455782,0.2823129252,0.0238095238,0.0,0.0017006803,0.0136054422,0.0
235,data/images/quantifier/test_235.png,19,0.0051020408,0.5595238095,0.1139455782,0.2823129252,0.0238095238,0.0,0.0017006803,0.0136054422,0.0
236,data/images/quantifier/test_236.png,19,0.0051020408,0.5595238095,0.1139455782,0.2823129252,0.0238095238,0.0,0.0017006803,0.0136054422,0.0
237,data/images/quantifier/test_237.png,19,0.0051020408,0.5595238095,0.1139455782,0.2823129252,0.0238095238,0.0,0.0017006803,0.0136054422,0.0
238,data/images/quantifier/test_238.png,19,0.0051020408,0.5595238095,0.1139455782,0.2823129252,0.0238095238,0.0,0.0017006803,0.0136054422,0.0
239,data/images/quantifier/test_239.png,19,0.0051020408,0.5595238095,0.1139455782,0.2823129252,0.0238095238,0.0,0.0017006803,0.0136054422,0.0
240,data/images/quantifier/test_240.png,19,0.0051020408,0.5595238095,0.1139455782,0.2823129252,0.0238095238,0.0,0.0017006803,0.0136054422,0.0
241,data/images/quantifier/test_241.png,19,0.0051020408,0.5595238095,0.1139455782,0.2823129252,0.0238095238,0.0,0.0017006803,0.0136054422,0.0
242,data/images/quantifier/test_242.png,19,0.0051020408,0.5595238095,0.1139455782,0.2823129252,0.0238095238,0.0,0.0017006803,0.0136054422,0.0
243,data/images/quantifier/test_243.png,19,0.0051020408,0.5595238095,0.1139455782,0.2823129252,0.0238095238,0.0,0.0017006803,0.0136054422,0.0
244,data/images/quantifier/test_244.png,19,0.0051020408,0.5595238095,0.1139455782,0.2823129252,0.0238095238,0.0,0.0017006803,0.0136054422,0.0
245,data/images/quantifier/test_245.png,19,0.0051020408,0.5595238095,0.1139455782,0.2823129252,0.0238095238,0.0,0.0017006803,0.0136054422,0.0
246,data/images/quantifier/test_246.png,19,0.0051020408,0.5595238095,0.1139455782,0.2823129252,0.0238095238,0.0,0.0017006803,0.0136054422,0.0
247,data/images/quantifier/test_247.png,19,0.0051020408,0.5595238095,0.1139455782,0.2823129252,0.0238095238,0.0,0.0017006803,0.0136054422,0.0
248,data/images/quantifier/test_248.png,19,0.0051020408,0.5595238095,0.1139455782,0.2823129252,0.0238095238,0.0,0.0017006803,0.0136054422,0.0
249,data/images/quantifier/test_249.png,19,0.0051020408,0.5595238095,0.1139455782,0.2823129252,0.0238095238,0.0,0.0017006803,0.0136054422,0.0
250,data/images/quantifier/test_250.png,19,0.0051020408,0.5595238095,0.1139455782,0.2823129252,0.0238095238,0.0,0.0017006803,0.0136054422,0.0
251,data/images/quantifier/test_251.png,19,0.0051020408,0.5595238095,0.1139455782,0.2823129252,0.0238095238,0.0,0.0017006803,0.0136054422,0.0
252,data/images/quantifier/test_252.png,19,0.0051020408,0.5595238095,0.1139455782,0.2823129252,0.0238095238,0.0,0.0017006803,0.0136054422,0.0
253,data/images/quantifier/test_253.png,19,0.0051020408,0.5595238095,0.1139455782,0.2823129252,0.0238095238,0.0,0.0017006803,0.0136054422,0.0
254,data/images/quantifier/test_254.png,19,0.0051020408,0.5595238095,0.1139455782,0.2823129252,0.0238095238,0.0,0.0017006803,0.0136054422,0.0
255,data/images/quantifier/test_255.png,19,0.0051020408,0.5595238095,0.1139455782,0.2823129252,0.0238095238,0.0,0.0017006803,0.0136054422,0.0
256,data/images/quantifier/test_256.png,19,0.0051020408,0.5595238095,0.1139455782,0.2823129252,0.0238095238,0.0,0.0017006803,0.0136054422,0.0
257,data/images/quantifier/test_257.png,19,0.0051020408,0.5595238095,0.1139455782,0.2823129252,0.0238095238,0.0,0.0017006803,0.0136054422,0.0
258,data/images/quantifier/test_258.png,19,0.0051020408,0.5595238095,0.1139455782,0.2823129252,0.0238095238,0.0,0.0017006803,0.0136054422,0.0
259,data/images/quantifier/test_259.png,19,0.0051020408,0.5595238095,0.1139455782,0.2823129252,0.0238095238,0.0,0.0017006803,0.0136054422,0.0
260,data/images/quantifier/test_260.png,19,0.0051020408,0.5595238095,0.1139455782,0.2823129252,0.0238095238,0.0,0.0017006803,0.0136054422,0.0
261,data/images/quantifier/test_261.png,19,0.0051020408,0.5595238095,0.1139455782,0.2823129252,0.0238095238,0.0,0.0017006803,0.0136054422,0.0
262,data/images/quantifier/test_262.png,19,0.0051020408,0.5595238095,0.1139455782,0.2823129252,0.0238095238,0.0,0.0017006803,0.0136054422,0.0
263,data/images/quantifier/test_263.png,19,0.0051020408,0.5595238095,0.1139455782,0.2823129252,0.0238095238,0.0,0.0017006803,0.0136054422,0.0
264,data/images/quantifier/test_264.png,19,0.0051020408,0.5595238095,0.1139455782,0.2823129252,0.0238095238,0.0,0.0017006803,0.0136054422,0.0
265,data/images/quantifier/test_265.png,19,0.0051020408,0.5595238095,0.1139455782,0.2823129252,0.0238095238,0.0,0.0017006803,0.0136054422,0.0
266,data/images/quantifier/test_266.png,19,0.0051020408,0.5595238095,0.1139455782,0.2823129252,0.0238095238,0.0,0.0017006803,0.0136054422,0.0
267,data/images/quantifier/test_267.png,19,0.0051020408,0.5595238095,0.1139455782,0.2823129252,0.0238095238,0.0,0.0017006803,0.0136054422,0.0
268,data/images/quantifier/test_268.png,19,0.0051020408,0.5595238095,0.1139455782,0.2823129252,0.0238095238,0.0,0.0017006803,0.0136054422,0.0
269,data/images/quantifier/test_269.png,19,0.0051020408,0.5595238095,0.1139455782,0.2823129252,0.0238095238,0.0,0.0017006803,0.0136054422,0.0
270,data/images/quantifier/test_270.png,19,0.0051020408,0.5595238095,0.1139455782,0.2823129252,0.0238095238,0.0,0.0017006803,0.0136054422,0.0
271,data/images/quantifier/test_271.png,19,0.0051020408,0.5595238095,0.1139455782,0.2823129252,0.0238095238,0.0,0.0017006803,0.0136054422,0.0
272,data/images/quantifier/test_272.png,19,0.0051020408,0.5595238095,0.1139455782,0.2823129252,0.0238095238,0.0,0.0017006803,0.0136054422,0.0
273,data/images/quantifier/test_273.png,19,0.0051020408,0.5595238095,0.1139455782,0.2823129252,0.0238095238,0.0,0.0017006803,0.0136054422,0.0
274,data/images/quantifier/test_274.png,19,0.0051020408,0.5595238095,0.1139455782,0.2823129252,0.0238095238,0.0,0.0017006803,0.0136054422,0.0
275,data/images/quantifier/test_275.png,19,0.0051020408,0.5595238095,0.1139455782,0.2823129252,0.0238095238,0.0,0.0017006803,0.0136054422,0.0
276,data/images/quantifier/test_276.png,19,0.0051020408,0.5595238095,0.1139455782,0.2823129252,0.0238095238,0.0,0.0017006803,0.0136054422,0.0
277,data/images/quantifier/test_277.png,19,0.0051020408,0.5595238095,0.1139455782,0.2823129252,0.0238095238,0.0,0.0017006803,0.0136054422,0.0
278,data/images/quantifier/test_278.png,19,0.0051020408,0.5595238095,0.1139455782,0.2823129252,0.0238095238,0.0,0.0017006803,0.0136054422,0.0
279,data/images/quantifier/test_279.png,19,0.0051020408,0.5595238095,0.1139455782,0.2823129252,0.0238095238,0.0,0.0017006803,0.0136054422,0.0
280,data/images/quantifier/test_280.png,19,0.0051020408,0.5595238095,0.1139455782,0.2823129252,0.0238095238,0.0,0.0017006803,0.0136054422,0.0
281,data/images/quantifier/test_281.png,19,0.0051020408,0.5595238095,0.1139455782,0.2823129252,0.0238095238,0.0,0.0017006803,0.0136054422,0.0
282,data/images/quantifier/test_282.png,19,0.0051020408,0.5595238095,0.1139455782,0.2823129252,0.0238095238,0.0,0.0017006803,0.0136054422,0.0
283,data/images/quantifier/test_283.png,19,0.0051020408,0.5595238095,0.1139455782,0.2823129252,0.0238095238,0.0,0.0017006803,0.0136054422,0.0
284,data/images/quantifier/test_284.png,19,0.0051020408,0.5595238095,0.1139455782,0.2823129252,0.0238095238,0.0,0.0017006803,0.0136054422,0.0
285,data/images/quantifier/test_285.png,19,0.0051020408,0.5595238095,0.1139455782,0.2823129252,0.0238095238,0.0,0.0017006803,0.0136054422,0.0
286,data/images/quantifier/test_286.png,19,0.0051020408,0.5595238095,0.1139455782,0.2823129252,0.0238095238,0.0,0.0017006803,0.0136054422,0.0
287,data/images/quantifier/test_287.png,19,0.0051020408,0.5595238095,0.1139455782,0.2823129252,0.0238095238,0.0,0.0017006803,0.0136054422,0.0
288,data/images/quantifier/test_288.png,19,0.0051020408,0.5595238095,0.1139455782,0.2823129252,0.0238095238,0.0,0.0017006803,0.0136054422,0.0
289,data/images/quantifier/test_289.png,19,0.0051020408,0.5595238095,0.1139455782,0.2823129252,0.0238095238,0.0,0.0017006803,0.0136054422,0.0
290,data/images/quantifier/test_290.png,19,0.0051020408,0.5595238095,0.1139455782,0.2823129252,0.0238095238,0.0,0.0017006803,0.0136054422,0.0
291,data/images/quantifier/test_291.png,19,0.0051020408,0.5595238095,0.1139455782,0.2823129252,0.0238095238,0.0,0.0017006803,0.0136054422,0.0
292,data/images/quantifier/test_292.png,19,0.0051020408,0.5595238095,0.1139455782,0.2823129252,0.0238095238,0.0,0.0017006803,0.0136054422,0.0
293,data/images/quantifier/test_293.png,19,0.0051020408,0.5595238095,0.1139455782,0.2823129252,0.0238095238,0.0,0.0017006803,0.0136054422,0.0
294,data/images/quantifier/test_294.png,19,0.0051020408,0.5595238095,0.1139455782,0.2823129252,0.0238095238,0.0,0.0017006803,0.0136054422,0.0
295,data/images/quantifier/test_295.png,19,0.0051020408,0.5595238095,0.1139455782,0.2823129252,0.0238095238,0.0,0.0017006803,0.0136054422,0.0
296,data/images/quantifier/test_296.png,19,0.0051020408,0.5595238095,0.1139455782,0.2823129252,0.0238095238,0.0,0.0017006803,0.0136054422,0.0
297,data/images/quantifier/test_297.png,19,0.0051020408,0.5595238095,0.1139455782,0.2823129252,0.0238095238,0.0,0.0017006803,0.0136054422,0.0
298,data/images/quantifier/test_298.png,19,0.0051020408,0.5595238095,0.1139455782,0.2823129252,0.0238095238,0.0,0.0017006803,0.0136054422,0.0
299,data/images/quantifier/test_299.png,19,0.0051020408,0.5595238095,0.1139455782,0.2823129252,0.0238095238,0.0,0.0017006803,0.0136054422,0.0
300,data/images/quantifier/test_300.png,19,0.0051020408,0.5595238095,0.1139455782,0.2823129252,0.0238095238,0.0,0.0017006803,0.0136054422,0.0
301,data/images/quantifier/test_301.png,19,0.0051020408,0.5595238095,0.1139455782,0.2823129252,0.0238095238,0.0,0.0017006803,0.0136054422,0.0
302,data/images/quantifier/test_302.png,19,0.0051020408,0.5595238095,0.1139455782,0.2823129252,0.0238095238,0.0,0.0017006803,0.0136054422,0.0
303,data/images/quantifier/test_303.png,19,0.0051020408,0.5595238095,0.1139455782,0.2823129252,0.0238095238,0.0,0.0017006803,0.0136054422,0.0
304,data/images/quantifier/test_304.png,19,0.0051020408,0.5595238095,0.1139455782,0.2823129252,0.0238095238,0.0,0.0017006803,0.0136054422,0.0
305,data/images/quantifier/test_305.png,19,0.0051020408,0.5595238095,0.1139455782,0.2823129252,0.0238095238,0.0,0.0017006803,0.0136054422,0.0
306,data/images/quantifier/test_306.png,19,0.0051020408,0.5595238095,0.1139455782,0.2823129252,0.0238095238,0.0,0.0017006803,0.0136054422,0.0
307,data/images/quantifier/test_307.png,19,0.0051020408,0.5595238095,0.1139455782,0.2823129252,0.0238095238,0.0,0.0017006803,0.0136054422,0.0
308,data/images/quantifier/test_308.png,19,0.0051020408,0.5595238095,0.1139455782,0.2823129252,0.0238095238,0.0,0.0017006803,0.0136054422,0.0
309,data/images/quantifier/test_309.png,19,0.0051020408,0.5595238095,0.1139455782,0.2823129252,0.0238095238,0.0,0.0017006803,0.0136054422,0.0
310,data/images/quantifier/test_310.png,19,0.0051020408,0.5595238095,0.1139455782,0.2823129252,0.0238095238,0.0,0.0017006803,0.0136054422,0.0
311,data/images/quantifier/test_311.png,19,0.0051020408,0.5595238095,0.1139455782,0.2823129252,0.0238095238,0.0,0.0017006803,0.0136054422,0.0
312,data/images/quantifier/test_312.png,19,0.0051020408,0.5595238095,0.1139455782,0.2823129252,0.0238095238,0.0,0.0017006803,0.0136054422,0.0
313,data/images/quantifier/test_313.png,19,0.0051020408,0.5595238095,0.1139455782,0.2823129252,0.0238095238,0.0,0.0017006803,0.0136054422,0.0
314,data/images/quantifier/test_314.png,19,0.0051020408,0.5595238095,0.1139455782,0.2823129252,0.0238095238,0.0,0.0017006803,0.0136054422,0.0
315,data/images/quantifier/test_315.png,19,0.0051020408,0.5595238095,0.1139455782,0.2823129252,0.0238095238,0.0,0.0017006803,0.0136054422,0.0
316,data/images/quantifier/test_316.png,19,0.0051020408,0.5595238095,0.1139455782,0.2823129252,0.0238095238,0.0,0.0017006803,0.0136054422,0.0
317,data/images/quantifier/test_317.png,19,0.0051020408,0.5595238095,0.1139455782,0.2823129252,0.0238095238,0.0,0.0017006803,0.0136054422,0.0
318,data/images/quantifier/test_318.png,19,0.0051020408,0.5595238095,0.1139455782,0.2823129252,0.0238095238,0.0,0.0017006803,0.0136054422,0.0
319,data/images/quantifier/test_319.png,19,0.0051020408,0.5595238095,0.1139455782,0.2823129252,0.0238095238,0.0,0.0017006803,0.0136054422,0.0
320,data/images/quantifier/test_320.png,19,0.0051020408,0.5595238095,0.1139455782,0.2823129252,0.0238095238,0.0,0.0017006803,0.0136054422,0.0
321,data/images/quantifier/test_321.png,19,0.0051020408,0.5595238095,0.1139455782,0.2823129252,0.0238095238,0.0,0.0017006803,0.0136054422,0.0
322,data/images/quantifier/test_322.png,19,0.0051020408,0.5595238095,0.1139455782,0.2823129252,0.0238095238,0.0,0.0017006803,0.0136054422,0.0
323,data/images/quantifier/test_323.png,19,0.0051020408,0.5595238095,0.1139455782,0.2823129252,0.0238095238,0.0,0.0017006803,0.0136054422,0.0
324,data/images/quantifier/test_324.png,19,0.0051020408,0.5595238095,0.1139455782,0.2823129252,0.0238095238,0.0,0.0017006803,0.0136054422,0.0
325,data/images/quantifier/test_325.png,19,0.0051020408,0.5595238095,0.1139455782,0.2823129252,0.0238095238,0.0,0.0017006803,0.0136054422,0.0
326,data/images/quantifier/test_326.png,19,0.0051020408,0.5595238095,0.1139455782,0.2823129252,0.0238095238,0.0,0.0017006803,0.0136054422,0.0
327,data/images/quantifier/test_327.png,19,0.0051020408,0.5595238095,0.1139455782,0.2823129252,0.0238095238,0.0,0.0017006803,0.0136054422,0.0
328,data/images/quantifier/test_328.png,19,0.0051020408,0.5595238095,0.1139455782,0.2823129252,0.0238095238,0.0,0.0017006803,0.0136054422,0.0
329,data/images/quantifier/test_329.png,19,0.0051020408,0.5595238095,0.1139455782,0.2823129252,0.0238095238,0.0,0.0017006803,0.0136054422,0.0
330,data/images/quantifier/test_330.png,19,0.0051020408,0.5595238095,0.1139455782,0.2823129252,0.0238095238,0.0,0.0017006803,0.0136054422,0.0
331,data/images/quantifier/test_331.png,19,0.0051020408,0.5595238095,0.1139455782,0.2823129252,0.0238095238,0.0,0.0017006803,0.0136054422,0.0
332,data/images/quantifier/test_332.png,19,0.0051020408,0.5595238095,0.1139455782,0.2823129252,0.0238095238,0.0,0.0017006803,0.0136054422,0.0
333,data/images/quantifier/test_333.png,19,0.0051020408,0.5595238095,0.1139455782,0.2823129252,0.0238095238,0.0,0.0017006803,0.0136054422,0.0
334,data/images/quantifier/test_334.png,19,0.0051020408,0.5595238095,0.1139455782,0.2823129252,0.0238095238,0.0,0.0017006803,0.0136054422,0.0
335,data/images/quantifier/test_335.png,19,0.0051020408,0.5595238095,0.1139455782,0.2823129252,0.0238095238,0.0,0.0017006803,0.0136054422,0.0
336,data/images/quantifier/test_336.png,19,0.0051020408,0.5595238095,0.1139455782,0.2823129252,0.0238095238,0.0,0.0017006803,0.0136054422,0.0
337,data/images/quantifier/test_337.png,19,0.0051020408,0.5595238095,0.1139455782,0.2823129252,0.0238095238,0.0,0.0017006803,0.0136054422,0.0
338,data/images/quantifier/test_338.png,19,0.0051020408,0.5595238095,0.1139455782,0.2823129252,0.0238095238,0.0,0.0017006803,0.0136054422,0.0
339,data/images/quantifier/test_339.png,19,0.0051020408,0.5595238095,0.1139455782,0.2823129252,0.0238095238,0.0,0.0017006803,0.0136054422,0.0
340,data/images/quantifier/test_340.png,19,0.0051020408,0.5595238095,0.1139455782,0.2823129252,0.0238095238,0.0,0.0017006803,0.0136054422,0.0
341,data/images/quantifier/test_341.png,19,0.0051020408,0.5595238095,0.1139455782,0.2823129252,0.0238095238,0.0,0.0017006803,0.0136054422,0.0
342,data/images/quantifier/test_342.png,19,0.0051020408,0.5595238095,0.1139455782,0.2823129252,0.0238095238,0.0,0.0017006803,0.0136054422,0.0
343,data/images/quantifier/test_343.png,19,0.0051020408,0.5595238095,0.1139455782,0.2823129252,0.0238095238,0.0,0.0017006803,0.0136054422,0.0
344,data/images/quantifier/test_344.png,19,0.0051020408,0.5595238095,0.1139455782,0.2823129252,0.0238095238,0.0,0.0017006803,0.0136054422,0.0
345,data/images/quantifier/test_345.png,19,0.0051020408,0.5595238095,0.1139455782,0.2823129252,0.0238095238,0.0,0.0017006803,0.0136054422,0.0
346,data/images/quantifier/test_346.png,19,0.0051020408,0.5595238095,0.1139455782,0.2823129252,0.0238095238,0.0,0.0017006803,0.0136054422,0.0
347,data/images/quantifier/test_347.png,19,0.0051020408,0.5595238095,0.1139455782,0.2823129252,0.0238095238,0.0,0.0017006803,0.0136054422,0.0
348,data/images/quantifier/test_348.png,19,0.0051020408,0.5595238095,0.1139455782,0.2823129252,0.0238095238,0.0,0.0017006803,0.0136054422,0.0
349,data/images/quantifier/test_349.png,19,0.0051020408,0.5595238095,0.1139455782,0.2823129252,0.0238095238,0.0,0.0017006803,0.0136054422,0.0
350,data/images/quantifier/test_350.png,19,0.0051020408,0.5595238095,0.1139455782,0.2823129252,0.0238095238,0.0,0.0017006803,0.0136054422,0.0
351,data/images/quantifier/test_351.png,19,0.0051020408,0.5595238095,0.1139455782,0.2823129252,0.0238095238,0.0,0.0017006803,0.0136054422,0.0
352,data/images/quantifier/test_352.png,19,0.0051020408,0.5595238095,0.1139455782,0.2823129252,0.0238095238,0.0,0.0017006803,0.0136054422,0.0
353,data/images/quantifier/test_353.png,19,0.0051020408,0.5595238095,0.1139455782,0.2823129252,0.0238095238,0.0,0.0017006803,0.0136054422,0.0
354,data/images/quantifier/test_354.png,19,0.0051020408,0.5595238095,0.1139455782,0.2823129252,0.0238095238,0.0,0.0017006803,0.0136054422,0.0
355,data/images/quantifier/test_355.png,19,0.0051020408,0.5595238095,0.1139455782,0.2823129252,0.0238095238,0.0,0.0017006803,0.0136054422,0.0
356,data/images/quantifier/test_356.png,19,0.0051020408,0.5595238095,0.1139455782,0.2823129252,0.0238095238,0.0,0.0017006803,0.0136054422,0.0
357,data/images/quantifier/test_357.png,19,0.0051020408,0.5595238095,0.1139455782,0.2823129252,0.0238095238,0.0,0.0017006803,0.0136054422,0.0
358,data/images/quantifier/test_358.png,19,0.0051020408,0.5595238095,0.1139455782,0.2823129252,0.0238095238,0.0,0.0017006803,0.0136054422,0.0
359,data/images/quantifier/test_359.png,19,0.0051020408,0.5595238095,0.1139455782,0.2823129252,0.0238095238,0.0,0.0017006803,0.0136054422,0.0
360,data/images/quantifier/test_360.png,19,0.0051020408,0.5595238095,0.1139455782,0.2823129252,0.0238095238,0.0,0.0017006803,0.0136054422,0.0
361,data/images/quantifier/test_361.png,19,0.0051020408,0.5595238095,0.1139455782,0.2823129252,0.0238095238,0.0,0.0017006803,0.0136054422,0.0
362,data/images/quantifier/test_362.png,19,0.0051020408,0.5595238095,0.1139455782,0.2823129252,0.0238095238,0.0,0.0017006803,0.0136054422,0.0
363,data/images/quantifier/test_363.png,19,0.0051020408,0.5595238095,0.1139455782,0.2823129252,0.0238095238,0.0,0.0017006803,0.0136054422,0.0
364,data/images/quantifier/test_364.png,19,0.0051020408,0.5595238095,0.1139455782,0.2823129252,0.0238095238,0.0,0.0017006803,0.0136054422,0.0
365,data/images/quantifier/test_365.png,19,0.0051020408,0.5595238095,0.1139455782,0.2823129252,0.0238095238,0.0,0.0017006803,0.0136054422,0.0
366,data/images/quantifier/test_366.png,19,0.0051020408,0.5595238095,0.1139455782,0.2823129252,0.0238095238,0.0,0.0017006803,0.0136054422,0.0
367,data/images/quantifier/test_367.png,19,0.0051020408,0.5595238095,0.1139455782,0.2823129252,0.0238095238,0.0,0.0017006803,0.0136054422,0.0
368,data/images/quantifier/test_368.png,19,0.0051020408,0.5595238095,0.1139455782,0.2823129252,0.0238095238,0.0,0.0017006803,0.0136054422,0.0
369,data/images/quantifier/test_369.png,19,0.0051020408,0.5595238095,0.1139455782,0.2823129252,0.0238095238,0.0,0.0017006803,0.0136054422,0.0
370,data/images/quantifier/test_370.png,19,0.0051020408,0.5595238095,0.1139455782,0.2823129252,0.0238095238,0.0,0.0017006803,0.0136054422,0.0
371,data/images/quantifier/test_371.png,19,0.0051020408,0.5595238095,0.1139455782,0.2823129252,0.0238095238,0.0,0.0017006803,0.0136054422,0.0
372,data/images/quantifier/test_372.png,19,0.0051020408,0.5595238095,0.1139455782,0.2823129252,0.0238095238,0.0,0.0017006803,0.0136054422,0.0
373,data/images/quantifier/test_373.png,19,0.0051020408,0.5595238095,0.1139455782,0.2823129252,0.0238095238,0.0,0.0017006803,0.0136054422,0.0
374,data/images/quantifier/test_374.png,19,0.0051020408,0.5595238095,0.1139455782,0.2823129252,0.0238095238,0.0,0.0017006803,0.0136054422,0.0
375,data/images/quantifier/test_375.png,19,0.0051020408,0.5595238095,0.1139455782,0.2823129252,0.0238095238,0.0,0.0017006803,0.0136054422,0.0
376,data/images/quantifier/test_376.png,19,0.0051020408,0.5595238095,0.1139455782,0.2823129252,0.0238095238,0.0,0.0017006803,0.0136054422,0.0
377,data/images/quantifier/test_377.png,19,0.0051020408,0.5595238095,0.1139455782,0.2823129252,0.0238095238,0.0,0.0017006803,0.0136054422,0.0
378,data/images/quantifier/test_378.png,19,0.0051020408,0.5595238095,0.1139455782,0.2823129252,0.0238095238,0.0,0.0017006803,0.0136054422,0.0
379,data/images/quantifier/test_379.png,19,0.0051020408,0.5595238095,0.1139455782,0.2823129252,0.0238095238,0.0,0.0017006803,0.0136054422,0.0
380,data/images/quantifier/test_380.png,19,0.0051020408,0.5595238095,0.1139455782,0.2823129252,0.0238095238,0.0,0.0017006803,0.0136054422,0.0
381,data/images/quantifier/test_381.png,19,0.0051020408,0.5595238095,0.1139455782,0.2823129252,0.0238095238,0.0,0.0017006803,0.0136054422,0.0
382,data/images/quantifier/test_382.png,19,0.0051020408,0.5595238095,0.1139455782,0.2823129252,0.0238095238,0.0,0.0017006803,0.0136054422,0.0
383,data/images/quantifier/test_383.png,19,0.0051020408,0.5595238095,0.1139455782,0.2823129252,0.0238095238,0.0,0.0017006803,0.0136054422,0.0
384,data/images/quantifier/test_384.png,19,0.0051020408,0.5595238095,0.1139455782,0.2823129252,0.0238095238,0.0,0.0017006803,0.0136054422,0.0
385,data/images/quantifier/test_385.png,19,0.0051020408,0.5595238095,0.1139455782,0.2823129252,0.0238095238,0.0,0.0017006803,0.0136054422,0.0
386,data/images/quantifier/test_386.png,19,0.0051020408,0.5595238095,0.1139455782,0.2823129252,0.0238095238,0.0,0.0017006803,0.0136054422,0.0
387,data/images/quantifier/test_387.png,19,0.0051020408,0.5595238095,0.1139455782,0.2823129252,0.0238095238,0.0,0.0017006803,0.0136054422,0.0
388,data/images/quantifier/test_388.png,19,0.0051020408,0.5595238095,0.1139455782,0.2823129252,0.0238095238,0.0,0.0017006803,0.0136054422,0.0
389,data/images/quantifier/test_389.png,19,0.0051020408,0.5595238095,0.1139455782,0.2823129252,0.0238095238,0.0,0.0017006803,0.0136054422,0.0
390,data/images/quantifier/test_390.png,19,0.0051020408,0.5595238095,0.1139455782,0.2823129252,0.0238095238,0.0,0.0017006803,0.0136054422,0.0
391,data/images/quantifier/test_391.png,19,0.0051020408,0.5595238095,0.1139455782,0.2823129252,0.0238095238,0.0,0.0017006803,0.0136054422,0.0
392,data/images/quantifier/test_392.png,19,0.0051020408,0.5595238095,0.1139455782,0.2823129252,0.0238095238,0.0,0.0017006803,0.0136054422,0.0
393,data/images/quantifier/test_393.png,19,0.0051020408,0.5595238095,0.1139455782,0.2823129252,0.0238095238,0.0,0.0017006803,0.0136054422,0.0
394,data/images/quantifier/test_394.png,19,0.0051020408,0.5595238095,0.1139455782,0.2823129252,0.0238095238,0.0,0.0017006803,0.0136054422,0.0
395,data/images/quantifier/test_395.png,19,0.0051020408,0.5595238095,0.1139455782,0.2823129252,0.0238095238,0.0,0.0017006803,0.0136054422,0.0
396,data/images/quantifier/test_396.png,19,0.0051020408,0.5595238095,0.1139455782,0.2823129252,0.0238095238,0.0,0.0017006803,0.0136054422,0.0
397,data/images/quantifier/test_397.png,19,0.0051020408,0.5595238095,0.1139455782,0.2823129252,0.0238095238,0.0,0.0017006803,0.0136054422,0.0
398,data/images/quantifier/test_398.png,19,0.0051020408,0.5595238095,0.1139455782,0.2823129252,0.0238095238,0.0,0.0017006803,0.0136054422,0.0
399,data/images/quantifier/test_399.png,19,0.0051020408,0.5595238095,0.1139455782,0.2823129252,0.0238095238,0.0,0.0017006803,0.0136054422,0.0
400,data/images/quantifier/test_400.png,15,0.0034542314,0.3195164076,0.2227979275,0.3730569948,0.0759930915,0.0,0.0,0.0051813472,0.0
401,data/images/quantifier/test_401.png,15,0.0034542314,0.3195164076,0.2227979275,0.3730569948,0.0759930915,0.0,0.0,0.0051813472,0.0
402,data/images/quantifier/test_402.png,15,0.0034542314,0.3195164076,0.2227979275,0.3730569948,0.0759930915,0.0,0.0,0.0051813472,0.0
403,data/images/quantifier/test_403.png,15,0.0034542314,0.3195164076,0.2227979275,0.3730569948,0.0759930915,0.0,0.0,0.0051813472,0.0
404,data/images/quantifier/test_404.png,15,0.0034542314,0.3195164076,0.2227979275,0.3730569948,0.0759930915,0.0,0.0,0.0051813472,0.0
405,data/images/quantifier/test_405.png,15,0.0034542314,0.3195164076,0.2227979275,0.3730569948,0.0759930915,0.0,0.0,0.0051813472,0.0
406,data/images/quantifier/test_406.png,15,0.0034542314,0.3195164076,0.2227979275,0.3730569948,0.0759930915,0.0,0.0,0.0051813472,0.0
407,data/images/quantifier/test_407.png,15,0.0034542314,0.3195164076,0.2227979275,0.3730569948,0.0759930915,0.0,0.0,0.0051813472,0.0
408,data/images/quantifier/test_408.png,15,0.0034542314,0.3195164076,0.2227979275,0.3730569948,0.0759930915,0.0,0.0,0.0051813472,0.0
409,data/images/quantifier/test_409.png,15,0.0034542314,0.3195164076,0.2227979275,0.3730569948,0.0759930915,0.0,0.0,0.0051813472,0.0
410,data/images/quantifier/test_410.png,15,0.0034542314,0.3195164076,0.2227979275,0.3730569948,0.0759930915,0.0,0.0,0.0051813472,0.0
411,data/images/quantifier/test_411.png,15,0.0034542314,0.3195164076,0.2227979275,0.3730569948,0.0759930915,0.0,0.0,0.0051813472,0.0
412,data/images/quantifier/test_412.png,15,0.0034542314,0.3195164076,0.2227979275,0.3730569948,0.0759930915,0.0,0.0,0.0051813472,0.0
413,data/images/quantifier/test_413.png,15,0.0034542314,0.3195164076,0.2227979275,0.3730569948,0.0759930915,0.0,0.0,0.0051813472,0.0
414,data/images/quantifier/test_414.png,15,0.0034542314,0.3195164076,0.2227979275,0.3730569948,0.0759930915,0.0,0.0,0.0051813472,0.0
415,data/images/quantifier/test_415.png,15,0.0034542314,0.3195164076,0.2227979275,0.3730569948,0.0759930915,0.0,0.0,0.0051813472,0.0
416,data/images/quantifier/test_416.png,15,0.0034542314,0.3195164076,0.2227979275,0.3730569948,0.0759930915,0.0,0.0,0.0051813472,0.0
417,data/images/quantifier/test_417.png,15,0.0034542314,0.3195164076,0.2227979275,0.3730569948,0.0759930915,0.0,0.0,0.0051813472,0.0
418,data/images/quantifier/test_418.png,15,0.0034542314,0.3195164076,0.2227979275,0.3730569948,0.0759930915,0.0,0.0,0.0051813472,0.0
419,data/images/quantifier/test_419.png,15,0.0034542314,0.3195164076,0.2227979275,0.3730569948,0.0759930915,0.0,0.0,0.0051813472,0.0
420,data/images/quantifier/test_420.png,15,0.0034542314,0.3195164076,0.2227979275,0.3730569948,0.0759930915,0.0,0.0,0.0051813472,0.0
421,data/images/quantifier/test_421.png,15,0.0034542314,0.3195164076,0.2227979275,0.3730569948,0.0759930915,0.0,0.0,0.0051813472,0.0
422,data/images/quantifier/test_422.png,15,0.0034542314,0.3195164076,0.2227979275,0.3730569948,0.0759930915,0.0,0.0,0.0051813472,0.0
423,data/images/quantifier/test_423.png,15,0.0034542314,0.3195164076,0.2227979275,0.3730569948,0.0759930915,0.0,0.0,0.0051813472,0.0
424,data/images/quantifier/test_424.png,15,0.0034542314,0.3195164076,0.2227979275,0.3730569948,0.0759930915,0.0,0.0,0.0051813472,0.0
425,data/images/quantifier/test_425.png,15,0.0034542314,0.3195164076,0.2227979275,0.3730569948,0.0759930915,0.0,0.0,0.0051813472,0.0
426,data/images/quantifier/test_426.png,15,0.0034542314,0.3195164076,0.2227979275,0.3730569948,0.0759930915,0.0,0.0,0.0051813472,0.0
427,data/images/quantifier/test_427.png,15,0.0034542314,0.3195164076,0.2227979275,0.3730569948,0.0759930915,0.0,0.0,0.0051813472,0.0
428,data/images/quantifier/test_428.png,15,0.0034542314,0.3195164076,0.2227979275,0.3730569948,0.0759930915,0.0,0.0,0.0051813472,0.0
429,data/images/quantifier/test_429.png,15,0.0034542314,0.3195164076,0.2227979275,0.3730569948,0.0759930915,0.0,0.0,0.0051813472,0.0
430,data/images/quantifier/test_430.png,15,0.0034542314,0.3195164076,0.2227979275,0.3730569948,0.0759930915,0.0,0.0,0.0051813472,0.0
431,data/images/quantifier/test_431.png,15,0.0034542314,0.3195164076,0.2227979275,0.3730569948,0.0759930915,0.0,0.0,0.0051813472,0.0
432,data/images/quantifier/test_432.png,15,0.0034542314,0.3195164076,0.2227979275,0.3730569948,0.0759930915,0.0,0.0,0.0051813472,0.0
433,data/images/quantifier/test_433.png,15,0.0034542314,0.3195164076,0.2227979275,0.3730569948,0.0759930915,0.0,0.0,0.0051813472,0.0
434,data/images/quantifier/test_434.png,15,0.0034542314,0.3195164076,0.2227979275,0.3730569948,0.0759930915,0.0,0.0,0.0051813472,0.0
435,data/images/quantifier/test_435.png,15,0.0034542314,0.3195164076,0.2227979275,0.3730569948,0.0759930915,0.0,0.0,0.0051813472,0.0
436,data/images/quantifier/test_436.png,15,0.0034542314,0.3195164076,0.2227979275,0.3730569948,0.0759930915,0.0,0.0,0.0051813472,0.0
437,data/images/quantifier/test_437.png,15,0.0034542314,0.3195164076,0.2227979275,0.3730569948,0.0759930915,0.0,0.0,0.0051813472,0.0
438,data/images/quantifier/test_438.png,15,0.0034542314,0.3195164076,0.2227979275,0.3730569948,0.0759930915,0.0,0.0,0.0051813472,0.0
439,data/images/quantifier/test_439.png,15,0.0034542314,0.3195164076,0.2227979275,0.3730569948,0.0759930915,0.0,0.0,0.0051813472,0.0
440,data/images/quantifier/test_440.png,15,0.0034542314,0.3195164076,0.2227979275,0.3730569948,0.0759930915,0.0,0.0,0.0051813472,0.0
441,data/images/quantifier/test_441.png,15,0.0034542314,0.3195164076,0.2227979275,0.3730569948,0.0759930915,0.0,0.0,0.0051813472,0.0
442,data/images/quantifier/test_442.png,15,0.0034542314,0.3195164076,0.2227979275,0.3730569948,0.0759930915,0.0,0.0,0.0051813472,0.0
443,data/images/quantifier/test_443.png,15,0.0034542314,0.3195164076,0.2227979275,0.3730569948,0.0759930915,0.0,0.0,0.0051813472,0.0
444,data/images/quantifier/test_444.png,15,0.0034542314,0.3195164076,0.2227979275,0.3730569948,0.0759930915,0.0,0.0,0.0051813472,0.0
445,data/images/quantifier/test_445.png,15,0.0034542314,0.3195164076,0.2227979275,0.3730569948,0.0759930915,0.0,0.0,0.0051813472,0.0
446,data/images/quantifier/test_446.png,15,0.0034542314,0.3195164076,0.2227979275,0.3730569948,0.0759930915,0.0,0.0,0.0051813472,0.0
447,data/images/quantifier/test_447.png,15,0.0034542314,0.3195164076,0.2227979275,0.3730569948,0.0759930915,0.0,0.0,0.0051813472,0.0
448,data/images/quantifier/test_448.png,15,0.0034542314,0.3195164076,0.2227979275,0.3730569948,0.0759930915,0.0,0.0,0.0051813472,0.0
449,data/images/quantifier/test_449.png,15,0.0034542314,0.3195164076,0.2227979275,0.3730569948,0.0759930915,0.0,0.0,0.0051813472,0.0
450,data/images/quantifier/test_450.png,15,0.0034542314,0.3195164076,0.2227979275,0.3730569948,0.0759930915,0.0,0.0,0.0051813472,0.0
451,data/images/quantifier/test_451.png,15,0.0034542314,0.3195164076,0.2227979275,0.3730569948,0.0759930915,0.0,0.0,0.0051813472,0.0
452,data/images/quantifier/test_452.png,15,0.0034542314,0.3195164076,0.2227979275,0.3730569948,0.0759930915,0.0,0.0,0.0051813472,0.0
453,data/images/quantifier/test_453.png,15,0.0034542314,0.3195164076,0.2227979275,0.3730569948,0.0759930915,0.0,0.0,0.0051813472,0.0
454,data/images/quantifier/test_454.png,15,0.0034542314,0.3195164076,0.2227979275,0.3730569948,0.0759930915,0.0,0.0,0.0051813472,0.0
455,data/images/quantifier/test_455.png,15,0.0034542314,0.3195164076,0.2227979275,0.3730569948,0.0759930915,0.0,0.0,0.0051813472,0.0
456,data/images/quantifier/test_456.png,15,0.0034542314,0.3195164076,0.2227979275,0.3730569948,0.0759930915,0.0,0.0,0.0051813472,0.0
457,data/images/quantifier/test_457.png,15,0.0034542314,0.3195164076,0.2227979275,0.3730569948,0.0759930915,0.0,0.0,0.0051813472,0.0
458,data/images/quantifier/test_458.png,15,0.0034542314,0.3195164076,0.2227979275,0.3730569948,0.0759930915,0.0,0.0,0.0051813472,0.0
459,data/images/quantifier/test_459.png,15,0.0034542314,0.3195164076,0.2227979275,0.3730569948,0.0759930915,0.0,0.0,0.0051813472,0.0
460,data/images/quantifier/test_460.png,15,0.0034542314,0.3195164076,0.2227979275,0.3730569948,0.0759930915,0.0,0.0,0.0051813472,0.0
461,data/images/quantifier/test_461.png,15,0.0034542314,0.3195164076,0.2227979275,0.3730569948,0.0759930915,0.0,0.0,0.0051813472,0.0
462,data/images/quantifier/test_462.png,15,0.0034542314,0.3195164076,0.2227979275,0.3730569948,0.0759930915,0.0,0.0,0.0051813472,0.0
463,data/images/quantifier/test_463.png,15,0.0034542314,0.3195164076,0.2227979275,0.3730569948,0.0759930915,0.0,0.0,0.0051813472,0.0
464,data/images/quantifier/test_464.png,15,0.0034542314,0.3195164076,0.2227979275,0.3730569948,0.0759930915,0.0,0.0,0.0051813472,0.0
465,data/images/quantifier/test_465.png,15,0.0034542314,0.3195164076,0.2227979275,0.3730569948,0.0759930915,0.0,0.0,0.0051813472,0.0
466,data/images/quantifier/test_466.png,15,0.0034542314,0.3195164076,0.2227979275,0.3730569948,0.0759930915,0.0,0.0,0.0051813472,0.0
467,data/images/quantifier/test_467.png,15,0.0034542314,0.3195164076,0.2227979275,0.3730569948,0.0759930915,0.0,0.0,0.0051813472,0.0
468,data/images/quantifier/test_468.png,15,0.0034542314,0.3195164076,0.2227979275,0.3730569948,0.0759930915,0.0,0.0,0.0051813472,0.0
469,data/images/quantifier/test_469.png,15,0.0034542314,0.3195164076,0.2227979275,0.3730569948,0.0759930915,0.0,0.0,0.0051813472,0.0
470,data/images/quantifier/test_470.png,15,0.0034542314,0.3195164076,0.2227979275,0.3730569948,0.0759930915,0.0,0.0,0.0051813472,0.0
471,data/images/quantifier/test_471.png,15,0.0034542314,0.3195164076,0.2227979275,0.3730569948,0.0759930915,0.0,0.0,0.0051813472,0.0
472,data/images/quantifier/test_472.png,15,0.0034542314,0.3195164076,0.2227979275,0.3730569948,0.0759930915,0.0,0.0,0.0051813472,0.0
473,data/images/quantifier/test_473.png,15,0.0034542314,0.3195164076,0.2227979275,0.3730569948,0.0759930915,0.0,0.0,0.0051813472,0.0
474,data/images/quantifier/test_474.png,15,0.0034542314,0.3195164076,0.2227979275,0.3730569948,0.0759930915,0.0,0.0,0.0051813472,0.0
475,data/images/quantifier/test_475.png,15,0.0034542314,0.3195164076,0.2227979275,0.3730569948,0.0759930915,0.0,0.0,0.0051813472,0.0
476,data/images/quantifier/test_476.png,15,0.0034542314,0.3195164076,0.2227979275,0.3730569948,0.0759930915,0.0,0.0,0.0051813472,0.0
477,data/images/quantifier/test_477.png,15,0.0034542314,0.3195164076,0.2227979275,0.3730569948,0.0759930915,0.0,0.0,0.0051813472,0.0
478,data/images/quantifier/test_478.png,15,0.0034542314,0.3195164076,0.2227979275,0.3730569948,0.0759930915,0.0,0.0,0.0051813472,0.0
479,data/images/quantifier/test_479.png,15,0.0034542314,0.3195164076,0.2227979275,0.3730569948,0.0759930915,0.0,0.0,0.0051813472,0.0
480,data/images/quantifier/test_480.png,15,0.0034542314,0.3195164076,0.2227979275,0.3730569948,0.0759930915,0.0,0.0,0.0051813472,0.0
481,data/images/quantifier/test_481.png,15,0.0034542314,0.3195164076,0.2227979275,0.3730569948,0.0759930915,0.0,0.0,0.0051813472,0.0
482,data/images/quantifier/test_482.png,15,0.0034542314,0.3195164076,0.2227979275,0.3730569948,0.0759930915,0.0,0.0,0.0051813472,0.0
483,data/images/quantifier/test_483.png,15,0.0034542314,0.3195164076,0.2227979275,0.3730569948,0.0759930915,0.0,0.0,0.0051813472,0.0
484,data/images/quantifier/test_484.png,15,0.0034542314,0.3195164076,0.2227979275,0.3730569948,0.0759930915,0.0,0.0,0.0051813472,0.0
485,data/images/quantifier/test_485.png,15,0.0034542314,0.3195164076,0.2227979275,0.3730569948,0.0759930915,0.0,0.0,0.0051813472,0.0
486,data/images/quantifier/test_486.png,15,0.0034542314,0.3195164076,0.2227979275,0.3730569948,0.0759930915,0.0,0.0,0.0051813472,0.0
487,data/images/quantifier/test_487.png,15,0.0034542314,0.3195164076,0.2227979275,0.3730569948,0.0759930915,0.0,0.0,0.0051813472,0.0
488,data/images/quantifier/test_488.png,15,0.0034542314,0.3195164076,0.2227979275,0.3730569948,0.0759930915,0.0,0.0,0.0051813472,0.0
489,data/images/quantifier/test_489.png,15,0.0034542314,0.3195164076,0.2227979275,0.3730569948,0.0759930915,0.0,0.0,0.0051813472,0.0
490,data/images/quantifier/test_490.png,15,0.0034542314,0.3195164076,0.2227979275,0.3730569948,0.0759930915,0.0,0.0,0.0051813472,0.0
491,data/images/quantifier/test_491.png,15,0.0034542314,0.3195164076,0.2227979275,0.3730569948,0.0759930915,0.0,0.0,0.0051813472,0.0
492,data/images/quantifier/test_492.png,15,0.0034542314,0.3195164076,0.2227979275,0.3730569948,0.0759930915,0.0,0.0,0.0051813472,0.0
493,data/images/quantifier/test_493.png,15,0.0034542314,0.3195164076,0.2227979275,0.3730569948,0.0759930915,0.0,0.0,0.0051813472,0.0
494,data/images/quantifier/test_494.png,15,0.0034542314,0.3195164076,0.2227979275,0.3730569948,0.0759930915,0.0,0.0,0.0051813472,0.0
495,data/images/quantifier/test_495.png,15,0.0034542314,0.3195164076,0.2227979275,0.3730569948,0.0759930915,0.0,0.0,0.0051813472,0.0
496,data/images/quantifier/test_496.png,15,0.0034542314,0.3195164076,0.2227979275,0.3730569948,0.0759930915,0.0,0.0,0.0051813472,0.0
497,data/images/quantifier/test_497.png,15,0.0034542314,0.3195164076,0.2227979275,0.3730569948,0.0759930915,0.0,0.0,0.0051813472,0.0
498,data/images/quantifier/test_498.png,15,0.0034542314,0.3195164076,0.2227979275,0.3730569948,0.0759930915,0.0,0.0,0.0051813472,0.0
499,data/images/quantifier/test_499.png,15,0.0034542314,0.3195164076,0.2227979275,0.3730569948,0.0759930915,0.0,0.0,0.0051813472,0.0
500,data/images/quantifier/test_500.png,15,0.0034542314,0.3195164076,0.2227979275,0.3730569948,0.0759930915,0.0,0.0,0.0051813472,0.0
501,data/images/quantifier/test_501.png,15,0.0034542314,0.3195164076,0.2227979275,0.3730569948,0.0759930915,0.0,0.0,0.0051813472,0.0
502,data/images/quantifier/test_502.png,15,0.0034542314,0.3195164076,0.2227979275,0.3730569948,0.0759930915,0.0,0.0,0.0051813472,0.0
503,data/images/quantifier/test_503.png,15,0.0034542314,0.3195164076,0.2227979275,0.3730569948,0.0759930915,0.0,0.0,0.0051813472,0.0
504,data/images/quantifier/test_504.png,15,0.0034542314,0.3195164076,0.2227979275,0.3730569948,0.0759930915,0.0,0.0,0.0051813472,0.0
505,data/images/quantifier/test_505.png,15,0.0034542314,0.3195164076,0.2227979275,0.3730569948,0.0759930915,0.0,0.0,0.0051813472,0.0
506,data/images/quantifier/test_506.png,15,0.0034542314,0.3195164076,0.2227979275,0.3730569948,0.0759930915,0.0,0.0,0.0051813472,0.0
507,data/images/quantifier/test_507.png,15,0.0034542314,0.3195164076,0.2227979275,0.3730569948,0.0759930915,0.0,0.0,0.0051813472,0.0
508,data/images/quantifier/test_508.png,15,0.0034542314,0.3195164076,0.2227979275,0.3730569948,0.0759930915,0.0,0.0,0.0051813472,0.0
509,data/images/quantifier/test_509.png,15,0.0034542314,0.3195164076,0.2227979275,0.3730569948,0.0759930915,0.0,0.0,0.0051813472,0.0
510,data/images/quantifier/test_510.png,15,0.0034542314,0.3195164076,0.2227979275,0.3730569948,0.0759930915,0.0,0.0,0.0051813472,0.0
511,data/images/quantifier/test_511.png,15,0.0034542314,0.3195164076,0.2227979275,0.3730569948,0.0759930915,0.0,0.0,0.0051813472,0.0
512,data/images/quantifier/test_512.png,15,0.0034542314,0.3195164076,0.2227979275,0.3730569948,0.0759930915,0.0,0.0,0.0051813472,0.0
513,data/images/quantifier/test_513.png,15,0.0034542314,0.3195164076,0.2227979275,0.3730569948,0.0759930915,0.0,0.0,0.0051813472,0.0
514,data/images/quantifier/test_514.png,15,0.0034542314,0.3195164076,0.2227979275,0.3730569948,0.0759930915,0.0,0.0,0.0051813472,0.0
515,data/images/quantifier/test_515.png,15,0.0034542314,0.3195164076,0.2227979275,0.3730569948,0.0759930915,0.0,0.0,0.0051813472,0.0
516,data/images/quantifier/test_516.png,15,0.0034542314,0.3195164076,0.2227979275,0.3730569948,0.0759930915,0.0,0.0,0.0051813472,0.0
517,data/images/quantifier/test_517.png,15,0.0034542314,0.3195164076,0.2227979275,0.3730569948,0.0759930915,0.0,0.0,0.0051813472,0.0
518,data/images/quantifier/test_518.png,15,0.0034542314,0.3195164076,0.2227979275,0.3730569948,0.0759930915,0.0,0.0,0.0051813472,0.0
519,data/images/quantifier/test_519.png,15,0.0034542314,0.3195164076,0.2227979275,0.3730569948,0.0759930915,0.0,0.0,0.0051813472,0.0
520,data/images/quantifier/test_520.png,15,0.0034542314,0.3195164076,0.2227979275,0.3730569948,0.0759930915,0.0,0.0,0.0051813472,0.0
521,data/images/quantifier/test_521.png,15,0.0034542314,0.3195164076,0.2227979275,0.3730569948,0.0759930915,0.0,0.0,0.0051813472,0.0
522,data/images/quantifier/test_522.png,15,0.0034542314,0.3195164076,0.2227979275,0.3730569948,0.0759930915,0.0,0.0,0.0051813472,0.0
523,data/images/quantifier/test_523.png,15,0.0034542314,0.3195164076,0.2227979275,0.3730569948,0.0759930915,0.0,0.0,0.0051813472,0.0
524,data/images/quantifier/test_524.png,15,0.0034542314,0.3195164076,0.2227979275,0.3730569948,0.0759930915,0.0,0.0,0.0051813472,0.0
525,data/images/quantifier/test_525.png,15,0.0034542314,0.3195164076,0.2227979275,0.3730569948,0.0759930915,0.0,0.0,0.0051813472,0.0
526,data/images/quantifier/test_526.png,15,0.0034542314,0.3195164076,0.2227979275,0.3730569948,0.0759930915,0.0,0.0,0.0051813472,0.0
527,data/images/quantifier/test_527.png,15,0.0034542314,0.3195164076,0.2227979275,0.3730569948,0.0759930915,0.0,0.0,0.0051813472,0.0
528,data/images/quantifier/test_528.png,15,0.0034542314,0.3195164076,0.2227979275,0.3730569948,0.0759930915,0.0,0.0,0.0051813472,0.0
529,data/images/quantifier/test_529.png,15,0.0034542314,0.3195164076,0.2227979275,0.3730569948,0.0759930915,0.0,0.0,0.0051813472,0.0
530,data/images/quantifier/test_530.png,15,0.0034542314,0.3195164076,0.2227979275,0.3730569948,0.0759930915,0.0,0.0,0.0051813472,0.0
531,data/images/quantifier/test_531.png,15,0.0034542314,0.3195164076,0.2227979275,0.3730569948,0.0759930915,0.0,0.0,0.0051813472,0.0
532,data/images/quantifier/test_532.png,15,0.0034542314,0.3195164076,0.2227979275,0.3730569948,0.0759930915,0.0,0.0,0.0051813472,0.0
533,data/images/quantifier/test_533.png,15,0.0034542314,0.3195164076,0.2227979275,0.3730569948,0.0759930915,0.0,0.0,0.0051813472,0.0
534,data/images/quantifier/test_534.png,15,0.0034542314,0.3195164076,0.2227979275,0.3730569948,0.0759930915,0.0,0.0,0.0051813472,0.0
535,data/images/quantifier/test_535.png,15,0.0034542314,0.3195164076,0.2227979275,0.3730569948,0.0759930915,0.0,0.0,0.0051813472,0.0
536,data/images/quantifier/test_536.png,15,0.0034542314,0.3195164076,0.2227979275,0.3730569948,0.0759930915,0.0,0.0,0.0051813472,0.0
537,data/images/quantifier/test_537.png,15,0.0034542314,0.3195164076,0.2227979275,0.3730569948,0.0759930915,0.0,0.0,0.0051813472,0.0
538,data/images/quantifier/test_538.png,15,0.0034542314,0.3195164076,0.2227979275,0.3730569948,0.0759930915,0.0,0.0,0.0051813472,0.0
539,data/images/quantifier/test_539.png,15,0.0034542314,0.3195164076,0.2227979275,0.3730569948,0.0759930915,0.0,0.0,0.0051813472,0.0
540,data/images/quantifier/test_540.png,15,0.0034542314,0.3195164076,0.2227979275,0.3730569948,0.0759930915,0.0,0.0,0.0051813472,0.0
541,data/images/quantifier/test_541.png,15,0.0034542314,0.3195164076,0.2227979275,0.3730569948,0.0759930915,0.0,0.0,0.0051813472,0.0
542,data/images/quantifier/test_542.png,15,0.0034542314,0.3195164076,0.2227979275,0.3730569948,0.0759930915,0.0,0.0,0.0051813472,0.0
543,data/images/quantifier/test_543.png,15,0.0034542314,0.3195164076,0.2227979275,0.3730569948,0.0759930915,0.0,0.0,0.0051813472,0.0
544,data/images/quantifier/test_544.png,15,0.0034542314,0.3195164076,0.2227979275,0.3730569948,0.0759930915,0.0,0.0,0.0051813472,0.0
545,data/images/quantifier/test_545.png,15,0.0034542314,0.3195164076,0.2227979275,0.3730569948,0.0759930915,0.0,0.0,0.0051813472,0.0
546,data/images/quantifier/test_546.png,15,0.0034542314,0.3195164076,0.2227979275,0.3730569948,0.0759930915,0.0,0.0,0.0051813472,0.0
547,data/images/quantifier/test_547.png,15,0.0034542314,0.3195164076,0.2227979275,0.3730569948,0.0759930915,0.0,0.0,0.0051813472,0.0
548,data/images/quantifier/test_548.png,15,0.0034542314,0.3195164076,0.2227979275,0.3730569948,0.0759930915,0.0,0.0,0.0051813472,0.0
549,data/images/quantifier/test_549.png,15,0.0034542314,0.3195164076,0.2227979275,0.3730569948,0.0759930915,0.0,0.0,0.0051813472,0.0
550,data/images/quantifier/test_550.png,15,0.0034542314,0.3195164076,0.2227979275,0.3730569948,0.0759930915,0.0,0.0,0.0051813472,0.0
551,data/images/quantifier/test_551.png,15,0.0034542314,0.3195164076,0.2227979275,0.3730569948,0.0759930915,0.0,0.0,0.0051813472,0.0
552,data/images/quantifier/test_552.png,15,0.0034542314,0.3195164076,0.2227979275,0.3730569948,0.0759930915,0.0,0.0,0.0051813472,0.0
553,data/images/quantifier/test_553.png,15,0.0034542314,0.3195164076,0.2227979275,0.3730569948,0.0759930915,0.0,0.0,0.0051813472,0.0
554,data/images/quantifier/test_554.png,15,0.0034542314,0.3195164076,0.2227979275,0.3730569948,0.0759930915,0.0,0.0,0.0051813472,0.0
555,data/images/quantifier/test_555.png,15,0.0034542314,0.3195164076,0.2227979275,0.3730569948,0.0759930915,0.0,0.0,0.0051813472,0.0
556,data/images/quantifier/test_556.png,15,0.0034542314,0.3195164076,0.2227979275,0.3730569948,0.0759930915,0.0,0.0,0.0051813472,0.0
557,data/images/quantifier/test_557.png,15,0.0034542314,0.3195164076,0.2227979275,0.3730569948,0.0759930915,0.0,0.0,0.0051813472,0.0
558,data/images/quantifier/test_558.png,15,0.0034542314,0.3195164076,0.2227979275,0.3730569948,0.0759930915,0.0,0.0,0.0051813472,0.0
559,data/images/quantifier/test_559.png,15,0.0034542314,0.3195164076,0.2227979275,0.3730569948,0.0759930915,0.0,0.0,0.0051813472,0.0
560,data/images/quantifier/test_560.png,15,0.0034542314,0.3195164076,0.2227979275,0.3730569948,0.0759930915,0.0,0.0,0.0051813472,0.0
561,data/images/quantifier/test_561.png,15,0.0034542314,0.3195164076,0.2227979275,0.3730569948,0.0759930915,0.0,0.0,0.0051813472,0.0
562,data/images/quantifier/test_562.png,15,0.0034542314,0.3195164076,0.2227979275,0.3730569948,0.0759930915,0.0,0.0,0.0051813472,0.0
563,data/images/quantifier/test_563.png,15,0.0034542314,0.3195164076,0.2227979275,0.3730569948,0.0759930915,0.0,0.0,0.0051813472,0.0
564,data/images/quantifier/test_564.png,15,0.0034542314,0.3195164076,0.2227979275,0.3730569948,0.0759930915,0.0,0.0,0.0051813472,0.0
565,data/images/quantifier/test_565.png,15,0.0034542314,0.3195164076,0.2227979275,0.3730569948,0.0759930915,0.0,0.0,0.0051813472,0.0
566,data/images/quantifier/test_566.png,15,0.0034542314,0.3195164076,0.2227979275,0.3730569948,0.0759930915,0.0,0.0,0.0051813472,0.0
567,data/images/quantifier/test_567.png,15,0.0034542314,0.3195164076,0.2227979275,0.3730569948,0.0759930915,0.0,0.0,0.0051813472,0.0
568,data/images/quantifier/test_568.png,15,0.0034542314,0.3195164076,0.2227979275,0.3730569948,0.0759930915,0.0,0.0,0.0051813472,0.0
569,data/images/quantifier/test_569.png,15,0.0034542314,0.3195164076,0.2227979275,0.3730569948,0.0759930915,0.0,0.0,0.0051813472,0.0
570,data/images/quantifier/test_570.png,15,0.0034542314,0.3195164076,0.2227979275,0.3730569948,0.0759930915,0.0,0.0,0.0051813472,0.0
571,data/images/quantifier/test_571.png,15,0.0034542314,0.3195164076,0.2227979275,0.3730569948,0.0759930915,0.0,0.0,0.0051813472,0.0
572,data/images/quantifier/test_572.png,15,0.0034542314,0.3195164076,0.2227979275,0.3730569948,0.0759930915,0.0,0.0,0.0051813472,0.0
573,data/images/quantifier/test_573.png,15,0.0034542314,0.3195164076,0.2227979275,0.3730569948,0.0759930915,0.0,0.0,0.0051813472,0.0
574,data/images/quantifier/test_574.png,15,0.0034542314,0.3195164076,0.2227979275,0.3730569948,0.0759930915,0.0,0.0,0.0051813472,0.0
575,data/images/quantifier/test_575.png,15,0.0034542314,0.3195164076,0.2227979275,0.3730569948,0.0759930915,0.0,0.0,0.0051813472,0.0
576,data/images/quantifier/test_576.png,15,0.0034542314,0.3195164076,0.2227979275,0.3730569948,0.0759930915,0.0,0.0,0.0051813472,0.0
577,data/images/quantifier/test_577.png,15,0.0034542314,0.3195164076,0.2227979275,0.3730569948,0.0759930915,0.0,0.0,0.0051813472,0.0
578,data/images/quantifier/test_578.png,15,0.0034542314,0.3195164076,0.2227979275,0.3730569948,0.0759930915,0.0,0.0,0.0051813472,0.0
579,data/images/quantifier/test_579.png,15,0.0034542314,0.3195164076,0.2227979275,0.3730569948,0.0759930915,0.0,0.0,0.0051813472,0.0
580,data/images/quantifier/test_580.png,15,0.0034542314,0.3195164076,0.2227979275,0.3730569948,0.0759930915,0.0,0.0,0.0051813472,0.0
581,data/images/quantifier/test_581.png,15,0.0034542314,0.3195164076,0.2227979275,0.3730569948,0.0759930915,0.0,0.0,0.0051813472,0.0
582,data/images/quantifier/test_582.png,15,0.0034542314,0.3195164076,0.2227979275,0.3730569948,0.0759930915,0.0,0.0,0.0051813472,0.0
583,data/images/quantifier/test_583.png,15,0.0034542314,0.3195164076,0.2227979275,0.3730569948,0.0759930915,0.0,0.0,0.0051813472,0.0
584,data/images/quantifier/test_584.png,15,0.0034542314,0.3195164076,0.2227979275,0.3730569948,0.0759930915,0.0,0.0,0.0051813472,0.0
585,data/images/quantifier/test_585.png,15,0.0034542314,0.3195164076,0.2227979275,0.3730569948,0.0759930915,0.0,0.0,0.0051813472,0.0
586,data/images/quantifier/test_586.png,15,0.0034542314,0.3195164076,0.2227979275,0.3730569948,0.0759930915,0.0,0.0,0.0051813472,0.0
587,data/images/quantifier/test_587.png,15,0.0034542314,0.3195164076,0.2227979275,0.3730569948,0.0759930915,0.0,0.0,0.0051813472,0.0
588,data/images/quantifier/test_588.png,15,0.0034542314,0.3195164076,0.2227979275,0.3730569948,0.0759930915,0.0,0.0,0.0051813472,0.0
589,data/images/quantifier/test_589.png,15,0.0034542314,0.3195164076,0.2227979275,0.3730569948,0.0759930915,0.0,0.0,0.0051813472,0.0
590,data/images/quantifier/test_590.png,15,0.0034542314,0.3195164076,0.2227979275,0.3730569948,0.0759930915,0.0,0.0,0.0051813472,0.0
591,data/images/quantifier/test_591.png,15,0.0034542314,0.3195164076,0.2227979275,0.3730569948,0.0759930915,0.0,0.0,0.0051813472,0.0
592,data/images/quantifier/test_592.png,15,0.0034542314,0.3195164076,0.2227979275,0.3730569948,0.0759930915,0.0,0.0,0.0051813472,0.0
593,data/images/quantifier/test_593.png,15,0.0034542314,0.3195164076,0.2227979275,0.3730569948,0.0759930915,0.0,0.0,0.0051813472,0.0
594,data/images/quantifier/test_594.png,15,0.0034542314,0.3195164076,0.2227979275,0.3730569948,0.0759930915,0.0,0.0,0.0051813472,0.0
595,data/images/quantifier/test_595.png,15,0.0034542314,0.3195164076,0.2227979275,0.3730569948,0.0759930915,0.0,0.0,0.0051813472,0.0
596,data/images/quantifier/test_596.png,15,0.0034542314,0.3195164076,0.2227979275,0.3730569948,0.0759930915,0.0,0.0,0.0051813472,0.0
597,data/images/quantifier/test_597.png,15,0.0034542314,0.3195164076,0.2227979275,0.3730569948,0.0759930915,0.0,0.0,0.0051813472,0.0
598,data/images/quantifier/test_598.png,15,0.0034542314,0.3195164076,0.2227979275,0.3730569948,0.0759930915,0.0,0.0,0.0051813472,0.0
599,data/images/quantifier/test_599.png,15,0.0034542314,0.3195164076,0.2227979275,0.3730569948,0.0759930915,0.0,0.0,0.0051813472,0.0
600,data/images/quantifier/test_600.png,14,0.0051194539,0.2679180887,0.2457337884,0.3788395904,0.0836177474,0.0,0.0119453925,0.0068259386,0.0
601,data/images/quantifier/test_601.png,14,0.0051194539,0.2679180887,0.2457337884,0.3788395904,0.0836177474,0.0,0.0119453925,0.0068259386,0.0
602,data/images/quantifier/test_602.png,14,0.0051194539,0.2679180887,0.2457337884,0.3788395904,0.0836177474,0.0,0.0119453925,0.0068259386,0.0
603,data/images/quantifier/test_603.png,14,0.0051194539,0.2679180887,0.2457337884,0.3788395904,0.0836177474,0.0,0.0119453925,0.0068259386,0.0
604,data/images/quantifier/test_604.png,14,0.0051194539,0.2679180887,0.2457337884,0.3788395904,0.0836177474,0.0,0.0119453925,0.0068259386,0.0
605,data/images/quantifier/test_605.png,14,0.0051194539,0.2679180887,0.2457337884,0.3788395904,0.0836177474,0.0,0.0119453925,0.0068259386,0.0
606,data/images/quantifier/test_606.png,14,0.0051194539,0.2679180887,0.2457337884,0.3788395904,0.0836177474,0.0,0.0119453925,0.0068259386,0.0
607,data/images/quantifier/test_607.png,14,0.0051194539,0.2679180887,0.2457337884,0.3788395904,0.0836177474,0.0,0.0119453925,0.0068259386,0.0
608,data/images/quantifier/test_608.png,14,0.0051194539,0.2679180887,0.2457337884,0.3788395904,0.0836177474,0.0,0.0119453925,0.0068259386,0.0
609,data/images/quantifier/test_609.png,14,0.0051194539,0.2679180887,0.2457337884,0.3788395904,0.0836177474,0.0,0.0119453925,0.0068259386,0.0
610,data/images/quantifier/test_610.png,14,0.0051194539,0.2679180887,0.2457337884,0.3788395904,0.0836177474,0.0,0.0119453925,0.0068259386,0.0
611,data/images/quantifier/test_611.png,14,0.0051194539,0.2679180887,0.2457337884,0.3788395904,0.0836177474,0.0,0.0119453925,0.0068259386,0.0
612,data/images/quantifier/test_612.png,14,0.0051194539,0.2679180887,0.2457337884,0.3788395904,0.0836177474,0.0,0.0119453925,0.0068259386,0.0
613,data/images/quantifier/test_613.png,14,0.0051194539,0.2679180887,0.2457337884,0.3788395904,0.0836177474,0.0,0.0119453925,0.0068259386,0.0
614,data/images/quantifier/test_614.png,14,0.0051194539,0.2679180887,0.2457337884,0.3788395904,0.0836177474,0.0,0.0119453925,0.0068259386,0.0
615,data/images/quantifier/test_615.png,14,0.0051194539,0.2679180887,0.2457337884,0.3788395904,0.0836177474,0.0,0.0119453925,0.0068259386,0.0
616,data/images/quantifier/test_616.png,14,0.0051194539,0.2679180887,0.2457337884,0.3788395904,0.0836177474,0.0,0.0119453925,0.0068259386,0.0
617,data/images/quantifier/test_617.png,14,0.0051194539,0.2679180887,0.2457337884,0.3788395904,0.0836177474,0.0,0.0119453925,0.0068259386,0.0
618,data/images/quantifier/test_618.png,14,0.0051194539,0.2679180887,0.2457337884,0.3788395904,0.0836177474,0.0,0.0119453925,0.0068259386,0.0
619,data/images/quantifier/test_619.png,14,0.0051194539,0.2679180887,0.2457337884,0.3788395904,0.0836177474,0.0,0.0119453925,0.0068259386,0.0
620,data/images/quantifier/test_620.png,14,0.0051194539,0.2679180887,0.2457337884,0.3788395904,0.0836177474,0.0,0.0119453925,0.0068259386,0.0
621,data/images/quantifier/test_621.png,14,0.0051194539,0.2679180887,0.2457337884,0.3788395904,0.0836177474,0.0,0.0119453925,0.0068259386,0.0
622,data/images/quantifier/test_622.png,14,0.0051194539,0.2679180887,0.2457337884,0.3788395904,0.0836177474,0.0,0.0119453925,0.0068259386,0.0
623,data/images/quantifier/test_623.png,14,0.0051194539,0.2679180887,0.2457337884,0.3788395904,0.0836177474,0.0,0.0119453925,0.0068259386,0.0
624,data/images/quantifier/test_624.png,14,0.0051194539,0.2679180887,0.2457337884,0.3788395904,0.0836177474,0.0,0.0119453925,0.0068259386,0.0
625,data/images/quantifier/test_625.png,14,0.0051194539,0.2679180887,0.2457337884,0.3788395904,0.0836177474,0.0,0.0119453925,0.0068259386,0.0
626,data/images/quantifier/test_626.png,14,0.0051194539,0.2679180887,0.2457337884,0.3788395904,0.0836177474,0.0,0.0119453925,0.0068259386,0.0
627,data/images/quantifier/test_627.png,14,0.0051194539,0.2679180887,0.2457337884,0.3788395904,0.0836177474,0.0,0.0119453925,0.0068259386,0.0
628,data/images/quantifier/test_628.png,14,0.0051194539,0.2679180887,0.2457337884,0.3788395904,0.0836177474,0.0,0.0119453925,0.0068259386,0.0
629,data/images/quantifier/test_629.png,14,0.0051194539,0.2679180887,0.2457337884,0.3788395904,0.0836177474,0.0,0.0119453925,0.0068259386,0.0
630,data/images/quantifier/test_630.png,14,0.0051194539,0.2679180887,0.2457337884,0.3788395904,0.0836177474,0.0,0.0119453925,0.0068259386,0.0
631,data/images/quantifier/test_631.png,14,0.0051194539,0.2679180887,0.2457337884,0.3788395904,0.0836177474,0.0,0.0119453925,0.0068259386,0.0
632,data/images/quantifier/test_632.png,14,0.0051194539,0.2679180887,0.2457337884,0.3788395904,0.0836177474,0.0,0.0119453925,0.0068259386,0.0
633,data/images/quantifier/test_633.png,14,0.0051194539,0.2679180887,0.2457337884,0.3788395904,0.0836177474,0.0,0.0119453925,0.0068259386,0.0
634,data/images/quantifier/test_634.png,14,0.0051194539,0.2679180887,0.2457337884,0.3788395904,0.0836177474,0.0,0.0119453925,0.0068259386,0.0
635,data/images/quantifier/test_635.png,14,0.0051194539,0.2679180887,0.2457337884,0.3788395904,0.0836177474,0.0,0.0119453925,0.0068259386,0.0
636,data/images/quantifier/test_636.png,14,0.0051194539,0.2679180887,0.2457337884,0.3788395904,0.0836177474,0.0,0.0119453925,0.0068259386,0.0
637,data/images/quantifier/test_637.png,14,0.0051194539,0.2679180887,0.2457337884,0.3788395904,0.0836177474,0.0,0.0119453925,0.0068259386,0.0
638,data/images/quantifier/test_638.png,14,0.0051194539,0.2679180887,0.2457337884,0.3788395904,0.0836177474,0.0,0.0119453925,0.0068259386,0.0
639,data/images/quantifier/test_639.png,14,0.0051194539,0.2679180887,0.2457337884,0.3788395904,0.0836177474,0.0,0.0119453925,0.0068259386,0.0
640,data/images/quantifier/test_640.png,14,0.0051194539,0.2679180887,0.2457337884,0.3788395904,0.0836177474,0.0,0.0119453925,0.0068259386,0.0
641,data/images/quantifier/test_641.png,14,0.0051194539,0.2679180887,0.2457337884,0.3788395904,0.0836177474,0.0,0.0119453925,0.0068259386,0.0
642,data/images/quantifier/test_642.png,14,0.0051194539,0.2679180887,0.2457337884,0.3788395904,0.0836177474,0.0,0.0119453925,0.0068259386,0.0
643,data/images/quantifier/test_643.png,14,0.0051194539,0.2679180887,0.2457337884,0.3788395904,0.0836177474,0.0,0.0119453925,0.0068259386,0.0
644,data/images/quantifier/test_644.png,14,0.0051194539,0.2679180887,0.2457337884,0.3788395904,0.0836177474,0.0,0.0119453925,0.0068259386,0.0
645,data/images/quantifier/test_645.png,14,0.0051194539,0.2679180887,0.2457337884,0.3788395904,0.0836177474,0.0,0.0119453925,0.0068259386,0.0
646,data/images/quantifier/test_646.png,14,0.0051194539,0.2679180887,0.2457337884,0.3788395904,0.0836177474,0.0,0.0119453925,0.0068259386,0.0
647,data/images/quantifier/test_647.png,14,0.0051194539,0.2679180887,0.2457337884,0.3788395904,0.0836177474,0.0,0.0119453925,0.0068259386,0.0
648,data/images/quantifier/test_648.png,14,0.0051194539,0.2679180887,0.2457337884,0.3788395904,0.0836177474,0.0,0.0119453925,0.0068259386,0.0
649,data/images/quantifier/test_649.png,14,0.0051194539,0.2679180887,0.2457337884,0.3788395904,0.0836177474,0.0,0.0119453925,0.0068259386,0.0
650,data/images/quantifier/test_650.png,14,0.0051194539,0.2679180887,0.2457337884,0.3788395904,0.0836177474,0.0,0.0119453925,0.0068259386,0.0
651,data/images/quantifier/test_651.png,14,0.0051194539,0.2679180887,0.2457337884,0.3788395904,0.0836177474,0.0,0.0119453925,0.0068259386,0.0
652,data/images/quantifier/test_652.png,14,0.0051194539,0.2679180887,0.2457337884,0.3788395904,0.0836177474,0.0,0.0119453925,0.0068259386,0.0
653,data/images/quantifier/test_653.png,14,0.0051194539,0.2679180887,0.2457337884,0.3788395904,0.0836177474,0.0,0.0119453925,0.0068259386,0.0
654,data/images/quantifier/test_654.png,14,0.0051194539,0.2679180887,0.2457337884,0.3788395904,0.0836177474,0.0,0.0119453925,0.0068259386,0.0
655,data/images/quantifier/test_655.png,14,0.0051194539,0.2679180887,0.2457337884,0.3788395904,0.0836177474,0.0,0.0119453925,0.0068259386,0.0
656,data/images/quantifier/test_656.png,14,0.0051194539,0.2679180887,0.2457337884,0.3788395904,0.0836177474,0.0,0.0119453925,0.0068259386,0.0
657,data/images/quantifier/test_657.png,14,0.0051194539,0.2679180887,0.2457337884,0.3788395904,0.0836177474,0.0,0.0119453925,0.0068259386,0.0
658,data/images/quantifier/test_658.png,14,0.0051194539,0.2679180887,0.2457337884,0.3788395904,0.0836177474,0.0,0.0119453925,0.0068259386,0.0
659,data/images/quantifier/test_659.png,14,0.0051194539,0.2679180887,0.2457337884,0.3788395904,0.0836177474,0.0,0.0119453925,0.0068259386,0.0
660,data/images/quantifier/test_660.png,14,0.0051194539,0.2679180887,0.2457337884,0.3788395904,0.0836177474,0.0,0.0119453925,0.0068259386,0.0
661,data/images/quantifier/test_661.png,14,0.0051194539,0.2679180887,0.2457337884,0.3788395904,0.0836177474,0.0,0.0119453925,0.0068259386,0.0
662,data/images/quantifier/test_662.png,14,0.0051194539,0.2679180887,0.2457337884,0.3788395904,0.0836177474,0.0,0.0119453925,0.0068259386,0.0
663,data/images/quantifier/test_663.png,14,0.0051194539,0.2679180887,0.2457337884,0.3788395904,0.0836177474,0.0,0.0119453925,0.0068259386,0.0
664,data/images/quantifier/test_664.png,14,0.0051194539,0.2679180887,0.2457337884,0.3788395904,0.0836177474,0.0,0.0119453925,0.0068259386,0.0
665,data/images/quantifier/test_665.png,14,0.0051194539,0.2679180887,0.2457337884,0.3788395904,0.0836177474,0.0,0.0119453925,0.0068259386,0.0
666,data/images/quantifier/test_666.png,14,0.0051194539,0.2679180887,0.2457337884,0.3788395904,0.0836177474,0.0,0.0119453925,0.0068259386,0.0
667,data/images/quantifier/test_667.png,14,0.0051194539,0.2679180887,0.2457337884,0.3788395904,0.0836177474,0.0,0.0119453925,0.0068259386,0.0
668,data/images/quantifier/test_668.png,14,0.0051194539,0.2679180887,0.2457337884,0.3788395904,0.0836177474,0.0,0.0119453925,0.0068259386,0.0
669,data/images/quantifier/test_669.png,14,0.0051194539,0.2679180887,0.2457337884,0.3788395904,0.0836177474,0.0,0.0119453925,0.0068259386,0.0
670,data/images/quantifier/test_670.png,14,0.0051194539,0.2679180887,0.2457337884,0.3788395904,0.0836177474,0.0,0.0119453925,0.0068259386,0.0
671,data/images/quantifier/test_671.png,14,0.0051194539,0.2679180887,0.2457337884,0.3788395904,0.0836177474,0.0,0.0119453925,0.0068259386,0.0
672,data/images/quantifier/test_672.png,14,0.0051194539,0.2679180887,0.2457337884,0.3788395904,0.0836177474,0.0,0.0119453925,0.0068259386,0.0
673,data/images/quantifier/test_673.png,14,0.0051194539,0.2679180887,0.2457337884,0.3788395904,0.0836177474,0.0,0.0119453925,0.0068259386,0.0
674,data/images/quantifier/test_674.png,14,0.0051194539,0.2679180887,0.2457337884,0.3788395904,0.0836177474,0.0,0.0119453925,0.0068259386,0.0
675,data/images/quantifier/test_675.png,14,0.0051194539,0.2679180887,0.2457337884,0.3788395904,0.0836177474,0.0,0.0119453925,0.0068259386,0.0
676,data/images/quantifier/test_676.png,14,0.0051194539,0.2679180887,0.2457337884,0.3788395904,0.0836177474,0.0,0.0119453925,0.0068259386,0.0
677,data/images/quantifier/test_677.png,14,0.0051194539,0.2679180887,0.2457337884,0.3788395904,0.0836177474,0.0,0.0119453925,0.0068259386,0.0
678,data/images/quantifier/test_678.png,14,0.0051194539,0.2679180887,0.2457337884,0.3788395904,0.0836177474,0.0,0.0119453925,0.0068259386,0.0
679,data/images/quantifier/test_679.png,14,0.0051194539,0.2679180887,0.2457337884,0.3788395904,0.0836177474,0.0,0.0119453925,0.0068259386,0.0
680,data/images/quantifier/test_680.png,14,0.0051194539,0.2679180887,0.2457337884,0.3788395904,0.0836177474,0.0,0.0119453925,0.0068259386,0.0
681,data/images/quantifier/test_681.png,14,0.0051194539,0.2679180887,0.2457337884,0.3788395904,0.0836177474,0.0,0.0119453925,0.0068259386,0.0
682,data/images/quantifier/test_682.png,14,0.0051194539,0.2679180887,0.2457337884,0.3788395904,0.0836177474,0.0,0.0119453925,0.0068259386,0.0
683,data/images/quantifier/test_683.png,14,0.0051194539,0.2679180887,0.2457337884,0.3788395904,0.0836177474,0.0,0.0119453925,0.0068259386,0.0
684,data/images/quantifier/test_684.png,14,0.0051194539,0.2679180887,0.2457337884,0.3788395904,0.0836177474,0.0,0.0119453925,0.0068259386,0.0
685,data/images/quantifier/test_685.png,14,0.0051194539,0.2679180887,0.2457337884,0.3788395904,0.0836177474,0.0,0.0119453925,0.0068259386,0.0
686,data/images/quantifier/test_686.png,14,0.0051194539,0.2679180887,0.2457337884,0.3788395904,0.0836177474,0.0,0.0119453925,0.0068259386,0.0
687,data/images/quantifier/test_687.png,14,0.0051194539,0.2679180887,0.2457337884,0.3788395904,0.0836177474,0.0,0.0119453925,0.0068259386,0.0
688,data/images/quantifier/test_688.png,14,0.0051194539,0.2679180887,0.2457337884,0.3788395904,0.0836177474,0.0,0.0119453925,0.0068259386,0.0
689,data/images/quantifier/test_689.png,14,0.0051194539,0.2679180887,0.2457337884,0.3788395904,0.0836177474,0.0,0.0119453925,0.0068259386,0.0
690,data/images/quantifier/test_690.png,14,0.0051194539,0.2679180887,0.2457337884,0.3788395904,0.0836177474,0.0,0.0119453925,0.0068259386,0.0
691,data/images/quantifier/test_691.png,14,0.0051194539,0.2679180887,0.2457337884,0.3788395904,0.0836177474,0.0,0.0119453925,0.0068259386,0.0
692,data/images/quantifier/test_692.png,14,0.0051194539,0.2679180887,0.2457337884,0.3788395904,0.0836177474,0.0,0.0119453925,0.0068259386,0.0
693,data/images/quantifier/test_693.png,14,0.0051194539,0.2679180887,0.2457337884,0.3788395904,0.0836177474,0.0,0.0119453925,0.0068259386,0.0
694,data/images/quantifier/test_694.png,14,0.0051194539,0.2679180887,0.2457337884,0.3788395904,0.0836177474,0.0,0.0119453925,0.0068259386,0.0
695,data/images/quantifier/test_695.png,14,0.0051194539,0.2679180887,0.2457337884,0.3788395904,0.0836177474,0.0,0.0119453925,0.0068259386,0.0
696,data/images/quantifier/test_696.png,14,0.0051194539,0.2679180887,0.2457337884,0.3788395904,0.0836177474,0.0,0.0119453925,0.0068259386,0.0
697,data/images/quantifier/test_697.png,14,0.0051194539,0.2679180887,0.2457337884,0.3788395904,0.0836177474,0.0,0.0119453925,0.0068259386,0.0
698,data/images/quantifier/test_698.png,14,0.0051194539,0.2679180887,0.2457337884,0.3788395904,0.0836177474,0.0,0.0119453925,0.0068259386,0.0
699,data/images/quantifier/test_699.png,14,0.0051194539,0.2679180887,0.2457337884,0.3788395904,0.0836177474,0.0,0.0119453925,0.0068259386,0.0
700,data/images/quantifier/test_700.png,14,0.0051194539,0.2679180887,0.2457337884,0.3788395904,0.0836177474,0.0,0.0119453925,0.0068259386,0.0
701,data/images/quantifier/test_701.png,14,0.0051194539,0.2679180887,0.2457337884,0.3788395904,0.0836177474,0.0,0.0119453925,0.0068259386,0.0
702,data/images/quantifier/test_702.png,14,0.0051194539,0.2679180887,0.2457337884,0.3788395904,0.0836177474,0.0,0.0119453925,0.0068259386,0.0
703,data/images/quantifier/test_703.png,14,0.0051194539,0.2679180887,0.2457337884,0.3788395904,0.0836177474,0.0,0.0119453925,0.0068259386,0.0
704,data/images/quantifier/test_704.png,14,0.0051194539,0.2679180887,0.2457337884,0.3788395904,0.0836177474,0.0,0.0119453925,0.0068259386,0.0
705,data/images/quantifier/test_705.png,14,0.0051194539,0.2679180887,0.2457337884,0.3788395904,0.0836177474,0.0,0.0119453925,0.0068259386,0.0
706,data/images/quantifier/test_706.png,14,0.0051194539,0.2679180887,0.2457337884,0.3788395904,0.0836177474,0.0,0.0119453925,0.0068259386,0.0
707,data/images/quantifier/test_707.png,14,0.0051194539,0.2679180887,0.2457337884,0.3788395904,0.0836177474,0.0,0.0119453925,0.0068259386,0.0
708,data/images/quantifier/test_708.png,14,0.0051194539,0.2679180887,0.2457337884,0.3788395904,0.0836177474,0.0,0.0119453925,0.0068259386,0.0
709,data/images/quantifier/test_709.png,14,0.0051194539,0.2679180887,0.2457337884,0.3788395904,0.0836177474,0.0,0.0119453925,0.0068259386,0.0
710,data/images/quantifier/test_710.png,14,0.0051194539,0.2679180887,0.2457337884,0.3788395904,0.0836177474,0.0,0.0119453925,0.0068259386,0.0
711,data/images/quantifier/test_711.png,14,0.0051194539,0.2679180887,0.2457337884,0.3788395904,0.0836177474,0.0,0.0119453925,0.0068259386,0.0
712,data/images/quantifier/test_712.png,14,0.0051194539,0.2679180887,0.2457337884,0.3788395904,0.0836177474,0.0,0.0119453925,0.0068259386,0.0
713,data/images/quantifier/test_713.png,14,0.0051194539,0.2679180887,0.2457337884,0.3788395904,0.0836177474,0.0,0.0119453925,0.0068259386,0.0
714,data/images/quantifier/test_714.png,14,0.0051194539,0.2679180887,0.2457337884,0.3788395904,0.0836177474,0.0,0.0119453925,0.0068259386,0.0
715,data/images/quantifier/test_715.png,14,0.0051194539,0.2679180887,0.2457337884,0.3788395904,0.0836177474,0.0,0.0119453925,0.0068259386,0.0
716,data/images/quantifier/test_716.png,14,0.0051194539,0.2679180887,0.2457337884,0.3788395904,0.0836177474,0.0,0.0119453925,0.0068259386,0.0
717,data/images/quantifier/test_717.png,14,0.0051194539,0.2679180887,0.2457337884,0.3788395904,0.0836177474,0.0,0.0119453925,0.0068259386,0.0
718,data/images/quantifier/test_718.png,14,0.0051194539,0.2679180887,0.2457337884,0.3788395904,0.0836177474,0.0,0.0119453925,0.0068259386,0.0
719,data/images/quantifier/test_719.png,14,0.0051194539,0.2679180887,0.2457337884,0.3788395904,0.0836177474,0.0,0.0119453925,0.0068259386,0.0
720,data/images/quantifier/test_720.png,14,0.0051194539,0.2679180887,0.2457337884,0.3788395904,0.0836177474,0.0,0.0119453925,0.0068259386,0.0
721,data/images/quantifier/test_721.png,14,0.0051194539,0.2679180887,0.2457337884,0.3788395904,0.0836177474,0.0,0.0119453925,0.0068259386,0.0
722,data/images/quantifier/test_722.png,14,0.0051194539,0.2679180887,0.2457337884,0.3788395904,0.0836177474,0.0,0.0119453925,0.0068259386,0.0
723,data/images/quantifier/test_723.png,14,0.0051194539,0.2679180887,0.2457337884,0.3788395904,0.0836177474,0.0,0.0119453925,0.0068259386,0.0
724,data/images/quantifier/test_724.png,14,0.0051194539,0.2679180887,0.2457337884,0.3788395904,0.0836177474,0.0,0.0119453925,0.0068259386,0.0
725,data/images/quantifier/test_725.png,14,0.0051194539,0.2679180887,0.2457337884,0.3788395904,0.0836177474,0.0,0.0119453925,0.0068259386,0.0
726,data/images/quantifier/test_726.png,14,0.0051194539,0.2679180887,0.2457337884,0.3788395904,0.0836177474,0.0,0.0119453925,0.0068259386,0.0
727,data/images/quantifier/test_727.png,14,0.0051194539,0.2679180887,0.2457337884,0.3788395904,0.0836177474,0.0,0.0119453925,0.0068259386,0.0
728,data/images/quantifier/test_728.png,14,0.0051194539,0.2679180887,0.2457337884,0.3788395904,0.0836177474,0.0,0.0119453925,0.0068259386,0.0
729,data/images/quantifier/test_729.png,14,0.0051194539,0.2679180887,0.2457337884,0.3788395904,0.0836177474,0.0,0.0119453925,0.0068259386,0.0
730,data/images/quantifier/test_730.png,14,0.0051194539,0.2679180887,0.2457337884,0.3788395904,0.0836177474,0.0,0.0119453925,0.0068259386,0.0
731,data/images/quantifier/test_731.png,14,0.0051194539,0.2679180887,0.2457337884,0.3788395904,0.0836177474,0.0,0.0119453925,0.0068259386,0.0
732,data/images/quantifier/test_732.png,14,0.0051194539,0.2679180887,0.2457337884,0.3788395904,0.0836177474,0.0,0.0119453925,0.0068259386,0.0
733,data/images/quantifier/test_733.png,14,0.0051194539,0.2679180887,0.2457337884,0.3788395904,0.0836177474,0.0,0.0119453925,0.0068259386,0.0
734,data/images/quantifier/test_734.png,14,0.0051194539,0.2679180887,0.2457337884,0.3788395904,0.0836177474,0.0,0.0119453925,0.0068259386,0.0
735,data/images/quantifier/test_735.png,14,0.0051194539,0.2679180887,0.2457337884,0.3788395904,0.0836177474,0.0,0.0119453925,0.0068259386,0.0
736,data/images/quantifier/test_736.png,14,0.0051194539,0.2679180887,0.2457337884,0.3788395904,0.0836177474,0.0,0.0119453925,0.0068259386,0.0
737,data/images/quantifier/test_737.png,14,0.0051194539,0.2679180887,0.2457337884,0.3788395904,0.0836177474,0.0,0.0119453925,0.0068259386,0.0
738,data/images/quantifier/test_738.png,14,0.0051194539,0.2679180887,0.2457337884,0.3788395904,0.0836177474,0.0,0.0119453925,0.0068259386,0.0
739,data/images/quantifier/test_739.png,14,0.0051194539,0.2679180887,0.2457337884,0.3788395904,0.0836177474,0.0,0.0119453925,0.0068259386,0.0
740,data/images/quantifier/test_740.png,14,0.0051194539,0.2679180887,0.2457337884,0.3788395904,0.0836177474,0.0,0.0119453925,0.0068259386,0.0
741,data/images/quantifier/test_741.png,14,0.0051194539,0.2679180887,0.2457337884,0.3788395904,0.0836177474,0.0,0.0119453925,0.0068259386,0.0
742,data/images/quantifier/test_742.png,14,0.0051194539,0.2679180887,0.2457337884,0.3788395904,0.0836177474,0.0,0.0119453925,0.0068259386,0.0
743,data/images/quantifier/test_743.png,14,0.0051194539,0.2679180887,0.2457337884,0.3788395904,0.0836177474,0.0,0.0119453925,0.0068259386,0.0
744,data/images/quantifier/test_744.png,14,0.0051194539,0.2679180887,0.2457337884,0.3788395904,0.0836177474,0.0,0.0119453925,0.0068259386,0.0
745,data/images/quantifier/test_745.png,14,0.0051194539,0.2679180887,0.2457337884,0.3788395904,0.0836177474,0.0,0.0119453925,0.0068259386,0.0
746,data/images/quantifier/test_746.png,14,0.0051194539,0.2679180887,0.2457337884,0.3788395904,0.0836177474,0.0,0.0119453925,0.0068259386,0.0
747,data/images/quantifier/test_747.png,14,0.0051194539,0.2679180887,0.2457337884,0.3788395904,0.0836177474,0.0,0.0119453925,0.0068259386,0.0
748,data/images/quantifier/test_748.png,14,0.0051194539,0.2679180887,0.2457337884,0.3788395904,0.0836177474,0.0,0.0119453925,0.0068259386,0.0
749,data/images/quantifier/test_749.png,14,0.0051194539,0.2679180887,0.2457337884,0.3788395904,0.0836177474,0.0,0.0119453925,0.0068259386,0.0
750,data/images/quantifier/test_750.png,14,0.0051194539,0.2679180887,0.2457337884,0.3788395904,0.0836177474,0.0,0.0119453925,0.0068259386,0.0
751,data/images/quantifier/test_751.png,14,0.0051194539,0.2679180887,0.2457337884,0.3788395904,0.0836177474,0.0,0.0119453925,0.0068259386,0.0
752,data/images/quantifier/test_752.png,14,0.0051194539,0.2679180887,0.2457337884,0.3788395904,0.0836177474,0.0,0.0119453925,0.0068259386,0.0
753,data/images/quantifier/test_753.png,14,0.0051194539,0.2679180887,0.2457337884,0.3788395904,0.0836177474,0.0,0.0119453925,0.0068259386,0.0
754,data/images/quantifier/test_754.png,14,0.0051194539,0.2679180887,0.2457337884,0.3788395904,0.0836177474,0.0,0.0119453925,0.0068259386,0.0
755,data/images/quantifier/test_755.png,14,0.0051194539,0.2679180887,0.2457337884,0.3788395904,0.0836177474,0.0,0.0119453925,0.0068259386,0.0
756,data/images/quantifier/test_756.png,14,0.0051194539,0.2679180887,0.2457337884,0.3788395904,0.0836177474,0.0,0.0119453925,0.0068259386,0.0
757,data/images/quantifier/test_757.png,14,0.0051194539,0.2679180887,0.2457337884,0.3788395904,0.0836177474,0.0,0.0119453925,0.0068259386,0.0
758,data/images/quantifier/test_758.png,14,0.0051194539,0.2679180887,0.2457337884,0.3788395904,0.0836177474,0.0,0.0119453925,0.0068259386,0.0
759,data/images/quantifier/test_759.png,14,0.0051194539,0.2679180887,0.2457337884,0.3788395904,0.0836177474,0.0,0.0119453925,0.0068259386,0.0
760,data/images/quantifier/test_760.png,14,0.0051194539,0.2679180887,0.2457337884,0.3788395904,0.0836177474,0.0,0.0119453925,0.0068259386,0.0
761,data/images/quantifier/test_761.png,14,0.0051194539,0.2679180887,0.2457337884,0.3788395904,0.0836177474,0.0,0.0119453925,0.0068259386,0.0
762,data/images/quantifier/test_762.png,14,0.0051194539,0.2679180887,0.2457337884,0.3788395904,0.0836177474,0.0,0.0119453925,0.0068259386,0.0
763,data/images/quantifier/test_763.png,14,0.0051194539,0.2679180887,0.2457337884,0.3788395904,0.0836177474,0.0,0.0119453925,0.0068259386,0.0
764,data/images/quantifier/test_764.png,14,0.0051194539,0.2679180887,0.2457337884,0.3788395904,0.0836177474,0.0,0.0119453925,0.0068259386,0.0
765,data/images/quantifier/test_765.png,14,0.0051194539,0.2679180887,0.2457337884,0.3788395904,0.0836177474,0.0,0.0119453925,0.0068259386,0.0
766,data/images/quantifier/test_766.png,14,0.0051194539,0.2679180887,0.2457337884,0.3788395904,0.0836177474,0.0,0.0119453925,0.0068259386,0.0
767,data/images/quantifier/test_767.png,14,0.0051194539,0.2679180887,0.2457337884,0.3788395904,0.0836177474,0.0,0.0119453925,0.0068259386,0.0
768,data/images/quantifier/test_768.png,14,0.0051194539,0.2679180887,0.2457337884,0.3788395904,0.0836177474,0.0,0.0119453925,0.0068259386,0.0
769,data/images/quantifier/test_769.png,14,0.0051194539,0.2679180887,0.2457337884,0.3788395904,0.0836177474,0.0,0.0119453925,0.0068259386,0.0
770,data/images/quantifier/test_770.png,14,0.0051194539,0.2679180887,0.2457337884,0.3788395904,0.0836177474,0.0,0.0119453925,0.0068259386,0.0
771,data/images/quantifier/test_771.png,14,0.0051194539,0.2679180887,0.2457337884,0.3788395904,0.0836177474,0.0,0.0119453925,0.0068259386,0.0
772,data/images/quantifier/test_772.png,14,0.0051194539,0.2679180887,0.2457337884,0.3788395904,0.0836177474,0.0,0.0119453925,0.0068259386,0.0
773,data/images/quantifier/test_773.png,14,0.0051194539,0.2679180887,0.2457337884,0.3788395904,0.0836177474,0.0,0.0119453925,0.0068259386,0.0
774,data/images/quantifier/test_774.png,14,0.0051194539,0.2679180887,0.2457337884,0.3788395904,0.0836177474,0.0,0.0119453925,0.0068259386,0.0
775,data/images/quantifier/test_775.png,14,0.0051194539,0.2679180887,0.2457337884,0.3788395904,0.0836177474,0.0,0.0119453925,0.0068259386,0.0
776,data/images/quantifier/test_776.png,14,0.0051194539,0.2679180887,0.2457337884,0.3788395904,0.0836177474,0.0,0.0119453925,0.0068259386,0.0
777,data/images/quantifier/test_777.png,14,0.0051194539,0.2679180887,0.2457337884,0.3788395904,0.0836177474,0.0,0.0119453925,0.0068259386,0.0
778,data/images/quantifier/test_778.png,14,0.0051194539,0.2679180887,0.2457337884,0.3788395904,0.0836177474,0.0,0.0119453925,0.0068259386,0.0
779,data/images/quantifier/test_779.png,14,0.0051194539,0.2679180887,0.2457337884,0.3788395904,0.0836177474,0.0,0.0119453925,0.0068259386,0.0
780,data/images/quantifier/test_780.png,14,0.0051194539,0.2679180887,0.2457337884,0.3788395904,0.0836177474,0.0,0.0119453925,0.0068259386,0.0
781,data/images/quantifier/test_781.png,14,0.0051194539,0.2679180887,0.2457337884,0.3788395904,0.0836177474,0.0,0.0119453925,0.0068259386,0.0
782,data/images/quantifier/test_782.png,14,0.0051194539,0.2679180887,0.2457337884,0.3788395904,0.0836177474,0.0,0.0119453925,0.0068259386,0.0
783,data/images/quantifier/test_783.png,14,0.0051194539,0.2679180887,0.2457337884,0.3788395904,0.0836177474,0.0,0.0119453925,0.0068259386,0.0
784,data/images/quantifier/test_784.png,14,0.0051194539,0.2679180887,0.2457337884,0.3788395904,0.0836177474,0.0,0.0119453925,0.0068259386,0.0
785,data/images/quantifier/test_785.png,14,0.0051194539,0.2679180887,0.2457337884,0.3788395904,0.0836177474,0.0,0.0119453925,0.0068259386,0.0
786,data/images/quantifier/test_786.png,14,0.0051194539,0.2679180887,0.2457337884,0.3788395904,0.0836177474,0.0,0.0119453925,0.0068259386,0.0
787,data/images/quantifier/test_787.png,14,0.0051194539,0.2679180887,0.2457337884,0.3788395904,0.0836177474,0.0,0.0119453925,0.0068259386,0.0
788,data/images/quantifier/test_788.png,14,0.0051194539,0.2679180887,0.2457337884,0.3788395904,0.0836177474,0.0,0.0119453925,0.0068259386,0.0
789,data/images/quantifier/test_789.png,14,0.0051194539,0.2679180887,0.2457337884,0.3788395904,0.0836177474,0.0,0.0119453925,0.0068259386,0.0
790,data/images/quantifier/test_790.png,14,0.0051194539,0.2679180887,0.2457337884,0.3788395904,0.0836177474,0.0,0.0119453925,0.0068259386,0.0
791,data/images/quantifier/test_791.png,14,0.0051194539,0.2679180887,0.2457337884,0.3788395904,0.0836177474,0.0,0.0119453925,0.0068259386,0.0
792,data/images/quantifier/test_792.png,14,0.0051194539,0.2679180887,0.2457337884,0.3788395904,0.0836177474,0.0,0.0119453925,0.0068259386,0.0
793,data/images/quantifier/test_793.png,14,0.0051194539,0.2679180887,0.2457337884,0.3788395904,0.0836177474,0.0,0.0119453925,0.0068259386,0.0
794,data/images/quantifier/test_794.png,14,0.0051194539,0.2679180887,0.2457337884,0.3788395904,0.0836177474,0.0,0.0119453925,0.0068259386,0.0
795,data/images/quantifier/test_795.png,14,0.0051194539,0.2679180887,0.2457337884,0.3788395904,0.0836177474,0.0,0.0119453925,0.0068259386,0.0
796,data/images/quantifier/test_796.png,14,0.0051194539,0.2679180887,0.2457337884,0.3788395904,0.0836177474,0.0,0.0119453925,0.0068259386,0.0
797,data/images/quantifier/test_797.png,14,0.0051194539,0.2679180887,0.2457337884,0.3788395904,0.0836177474,0.0,0.0119453925,0.0068259386,0.0
798,data/images/quantifier/test_798.png,14,0.0051194539,0.2679180887,0.2457337884,0.3788395904,0.0836177474,0.0,0.0119453925,0.0068259386,0.0
799,data/images/quantifier/test_799.png,14,0.0051194539,0.2679180887,0.2457337884,0.3788395904,0.0836177474,0.0,0.0119453925,0.0068259386,0.0
800,data/images/quantifier/test_800.png,13,0.0016949153,0.1593220339,0.286440678,0.4084745763,0.1169491525,0.0084745763,0.0118644068,0.0033898305,0.0033898305
801,data/images/quantifier/test_801.png,13,0.0016949153,0.1593220339,0.286440678,0.4084745763,0.1169491525,0.0084745763,0.0118644068,0.0033898305,0.0033898305
802,data/images/quantifier/test_802.png,13,0.0016949153,0.1593220339,0.286440678,0.4084745763,0.1169491525,0.0084745763,0.0118644068,0.0033898305,0.0033898305
803,data/images/quantifier/test_803.png,13,0.0016949153,0.1593220339,0.286440678,0.4084745763,0.1169491525,0.0084745763,0.0118644068,0.0033898305,0.0033898305
804,data/images/quantifier/test_804.png,13,0.0016949153,0.1593220339,0.286440678,0.4084745763,0.1169491525,0.0084745763,0.0118644068,0.0033898305,0.0033898305
805,data/images/quantifier/test_805.png,13,0.0016949153,0.1593220339,0.286440678,0.4084745763,0.1169491525,0.0084745763,0.0118644068,0.0033898305,0.0033898305
806,data/images/quantifier/test_806.png,13,0.0016949153,0.1593220339,0.286440678,0.4084745763,0.1169491525,0.0084745763,0.0118644068,0.0033898305,0.0033898305
807,data/images/quantifier/test_807.png,13,0.0016949153,0.1593220339,0.286440678,0.4084745763,0.1169491525,0.0084745763,0.0118644068,0.0033898305,0.0033898305
808,data/images/quantifier/test_808.png,13,0.0016949153,0.1593220339,0.286440678,0.4084745763,0.1169491525,0.0084745763,0.0118644068,0.0033898305,0.0033898305
809,data/images/quantifier/test_809.png,13,0.0016949153,0.1593220339,0.286440678,0.4084745763,0.1169491525,0.0084745763,0.0118644068,0.0033898305,0.0033898305
810,data/images/quantifier/test_810.png,13,0.0016949153,0.1593220339,0.286440678,0.4084745763,0.1169491525,0.0084745763,0.0118644068,0.0033898305,0.0033898305
811,data/images/quantifier/test_811.png,13,0.0016949153,0.1593220339,0.286440678,0.4084745763,0.1169491525,0.0084745763,0.0118644068,0.0033898305,0.0033898305
812,data/images/quantifier/test_812.png,13,0.0016949153,0.1593220339,0.286440678,0.4084745763,0.1169491525,0.0084745763,0.0118644068,0.0033898305,0.0033898305
813,data/images/quantifier/test_813.png,13,0.0016949153,0.1593220339,0.286440678,0.4084745763,0.1169491525,0.0084745763,0.0118644068,0.0033898305,0.0033898305
814,data/images/quantifier/test_814.png,13,0.0016949153,0.1593220339,0.286440678,0.4084745763,0.1169491525,0.0084745763,0.0118644068,0.0033898305,0.0033898305
815,data/images/quantifier/test_815.png,13,0.0016949153,0.1593220339,0.286440678,0.4084745763,0.1169491525,0.0084745763,0.0118644068,0.0033898305,0.0033898305
816,data/images/quantifier/test_816.png,13,0.0016949153,0.1593220339,0.286440678,0.4084745763,0.1169491525,0.0084745763,0.0118644068,0.0033898305,0.0033898305
817,data/images/quantifier/test_817.png,13,0.0016949153,0.1593220339,0.286440678,0.4084745763,0.1169491525,0.0084745763,0.0118644068,0.0033898305,0.0033898305
818,data/images/quantifier/test_818.png,13,0.0016949153,0.1593220339,0.286440678,0.4084745763,0.1169491525,0.0084745763,0.0118644068,0.0033898305,0.0033898305
819,data/images/quantifier/test_819.png,13,0.0016949153,0.1593220339,0.286440678,0.4084745763,0.1169491525,0.0084745763,0.0118644068,0.0033898305,0.0033898305
820,data/images/quantifier/test_820.png,13,0.0016949153,0.1593220339,0.286440678,0.4084745763,0.1169491525,0.0084745763,0.0118644068,0.0033898305,0.0033898305
821,data/images/quantifier/test_821.png,13,0.0016949153,0.1593220339,0.286440678,0.4084745763,0.1169491525,0.0084745763,0.0118644068,0.0033898305,0.0033898305
822,data/images/quantifier/test_822.png,13,0.0016949153,0.1593220339,0.286440678,0.4084745763,0.1169491525,0.0084745763,0.0118644068,0.0033898305,0.0033898305
823,data/images/quantifier/test_823.png,13,0.0016949153,0.1593220339,0.286440678,0.4084745763,0.1169491525,0.0084745763,0.0118644068,0.0033898305,0.0033898305
824,data/images/quantifier/test_824.png,13,0.0016949153,0.1593220339,0.286440678,0.4084745763,0.1169491525,0.0084745763,0.0118644068,0.0033898305,0.0033898305
825,data/images/quantifier/test_825.png,13,0.0016949153,0.1593220339,0.286440678,0.4084745763,0.1169491525,0.0084745763,0.0118644068,0.0033898305,0.0033898305
826,data/images/quantifier/test_826.png,13,0.0016949153,0.1593220339,0.286440678,0.4084745763,0.1169491525,0.0084745763,0.0118644068,0.0033898305,0.0033898305
827,data/images/quantifier/test_827.png,13,0.0016949153,0.1593220339,0.286440678,0.4084745763,0.1169491525,0.0084745763,0.0118644068,0.0033898305,0.0033898305
828,data/images/quantifier/test_828.png,13,0.0016949153,0.1593220339,0.286440678,0.4084745763,0.1169491525,0.0084745763,0.0118644068,0.0033898305,0.0033898305
829,data/images/quantifier/test_829.png,13,0.0016949153,0.1593220339,0.286440678,0.4084745763,0.1169491525,0.0084745763,0.0118644068,0.0033898305,0.0033898305
830,data/images/quantifier/test_830.png,13,0.0016949153,0.1593220339,0.286440678,0.4084745763,0.1169491525,0.0084745763,0.0118644068,0.0033898305,0.0033898305
831,data/images/quantifier/test_831.png,13,0.0016949153,0.1593220339,0.286440678,0.4084745763,0.1169491525,0.0084745763,0.0118644068,0.0033898305,0.0033898305
832,data/images/quantifier/test_832.png,13,0.0016949153,0.1593220339,0.286440678,0.4084745763,0.1169491525,0.0084745763,0.0118644068,0.0033898305,0.0033898305
833,data/images/quantifier/test_833.png,13,0.0016949153,0.1593220339,0.286440678,0.4084745763,0.1169491525,0.0084745763,0.0118644068,0.0033898305,0.0033898305
834,data/images/quantifier/test_834.png,13,0.0016949153,0.1593220339,0.286440678,0.4084745763,0.1169491525,0.0084745763,0.0118644068,0.0033898305,0.0033898305
835,data/images/quantifier/test_835.png,13,0.0016949153,0.1593220339,0.286440678,0.4084745763,0.1169491525,0.0084745763,0.0118644068,0.0033898305,0.0033898305
836,data/images/quantifier/test_836.png,13,0.0016949153,0.1593220339,0.286440678,0.4084745763,0.1169491525,0.0084745763,0.0118644068,0.0033898305,0.0033898305
837,data/images/quantifier/test_837.png,13,0.0016949153,0.1593220339,0.286440678,0.4084745763,0.1169491525,0.0084745763,0.0118644068,0.0033898305,0.0033898305
838,data/images/quantifier/test_838.png,13,0.0016949153,0.1593220339,0.286440678,0.4084745763,0.1169491525,0.0084745763,0.0118644068,0.0033898305,0.0033898305
839,data/images/quantifier/test_839.png,13,0.0016949153,0.1593220339,0.286440678,0.4084745763,0.1169491525,0.0084745763,0.0118644068,0.0033898305,0.0033898305
840,data/images/quantifier/test_840.png,13,0.0016949153,0.1593220339,0.286440678,0.4084745763,0.1169491525,0.0084745763,0.0118644068,0.0033898305,0.0033898305
841,data/images/quantifier/test_841.png,13,0.0016949153,0.1593220339,0.286440678,0.4084745763,0.1169491525,0.0084745763,0.0118644068,0.0033898305,0.0033898305
842,data/images/quantifier/test_842.png,13,0.0016949153,0.1593220339,0.286440678,0.4084745763,0.1169491525,0.0084745763,0.0118644068,0.0033898305,0.0033898305
843,data/images/quantifier/test_843.png,13,0.0016949153,0.1593220339,0.286440678,0.4084745763,0.1169491525,0.0084745763,0.0118644068,0.0033898305,0.0033898305
844,data/images/quantifier/test_844.png,13,0.0016949153,0.1593220339,0.286440678,0.4084745763,0.1169491525,0.0084745763,0.0118644068,0.0033898305,0.0033898305
845,data/images/quantifier/test_845.png,13,0.0016949153,0.1593220339,0.286440678,0.4084745763,0.1169491525,0.0084745763,0.0118644068,0.0033898305,0.0033898305
846,data/images/quantifier/test_846.png,13,0.0016949153,0.1593220339,0.286440678,0.4084745763,0.1169491525,0.0084745763,0.0118644068,0.0033898305,0.0033898305
847,data/images/quantifier/test_847.png,13,0.0016949153,0.1593220339,0.286440678,0.4084745763,0.1169491525,0.0084745763,0.0118644068,0.0033898305,0.0033898305
848,data/images/quantifier/test_848.png,13,0.0016949153,0.1593220339,0.286440678,0.4084745763,0.1169491525,0.0084745763,0.0118644068,0.0033898305,0.0033898305
849,data/images/quantifier/test_849.png,13,0.0016949153,0.1593220339,0.286440678,0.4084745763,0.1169491525,0.0084745763,0.0118644068,0.0033898305,0.0033898305
850,data/images/quantifier/test_850.png,13,0.0016949153,0.1593220339,0.286440678,0.4084745763,0.1169491525,0.0084745763,0.0118644068,0.0033898305,0.0033898305
851,data/images/quantifier/test_851.png,13,0.0016949153,0.1593220339,0.286440678,0.4084745763,0.1169491525,0.0084745763,0.0118644068,0.0033898305,0.0033898305
852,data/images/quantifier/test_852.png,13,0.0016949153,0.1593220339,0.286440678,0.4084745763,0.1169491525,0.0084745763,0.0118644068,0.0033898305,0.0033898305
853,data/images/quantifier/test_853.png,13,0.0016949153,0.1593220339,0.286440678,0.4084745763,0.1169491525,0.0084745763,0.0118644068,0.0033898305,0.0033898305
854,data/images/quantifier/test_854.png,13,0.0016949153,0.1593220339,0.286440678,0.4084745763,0.1169491525,0.0084745763,0.0118644068,0.0033898305,0.0033898305
855,data/images/quantifier/test_855.png,13,0.0016949153,0.1593220339,0.286440678,0.4084745763,0.1169491525,0.0084745763,0.0118644068,0.0033898305,0.0033898305
856,data/images/quantifier/test_856.png,13,0.0016949153,0.1593220339,0.286440678,0.4084745763,0.1169491525,0.0084745763,0.0118644068,0.0033898305,0.0033898305
857,data/images/quantifier/test_857.png,13,0.0016949153,0.1593220339,0.286440678,0.4084745763,0.1169491525,0.0084745763,0.0118644068,0.0033898305,0.0033898305
858,data/images/quantifier/test_858.png,13,0.0016949153,0.1593220339,0.286440678,0.4084745763,0.1169491525,0.0084745763,0.0118644068,0.0033898305,0.0033898305
859,data/images/quantifier/test_859.png,13,0.0016949153,0.1593220339,0.286440678,0.4084745763,0.1169491525,0.0084745763,0.0118644068,0.0033898305,0.0033898305
860,data/images/quantifier/test_860.png,13,0.0016949153,0.1593220339,0.286440678,0.4084745763,0.1169491525,0.0084745763,0.0118644068,0.0033898305,0.0033898305
861,data/images/quantifier/test_861.png,13,0.0016949153,0.1593220339,0.286440678,0.4084745763,0.1169491525,0.0084745763,0.0118644068,0.0033898305,0.0033898305
862,data/images/quantifier/test_862.png,13,0.0016949153,0.1593220339,0.286440678,0.4084745763,0.1169491525,0.0084745763,0.0118644068,0.0033898305,0.0033898305
863,data/images/quantifier/test_863.png,13,0.0016949153,0.1593220339,0.286440678,0.4084745763,0.1169491525,0.0084745763,0.0118644068,0.0033898305,0.0033898305
864,data/images/quantifier/test_864.png,13,0.0016949153,0.1593220339,0.286440678,0.4084745763,0.1169491525,0.0084745763,0.0118644068,0.0033898305,0.0033898305
865,data/images/quantifier/test_865.png,13,0.0016949153,0.1593220339,0.286440678,0.4084745763,0.1169491525,0.0084745763,0.0118644068,0.0033898305,0.0033898305
866,data/images/quantifier/test_866.png,13,0.0016949153,0.1593220339,0.286440678,0.4084745763,0.1169491525,0.0084745763,0.0118644068,0.0033898305,0.0033898305
867,data/images/quantifier/test_867.png,13,0.0016949153,0.1593220339,0.286440678,0.4084745763,0.1169491525,0.0084745763,0.0118644068,0.0033898305,0.0033898305
868,data/images/quantifier/test_868.png,13,0.0016949153,0.1593220339,0.286440678,0.4084745763,0.1169491525,0.0084745763,0.0118644068,0.0033898305,0.0033898305
869,data/images/quantifier/test_869.png,13,0.0016949153,0.1593220339,0.286440678,0.4084745763,0.1169491525,0.0084745763,0.0118644068,0.0033898305,0.0033898305
870,data/images/quantifier/test_870.png,13,0.0016949153,0.1593220339,0.286440678,0.4084745763,0.1169491525,0.0084745763,0.0118644068,0.0033898305,0.0033898305
871,data/images/quantifier/test_871.png,13,0.0016949153,0.1593220339,0.286440678,0.4084745763,0.1169491525,0.0084745763,0.0118644068,0.0033898305,0.0033898305
872,data/images/quantifier/test_872.png,13,0.0016949153,0.1593220339,0.286440678,0.4084745763,0.1169491525,0.0084745763,0.0118644068,0.0033898305,0.0033898305
873,data/images/quantifier/test_873.png,13,0.0016949153,0.1593220339,0.286440678,0.4084745763,0.1169491525,0.0084745763,0.0118644068,0.0033898305,0.0033898305
874,data/images/quantifier/test_874.png,13,0.0016949153,0.1593220339,0.286440678,0.4084745763,0.1169491525,0.0084745763,0.0118644068,0.0033898305,0.0033898305
875,data/images/quantifier/test_875.png,13,0.0016949153,0.1593220339,0.286440678,0.4084745763,0.1169491525,0.0084745763,0.0118644068,0.0033898305,0.0033898305
876,data/images/quantifier/test_876.png,13,0.0016949153,0.1593220339,0.286440678,0.4084745763,0.1169491525,0.0084745763,0.0118644068,0.0033898305,0.0033898305
877,data/images/quantifier/test_877.png,13,0.0016949153,0.1593220339,0.286440678,0.4084745763,0.1169491525,0.0084745763,0.0118644068,0.0033898305,0.0033898305
878,data/images/quantifier/test_878.png,13,0.0016949153,0.1593220339,0.286440678,0.4084745763,0.1169491525,0.0084745763,0.0118644068,0.0033898305,0.0033898305
879,data/images/quantifier/test_879.png,13,0.0016949153,0.1593220339,0.286440678,0.4084745763,0.1169491525,0.0084745763,0.0118644068,0.0033898305,0.0033898305
880,data/images/quantifier/test_880.png,13,0.0016949153,0.1593220339,0.286440678,0.4084745763,0.1169491525,0.0084745763,0.0118644068,0.0033898305,0.0033898305
881,data/images/quantifier/test_881.png,13,0.0016949153,0.1593220339,0.286440678,0.4084745763,0.1169491525,0.0084745763,0.0118644068,0.0033898305,0.0033898305
882,data/images/quantifier/test_882.png,13,0.0016949153,0.1593220339,0.286440678,0.4084745763,0.1169491525,0.0084745763,0.0118644068,0.0033898305,0.0033898305
883,data/images/quantifier/test_883.png,13,0.0016949153,0.1593220339,0.286440678,0.4084745763,0.1169491525,0.0084745763,0.0118644068,0.0033898305,0.0033898305
884,data/images/quantifier/test_884.png,13,0.0016949153,0.1593220339,0.286440678,0.4084745763,0.1169491525,0.0084745763,0.0118644068,0.0033898305,0.0033898305
885,data/images/quantifier/test_885.png,13,0.0016949153,0.1593220339,0.286440678,0.4084745763,0.1169491525,0.0084745763,0.0118644068,0.0033898305,0.0033898305
886,data/images/quantifier/test_886.png,13,0.0016949153,0.1593220339,0.286440678,0.4084745763,0.1169491525,0.0084745763,0.0118644068,0.0033898305,0.0033898305
887,data/images/quantifier/test_887.png,13,0.0016949153,0.1593220339,0.286440678,0.4084745763,0.1169491525,0.0084745763,0.0118644068,0.0033898305,0.0033898305
888,data/images/quantifier/test_888.png,13,0.0016949153,0.1593220339,0.286440678,0.4084745763,0.1169491525,0.0084745763,0.0118644068,0.0033898305,0.0033898305
889,data/images/quantifier/test_889.png,13,0.0016949153,0.1593220339,0.286440678,0.4084745763,0.1169491525,0.0084745763,0.0118644068,0.0033898305,0.0033898305
890,data/images/quantifier/test_890.png,13,0.0016949153,0.1593220339,0.286440678,0.4084745763,0.1169491525,0.0084745763,0.0118644068,0.0033898305,0.0033898305
891,data/images/quantifier/test_891.png,13,0.0016949153,0.1593220339,0.286440678,0.4084745763,0.1169491525,0.0084745763,0.0118644068,0.0033898305,0.0033898305
892,data/images/quantifier/test_892.png,13,0.0016949153,0.1593220339,0.286440678,0.4084745763,0.1169491525,0.0084745763,0.0118644068,0.0033898305,0.0033898305
893,data/images/quantifier/test_893.png,13,0.0016949153,0.1593220339,0.286440678,0.4084745763,0.1169491525,0.0084745763,0.0118644068,0.0033898305,0.0033898305
894,data/images/quantifier/test_894.png,13,0.0016949153,0.1593220339,0.286440678,0.4084745763,0.1169491525,0.0084745763,0.0118644068,0.0033898305,0.0033898305
895,data/images/quantifier/test_895.png,13,0.0016949153,0.1593220339,0.286440678,0.4084745763,0.1169491525,0.0084745763,0.0118644068,0.0033898305,0.0033898305
896,data/images/quantifier/test_896.png,13,0.0016949153,0.1593220339,0.286440678,0.4084745763,0.1169491525,0.0084745763,0.0118644068,0.0033898305,0.0033898305
897,data/images/quantifier/test_897.png,13,0.0016949153,0.1593220339,0.286440678,0.4084745763,0.1169491525,0.0084745763,0.0118644068,0.0033898305,0.0033898305
898,data/images/quantifier/test_898.png,13,0.0016949153,0.1593220339,0.286440678,0.4084745763,0.1169491525,0.0084745763,0.0118644068,0.0033898305,0.0033898305
899,data/images/quantifier/test_899.png,13,0.0016949153,0.1593220339,0.286440678,0.4084745763,0.1169491525,0.0084745763,0.0118644068,0.0033898305,0.0033898305
900,data/images/quantifier/test_900.png,13,0.0016949153,0.1593220339,0.286440678,0.4084745763,0.1169491525,0.0084745763,0.0118644068,0.0033898305,0.0033898305
901,data/images/quantifier/test_901.png,13,0.0016949153,0.1593220339,0.286440678,0.4084745763,0.1169491525,0.0084745763,0.0118644068,0.0033898305,0.0033898305
902,data/images/quantifier/test_902.png,13,0.0016949153,0.1593220339,0.286440678,0.4084745763,0.1169491525,0.0084745763,0.0118644068,0.0033898305,0.0033898305
903,data/images/quantifier/test_903.png,13,0.0016949153,0.1593220339,0.286440678,0.4084745763,0.1169491525,0.0084745763,0.0118644068,0.0033898305,0.0033898305
904,data/images/quantifier/test_904.png,13,0.0016949153,0.1593220339,0.286440678,0.4084745763,0.1169491525,0.0084745763,0.0118644068,0.0033898305,0.0033898305
905,data/images/quantifier/test_905.png,13,0.0016949153,0.1593220339,0.286440678,0.4084745763,0.1169491525,0.0084745763,0.0118644068,0.0033898305,0.0033898305
906,data/images/quantifier/test_906.png,13,0.0016949153,0.1593220339,0.286440678,0.4084745763,0.1169491525,0.0084745763,0.0118644068,0.0033898305,0.0033898305
907,data/images/quantifier/test_907.png,13,0.0016949153,0.1593220339,0.286440678,0.4084745763,0.1169491525,0.0084745763,0.0118644068,0.0033898305,0.0033898305
908,data/images/quantifier/test_908.png,13,0.0016949153,0.1593220339,0.286440678,0.4084745763,0.1169491525,0.0084745763,0.0118644068,0.0033898305,0.0033898305
909,data/images/quantifier/test_909.png,13,0.0016949153,0.1593220339,0.286440678,0.4084745763,0.1169491525,0.0084745763,0.0118644068,0.0033898305,0.0033898305
910,data/images/quantifier/test_910.png,13,0.0016949153,0.1593220339,0.286440678,0.4084745763,0.1169491525,0.0084745763,0.0118644068,0.0033898305,0.0033898305
911,data/images/quantifier/test_911.png,13,0.0016949153,0.1593220339,0.286440678,0.4084745763,0.1169491525,0.0084745763,0.0118644068,0.0033898305,0.0033898305
912,data/images/quantifier/test_912.png,13,0.0016949153,0.1593220339,0.286440678,0.4084745763,0.1169491525,0.0084745763,0.0118644068,0.0033898305,0.0033898305
913,data/images/quantifier/test_913.png,13,0.0016949153,0.1593220339,0.286440678,0.4084745763,0.1169491525,0.0084745763,0.0118644068,0.0033898305,0.0033898305
914,data/images/quantifier/test_914.png,13,0.0016949153,0.1593220339,0.286440678,0.4084745763,0.1169491525,0.0084745763,0.0118644068,0.0033898305,0.0033898305
915,data/images/quantifier/test_915.png,13,0.0016949153,0.1593220339,0.286440678,0.4084745763,0.1169491525,0.0084745763,0.0118644068,0.0033898305,0.0033898305
916,data/images/quantifier/test_916.png,13,0.0016949153,0.1593220339,0.286440678,0.4084745763,0.1169491525,0.0084745763,0.0118644068,0.0033898305,0.0033898305
917,data/images/quantifier/test_917.png,13,0.0016949153,0.1593220339,0.286440678,0.4084745763,0.1169491525,0.0084745763,0.0118644068,0.0033898305,0.0033898305
918,data/images/quantifier/test_918.png,13,0.0016949153,0.1593220339,0.286440678,0.4084745763,0.1169491525,0.0084745763,0.0118644068,0.0033898305,0.0033898305
919,data/images/quantifier/test_919.png,13,0.0016949153,0.1593220339,0.286440678,0.4084745763,0.1169491525,0.0084745763,0.0118644068,0.0033898305,0.0033898305
920,data/images/quantifier/test_920.png,13,0.0016949153,0.1593220339,0.286440678,0.4084745763,0.1169491525,0.0084745763,0.0118644068,0.0033898305,0.0033898305
921,data/images/quantifier/test_921.png,13,0.0016949153,0.1593220339,0.286440678,0.4084745763,0.1169491525,0.0084745763,0.0118644068,0.0033898305,0.0033898305
922,data/images/quantifier/test_922.png,13,0.0016949153,0.1593220339,0.286440678,0.4084745763,0.1169491525,0.0084745763,0.0118644068,0.0033898305,0.0033898305
923,data/images/quantifier/test_923.png,13,0.0016949153,0.1593220339,0.286440678,0.4084745763,0.1169491525,0.0084745763,0.0118644068,0.0033898305,0.0033898305
924,data/images/quantifier/test_924.png,13,0.0016949153,0.1593220339,0.286440678,0.4084745763,0.1169491525,0.0084745763,0.0118644068,0.0033898305,0.0033898305
925,data/images/quantifier/test_925.png,13,0.0016949153,0.1593220339,0.286440678,0.4084745763,0.1169491525,0.0084745763,0.0118644068,0.0033898305,0.0033898305
926,data/images/quantifier/test_926.png,13,0.0016949153,0.1593220339,0.286440678,0.4084745763,0.1169491525,0.0084745763,0.0118644068,0.0033898305,0.0033898305
927,data/images/quantifier/test_927.png,13,0.0016949153,0.1593220339,0.286440678,0.4084745763,0.1169491525,0.0084745763,0.0118644068,0.0033898305,0.0033898305
928,data/images/quantifier/test_928.png,13,0.0016949153,0.1593220339,0.286440678,0.4084745763,0.1169491525,0.0084745763,0.0118644068,0.0033898305,0.0033898305
929,data/images/quantifier/test_929.png,13,0.0016949153,0.1593220339,0.286440678,0.4084745763,0.1169491525,0.0084745763,0.0118644068,0.0033898305,0.0033898305
930,data/images/quantifier/test_930.png,13,0.0016949153,0.1593220339,0.286440678,0.4084745763,0.1169491525,0.0084745763,0.0118644068,0.0033898305,0.0033898305
931,data/images/quantifier/test_931.png,13,0.0016949153,0.1593220339,0.286440678,0.4084745763,0.1169491525,0.0084745763,0.0118644068,0.0033898305,0.0033898305
932,data/images/quantifier/test_932.png,13,0.0016949153,0.1593220339,0.286440678,0.4084745763,0.1169491525,0.0084745763,0.0118644068,0.0033898305,0.0033898305
933,data/images/quantifier/test_933.png,13,0.0016949153,0.1593220339,0.286440678,0.4084745763,0.1169491525,0.0084745763,0.0118644068,0.0033898305,0.0033898305
934,data/images/quantifier/test_934.png,13,0.0016949153,0.1593220339,0.286440678,0.4084745763,0.1169491525,0.0084745763,0.0118644068,0.0033898305,0.0033898305
935,data/images/quantifier/test_935.png,13,0.0016949153,0.1593220339,0.286440678,0.4084745763,0.1169491525,0.0084745763,0.0118644068,0.0033898305,0.0033898305
936,data/images/quantifier/test_936.png,13,0.0016949153,0.1593220339,0.286440678,0.4084745763,0.1169491525,0.0084745763,0.0118644068,0.0033898305,0.0033898305
937,data/images/quantifier/test_937.png,13,0.0016949153,0.1593220339,0.286440678,0.4084745763,0.1169491525,0.0084745763,0.0118644068,0.0033898305,0.0033898305
938,data/images/quantifier/test_938.png,13,0.0016949153,0.1593220339,0.286440678,0.4084745763,0.1169491525,0.0084745763,0.0118644068,0.0033898305,0.0033898305
939,data/images/quantifier/test_939.png,13,0.0016949153,0.1593220339,0.286440678,0.4084745763,0.1169491525,0.0084745763,0.0118644068,0.0033898305,0.0033898305
940,data/images/quantifier/test_940.png,13,0.0016949153,0.1593220339,0.286440678,0.4084745763,0.1169491525,0.0084745763,0.0118644068,0.0033898305,0.0033898305
941,data/images/quantifier/test_941.png,13,0.0016949153,0.1593220339,0.286440678,0.4084745763,0.1169491525,0.0084745763,0.0118644068,0.0033898305,0.0033898305
942,data/images/quantifier/test_942.png,13,0.0016949153,0.1593220339,0.286440678,0.4084745763,0.1169491525,0.0084745763,0.0118644068,0.0033898305,0.0033898305
943,data/images/quantifier/test_943.png,13,0.0016949153,0.1593220339,0.286440678,0.4084745763,0.1169491525,0.0084745763,0.0118644068,0.0033898305,0.0033898305
944,data/images/quantifier/test_944.png,13,0.0016949153,0.1593220339,0.286440678,0.4084745763,0.1169491525,0.0084745763,0.0118644068,0.0033898305,0.0033898305
945,data/images/quantifier/test_945.png,13,0.0016949153,0.1593220339,0.286440678,0.4084745763,0.1169491525,0.0084745763,0.0118644068,0.0033898305,0.0033898305
946,data/images/quantifier/test_946.png,13,0.0016949153,0.1593220339,0.286440678,0.4084745763,0.1169491525,0.0084745763,0.0118644068,0.0033898305,0.0033898305
947,data/images/quantifier/test_947.png,13,0.0016949153,0.1593220339,0.286440678,0.4084745763,0.1169491525,0.0084745763,0.0118644068,0.0033898305,0.0033898305
948,data/images/quantifier/test_948.png,13,0.0016949153,0.1593220339,0.286440678,0.4084745763,0.1169491525,0.0084745763,0.0118644068,0.0033898305,0.0033898305
949,data/images/quantifier/test_949.png,13,0.0016949153,0.1593220339,0.286440678,0.4084745763,0.1169491525,0.0084745763,0.0118644068,0.0033898305,0.0033898305
950,data/images/quantifier/test_950.png,13,0.0016949153,0.1593220339,0.286440678,0.4084745763,0.1169491525,0.0084745763,0.0118644068,0.0033898305,0.0033898305
951,data/images/quantifier/test_951.png,13,0.0016949153,0.1593220339,0.286440678,0.4084745763,0.1169491525,0.0084745763,0.0118644068,0.0033898305,0.0033898305
952,data/images/quantifier/test_952.png,13,0.0016949153,0.1593220339,0.286440678,0.4084745763,0.1169491525,0.0084745763,0.0118644068,0.0033898305,0.0033898305
953,data/images/quantifier/test_953.png,13,0.0016949153,0.1593220339,0.286440678,0.4084745763,0.1169491525,0.0084745763,0.0118644068,0.0033898305,0.0033898305
954,data/images/quantifier/test_954.png,13,0.0016949153,0.1593220339,0.286440678,0.4084745763,0.1169491525,0.0084745763,0.0118644068,0.0033898305,0.0033898305
955,data/images/quantifier/test_955.png,13,0.0016949153,0.1593220339,0.286440678,0.4084745763,0.1169491525,0.0084745763,0.0118644068,0.0033898305,0.0033898305
956,data/images/quantifier/test_956.png,13,0.0016949153,0.1593220339,0.286440678,0.4084745763,0.1169491525,0.0084745763,0.0118644068,0.0033898305,0.0033898305
957,data/images/quantifier/test_957.png,13,0.0016949153,0.1593220339,0.286440678,0.4084745763,0.1169491525,0.0084745763,0.0118644068,0.0033898305,0.0033898305
958,data/images/quantifier/test_958.png,13,0.0016949153,0.1593220339,0.286440678,0.4084745763,0.1169491525,0.0084745763,0.0118644068,0.0033898305,0.0033898305
959,data/images/quantifier/test_959.png,13,0.0016949153,0.1593220339,0.286440678,0.4084745763,0.1169491525,0.0084745763,0.0118644068,0.0033898305,0.0033898305
960,data/images/quantifier/test_960.png,13,0.0016949153,0.1593220339,0.286440678,0.4084745763,0.1169491525,0.0084745763,0.0118644068,0.0033898305,0.0033898305
961,data/images/quantifier/test_961.png,13,0.0016949153,0.1593220339,0.286440678,0.4084745763,0.1169491525,0.0084745763,0.0118644068,0.0033898305,0.0033898305
962,data/images/quantifier/test_962.png,13,0.0016949153,0.1593220339,0.286440678,0.4084745763,0.1169491525,0.0084745763,0.0118644068,0.0033898305,0.0033898305
963,data/images/quantifier/test_963.png,13,0.0016949153,0.1593220339,0.286440678,0.4084745763,0.1169491525,0.0084745763,0.0118644068,0.0033898305,0.0033898305
964,data/images/quantifier/test_964.png,13,0.0016949153,0.1593220339,0.286440678,0.4084745763,0.1169491525,0.0084745763,0.0118644068,0.0033898305,0.0033898305
965,data/images/quantifier/test_965.png,13,0.0016949153,0.1593220339,0.286440678,0.4084745763,0.1169491525,0.0084745763,0.0118644068,0.0033898305,0.0033898305
966,data/images/quantifier/test_966.png,13,0.0016949153,0.1593220339,0.286440678,0.4084745763,0.1169491525,0.0084745763,0.0118644068,0.0033898305,0.0033898305
967,data/images/quantifier/test_967.png,13,0.0016949153,0.1593220339,0.286440678,0.4084745763,0.1169491525,0.0084745763,0.0118644068,0.0033898305,0.0033898305
968,data/images/quantifier/test_968.png,13,0.0016949153,0.1593220339,0.286440678,0.4084745763,0.1169491525,0.0084745763,0.0118644068,0.0033898305,0.0033898305
969,data/images/quantifier/test_969.png,13,0.0016949153,0.1593220339,0.286440678,0.4084745763,0.1169491525,0.0084745763,0.0118644068,0.0033898305,0.0033898305
970,data/images/quantifier/test_970.png,13,0.0016949153,0.1593220339,0.286440678,0.4084745763,0.1169491525,0.0084745763,0.0118644068,0.0033898305,0.0033898305
971,data/images/quantifier/test_971.png,13,0.0016949153,0.1593220339,0.286440678,0.4084745763,0.1169491525,0.0084745763,0.0118644068,0.0033898305,0.0033898305
972,data/images/quantifier/test_972.png,13,0.0016949153,0.1593220339,0.286440678,0.4084745763,0.1169491525,0.0084745763,0.0118644068,0.0033898305,0.0033898305
973,data/images/quantifier/test_973.png,13,0.0016949153,0.1593220339,0.286440678,0.4084745763,0.1169491525,0.0084745763,0.0118644068,0.0033898305,0.0033898305
974,data/images/quantifier/test_974.png,13,0.0016949153,0.1593220339,0.286440678,0.4084745763,0.1169491525,0.0084745763,0.0118644068,0.0033898305,0.0033898305
975,data/images/quantifier/test_975.png,13,0.0016949153,0.1593220339,0.286440678,0.4084745763,0.1169491525,0.0084745763,0.0118644068,0.0033898305,0.0033898305
976,data/images/quantifier/test_976.png,13,0.0016949153,0.1593220339,0.286440678,0.4084745763,0.1169491525,0.0084745763,0.0118644068,0.0033898305,0.0033898305
977,data/images/quantifier/test_977.png,13,0.0016949153,0.1593220339,0.286440678,0.4084745763,0.1169491525,0.0084745763,0.0118644068,0.0033898305,0.0033898305
978,data/images/quantifier/test_978.png,13,0.0016949153,0.1593220339,0.286440678,0.4084745763,0.1169491525,0.0084745763,0.0118644068,0.0033898305,0.0033898305
979,data/images/quantifier/test_979.png,13,0.0016949153,0.1593220339,0.286440678,0.4084745763,0.1169491525,0.0084745763,0.0118644068,0.0033898305,0.0033898305
980,data/images/quantifier/test_980.png,13,0.0016949153,0.1593220339,0.286440678,0.4084745763,0.1169491525,0.0084745763,0.0118644068,0.0033898305,0.0033898305
981,data/images/quantifier/test_981.png,13,0.0016949153,0.1593220339,0.286440678,0.4084745763,0.1169491525,0.0084745763,0.0118644068,0.0033898305,0.0033898305
982,data/images/quantifier/test_982.png,13,0.0016949153,0.1593220339,0.286440678,0.4084745763,0.1169491525,0.0084745763,0.0118644068,0.0033898305,0.0033898305
983,data/images/quantifier/test_983.png,13,0.0016949153,0.1593220339,0.286440678,0.4084745763,0.1169491525,0.0084745763,0.0118644068,0.0033898305,0.0033898305
984,data/images/quantifier/test_984.png,13,0.0016949153,0.1593220339,0.286440678,0.4084745763,0.1169491525,0.0084745763,0.0118644068,0.0033898305,0.0033898305
985,data/images/quantifier/test_985.png,13,0.0016949153,0.1593220339,0.286440678,0.4084745763,0.1169491525,0.0084745763,0.0118644068,0.0033898305,0.0033898305
986,data/images/quantifier/test_986.png,13,0.0016949153,0.1593220339,0.286440678,0.4084745763,0.1169491525,0.0084745763,0.0118644068,0.0033898305,0.0033898305
987,data/images/quantifier/test_987.png,13,0.0016949153,0.1593220339,0.286440678,0.4084745763,0.1169491525,0.0084745763,0.0118644068,0.0033898305,0.0033898305
988,data/images/quantifier/test_988.png,13,0.0016949153,0.1593220339,0.286440678,0.4084745763,0.1169491525,0.0084745763,0.0118644068,0.0033898305,0.0033898305
989,data/images/quantifier/test_989.png,13,0.0016949153,0.1593220339,0.286440678,0.4084745763,0.1169491525,0.0084745763,0.0118644068,0.0033898305,0.0033898305
990,data/images/quantifier/test_990.png,13,0.0016949153,0.1593220339,0.286440678,0.4084745763,0.1169491525,0.0084745763,0.0118644068,0.0033898305,0.0033898305
991,data/images/quantifier/test_991.png,13,0.0016949153,0.1593220339,0.286440678,0.4084745763,0.1169491525,0.0084745763,0.0118644068,0.0033898305,0.0033898305
992,data/images/quantifier/test_992.png,13,0.0016949153,0.1593220339,0.286440678,0.4084745763,0.1169491525,0.0084745763,0.0118644068,0.0033898305,0.0033898305
993,data/images/quantifier/test_993.png,13,0.0016949153,0.1593220339,0.286440678,0.4084745763,0.1169491525,0.0084745763,0.0118644068,0.0033898305,0.0033898305
994,data/images/quantifier/test_994.png,13,0.0016949153,0.1593220339,0.286440678,0.4084745763,0.1169491525,0.0084745763,0.0118644068,0.0033898305,0.0033898305
995,data/images/quantifier/test_995.png,13,0.0016949153,0.1593220339,0.286440678,0.4084745763,0.1169491525,0.0084745763,0.0118644068,0.0033898305,0.0033898305
996,data/images/quantifier/test_996.png,13,0.0016949153,0.1593220339,0.286440678,0.4084745763,0.1169491525,0.0084745763,0.0118644068,0.0033898305,0.0033898305
997,data/images/quantifier/test_997.png,13,0.0016949153,0.1593220339,0.286440678,0.4084745763,0.1169491525,0.0084745763,0.0118644068,0.0033898305,0.0033898305
998,data/images/quantifier/test_998.png,13,0.0016949153,0.1593220339,0.286440678,0.4084745763,0.1169491525,0.0084745763,0.0118644068,0.0033898305,0.0033898305
999,data/images/quantifier/test_999.png,13,0.0016949153,0.1593220339,0.286440678,0.4084745763,0.1169491525,0.0084745763,0.0118644068,0.0033898305,0.0033898305
1000,data/images/quantifier/test_1000.png,12,0.0034364261,0.087628866,0.3453608247,0.2508591065,0.2577319588,0.0171821306,0.0257731959,0.0120274914,0.0
1001,data/images/quantifier/test_1001.png,12,0.0034364261,0.087628866,0.3453608247,0.2508591065,0.2577319588,0.0171821306,0.0257731959,0.0120274914,0.0
1002,data/images/quantifier/test_1002.png,12,0.0034364261,0.087628866,0.3453608247,0.2508591065,0.2577319588,0.0171821306,0.0257731959,0.0120274914,0.0
1003,data/images/quantifier/test_1003.png,12,0.0034364261,0.087628866,0.3453608247,0.2508591065,0.2577319588,0.0171821306,0.0257731959,0.0120274914,0.0
1004,data/images/quantifier/test_1004.png,12,0.0034364261,0.087628866,0.3453608247,0.2508591065,0.2577319588,0.0171821306,0.0257731959,0.0120274914,0.0
1005,data/images/quantifier/test_1005.png,12,0.0034364261,0.087628866,0.3453608247,0.2508591065,0.2577319588,0.0171821306,0.0257731959,0.0120274914,0.0
1006,data/images/quantifier/test_1006.png,12,0.0034364261,0.087628866,0.3453608247,0.2508591065,0.2577319588,0.0171821306,0.0257731959,0.0120274914,0.0
1007,data/images/quantifier/test_1007.png,12,0.0034364261,0.087628866,0.3453608247,0.2508591065,0.2577319588,0.0171821306,0.0257731959,0.0120274914,0.0
1008,data/images/quantifier/test_1008.png,12,0.0034364261,0.087628866,0.3453608247,0.2508591065,0.2577319588,0.0171821306,0.0257731959,0.0120274914,0.0
1009,data/images/quantifier/test_1009.png,12,0.0034364261,0.087628866,0.3453608247,0.2508591065,0.2577319588,0.0171821306,0.0257731959,0.0120274914,0.0
1010,data/images/quantifier/test_1010.png,12,0.0034364261,0.087628866,0.3453608247,0.2508591065,0.2577319588,0.0171821306,0.0257731959,0.0120274914,0.0
1011,data/images/quantifier/test_1011.png,12,0.0034364261,0.087628866,0.3453608247,0.2508591065,0.2577319588,0.0171821306,0.0257731959,0.0120274914,0.0
1012,data/images/quantifier/test_1012.png,12,0.0034364261,0.087628866,0.3453608247,0.2508591065,0.2577319588,0.0171821306,0.0257731959,0.0120274914,0.0
1013,data/images/quantifier/test_1013.png,12,0.0034364261,0.087628866,0.3453608247,0.2508591065,0.2577319588,0.0171821306,0.0257731959,0.0120274914,0.0
1014,data/images/quantifier/test_1014.png,12,0.0034364261,0.087628866,0.3453608247,0.2508591065,0.2577319588,0.0171821306,0.0257731959,0.0120274914,0.0
1015,data/images/quantifier/test_1015.png,12,0.0034364261,0.087628866,0.3453608247,0.2508591065,0.2577319588,0.0171821306,0.0257731959,0.0120274914,0.0
1016,data/images/quantifier/test_1016.png,12,0.0034364261,0.087628866,0.3453608247,0.2508591065,0.2577319588,0.0171821306,0.0257731959,0.0120274914,0.0
1017,data/images/quantifier/test_1017.png,12,0.0034364261,0.087628866,0.3453608247,0.2508591065,0.2577319588,0.0171821306,0.0257731959,0.0120274914,0.0
1018,data/images/quantifier/test_1018.png,12,0.0034364261,0.087628866,0.3453608247,0.2508591065,0.2577319588,0.0171821306,0.0257731959,0.0120274914,0.0
1019,data/images/quantifier/test_1019.png,12,0.0034364261,0.087628866,0.3453608247,0.2508591065,0.2577319588,0.0171821306,0.0257731959,0.0120274914,0.0
1020,data/images/quantifier/test_1020.png,12,0.0034364261,0.087628866,0.3453608247,0.2508591065,0.2577319588,0.0171821306,0.0257731959,0.0120274914,0.0
1021,data/images/quantifier/test_1021.png,12,0.0034364261,0.087628866,0.3453608247,0.2508591065,0.2577319588,0.0171821306,0.0257731959,0.0120274914,0.0
1022,data/images/quantifier/test_1022.png,12,0.0034364261,0.087628866,0.3453608247,0.2508591065,0.2577319588,0.0171821306,0.0257731959,0.0120274914,0.0
1023,data/images/quantifier/test_1023.png,12,0.0034364261,0.087628866,0.3453608247,0.2508591065,0.2577319588,0.0171821306,0.0257731959,0.0120274914,0.0
1024,data/images/quantifier/test_1024.png,12,0.0034364261,0.087628866,0.3453608247,0.2508591065,0.2577319588,0.0171821306,0.0257731959,0.0120274914,0.0
1025,data/images/quantifier/test_1025.png,12,0.0034364261,0.087628866,0.3453608247,0.2508591065,0.2577319588,0.0171821306,0.0257731959,0.0120274914,0.0
1026,data/images/quantifier/test_1026.png,12,0.0034364261,0.087628866,0.3453608247,0.2508591065,0.2577319588,0.0171821306,0.0257731959,0.0120274914,0.0
1027,data/images/quantifier/test_1027.png,12,0.0034364261,0.087628866,0.3453608247,0.2508591065,0.2577319588,0.0171821306,0.0257731959,0.0120274914,0.0
1028,data/images/quantifier/test_1028.png,12,0.0034364261,0.087628866,0.3453608247,0.2508591065,0.2577319588,0.0171821306,0.0257731959,0.0120274914,0.0
1029,data/images/quantifier/test_1029.png,12,0.0034364261,0.087628866,0.3453608247,0.2508591065,0.2577319588,0.0171821306,0.0257731959,0.0120274914,0.0
1030,data/images/quantifier/test_1030.png,12,0.0034364261,0.087628866,0.3453608247,0.2508591065,0.2577319588,0.0171821306,0.0257731959,0.0120274914,0.0
1031,data/images/quantifier/test_1031.png,12,0.0034364261,0.087628866,0.3453608247,0.2508591065,0.2577319588,0.0171821306,0.0257731959,0.0120274914,0.0
1032,data/images/quantifier/test_1032.png,12,0.0034364261,0.087628866,0.3453608247,0.2508591065,0.2577319588,0.0171821306,0.0257731959,0.0120274914,0.0
1033,data/images/quantifier/test_1033.png,12,0.0034364261,0.087628866,0.3453608247,0.2508591065,0.2577319588,0.0171821306,0.0257731959,0.0120274914,0.0
1034,data/images/quantifier/test_1034.png,12,0.0034364261,0.087628866,0.3453608247,0.2508591065,0.2577319588,0.0171821306,0.0257731959,0.0120274914,0.0
1035,data/images/quantifier/test_1035.png,12,0.0034364261,0.087628866,0.3453608247,0.2508591065,0.2577319588,0.0171821306,0.0257731959,0.0120274914,0.0
1036,data/images/quantifier/test_1036.png,12,0.0034364261,0.087628866,0.3453608247,0.2508591065,0.2577319588,0.0171821306,0.0257731959,0.0120274914,0.0
1037,data/images/quantifier/test_1037.png,12,0.0034364261,0.087628866,0.3453608247,0.2508591065,0.2577319588,0.0171821306,0.0257731959,0.0120274914,0.0
1038,data/images/quantifier/test_1038.png,12,0.0034364261,0.087628866,0.3453608247,0.2508591065,0.2577319588,0.0171821306,0.0257731959,0.0120274914,0.0
1039,data/images/quantifier/test_1039.png,12,0.0034364261,0.087628866,0.3453608247,0.2508591065,0.2577319588,0.0171821306,0.0257731959,0.0120274914,0.0
1040,data/images/quantifier/test_1040.png,12,0.0034364261,0.087628866,0.3453608247,0.2508591065,0.2577319588,0.0171821306,0.0257731959,0.0120274914,0.0
1041,data/images/quantifier/test_1041.png,12,0.0034364261,0.087628866,0.3453608247,0.2508591065,0.2577319588,0.0171821306,0.0257731959,0.0120274914,0.0
1042,data/images/quantifier/test_1042.png,12,0.0034364261,0.087628866,0.3453608247,0.2508591065,0.2577319588,0.0171821306,0.0257731959,0.0120274914,0.0
1043,data/images/quantifier/test_1043.png,12,0.0034364261,0.087628866,0.3453608247,0.2508591065,0.2577319588,0.0171821306,0.0257731959,0.0120274914,0.0
1044,data/images/quantifier/test_1044.png,12,0.0034364261,0.087628866,0.3453608247,0.2508591065,0.2577319588,0.0171821306,0.0257731959,0.0120274914,0.0
1045,data/images/quantifier/test_1045.png,12,0.0034364261,0.087628866,0.3453608247,0.2508591065,0.2577319588,0.0171821306,0.0257731959,0.0120274914,0.0
1046,data/images/quantifier/test_1046.png,12,0.0034364261,0.087628866,0.3453608247,0.2508591065,0.2577319588,0.0171821306,0.0257731959,0.0120274914,0.0
1047,data/images/quantifier/test_1047.png,12,0.0034364261,0.087628866,0.3453608247,0.2508591065,0.2577319588,0.0171821306,0.0257731959,0.0120274914,0.0
1048,data/images/quantifier/test_1048.png,12,0.0034364261,0.087628866,0.3453608247,0.2508591065,0.2577319588,0.0171821306,0.0257731959,0.0120274914,0.0
1049,data/images/quantifier/test_1049.png,12,0.0034364261,0.087628866,0.3453608247,0.2508591065,0.2577319588,0.0171821306,0.0257731959,0.0120274914,0.0
1050,data/images/quantifier/test_1050.png,12,0.0034364261,0.087628866,0.3453608247,0.2508591065,0.2577319588,0.0171821306,0.0257731959,0.0120274914,0.0
1051,data/images/quantifier/test_1051.png,12,0.0034364261,0.087628866,0.3453608247,0.2508591065,0.2577319588,0.0171821306,0.0257731959,0.0120274914,0.0
1052,data/images/quantifier/test_1052.png,12,0.0034364261,0.087628866,0.3453608247,0.2508591065,0.2577319588,0.0171821306,0.0257731959,0.0120274914,0.0
1053,data/images/quantifier/test_1053.png,12,0.0034364261,0.087628866,0.3453608247,0.2508591065,0.2577319588,0.0171821306,0.0257731959,0.0120274914,0.0
1054,data/images/quantifier/test_1054.png,12,0.0034364261,0.087628866,0.3453608247,0.2508591065,0.2577319588,0.0171821306,0.0257731959,0.0120274914,0.0
1055,data/images/quantifier/test_1055.png,12,0.0034364261,0.087628866,0.3453608247,0.2508591065,0.2577319588,0.0171821306,0.0257731959,0.0120274914,0.0
1056,data/images/quantifier/test_1056.png,12,0.0034364261,0.087628866,0.3453608247,0.2508591065,0.2577319588,0.0171821306,0.0257731959,0.0120274914,0.0
1057,data/images/quantifier/test_1057.png,12,0.0034364261,0.087628866,0.3453608247,0.2508591065,0.2577319588,0.0171821306,0.0257731959,0.0120274914,0.0
1058,data/images/quantifier/test_1058.png,12,0.0034364261,0.087628866,0.3453608247,0.2508591065,0.2577319588,0.0171821306,0.0257731959,0.0120274914,0.0
1059,data/images/quantifier/test_1059.png,12,0.0034364261,0.087628866,0.3453608247,0.2508591065,0.2577319588,0.0171821306,0.0257731959,0.0120274914,0.0
1060,data/images/quantifier/test_1060.png,12,0.0034364261,0.087628866,0.3453608247,0.2508591065,0.2577319588,0.0171821306,0.0257731959,0.0120274914,0.0
1061,data/images/quantifier/test_1061.png,12,0.0034364261,0.087628866,0.3453608247,0.2508591065,0.2577319588,0.0171821306,0.0257731959,0.0120274914,0.0
1062,data/images/quantifier/test_1062.png,12,0.0034364261,0.087628866,0.3453608247,0.2508591065,0.2577319588,0.0171821306,0.0257731959,0.0120274914,0.0
1063,data/images/quantifier/test_1063.png,12,0.0034364261,0.087628866,0.3453608247,0.2508591065,0.2577319588,0.0171821306,0.0257731959,0.0120274914,0.0
1064,data/images/quantifier/test_1064.png,12,0.0034364261,0.087628866,0.3453608247,0.2508591065,0.2577319588,0.0171821306,0.0257731959,0.0120274914,0.0
1065,data/images/quantifier/test_1065.png,12,0.0034364261,0.087628866,0.3453608247,0.2508591065,0.2577319588,0.0171821306,0.0257731959,0.0120274914,0.0
1066,data/images/quantifier/test_1066.png,12,0.0034364261,0.087628866,0.3453608247,0.2508591065,0.2577319588,0.0171821306,0.0257731959,0.0120274914,0.0
1067,data/images/quantifier/test_1067.png,12,0.0034364261,0.087628866,0.3453608247,0.2508591065,0.2577319588,0.0171821306,0.0257731959,0.0120274914,0.0
1068,data/images/quantifier/test_1068.png,12,0.0034364261,0.087628866,0.3453608247,0.2508591065,0.2577319588,0.0171821306,0.0257731959,0.0120274914,0.0
1069,data/images/quantifier/test_1069.png,12,0.0034364261,0.087628866,0.3453608247,0.2508591065,0.2577319588,0.0171821306,0.0257731959,0.0120274914,0.0
1070,data/images/quantifier/test_1070.png,12,0.0034364261,0.087628866,0.3453608247,0.2508591065,0.2577319588,0.0171821306,0.0257731959,0.0120274914,0.0
1071,data/images/quantifier/test_1071.png,12,0.0034364261,0.087628866,0.3453608247,0.2508591065,0.2577319588,0.0171821306,0.0257731959,0.0120274914,0.0
1072,data/images/quantifier/test_1072.png,12,0.0034364261,0.087628866,0.3453608247,0.2508591065,0.2577319588,0.0171821306,0.0257731959,0.0120274914,0.0
1073,data/images/quantifier/test_1073.png,12,0.0034364261,0.087628866,0.3453608247,0.2508591065,0.2577319588,0.0171821306,0.0257731959,0.0120274914,0.0
1074,data/images/quantifier/test_1074.png,12,0.0034364261,0.087628866,0.3453608247,0.2508591065,0.2577319588,0.0171821306,0.0257731959,0.0120274914,0.0
1075,data/images/quantifier/test_1075.png,12,0.0034364261,0.087628866,0.3453608247,0.2508591065,0.2577319588,0.0171821306,0.0257731959,0.0120274914,0.0
1076,data/images/quantifier/test_1076.png,12,0.0034364261,0.087628866,0.3453608247,0.2508591065,0.2577319588,0.0171821306,0.0257731959,0.0120274914,0.0
1077,data/images/quantifier/test_1077.png,12,0.0034364261,0.087628866,0.3453608247,0.2508591065,0.2577319588,0.0171821306,0.0257731959,0.0120274914,0.0
1078,data/images/quantifier/test_1078.png,12,0.0034364261,0.087628866,0.3453608247,0.2508591065,0.2577319588,0.0171821306,0.0257731959,0.0120274914,0.0
1079,data/images/quantifier/test_1079.png,12,0.0034364261,0.087628866,0.3453608247,0.2508591065,0.2577319588,0.0171821306,0.0257731959,0.0120274914,0.0
1080,data/images/quantifier/test_1080.png,12,0.0034364261,0.087628866,0.3453608247,0.2508591065,0.2577319588,0.0171821306,0.0257731959,0.0120274914,0.0
1081,data/images/quantifier/test_1081.png,12,0.0034364261,0.087628866,0.3453608247,0.2508591065,0.2577319588,0.0171821306,0.0257731959,0.0120274914,0.0
1082,data/images/quantifier/test_1082.png,12,0.0034364261,0.087628866,0.3453608247,0.2508591065,0.2577319588,0.0171821306,0.0257731959,0.0120274914,0.0
1083,data/images/quantifier/test_1083.png,12,0.0034364261,0.087628866,0.3453608247,0.2508591065,0.2577319588,0.0171821306,0.0257731959,0.0120274914,0.0
1084,data/images/quantifier/test_1084.png,12,0.0034364261,0.087628866,0.3453608247,0.2508591065,0.2577319588,0.0171821306,0.0257731959,0.0120274914,0.0
1085,data/images/quantifier/test_1085.png,12,0.0034364261,0.087628866,0.3453608247,0.2508591065,0.2577319588,0.0171821306,0.0257731959,0.0120274914,0.0
1086,data/images/quantifier/test_1086.png,12,0.0034364261,0.087628866,0.3453608247,0.2508591065,0.2577319588,0.0171821306,0.0257731959,0.0120274914,0.0
1087,data/images/quantifier/test_1087.png,12,0.0034364261,0.087628866,0.3453608247,0.2508591065,0.2577319588,0.0171821306,0.0257731959,0.0120274914,0.0
1088,data/images/quantifier/test_1088.png,12,0.0034364261,0.087628866,0.3453608247,0.2508591065,0.2577319588,0.0171821306,0.0257731959,0.0120274914,0.0
1089,data/images/quantifier/test_1089.png,12,0.0034364261,0.087628866,0.3453608247,0.2508591065,0.2577319588,0.0171821306,0.0257731959,0.0120274914,0.0
1090,data/images/quantifier/test_1090.png,12,0.0034364261,0.087628866,0.3453608247,0.2508591065,0.2577319588,0.0171821306,0.0257731959,0.0120274914,0.0
1091,data/images/quantifier/test_1091.png,12,0.0034364261,0.087628866,0.3453608247,0.2508591065,0.2577319588,0.0171821306,0.0257731959,0.0120274914,0.0
1092,data/images/quantifier/test_1092.png,12,0.0034364261,0.087628866,0.3453608247,0.2508591065,0.2577319588,0.0171821306,0.0257731959,0.0120274914,0.0
1093,data/images/quantifier/test_1093.png,12,0.0034364261,0.087628866,0.3453608247,0.2508591065,0.2577319588,0.0171821306,0.0257731959,0.0120274914,0.0
1094,data/images/quantifier/test_1094.png,12,0.0034364261,0.087628866,0.3453608247,0.2508591065,0.2577319588,0.0171821306,0.0257731959,0.0120274914,0.0
1095,data/images/quantifier/test_1095.png,12,0.0034364261,0.087628866,0.3453608247,0.2508591065,0.2577319588,0.0171821306,0.0257731959,0.0120274914,0.0
1096,data/images/quantifier/test_1096.png,12,0.0034364261,0.087628866,0.3453608247,0.2508591065,0.2577319588,0.0171821306,0.0257731959,0.0120274914,0.0
1097,data/images/quantifier/test_1097.png,12,0.0034364261,0.087628866,0.3453608247,0.2508591065,0.2577319588,0.0171821306,0.0257731959,0.0120274914,0.0
1098,data/images/quantifier/test_1098.png,12,0.0034364261,0.087628866,0.3453608247,0.2508591065,0.2577319588,0.0171821306,0.0257731959,0.0120274914,0.0
1099,data/images/quantifier/test_1099.png,12,0.0034364261,0.087628866,0.3453608247,0.2508591065,0.2577319588,0.0171821306,0.0257731959,0.0120274914,0.0
1100,data/images/quantifier/test_1100.png,12,0.0034364261,0.087628866,0.3453608247,0.2508591065,0.2577319588,0.0171821306,0.0257731959,0.0120274914,0.0
1101,data/images/quantifier/test_1101.png,12,0.0034364261,0.087628866,0.3453608247,0.2508591065,0.2577319588,0.0171821306,0.0257731959,0.0120274914,0.0
1102,data/images/quantifier/test_1102.png,12,0.0034364261,0.087628866,0.3453608247,0.2508591065,0.2577319588,0.0171821306,0.0257731959,0.0120274914,0.0
1103,data/images/quantifier/test_1103.png,12,0.0034364261,0.087628866,0.3453608247,0.2508591065,0.2577319588,0.0171821306,0.0257731959,0.0120274914,0.0
1104,data/images/quantifier/test_1104.png,12,0.0034364261,0.087628866,0.3453608247,0.2508591065,0.2577319588,0.0171821306,0.0257731959,0.0120274914,0.0
1105,data/images/quantifier/test_1105.png,12,0.0034364261,0.087628866,0.3453608247,0.2508591065,0.2577319588,0.0171821306,0.0257731959,0.0120274914,0.0
1106,data/images/quantifier/test_1106.png,12,0.0034364261,0.087628866,0.3453608247,0.2508591065,0.2577319588,0.0171821306,0.0257731959,0.0120274914,0.0
1107,data/images/quantifier/test_1107.png,12,0.0034364261,0.087628866,0.3453608247,0.2508591065,0.2577319588,0.0171821306,0.0257731959,0.0120274914,0.0
1108,data/images/quantifier/test_1108.png,12,0.0034364261,0.087628866,0.3453608247,0.2508591065,0.2577319588,0.0171821306,0.0257731959,0.0120274914,0.0
1109,data/images/quantifier/test_1109.png,12,0.0034364261,0.087628866,0.3453608247,0.2508591065,0.2577319588,0.0171821306,0.0257731959,0.0120274914,0.0
1110,data/images/quantifier/test_1110.png,12,0.0034364261,0.087628866,0.3453608247,0.2508591065,0.2577319588,0.0171821306,0.0257731959,0.0120274914,0.0
1111,data/images/quantifier/test_1111.png,12,0.0034364261,0.087628866,0.3453608247,0.2508591065,0.2577319588,0.0171821306,0.0257731959,0.0120274914,0.0
1112,data/images/quantifier/test_1112.png,12,0.0034364261,0.087628866,0.3453608247,0.2508591065,0.2577319588,0.0171821306,0.0257731959,0.0120274914,0.0
1113,data/images/quantifier/test_1113.png,12,0.0034364261,0.087628866,0.3453608247,0.2508591065,0.2577319588,0.0171821306,0.0257731959,0.0120274914,0.0
1114,data/images/quantifier/test_1114.png,12,0.0034364261,0.087628866,0.3453608247,0.2508591065,0.2577319588,0.0171821306,0.0257731959,0.0120274914,0.0
1115,data/images/quantifier/test_1115.png,12,0.0034364261,0.087628866,0.3453608247,0.2508591065,0.2577319588,0.0171821306,0.0257731959,0.0120274914,0.0
1116,data/images/quantifier/test_1116.png,12,0.0034364261,0.087628866,0.3453608247,0.2508591065,0.2577319588,0.0171821306,0.0257731959,0.0120274914,0.0
1117,data/images/quantifier/test_1117.png,12,0.0034364261,0.087628866,0.3453608247,0.2508591065,0.2577319588,0.0171821306,0.0257731959,0.0120274914,0.0
1118,data/images/quantifier/test_1118.png,12,0.0034364261,0.087628866,0.3453608247,0.2508591065,0.2577319588,0.0171821306,0.0257731959,0.0120274914,0.0
1119,data/images/quantifier/test_1119.png,12,0.0034364261,0.087628866,0.3453608247,0.2508591065,0.2577319588,0.0171821306,0.0257731959,0.0120274914,0.0
1120,data/images/quantifier/test_1120.png,12,0.0034364261,0.087628866,0.3453608247,0.2508591065,0.2577319588,0.0171821306,0.0257731959,0.0120274914,0.0
1121,data/images/quantifier/test_1121.png,12,0.0034364261,0.087628866,0.3453608247,0.2508591065,0.2577319588,0.0171821306,0.0257731959,0.0120274914,0.0
1122,data/images/quantifier/test_1122.png,12,0.0034364261,0.087628866,0.3453608247,0.2508591065,0.2577319588,0.0171821306,0.0257731959,0.0120274914,0.0
1123,data/images/quantifier/test_1123.png,12,0.0034364261,0.087628866,0.3453608247,0.2508591065,0.2577319588,0.0171821306,0.0257731959,0.0120274914,0.0
1124,data/images/quantifier/test_1124.png,12,0.0034364261,0.087628866,0.3453608247,0.2508591065,0.2577319588,0.0171821306,0.0257731959,0.0120274914,0.0
1125,data/images/quantifier/test_1125.png,12,0.0034364261,0.087628866,0.3453608247,0.2508591065,0.2577319588,0.0171821306,0.0257731959,0.0120274914,0.0
1126,data/images/quantifier/test_1126.png,12,0.0034364261,0.087628866,0.3453608247,0.2508591065,0.2577319588,0.0171821306,0.0257731959,0.0120274914,0.0
1127,data/images/quantifier/test_1127.png,12,0.0034364261,0.087628866,0.3453608247,0.2508591065,0.2577319588,0.0171821306,0.0257731959,0.0120274914,0.0
1128,data/images/quantifier/test_1128.png,12,0.0034364261,0.087628866,0.3453608247,0.2508591065,0.2577319588,0.0171821306,0.0257731959,0.0120274914,0.0
1129,data/images/quantifier/test_1129.png,12,0.0034364261,0.087628866,0.3453608247,0.2508591065,0.2577319588,0.0171821306,0.0257731959,0.0120274914,0.0
1130,data/images/quantifier/test_1130.png,12,0.0034364261,0.087628866,0.3453608247,0.2508591065,0.2577319588,0.0171821306,0.0257731959,0.0120274914,0.0
1131,data/images/quantifier/test_1131.png,12,0.0034364261,0.087628866,0.3453608247,0.2508591065,0.2577319588,0.0171821306,0.0257731959,0.0120274914,0.0
1132,data/images/quantifier/test_1132.png,12,0.0034364261,0.087628866,0.3453608247,0.2508591065,0.2577319588,0.0171821306,0.0257731959,0.0120274914,0.0
1133,data/images/quantifier/test_1133.png,12,0.0034364261,0.087628866,0.3453608247,0.2508591065,0.2577319588,0.0171821306,0.0257731959,0.0120274914,0.0
1134,data/images/quantifier/test_1134.png,12,0.0034364261,0.087628866,0.3453608247,0.2508591065,0.2577319588,0.0171821306,0.0257731959,0.0120274914,0.0
1135,data/images/quantifier/test_1135.png,12,0.0034364261,0.087628866,0.3453608247,0.2508591065,0.2577319588,0.0171821306,0.0257731959,0.0120274914,0.0
1136,data/images/quantifier/test_1136.png,12,0.0034364261,0.087628866,0.3453608247,0.2508591065,0.2577319588,0.0171821306,0.0257731959,0.0120274914,0.0
1137,data/images/quantifier/test_1137.png,12,0.0034364261,0.087628866,0.3453608247,0.2508591065,0.2577319588,0.0171821306,0.0257731959,0.0120274914,0.0
1138,data/images/quantifier/test_1138.png,12,0.0034364261,0.087628866,0.3453608247,0.2508591065,0.2577319588,0.0171821306,0.0257731959,0.0120274914,0.0
1139,data/images/quantifier/test_1139.png,12,0.0034364261,0.087628866,0.3453608247,0.2508591065,0.2577319588,0.0171821306,0.0257731959,0.0120274914,0.0
1140,data/images/quantifier/test_1140.png,12,0.0034364261,0.087628866,0.3453608247,0.2508591065,0.2577319588,0.0171821306,0.0257731959,0.0120274914,0.0
1141,data/images/quantifier/test_1141.png,12,0.0034364261,0.087628866,0.3453608247,0.2508591065,0.2577319588,0.0171821306,0.0257731959,0.0120274914,0.0
1142,data/images/quantifier/test_1142.png,12,0.0034364261,0.087628866,0.3453608247,0.2508591065,0.2577319588,0.0171821306,0.0257731959,0.0120274914,0.0
1143,data/images/quantifier/test_1143.png,12,0.0034364261,0.087628866,0.3453608247,0.2508591065,0.2577319588,0.0171821306,0.0257731959,0.0120274914,0.0
1144,data/images/quantifier/test_1144.png,12,0.0034364261,0.087628866,0.3453608247,0.2508591065,0.2577319588,0.0171821306,0.0257731959,0.0120274914,0.0
1145,data/images/quantifier/test_1145.png,12,0.0034364261,0.087628866,0.3453608247,0.2508591065,0.2577319588,0.0171821306,0.0257731959,0.0120274914,0.0
1146,data/images/quantifier/test_1146.png,12,0.0034364261,0.087628866,0.3453608247,0.2508591065,0.2577319588,0.0171821306,0.0257731959,0.0120274914,0.0
1147,data/images/quantifier/test_1147.png,12,0.0034364261,0.087628866,0.3453608247,0.2508591065,0.2577319588,0.0171821306,0.0257731959,0.0120274914,0.0
1148,data/images/quantifier/test_1148.png,12,0.0034364261,0.087628866,0.3453608247,0.2508591065,0.2577319588,0.0171821306,0.0257731959,0.0120274914,0.0
1149,data/images/quantifier/test_1149.png,12,0.0034364261,0.087628866,0.3453608247,0.2508591065,0.2577319588,0.0171821306,0.0257731959,0.0120274914,0.0
1150,data/images/quantifier/test_1150.png,12,0.0034364261,0.087628866,0.3453608247,0.2508591065,0.2577319588,0.0171821306,0.0257731959,0.0120274914,0.0
1151,data/images/quantifier/test_1151.png,12,0.0034364261,0.087628866,0.3453608247,0.2508591065,0.2577319588,0.0171821306,0.0257731959,0.0120274914,0.0
1152,data/images/quantifier/test_1152.png,12,0.0034364261,0.087628866,0.3453608247,0.2508591065,0.2577319588,0.0171821306,0.0257731959,0.0120274914,0.0
1153,data/images/quantifier/test_1153.png,12,0.0034364261,0.087628866,0.3453608247,0.2508591065,0.2577319588,0.0171821306,0.0257731959,0.0120274914,0.0
1154,data/images/quantifier/test_1154.png,12,0.0034364261,0.087628866,0.3453608247,0.2508591065,0.2577319588,0.0171821306,0.0257731959,0.0120274914,0.0
1155,data/images/quantifier/test_1155.png,12,0.0034364261,0.087628866,0.3453608247,0.2508591065,0.2577319588,0.0171821306,0.0257731959,0.0120274914,0.0
1156,data/images/quantifier/test_1156.png,12,0.0034364261,0.087628866,0.3453608247,0.2508591065,0.2577319588,0.0171821306,0.0257731959,0.0120274914,0.0
1157,data/images/quantifier/test_1157.png,12,0.0034364261,0.087628866,0.3453608247,0.2508591065,0.2577319588,0.0171821306,0.0257731959,0.0120274914,0.0
1158,data/images/quantifier/test_1158.png,12,0.0034364261,0.087628866,0.3453608247,0.2508591065,0.2577319588,0.0171821306,0.0257731959,0.0120274914,0.0
1159,data/images/quantifier/test_1159.png,12,0.0034364261,0.087628866,0.3453608247,0.2508591065,0.2577319588,0.0171821306,0.0257731959,0.0120274914,0.0
1160,data/images/quantifier/test_1160.png,12,0.0034364261,0.087628866,0.3453608247,0.2508591065,0.2577319588,0.0171821306,0.0257731959,0.0120274914,0.0
1161,data/images/quantifier/test_1161.png,12,0.0034364261,0.087628866,0.3453608247,0.2508591065,0.2577319588,0.0171821306,0.0257731959,0.0120274914,0.0
1162,data/images/quantifier/test_1162.png,12,0.0034364261,0.087628866,0.3453608247,0.2508591065,0.2577319588,0.0171821306,0.0257731959,0.0120274914,0.0
1163,data/images/quantifier/test_1163.png,12,0.0034364261,0.087628866,0.3453608247,0.2508591065,0.2577319588,0.0171821306,0.0257731959,0.0120274914,0.0
1164,data/images/quantifier/test_1164.png,12,0.0034364261,0.087628866,0.3453608247,0.2508591065,0.2577319588,0.0171821306,0.0257731959,0.0120274914,0.0
1165,data/images/quantifier/test_1165.png,12,0.0034364261,0.087628866,0.3453608247,0.2508591065,0.2577319588,0.0171821306,0.0257731959,0.0120274914,0.0
1166,data/images/quantifier/test_1166.png,12,0.0034364261,0.087628866,0.3453608247,0.2508591065,0.2577319588,0.0171821306,0.0257731959,0.0120274914,0.0
1167,data/images/quantifier/test_1167.png,12,0.0034364261,0.087628866,0.3453608247,0.2508591065,0.2577319588,0.0171821306,0.0257731959,0.0120274914,0.0
1168,data/images/quantifier/test_1168.png,12,0.0034364261,0.087628866,0.3453608247,0.2508591065,0.2577319588,0.0171821306,0.0257731959,0.0120274914,0.0
1169,data/images/quantifier/test_1169.png,12,0.0034364261,0.087628866,0.3453608247,0.2508591065,0.2577319588,0.0171821306,0.0257731959,0.0120274914,0.0
1170,data/images/quantifier/test_1170.png,12,0.0034364261,0.087628866,0.3453608247,0.2508591065,0.2577319588,0.0171821306,0.0257731959,0.0120274914,0.0
1171,data/images/quantifier/test_1171.png,12,0.0034364261,0.087628866,0.3453608247,0.2508591065,0.2577319588,0.0171821306,0.0257731959,0.0120274914,0.0
1172,data/images/quantifier/test_1172.png,12,0.0034364261,0.087628866,0.3453608247,0.2508591065,0.2577319588,0.0171821306,0.0257731959,0.0120274914,0.0
1173,data/images/quantifier/test_1173.png,12,0.0034364261,0.087628866,0.3453608247,0.2508591065,0.2577319588,0.0171821306,0.0257731959,0.0120274914,0.0
1174,data/images/quantifier/test_1174.png,12,0.0034364261,0.087628866,0.3453608247,0.2508591065,0.2577319588,0.0171821306,0.0257731959,0.0120274914,0.0
1175,data/images/quantifier/test_1175.png,12,0.0034364261,0.087628866,0.3453608247,0.2508591065,0.2577319588,0.0171821306,0.0257731959,0.0120274914,0.0
1176,data/images/quantifier/test_1176.png,12,0.0034364261,0.087628866,0.3453608247,0.2508591065,0.2577319588,0.0171821306,0.0257731959,0.0120274914,0.0
1177,data/images/quantifier/test_1177.png,12,0.0034364261,0.087628866,0.3453608247,0.2508591065,0.2577319588,0.0171821306,0.0257731959,0.0120274914,0.0
1178,data/images/quantifier/test_1178.png,12,0.0034364261,0.087628866,0.3453608247,0.2508591065,0.2577319588,0.0171821306,0.0257731959,0.0120274914,0.0
1179,data/images/quantifier/test_1179.png,12,0.0034364261,0.087628866,0.3453608247,0.2508591065,0.2577319588,0.0171821306,0.0257731959,0.0120274914,0.0
1180,data/images/quantifier/test_1180.png,12,0.0034364261,0.087628866,0.3453608247,0.2508591065,0.2577319588,0.0171821306,0.0257731959,0.0120274914,0.0
1181,data/images/quantifier/test_1181.png,12,0.0034364261,0.087628866,0.3453608247,0.2508591065,0.2577319588,0.0171821306,0.0257731959,0.0120274914,0.0
1182,data/images/quantifier/test_1182.png,12,0.0034364261,0.087628866,0.3453608247,0.2508591065,0.2577319588,0.0171821306,0.0257731959,0.0120274914,0.0
1183,data/images/quantifier/test_1183.png,12,0.0034364261,0.087628866,0.3453608247,0.2508591065,0.2577319588,0.0171821306,0.0257731959,0.0120274914,0.0
1184,data/images/quantifier/test_1184.png,12,0.0034364261,0.087628866,0.3453608247,0.2508591065,0.2577319588,0.0171821306,0.0257731959,0.0120274914,0.0
1185,data/images/quantifier/test_1185.png,12,0.0034364261,0.087628866,0.3453608247,0.2508591065,0.2577319588,0.0171821306,0.0257731959,0.0120274914,0.0
1186,data/images/quantifier/test_1186.png,12,0.0034364261,0.087628866,0.3453608247,0.2508591065,0.2577319588,0.0171821306,0.0257731959,0.0120274914,0.0
1187,data/images/quantifier/test_1187.png,12,0.0034364261,0.087628866,0.3453608247,0.2508591065,0.2577319588,0.0171821306,0.0257731959,0.0120274914,0.0
1188,data/images/quantifier/test_1188.png,12,0.0034364261,0.087628866,0.3453608247,0.2508591065,0.2577319588,0.0171821306,0.0257731959,0.0120274914,0.0
1189,data/images/quantifier/test_1189.png,12,0.0034364261,0.087628866,0.3453608247,0.2508591065,0.2577319588,0.0171821306,0.0257731959,0.0120274914,0.0
1190,data/images/quantifier/test_1190.png,12,0.0034364261,0.087628866,0.3453608247,0.2508591065,0.2577319588,0.0171821306,0.0257731959,0.0120274914,0.0
1191,data/images/quantifier/test_1191.png,12,0.0034364261,0.087628866,0.3453608247,0.2508591065,0.2577319588,0.0171821306,0.0257731959,0.0120274914,0.0
1192,data/images/quantifier/test_1192.png,12,0.0034364261,0.087628866,0.3453608247,0.2508591065,0.2577319588,0.0171821306,0.0257731959,0.0120274914,0.0
1193,data/images/quantifier/test_1193.png,12,0.0034364261,0.087628866,0.3453608247,0.2508591065,0.2577319588,0.0171821306,0.0257731959,0.0120274914,0.0
1194,data/images/quantifier/test_1194.png,12,0.0034364261,0.087628866,0.3453608247,0.2508591065,0.2577319588,0.0171821306,0.0257731959,0.0120274914,0.0
1195,data/images/quantifier/test_1195.png,12,0.0034364261,0.087628866,0.3453608247,0.2508591065,0.2577319588,0.0171821306,0.0257731959,0.0120274914,0.0
1196,data/images/quantifier/test_1196.png,12,0.0034364261,0.087628866,0.3453608247,0.2508591065,0.2577319588,0.0171821306,0.0257731959,0.0120274914,0.0
1197,data/images/quantifier/test_1197.png,12,0.0034364261,0.087628866,0.3453608247,0.2508591065,0.2577319588,0.0171821306,0.0257731959,0.0120274914,0.0
1198,data/images/quantifier/test_1198.png,12,0.0034364261,0.087628866,0.3453608247,0.2508591065,0.2577319588,0.0171821306,0.0257731959,0.0120274914,0.0
1199,data/images/quantifier/test_1199.png,12,0.0034364261,0.087628866,0.3453608247,0.2508591065,0.2577319588,0.0171821306,0.0257731959,0.0120274914,0.0
1200,data/images/quantifier/test_1200.png,23,0.0,0.0086956522,0.3426086957,0.172173913,0.3304347826,0.0660869565,0.0626086957,0.0156521739,0.0017391304
1201,data/images/quantifier/test_1201.png,23,0.0,0.0086956522,0.3426086957,0.172173913,0.3304347826,0.0660869565,0.0626086957,0.0156521739,0.0017391304
1202,data/images/quantifier/test_1202.png,23,0.0,0.0086956522,0.3426086957,0.172173913,0.3304347826,0.0660869565,0.0626086957,0.0156521739,0.0017391304
1203,data/images/quantifier/test_1203.png,23,0.0,0.0086956522,0.3426086957,0.172173913,0.3304347826,0.0660869565,0.0626086957,0.0156521739,0.0017391304
1204,data/images/quantifier/test_1204.png,23,0.0,0.0086956522,0.3426086957,0.172173913,0.3304347826,0.0660869565,0.0626086957,0.0156521739,0.0017391304
1205,data/images/quantifier/test_1205.png,23,0.0,0.0086956522,0.3426086957,0.172173913,0.3304347826,0.0660869565,0.0626086957,0.0156521739,0.0017391304
1206,data/images/quantifier/test_1206.png,23,0.0,0.0086956522,0.3426086957,0.172173913,0.3304347826,0.0660869565,0.0626086957,0.0156521739,0.0017391304
1207,data/images/quantifier/test_1207.png,23,0.0,0.0086956522,0.3426086957,0.172173913,0.3304347826,0.0660869565,0.0626086957,0.0156521739,0.0017391304
1208,data/images/quantifier/test_1208.png,23,0.0,0.0086956522,0.3426086957,0.172173913,0.3304347826,0.0660869565,0.0626086957,0.0156521739,0.0017391304
1209,data/images/quantifier/test_1209.png,23,0.0,0.0086956522,0.3426086957,0.172173913,0.3304347826,0.0660869565,0.0626086957,0.0156521739,0.0017391304
1210,data/images/quantifier/test_1210.png,23,0.0,0.0086956522,0.3426086957,0.172173913,0.3304347826,0.0660869565,0.0626086957,0.0156521739,0.0017391304
1211,data/images/quantifier/test_1211.png,23,0.0,0.0086956522,0.3426086957,0.172173913,0.3304347826,0.0660869565,0.0626086957,0.0156521739,0.0017391304
1212,data/images/quantifier/test_1212.png,23,0.0,0.0086956522,0.3426086957,0.172173913,0.3304347826,0.0660869565,0.0626086957,0.0156521739,0.0017391304
1213,data/images/quantifier/test_1213.png,23,0.0,0.0086956522,0.3426086957,0.172173913,0.3304347826,0.0660869565,0.0626086957,0.0156521739,0.0017391304
1214,data/images/quantifier/test_1214.png,23,0.0,0.0086956522,0.3426086957,0.172173913,0.3304347826,0.0660869565,0.0626086957,0.0156521739,0.0017391304
1215,data/images/quantifier/test_1215.png,23,0.0,0.0086956522,0.3426086957,0.172173913,0.3304347826,0.0660869565,0.0626086957,0.0156521739,0.0017391304
1216,data/images/quantifier/test_1216.png,23,0.0,0.0086956522,0.3426086957,0.172173913,0.3304347826,0.0660869565,0.0626086957,0.0156521739,0.0017391304
1217,data/images/quantifier/test_1217.png,23,0.0,0.0086956522,0.3426086957,0.172173913,0.3304347826,0.0660869565,0.0626086957,0.0156521739,0.0017391304
1218,data/images/quantifier/test_1218.png,23,0.0,0.0086956522,0.3426086957,0.172173913,0.3304347826,0.0660869565,0.0626086957,0.0156521739,0.0017391304
1219,data/images/quantifier/test_1219.png,23,0.0,0.0086956522,0.3426086957,0.172173913,0.3304347826,0.0660869565,0.0626086957,0.0156521739,0.0017391304
1220,data/images/quantifier/test_1220.png,23,0.0,0.0086956522,0.3426086957,0.172173913,0.3304347826,0.0660869565,0.0626086957,0.0156521739,0.0017391304
1221,data/images/quantifier/test_1221.png,23,0.0,0.0086956522,0.3426086957,0.172173913,0.3304347826,0.0660869565,0.0626086957,0.0156521739,0.0017391304
1222,data/images/quantifier/test_1222.png,23,0.0,0.0086956522,0.3426086957,0.172173913,0.3304347826,0.0660869565,0.0626086957,0.0156521739,0.0017391304
1223,data/images/quantifier/test_1223.png,23,0.0,0.0086956522,0.3426086957,0.172173913,0.3304347826,0.0660869565,0.0626086957,0.0156521739,0.0017391304
1224,data/images/quantifier/test_1224.png,23,0.0,0.0086956522,0.3426086957,0.172173913,0.3304347826,0.0660869565,0.0626086957,0.0156521739,0.0017391304
1225,data/images/quantifier/test_1225.png,23,0.0,0.0086956522,0.3426086957,0.172173913,0.3304347826,0.0660869565,0.0626086957,0.0156521739,0.0017391304
1226,data/images/quantifier/test_1226.png,23,0.0,0.0086956522,0.3426086957,0.172173913,0.3304347826,0.0660869565,0.0626086957,0.0156521739,0.0017391304
1227,data/images/quantifier/test_1227.png,23,0.0,0.0086956522,0.3426086957,0.172173913,0.3304347826,0.0660869565,0.0626086957,0.0156521739,0.0017391304
1228,data/images/quantifier/test_1228.png,23,0.0,0.0086956522,0.3426086957,0.172173913,0.3304347826,0.0660869565,0.0626086957,0.0156521739,0.0017391304
1229,data/images/quantifier/test_1229.png,23,0.0,0.0086956522,0.3426086957,0.172173913,0.3304347826,0.0660869565,0.0626086957,0.0156521739,0.0017391304
1230,data/images/quantifier/test_1230.png,23,0.0,0.0086956522,0.3426086957,0.172173913,0.3304347826,0.0660869565,0.0626086957,0.0156521739,0.0017391304
1231,data/images/quantifier/test_1231.png,23,0.0,0.0086956522,0.3426086957,0.172173913,0.3304347826,0.0660869565,0.0626086957,0.0156521739,0.0017391304
1232,data/images/quantifier/test_1232.png,23,0.0,0.0086956522,0.3426086957,0.172173913,0.3304347826,0.0660869565,0.0626086957,0.0156521739,0.0017391304
1233,data/images/quantifier/test_1233.png,23,0.0,0.0086956522,0.3426086957,0.172173913,0.3304347826,0.0660869565,0.0626086957,0.0156521739,0.0017391304
1234,data/images/quantifier/test_1234.png,23,0.0,0.0086956522,0.3426086957,0.172173913,0.3304347826,0.0660869565,0.0626086957,0.0156521739,0.0017391304
1235,data/images/quantifier/test_1235.png,23,0.0,0.0086956522,0.3426086957,0.172173913,0.3304347826,0.0660869565,0.0626086957,0.0156521739,0.0017391304
1236,data/images/quantifier/test_1236.png,23,0.0,0.0086956522,0.3426086957,0.172173913,0.3304347826,0.0660869565,0.0626086957,0.0156521739,0.0017391304
1237,data/images/quantifier/test_1237.png,23,0.0,0.0086956522,0.3426086957,0.172173913,0.3304347826,0.0660869565,0.0626086957,0.0156521739,0.0017391304
1238,data/images/quantifier/test_1238.png,23,0.0,0.0086956522,0.3426086957,0.172173913,0.3304347826,0.0660869565,0.0626086957,0.0156521739,0.0017391304
1239,data/images/quantifier/test_1239.png,23,0.0,0.0086956522,0.3426086957,0.172173913,0.3304347826,0.0660869565,0.0626086957,0.0156521739,0.0017391304
1240,data/images/quantifier/test_1240.png,23,0.0,0.0086956522,0.3426086957,0.172173913,0.3304347826,0.0660869565,0.0626086957,0.0156521739,0.0017391304
1241,data/images/quantifier/test_1241.png,23,0.0,0.0086956522,0.3426086957,0.172173913,0.3304347826,0.0660869565,0.0626086957,0.0156521739,0.0017391304
1242,data/images/quantifier/test_1242.png,23,0.0,0.0086956522,0.3426086957,0.172173913,0.3304347826,0.0660869565,0.0626086957,0.0156521739,0.0017391304
1243,data/images/quantifier/test_1243.png,23,0.0,0.0086956522,0.3426086957,0.172173913,0.3304347826,0.0660869565,0.0626086957,0.0156521739,0.0017391304
1244,data/images/quantifier/test_1244.png,23,0.0,0.0086956522,0.3426086957,0.172173913,0.3304347826,0.0660869565,0.0626086957,0.0156521739,0.0017391304
1245,data/images/quantifier/test_1245.png,23,0.0,0.0086956522,0.3426086957,0.172173913,0.3304347826,0.0660869565,0.0626086957,0.0156521739,0.0017391304
1246,data/images/quantifier/test_1246.png,23,0.0,0.0086956522,0.3426086957,0.172173913,0.3304347826,0.0660869565,0.0626086957,0.0156521739,0.0017391304
1247,data/images/quantifier/test_1247.png,23,0.0,0.0086956522,0.3426086957,0.172173913,0.3304347826,0.0660869565,0.0626086957,0.0156521739,0.0017391304
1248,data/images/quantifier/test_1248.png,23,0.0,0.0086956522,0.3426086957,0.172173913,0.3304347826,0.0660869565,0.0626086957,0.0156521739,0.0017391304
1249,data/images/quantifier/test_1249.png,23,0.0,0.0086956522,0.3426086957,0.172173913,0.3304347826,0.0660869565,0.0626086957,0.0156521739,0.0017391304
1250,data/images/quantifier/test_1250.png,23,0.0,0.0086956522,0.3426086957,0.172173913,0.3304347826,0.0660869565,0.0626086957,0.0156521739,0.0017391304
1251,data/images/quantifier/test_1251.png,23,0.0,0.0086956522,0.3426086957,0.172173913,0.3304347826,0.0660869565,0.0626086957,0.0156521739,0.0017391304
1252,data/images/quantifier/test_1252.png,23,0.0,0.0086956522,0.3426086957,0.172173913,0.3304347826,0.0660869565,0.0626086957,0.0156521739,0.0017391304
1253,data/images/quantifier/test_1253.png,23,0.0,0.0086956522,0.3426086957,0.172173913,0.3304347826,0.0660869565,0.0626086957,0.0156521739,0.0017391304
1254,data/images/quantifier/test_1254.png,23,0.0,0.0086956522,0.3426086957,0.172173913,0.3304347826,0.0660869565,0.0626086957,0.0156521739,0.0017391304
1255,data/images/quantifier/test_1255.png,23,0.0,0.0086956522,0.3426086957,0.172173913,0.3304347826,0.0660869565,0.0626086957,0.0156521739,0.0017391304
1256,data/images/quantifier/test_1256.png,23,0.0,0.0086956522,0.3426086957,0.172173913,0.3304347826,0.0660869565,0.0626086957,0.0156521739,0.0017391304
1257,data/images/quantifier/test_1257.png,23,0.0,0.0086956522,0.3426086957,0.172173913,0.3304347826,0.0660869565,0.0626086957,0.0156521739,0.0017391304
1258,data/images/quantifier/test_1258.png,23,0.0,0.0086956522,0.3426086957,0.172173913,0.3304347826,0.0660869565,0.0626086957,0.0156521739,0.0017391304
1259,data/images/quantifier/test_1259.png,23,0.0,0.0086956522,0.3426086957,0.172173913,0.3304347826,0.0660869565,0.0626086957,0.0156521739,0.0017391304
1260,data/images/quantifier/test_1260.png,23,0.0,0.0086956522,0.3426086957,0.172173913,0.3304347826,0.0660869565,0.0626086957,0.0156521739,0.0017391304
1261,data/images/quantifier/test_1261.png,23,0.0,0.0086956522,0.3426086957,0.172173913,0.3304347826,0.0660869565,0.0626086957,0.0156521739,0.0017391304
1262,data/images/quantifier/test_1262.png,23,0.0,0.0086956522,0.3426086957,0.172173913,0.3304347826,0.0660869565,0.0626086957,0.0156521739,0.0017391304
1263,data/images/quantifier/test_1263.png,23,0.0,0.0086956522,0.3426086957,0.172173913,0.3304347826,0.0660869565,0.0626086957,0.0156521739,0.0017391304
1264,data/images/quantifier/test_1264.png,23,0.0,0.0086956522,0.3426086957,0.172173913,0.3304347826,0.0660869565,0.0626086957,0.0156521739,0.0017391304
1265,data/images/quantifier/test_1265.png,23,0.0,0.0086956522,0.3426086957,0.172173913,0.3304347826,0.0660869565,0.0626086957,0.0156521739,0.0017391304
1266,data/images/quantifier/test_1266.png,23,0.0,0.0086956522,0.3426086957,0.172173913,0.3304347826,0.0660869565,0.0626086957,0.0156521739,0.0017391304
1267,data/images/quantifier/test_1267.png,23,0.0,0.0086956522,0.3426086957,0.172173913,0.3304347826,0.0660869565,0.0626086957,0.0156521739,0.0017391304
1268,data/images/quantifier/test_1268.png,23,0.0,0.0086956522,0.3426086957,0.172173913,0.3304347826,0.0660869565,0.0626086957,0.0156521739,0.0017391304
1269,data/images/quantifier/test_1269.png,23,0.0,0.0086956522,0.3426086957,0.172173913,0.3304347826,0.0660869565,0.0626086957,0.0156521739,0.0017391304
1270,data/images/quantifier/test_1270.png,23,0.0,0.0086956522,0.3426086957,0.172173913,0.3304347826,0.0660869565,0.0626086957,0.0156521739,0.0017391304
1271,data/images/quantifier/test_1271.png,23,0.0,0.0086956522,0.3426086957,0.172173913,0.3304347826,0.0660869565,0.0626086957,0.0156521739,0.0017391304
1272,data/images/quantifier/test_1272.png,23,0.0,0.0086956522,0.3426086957,0.172173913,0.3304347826,0.0660869565,0.0626086957,0.0156521739,0.0017391304
1273,data/images/quantifier/test_1273.png,23,0.0,0.0086956522,0.3426086957,0.172173913,0.3304347826,0.0660869565,0.0626086957,0.0156521739,0.0017391304
1274,data/images/quantifier/test_1274.png,23,0.0,0.0086956522,0.3426086957,0.172173913,0.3304347826,0.0660869565,0.0626086957,0.0156521739,0.0017391304
1275,data/images/quantifier/test_1275.png,23,0.0,0.0086956522,0.3426086957,0.172173913,0.3304347826,0.0660869565,0.0626086957,0.0156521739,0.0017391304
1276,data/images/quantifier/test_1276.png,23,0.0,0.0086956522,0.3426086957,0.172173913,0.3304347826,0.0660869565,0.0626086957,0.0156521739,0.0017391304
1277,data/images/quantifier/test_1277.png,23,0.0,0.0086956522,0.3426086957,0.172173913,0.3304347826,0.0660869565,0.0626086957,0.0156521739,0.0017391304
1278,data/images/quantifier/test_1278.png,23,0.0,0.0086956522,0.3426086957,0.172173913,0.3304347826,0.0660869565,0.0626086957,0.0156521739,0.0017391304
1279,data/images/quantifier/test_1279.png,23,0.0,0.0086956522,0.3426086957,0.172173913,0.3304347826,0.0660869565,0.0626086957,0.0156521739,0.0017391304
1280,data/images/quantifier/test_1280.png,23,0.0,0.0086956522,0.3426086957,0.172173913,0.3304347826,0.0660869565,0.0626086957,0.0156521739,0.0017391304
1281,data/images/quantifier/test_1281.png,23,0.0,0.0086956522,0.3426086957,0.172173913,0.3304347826,0.0660869565,0.0626086957,0.0156521739,0.0017391304
1282,data/images/quantifier/test_1282.png,23,0.0,0.0086956522,0.3426086957,0.172173913,0.3304347826,0.0660869565,0.0626086957,0.0156521739,0.0017391304
1283,data/images/quantifier/test_1283.png,23,0.0,0.0086956522,0.3426086957,0.172173913,0.3304347826,0.0660869565,0.0626086957,0.0156521739,0.0017391304
1284,data/images/quantifier/test_1284.png,23,0.0,0.0086956522,0.3426086957,0.172173913,0.3304347826,0.0660869565,0.0626086957,0.0156521739,0.0017391304
1285,data/images/quantifier/test_1285.png,23,0.0,0.0086956522,0.3426086957,0.172173913,0.3304347826,0.0660869565,0.0626086957,0.0156521739,0.0017391304
1286,data/images/quantifier/test_1286.png,23,0.0,0.0086956522,0.3426086957,0.172173913,0.3304347826,0.0660869565,0.0626086957,0.0156521739,0.0017391304
1287,data/images/quantifier/test_1287.png,23,0.0,0.0086956522,0.3426086957,0.172173913,0.3304347826,0.0660869565,0.0626086957,0.0156521739,0.0017391304
1288,data/images/quantifier/test_1288.png,23,0.0,0.0086956522,0.3426086957,0.172173913,0.3304347826,0.0660869565,0.0626086957,0.0156521739,0.0017391304
1289,data/images/quantifier/test_1289.png,23,0.0,0.0086956522,0.3426086957,0.172173913,0.3304347826,0.0660869565,0.0626086957,0.0156521739,0.0017391304
1290,data/images/quantifier/test_1290.png,23,0.0,0.0086956522,0.3426086957,0.172173913,0.3304347826,0.0660869565,0.0626086957,0.0156521739,0.0017391304
1291,data/images/quantifier/test_1291.png,23,0.0,0.0086956522,0.3426086957,0.172173913,0.3304347826,0.0660869565,0.0626086957,0.0156521739,0.0017391304
1292,data/images/quantifier/test_1292.png,23,0.0,0.0086956522,0.3426086957,0.172173913,0.3304347826,0.0660869565,0.0626086957,0.0156521739,0.0017391304
1293,data/images/quantifier/test_1293.png,23,0.0,0.0086956522,0.3426086957,0.172173913,0.3304347826,0.0660869565,0.0626086957,0.0156521739,0.0017391304
1294,data/images/quantifier/test_1294.png,23,0.0,0.0086956522,0.3426086957,0.172173913,0.3304347826,0.0660869565,0.0626086957,0.0156521739,0.0017391304
1295,data/images/quantifier/test_1295.png,23,0.0,0.0086956522,0.3426086957,0.172173913,0.3304347826,0.0660869565,0.0626086957,0.0156521739,0.0017391304
1296,data/images/quantifier/test_1296.png,23,0.0,0.0086956522,0.3426086957,0.172173913,0.3304347826,0.0660869565,0.0626086957,0.0156521739,0.0017391304
1297,data/images/quantifier/test_1297.png,23,0.0,0.0086956522,0.3426086957,0.172173913,0.3304347826,0.0660869565,0.0626086957,0.0156521739,0.0017391304
1298,data/images/quantifier/test_1298.png,23,0.0,0.0086956522,0.3426086957,0.172173913,0.3304347826,0.0660869565,0.0626086957,0.0156521739,0.0017391304
1299,data/images/quantifier/test_1299.png,23,0.0,0.0086956522,0.3426086957,0.172173913,0.3304347826,0.0660869565,0.0626086957,0.0156521739,0.0017391304
1300,data/images/quantifier/test_1300.png,23,0.0,0.0086956522,0.3426086957,0.172173913,0.3304347826,0.0660869565,0.0626086957,0.0156521739,0.0017391304
1301,data/images/quantifier/test_1301.png,23,0.0,0.0086956522,0.3426086957,0.172173913,0.3304347826,0.0660869565,0.0626086957,0.0156521739,0.0017391304
1302,data/images/quantifier/test_1302.png,23,0.0,0.0086956522,0.3426086957,0.172173913,0.3304347826,0.0660869565,0.0626086957,0.0156521739,0.0017391304
1303,data/images/quantifier/test_1303.png,23,0.0,0.0086956522,0.3426086957,0.172173913,0.3304347826,0.0660869565,0.0626086957,0.0156521739,0.0017391304
1304,data/images/quantifier/test_1304.png,23,0.0,0.0086956522,0.3426086957,0.172173913,0.3304347826,0.0660869565,0.0626086957,0.0156521739,0.0017391304
1305,data/images/quantifier/test_1305.png,23,0.0,0.0086956522,0.3426086957,0.172173913,0.3304347826,0.0660869565,0.0626086957,0.0156521739,0.0017391304
1306,data/images/quantifier/test_1306.png,23,0.0,0.0086956522,0.3426086957,0.172173913,0.3304347826,0.0660869565,0.0626086957,0.0156521739,0.0017391304
1307,data/images/quantifier/test_1307.png,23,0.0,0.0086956522,0.3426086957,0.172173913,0.3304347826,0.0660869565,0.0626086957,0.0156521739,0.0017391304
1308,data/images/quantifier/test_1308.png,23,0.0,0.0086956522,0.3426086957,0.172173913,0.3304347826,0.0660869565,0.0626086957,0.0156521739,0.0017391304
1309,data/images/quantifier/test_1309.png,23,0.0,0.0086956522,0.3426086957,0.172173913,0.3304347826,0.0660869565,0.0626086957,0.0156521739,0.0017391304
1310,data/images/quantifier/test_1310.png,23,0.0,0.0086956522,0.3426086957,0.172173913,0.3304347826,0.0660869565,0.0626086957,0.0156521739,0.0017391304
1311,data/images/quantifier/test_1311.png,23,0.0,0.0086956522,0.3426086957,0.172173913,0.3304347826,0.0660869565,0.0626086957,0.0156521739,0.0017391304
1312,data/images/quantifier/test_1312.png,23,0.0,0.0086956522,0.3426086957,0.172173913,0.3304347826,0.0660869565,0.0626086957,0.0156521739,0.0017391304
1313,data/images/quantifier/test_1313.png,23,0.0,0.0086956522,0.3426086957,0.172173913,0.3304347826,0.0660869565,0.0626086957,0.0156521739,0.0017391304
1314,data/images/quantifier/test_1314.png,23,0.0,0.0086956522,0.3426086957,0.172173913,0.3304347826,0.0660869565,0.0626086957,0.0156521739,0.0017391304
1315,data/images/quantifier/test_1315.png,23,0.0,0.0086956522,0.3426086957,0.172173913,0.3304347826,0.0660869565,0.0626086957,0.0156521739,0.0017391304
1316,data/images/quantifier/test_1316.png,23,0.0,0.0086956522,0.3426086957,0.172173913,0.3304347826,0.0660869565,0.0626086957,0.0156521739,0.0017391304
1317,data/images/quantifier/test_1317.png,23,0.0,0.0086956522,0.3426086957,0.172173913,0.3304347826,0.0660869565,0.0626086957,0.0156521739,0.0017391304
1318,data/images/quantifier/test_1318.png,23,0.0,0.0086956522,0.3426086957,0.172173913,0.3304347826,0.0660869565,0.0626086957,0.0156521739,0.0017391304
1319,data/images/quantifier/test_1319.png,23,0.0,0.0086956522,0.3426086957,0.172173913,0.3304347826,0.0660869565,0.0626086957,0.0156521739,0.0017391304
1320,data/images/quantifier/test_1320.png,23,0.0,0.0086956522,0.3426086957,0.172173913,0.3304347826,0.0660869565,0.0626086957,0.0156521739,0.0017391304
1321,data/images/quantifier/test_1321.png,23,0.0,0.0086956522,0.3426086957,0.172173913,0.3304347826,0.0660869565,0.0626086957,0.0156521739,0.0017391304
1322,data/images/quantifier/test_1322.png,23,0.0,0.0086956522,0.3426086957,0.172173913,0.3304347826,0.0660869565,0.0626086957,0.0156521739,0.0017391304
1323,data/images/quantifier/test_1323.png,23,0.0,0.0086956522,0.3426086957,0.172173913,0.3304347826,0.0660869565,0.0626086957,0.0156521739,0.0017391304
1324,data/images/quantifier/test_1324.png,23,0.0,0.0086956522,0.3426086957,0.172173913,0.3304347826,0.0660869565,0.0626086957,0.0156521739,0.0017391304
1325,data/images/quantifier/test_1325.png,23,0.0,0.0086956522,0.3426086957,0.172173913,0.3304347826,0.0660869565,0.0626086957,0.0156521739,0.0017391304
1326,data/images/quantifier/test_1326.png,23,0.0,0.0086956522,0.3426086957,0.172173913,0.3304347826,0.0660869565,0.0626086957,0.0156521739,0.0017391304
1327,data/images/quantifier/test_1327.png,23,0.0,0.0086956522,0.3426086957,0.172173913,0.3304347826,0.0660869565,0.0626086957,0.0156521739,0.0017391304
1328,data/images/quantifier/test_1328.png,23,0.0,0.0086956522,0.3426086957,0.172173913,0.3304347826,0.0660869565,0.0626086957,0.0156521739,0.0017391304
1329,data/images/quantifier/test_1329.png,23,0.0,0.0086956522,0.3426086957,0.172173913,0.3304347826,0.0660869565,0.0626086957,0.0156521739,0.0017391304
1330,data/images/quantifier/test_1330.png,23,0.0,0.0086956522,0.3426086957,0.172173913,0.3304347826,0.0660869565,0.0626086957,0.0156521739,0.0017391304
1331,data/images/quantifier/test_1331.png,23,0.0,0.0086956522,0.3426086957,0.172173913,0.3304347826,0.0660869565,0.0626086957,0.0156521739,0.0017391304
1332,data/images/quantifier/test_1332.png,23,0.0,0.0086956522,0.3426086957,0.172173913,0.3304347826,0.0660869565,0.0626086957,0.0156521739,0.0017391304
1333,data/images/quantifier/test_1333.png,23,0.0,0.0086956522,0.3426086957,0.172173913,0.3304347826,0.0660869565,0.0626086957,0.0156521739,0.0017391304
1334,data/images/quantifier/test_1334.png,23,0.0,0.0086956522,0.3426086957,0.172173913,0.3304347826,0.0660869565,0.0626086957,0.0156521739,0.0017391304
1335,data/images/quantifier/test_1335.png,23,0.0,0.0086956522,0.3426086957,0.172173913,0.3304347826,0.0660869565,0.0626086957,0.0156521739,0.0017391304
1336,data/images/quantifier/test_1336.png,23,0.0,0.0086956522,0.3426086957,0.172173913,0.3304347826,0.0660869565,0.0626086957,0.0156521739,0.0017391304
1337,data/images/quantifier/test_1337.png,23,0.0,0.0086956522,0.3426086957,0.172173913,0.3304347826,0.0660869565,0.0626086957,0.0156521739,0.0017391304
1338,data/images/quantifier/test_1338.png,23,0.0,0.0086956522,0.3426086957,0.172173913,0.3304347826,0.0660869565,0.0626086957,0.0156521739,0.0017391304
1339,data/images/quantifier/test_1339.png,23,0.0,0.0086956522,0.3426086957,0.172173913,0.3304347826,0.0660869565,0.0626086957,0.0156521739,0.0017391304
1340,data/images/quantifier/test_1340.png,23,0.0,0.0086956522,0.3426086957,0.172173913,0.3304347826,0.0660869565,0.0626086957,0.0156521739,0.0017391304
1341,data/images/quantifier/test_1341.png,23,0.0,0.0086956522,0.3426086957,0.172173913,0.3304347826,0.0660869565,0.0626086957,0.0156521739,0.0017391304
1342,data/images/quantifier/test_1342.png,23,0.0,0.0086956522,0.3426086957,0.172173913,0.3304347826,0.0660869565,0.0626086957,0.0156521739,0.0017391304
1343,data/images/quantifier/test_1343.png,23,0.0,0.0086956522,0.3426086957,0.172173913,0.3304347826,0.0660869565,0.0626086957,0.0156521739,0.0017391304
1344,data/images/quantifier/test_1344.png,23,0.0,0.0086956522,0.3426086957,0.172173913,0.3304347826,0.0660869565,0.0626086957,0.0156521739,0.0017391304
1345,data/images/quantifier/test_1345.png,23,0.0,0.0086956522,0.3426086957,0.172173913,0.3304347826,0.0660869565,0.0626086957,0.0156521739,0.0017391304
1346,data/images/quantifier/test_1346.png,23,0.0,0.0086956522,0.3426086957,0.172173913,0.3304347826,0.0660869565,0.0626086957,0.0156521739,0.0017391304
1347,data/images/quantifier/test_1347.png,23,0.0,0.0086956522,0.3426086957,0.172173913,0.3304347826,0.0660869565,0.0626086957,0.0156521739,0.0017391304
1348,data/images/quantifier/test_1348.png,23,0.0,0.0086956522,0.3426086957,0.172173913,0.3304347826,0.0660869565,0.0626086957,0.0156521739,0.0017391304
1349,data/images/quantifier/test_1349.png,23,0.0,0.0086956522,0.3426086957,0.172173913,0.3304347826,0.0660869565,0.0626086957,0.0156521739,0.0017391304
1350,data/images/quantifier/test_1350.png,23,0.0,0.0086956522,0.3426086957,0.172173913,0.3304347826,0.0660869565,0.0626086957,0.0156521739,0.0017391304
1351,data/images/quantifier/test_1351.png,23,0.0,0.0086956522,0.3426086957,0.172173913,0.3304347826,0.0660869565,0.0626086957,0.0156521739,0.0017391304
1352,data/images/quantifier/test_1352.png,23,0.0,0.0086956522,0.3426086957,0.172173913,0.3304347826,0.0660869565,0.0626086957,0.0156521739,0.0017391304
1353,data/images/quantifier/test_1353.png,23,0.0,0.0086956522,0.3426086957,0.172173913,0.3304347826,0.0660869565,0.0626086957,0.0156521739,0.0017391304
1354,data/images/quantifier/test_1354.png,23,0.0,0.0086956522,0.3426086957,0.172173913,0.3304347826,0.0660869565,0.0626086957,0.0156521739,0.0017391304
1355,data/images/quantifier/test_1355.png,23,0.0,0.0086956522,0.3426086957,0.172173913,0.3304347826,0.0660869565,0.0626086957,0.0156521739,0.0017391304
1356,data/images/quantifier/test_1356.png,23,0.0,0.0086956522,0.3426086957,0.172173913,0.3304347826,0.0660869565,0.0626086957,0.0156521739,0.0017391304
1357,data/images/quantifier/test_1357.png,23,0.0,0.0086956522,0.3426086957,0.172173913,0.3304347826,0.0660869565,0.0626086957,0.0156521739,0.0017391304
1358,data/images/quantifier/test_1358.png,23,0.0,0.0086956522,0.3426086957,0.172173913,0.3304347826,0.0660869565,0.0626086957,0.0156521739,0.0017391304
1359,data/images/quantifier/test_1359.png,23,0.0,0.0086956522,0.3426086957,0.172173913,0.3304347826,0.0660869565,0.0626086957,0.0156521739,0.0017391304
1360,data/images/quantifier/test_1360.png,23,0.0,0.0086956522,0.3426086957,0.172173913,0.3304347826,0.0660869565,0.0626086957,0.0156521739,0.0017391304
1361,data/images/quantifier/test_1361.png,23,0.0,0.0086956522,0.3426086957,0.172173913,0.3304347826,0.0660869565,0.0626086957,0.0156521739,0.0017391304
1362,data/images/quantifier/test_1362.png,23,0.0,0.0086956522,0.3426086957,0.172173913,0.3304347826,0.0660869565,0.0626086957,0.0156521739,0.0017391304
1363,data/images/quantifier/test_1363.png,23,0.0,0.0086956522,0.3426086957,0.172173913,0.3304347826,0.0660869565,0.0626086957,0.0156521739,0.0017391304
1364,data/images/quantifier/test_1364.png,23,0.0,0.0086956522,0.3426086957,0.172173913,0.3304347826,0.0660869565,0.0626086957,0.0156521739,0.0017391304
1365,data/images/quantifier/test_1365.png,23,0.0,0.0086956522,0.3426086957,0.172173913,0.3304347826,0.0660869565,0.0626086957,0.0156521739,0.0017391304
1366,data/images/quantifier/test_1366.png,23,0.0,0.0086956522,0.3426086957,0.172173913,0.3304347826,0.0660869565,0.0626086957,0.0156521739,0.0017391304
1367,data/images/quantifier/test_1367.png,23,0.0,0.0086956522,0.3426086957,0.172173913,0.3304347826,0.0660869565,0.0626086957,0.0156521739,0.0017391304
1368,data/images/quantifier/test_1368.png,23,0.0,0.0086956522,0.3426086957,0.172173913,0.3304347826,0.0660869565,0.0626086957,0.0156521739,0.0017391304
1369,data/images/quantifier/test_1369.png,23,0.0,0.0086956522,0.3426086957,0.172173913,0.3304347826,0.0660869565,0.0626086957,0.0156521739,0.0017391304
1370,data/images/quantifier/test_1370.png,23,0.0,0.0086956522,0.3426086957,0.172173913,0.3304347826,0.0660869565,0.0626086957,0.0156521739,0.0017391304
1371,data/images/quantifier/test_1371.png,23,0.0,0.0086956522,0.3426086957,0.172173913,0.3304347826,0.0660869565,0.0626086957,0.0156521739,0.0017391304
1372,data/images/quantifier/test_1372.png,23,0.0,0.0086956522,0.3426086957,0.172173913,0.3304347826,0.0660869565,0.0626086957,0.0156521739,0.0017391304
1373,data/images/quantifier/test_1373.png,23,0.0,0.0086956522,0.3426086957,0.172173913,0.3304347826,0.0660869565,0.0626086957,0.0156521739,0.0017391304
1374,data/images/quantifier/test_1374.png,23,0.0,0.0086956522,0.3426086957,0.172173913,0.3304347826,0.0660869565,0.0626086957,0.0156521739,0.0017391304
1375,data/images/quantifier/test_1375.png,23,0.0,0.0086956522,0.3426086957,0.172173913,0.3304347826,0.0660869565,0.0626086957,0.0156521739,0.0017391304
1376,data/images/quantifier/test_1376.png,23,0.0,0.0086956522,0.3426086957,0.172173913,0.3304347826,0.0660869565,0.0626086957,0.0156521739,0.0017391304
1377,data/images/quantifier/test_1377.png,23,0.0,0.0086956522,0.3426086957,0.172173913,0.3304347826,0.0660869565,0.0626086957,0.0156521739,0.0017391304
1378,data/images/quantifier/test_1378.png,23,0.0,0.0086956522,0.3426086957,0.172173913,0.3304347826,0.0660869565,0.0626086957,0.0156521739,0.0017391304
1379,data/images/quantifier/test_1379.png,23,0.0,0.0086956522,0.3426086957,0.172173913,0.3304347826,0.0660869565,0.0626086957,0.0156521739,0.0017391304
1380,data/images/quantifier/test_1380.png,23,0.0,0.0086956522,0.3426086957,0.172173913,0.3304347826,0.0660869565,0.0626086957,0.0156521739,0.0017391304
1381,data/images/quantifier/test_1381.png,23,0.0,0.0086956522,0.3426086957,0.172173913,0.3304347826,0.0660869565,0.0626086957,0.0156521739,0.0017391304
1382,data/images/quantifier/test_1382.png,23,0.0,0.0086956522,0.3426086957,0.172173913,0.3304347826,0.0660869565,0.0626086957,0.0156521739,0.0017391304
1383,data/images/quantifier/test_1383.png,23,0.0,0.0086956522,0.3426086957,0.172173913,0.3304347826,0.0660869565,0.0626086957,0.0156521739,0.0017391304
1384,data/images/quantifier/test_1384.png,23,0.0,0.0086956522,0.3426086957,0.172173913,0.3304347826,0.0660869565,0.0626086957,0.0156521739,0.0017391304
1385,data/images/quantifier/test_1385.png,23,0.0,0.0086956522,0.3426086957,0.172173913,0.3304347826,0.0660869565,0.0626086957,0.0156521739,0.0017391304
1386,data/images/quantifier/test_1386.png,23,0.0,0.0086956522,0.3426086957,0.172173913,0.3304347826,0.0660869565,0.0626086957,0.0156521739,0.0017391304
1387,data/images/quantifier/test_1387.png,23,0.0,0.0086956522,0.3426086957,0.172173913,0.3304347826,0.0660869565,0.0626086957,0.0156521739,0.0017391304
1388,data/images/quantifier/test_1388.png,23,0.0,0.0086956522,0.3426086957,0.172173913,0.3304347826,0.0660869565,0.0626086957,0.0156521739,0.0017391304
1389,data/images/quantifier/test_1389.png,23,0.0,0.0086956522,0.3426086957,0.172173913,0.3304347826,0.0660869565,0.0626086957,0.0156521739,0.0017391304
1390,data/images/quantifier/test_1390.png,23,0.0,0.0086956522,0.3426086957,0.172173913,0.3304347826,0.0660869565,0.0626086957,0.0156521739,0.0017391304
1391,data/images/quantifier/test_1391.png,23,0.0,0.0086956522,0.3426086957,0.172173913,0.3304347826,0.0660869565,0.0626086957,0.0156521739,0.0017391304
1392,data/images/quantifier/test_1392.png,23,0.0,0.0086956522,0.3426086957,0.172173913,0.3304347826,0.0660869565,0.0626086957,0.0156521739,0.0017391304
1393,data/images/quantifier/test_1393.png,23,0.0,0.0086956522,0.3426086957,0.172173913,0.3304347826,0.0660869565,0.0626086957,0.0156521739,0.0017391304
1394,data/images/quantifier/test_1394.png,23,0.0,0.0086956522,0.3426086957,0.172173913,0.3304347826,0.0660869565,0.0626086957,0.0156521739,0.0017391304
1395,data/images/quantifier/test_1395.png,23,0.0,0.0086956522,0.3426086957,0.172173913,0.3304347826,0.0660869565,0.0626086957,0.0156521739,0.0017391304
1396,data/images/quantifier/test_1396.png,23,0.0,0.0086956522,0.3426086957,0.172173913,0.3304347826,0.0660869565,0.0626086957,0.0156521739,0.0017391304
1397,data/images/quantifier/test_1397.png,23,0.0,0.0086956522,0.3426086957,0.172173913,0.3304347826,0.0660869565,0.0626086957,0.0156521739,0.0017391304
1398,data/images/quantifier/test_1398.png,23,0.0,0.0086956522,0.3426086957,0.172173913,0.3304347826,0.0660869565,0.0626086957,0.0156521739,0.0017391304
1399,data/images/quantifier/test_1399.png,23,0.0,0.0086956522,0.3426086957,0.172173913,0.3304347826,0.0660869565,0.0626086957,0.0156521739,0.0017391304
1400,data/images/quantifier/test_1400.png,34,0.0034722222,0.0086805556,0.2447916667,0.1371527778,0.4670138889,0.0572916667,0.0694444444,0.0104166667,0.0017361111
1401,data/images/quantifier/test_1401.png,34,0.0034722222,0.0086805556,0.2447916667,0.1371527778,0.4670138889,0.0572916667,0.0694444444,0.0104166667,0.0017361111
1402,data/images/quantifier/test_1402.png,34,0.0034722222,0.0086805556,0.2447916667,0.1371527778,0.4670138889,0.0572916667,0.0694444444,0.0104166667,0.0017361111
1403,data/images/quantifier/test_1403.png,34,0.0034722222,0.0086805556,0.2447916667,0.1371527778,0.4670138889,0.0572916667,0.0694444444,0.0104166667,0.0017361111
1404,data/images/quantifier/test_1404.png,34,0.0034722222,0.0086805556,0.2447916667,0.1371527778,0.4670138889,0.0572916667,0.0694444444,0.0104166667,0.0017361111
1405,data/images/quantifier/test_1405.png,34,0.0034722222,0.0086805556,0.2447916667,0.1371527778,0.4670138889,0.0572916667,0.0694444444,0.0104166667,0.0017361111
1406,data/images/quantifier/test_1406.png,34,0.0034722222,0.0086805556,0.2447916667,0.1371527778,0.4670138889,0.0572916667,0.0694444444,0.0104166667,0.0017361111
1407,data/images/quantifier/test_1407.png,34,0.0034722222,0.0086805556,0.2447916667,0.1371527778,0.4670138889,0.0572916667,0.0694444444,0.0104166667,0.0017361111
1408,data/images/quantifier/test_1408.png,34,0.0034722222,0.0086805556,0.2447916667,0.1371527778,0.4670138889,0.0572916667,0.0694444444,0.0104166667,0.0017361111
1409,data/images/quantifier/test_1409.png,34,0.0034722222,0.0086805556,0.2447916667,0.1371527778,0.4670138889,0.0572916667,0.0694444444,0.0104166667,0.0017361111
1410,data/images/quantifier/test_1410.png,34,0.0034722222,0.0086805556,0.2447916667,0.1371527778,0.4670138889,0.0572916667,0.0694444444,0.0104166667,0.0017361111
1411,data/images/quantifier/test_1411.png,34,0.0034722222,0.0086805556,0.2447916667,0.1371527778,0.4670138889,0.0572916667,0.0694444444,0.0104166667,0.0017361111
1412,data/images/quantifier/test_1412.png,34,0.0034722222,0.0086805556,0.2447916667,0.1371527778,0.4670138889,0.0572916667,0.0694444444,0.0104166667,0.0017361111
1413,data/images/quantifier/test_1413.png,34,0.0034722222,0.0086805556,0.2447916667,0.1371527778,0.4670138889,0.0572916667,0.0694444444,0.0104166667,0.0017361111
1414,data/images/quantifier/test_1414.png,34,0.0034722222,0.0086805556,0.2447916667,0.1371527778,0.4670138889,0.0572916667,0.0694444444,0.0104166667,0.0017361111
1415,data/images/quantifier/test_1415.png,34,0.0034722222,0.0086805556,0.2447916667,0.1371527778,0.4670138889,0.0572916667,0.0694444444,0.0104166667,0.0017361111
1416,data/images/quantifier/test_1416.png,34,0.0034722222,0.0086805556,0.2447916667,0.1371527778,0.4670138889,0.0572916667,0.0694444444,0.0104166667,0.0017361111
1417,data/images/quantifier/test_1417.png,34,0.0034722222,0.0086805556,0.2447916667,0.1371527778,0.4670138889,0.0572916667,0.0694444444,0.0104166667,0.0017361111
1418,data/images/quantifier/test_1418.png,34,0.0034722222,0.0086805556,0.2447916667,0.1371527778,0.4670138889,0.0572916667,0.0694444444,0.0104166667,0.0017361111
1419,data/images/quantifier/test_1419.png,34,0.0034722222,0.0086805556,0.2447916667,0.1371527778,0.4670138889,0.0572916667,0.0694444444,0.0104166667,0.0017361111
1420,data/images/quantifier/test_1420.png,34,0.0034722222,0.0086805556,0.2447916667,0.1371527778,0.4670138889,0.0572916667,0.0694444444,0.0104166667,0.0017361111
1421,data/images/quantifier/test_1421.png,34,0.0034722222,0.0086805556,0.2447916667,0.1371527778,0.4670138889,0.0572916667,0.0694444444,0.0104166667,0.0017361111
1422,data/images/quantifier/test_1422.png,34,0.0034722222,0.0086805556,0.2447916667,0.1371527778,0.4670138889,0.0572916667,0.0694444444,0.0104166667,0.0017361111
1423,data/images/quantifier/test_1423.png,34,0.0034722222,0.0086805556,0.2447916667,0.1371527778,0.4670138889,0.0572916667,0.0694444444,0.0104166667,0.0017361111
1424,data/images/quantifier/test_1424.png,34,0.0034722222,0.0086805556,0.2447916667,0.1371527778,0.4670138889,0.0572916667,0.0694444444,0.0104166667,0.0017361111
1425,data/images/quantifier/test_1425.png,34,0.0034722222,0.0086805556,0.2447916667,0.1371527778,0.4670138889,0.0572916667,0.0694444444,0.0104166667,0.0017361111
1426,data/images/quantifier/test_1426.png,34,0.0034722222,0.0086805556,0.2447916667,0.1371527778,0.4670138889,0.0572916667,0.0694444444,0.0104166667,0.0017361111
1427,data/images/quantifier/test_1427.png,34,0.0034722222,0.0086805556,0.2447916667,0.1371527778,0.4670138889,0.0572916667,0.0694444444,0.0104166667,0.0017361111
1428,data/images/quantifier/test_1428.png,34,0.0034722222,0.0086805556,0.2447916667,0.1371527778,0.4670138889,0.0572916667,0.0694444444,0.0104166667,0.0017361111
1429,data/images/quantifier/test_1429.png,34,0.0034722222,0.0086805556,0.2447916667,0.1371527778,0.4670138889,0.0572916667,0.0694444444,0.0104166667,0.0017361111
1430,data/images/quantifier/test_1430.png,34,0.0034722222,0.0086805556,0.2447916667,0.1371527778,0.4670138889,0.0572916667,0.0694444444,0.0104166667,0.0017361111
1431,data/images/quantifier/test_1431.png,34,0.0034722222,0.0086805556,0.2447916667,0.1371527778,0.4670138889,0.0572916667,0.0694444444,0.0104166667,0.0017361111
1432,data/images/quantifier/test_1432.png,34,0.0034722222,0.0086805556,0.2447916667,0.1371527778,0.4670138889,0.0572916667,0.0694444444,0.0104166667,0.0017361111
1433,data/images/quantifier/test_1433.png,34,0.0034722222,0.0086805556,0.2447916667,0.1371527778,0.4670138889,0.0572916667,0.0694444444,0.0104166667,0.0017361111
1434,data/images/quantifier/test_1434.png,34,0.0034722222,0.0086805556,0.2447916667,0.1371527778,0.4670138889,0.0572916667,0.0694444444,0.0104166667,0.0017361111
1435,data/images/quantifier/test_1435.png,34,0.0034722222,0.0086805556,0.2447916667,0.1371527778,0.4670138889,0.0572916667,0.0694444444,0.0104166667,0.0017361111
1436,data/images/quantifier/test_1436.png,34,0.0034722222,0.0086805556,0.2447916667,0.1371527778,0.4670138889,0.0572916667,0.0694444444,0.0104166667,0.0017361111
1437,data/images/quantifier/test_1437.png,34,0.0034722222,0.0086805556,0.2447916667,0.1371527778,0.4670138889,0.0572916667,0.0694444444,0.0104166667,0.0017361111
1438,data/images/quantifier/test_1438.png,34,0.0034722222,0.0086805556,0.2447916667,0.1371527778,0.4670138889,0.0572916667,0.0694444444,0.0104166667,0.0017361111
1439,data/images/quantifier/test_1439.png,34,0.0034722222,0.0086805556,0.2447916667,0.1371527778,0.4670138889,0.0572916667,0.0694444444,0.0104166667,0.0017361111
1440,data/images/quantifier/test_1440.png,34,0.0034722222,0.0086805556,0.2447916667,0.1371527778,0.4670138889,0.0572916667,0.0694444444,0.0104166667,0.0017361111
1441,data/images/quantifier/test_1441.png,34,0.0034722222,0.0086805556,0.2447916667,0.1371527778,0.4670138889,0.0572916667,0.0694444444,0.0104166667,0.0017361111
1442,data/images/quantifier/test_1442.png,34,0.0034722222,0.0086805556,0.2447916667,0.1371527778,0.4670138889,0.0572916667,0.0694444444,0.0104166667,0.0017361111
1443,data/images/quantifier/test_1443.png,34,0.0034722222,0.0086805556,0.2447916667,0.1371527778,0.4670138889,0.0572916667,0.0694444444,0.0104166667,0.0017361111
1444,data/images/quantifier/test_1444.png,34,0.0034722222,0.0086805556,0.2447916667,0.1371527778,0.4670138889,0.0572916667,0.0694444444,0.0104166667,0.0017361111
1445,data/images/quantifier/test_1445.png,34,0.0034722222,0.0086805556,0.2447916667,0.1371527778,0.4670138889,0.0572916667,0.0694444444,0.0104166667,0.0017361111
1446,data/images/quantifier/test_1446.png,34,0.0034722222,0.0086805556,0.2447916667,0.1371527778,0.4670138889,0.0572916667,0.0694444444,0.0104166667,0.0017361111
1447,data/images/quantifier/test_1447.png,34,0.0034722222,0.0086805556,0.2447916667,0.1371527778,0.4670138889,0.0572916667,0.0694444444,0.0104166667,0.0017361111
1448,data/images/quantifier/test_1448.png,34,0.0034722222,0.0086805556,0.2447916667,0.1371527778,0.4670138889,0.0572916667,0.0694444444,0.0104166667,0.0017361111
1449,data/images/quantifier/test_1449.png,34,0.0034722222,0.0086805556,0.2447916667,0.1371527778,0.4670138889,0.0572916667,0.0694444444,0.0104166667,0.0017361111
1450,data/images/quantifier/test_1450.png,34,0.0034722222,0.0086805556,0.2447916667,0.1371527778,0.4670138889,0.0572916667,0.0694444444,0.0104166667,0.0017361111
1451,data/images/quantifier/test_1451.png,34,0.0034722222,0.0086805556,0.2447916667,0.1371527778,0.4670138889,0.0572916667,0.0694444444,0.0104166667,0.0017361111
1452,data/images/quantifier/test_1452.png,34,0.0034722222,0.0086805556,0.2447916667,0.1371527778,0.4670138889,0.0572916667,0.0694444444,0.0104166667,0.0017361111
1453,data/images/quantifier/test_1453.png,34,0.0034722222,0.0086805556,0.2447916667,0.1371527778,0.4670138889,0.0572916667,0.0694444444,0.0104166667,0.0017361111
1454,data/images/quantifier/test_1454.png,34,0.0034722222,0.0086805556,0.2447916667,0.1371527778,0.4670138889,0.0572916667,0.0694444444,0.0104166667,0.0017361111
1455,data/images/quantifier/test_1455.png,34,0.0034722222,0.0086805556,0.2447916667,0.1371527778,0.4670138889,0.0572916667,0.0694444444,0.0104166667,0.0017361111
1456,data/images/quantifier/test_1456.png,34,0.0034722222,0.0086805556,0.2447916667,0.1371527778,0.4670138889,0.0572916667,0.0694444444,0.0104166667,0.0017361111
1457,data/images/quantifier/test_1457.png,34,0.0034722222,0.0086805556,0.2447916667,0.1371527778,0.4670138889,0.0572916667,0.0694444444,0.0104166667,0.0017361111
1458,data/images/quantifier/test_1458.png,34,0.0034722222,0.0086805556,0.2447916667,0.1371527778,0.4670138889,0.0572916667,0.0694444444,0.0104166667,0.0017361111
1459,data/images/quantifier/test_1459.png,34,0.0034722222,0.0086805556,0.2447916667,0.1371527778,0.4670138889,0.0572916667,0.0694444444,0.0104166667,0.0017361111
1460,data/images/quantifier/test_1460.png,34,0.0034722222,0.0086805556,0.2447916667,0.1371527778,0.4670138889,0.0572916667,0.0694444444,0.0104166667,0.0017361111
1461,data/images/quantifier/test_1461.png,34,0.0034722222,0.0086805556,0.2447916667,0.1371527778,0.4670138889,0.0572916667,0.0694444444,0.0104166667,0.0017361111
1462,data/images/quantifier/test_1462.png,34,0.0034722222,0.0086805556,0.2447916667,0.1371527778,0.4670138889,0.0572916667,0.0694444444,0.0104166667,0.0017361111
1463,data/images/quantifier/test_1463.png,34,0.0034722222,0.0086805556,0.2447916667,0.1371527778,0.4670138889,0.0572916667,0.0694444444,0.0104166667,0.0017361111
1464,data/images/quantifier/test_1464.png,34,0.0034722222,0.0086805556,0.2447916667,0.1371527778,0.4670138889,0.0572916667,0.0694444444,0.0104166667,0.0017361111
1465,data/images/quantifier/test_1465.png,34,0.0034722222,0.0086805556,0.2447916667,0.1371527778,0.4670138889,0.0572916667,0.0694444444,0.0104166667,0.0017361111
1466,data/images/quantifier/test_1466.png,34,0.0034722222,0.0086805556,0.2447916667,0.1371527778,0.4670138889,0.0572916667,0.0694444444,0.0104166667,0.0017361111
1467,data/images/quantifier/test_1467.png,34,0.0034722222,0.0086805556,0.2447916667,0.1371527778,0.4670138889,0.0572916667,0.0694444444,0.0104166667,0.0017361111
1468,data/images/quantifier/test_1468.png,34,0.0034722222,0.0086805556,0.2447916667,0.1371527778,0.4670138889,0.0572916667,0.0694444444,0.0104166667,0.0017361111
1469,data/images/quantifier/test_1469.png,34,0.0034722222,0.0086805556,0.2447916667,0.1371527778,0.4670138889,0.0572916667,0.0694444444,0.0104166667,0.0017361111
1470,data/images/quantifier/test_1470.png,34,0.0034722222,0.0086805556,0.2447916667,0.1371527778,0.4670138889,0.0572916667,0.0694444444,0.0104166667,0.0017361111
1471,data/images/quantifier/test_1471.png,34,0.0034722222,0.0086805556,0.2447916667,0.1371527778,0.4670138889,0.0572916667,0.0694444444,0.0104166667,0.0017361111
1472,data/images/quantifier/test_1472.png,34,0.0034722222,0.0086805556,0.2447916667,0.1371527778,0.4670138889,0.0572916667,0.0694444444,0.0104166667,0.0017361111
1473,data/images/quantifier/test_1473.png,34,0.0034722222,0.0086805556,0.2447916667,0.1371527778,0.4670138889,0.0572916667,0.0694444444,0.0104166667,0.0017361111
1474,data/images/quantifier/test_1474.png,34,0.0034722222,0.0086805556,0.2447916667,0.1371527778,0.4670138889,0.0572916667,0.0694444444,0.0104166667,0.0017361111
1475,data/images/quantifier/test_1475.png,34,0.0034722222,0.0086805556,0.2447916667,0.1371527778,0.4670138889,0.0572916667,0.0694444444,0.0104166667,0.0017361111
1476,data/images/quantifier/test_1476.png,34,0.0034722222,0.0086805556,0.2447916667,0.1371527778,0.4670138889,0.0572916667,0.0694444444,0.0104166667,0.0017361111
1477,data/images/quantifier/test_1477.png,34,0.0034722222,0.0086805556,0.2447916667,0.1371527778,0.4670138889,0.0572916667,0.0694444444,0.0104166667,0.0017361111
1478,data/images/quantifier/test_1478.png,34,0.0034722222,0.0086805556,0.2447916667,0.1371527778,0.4670138889,0.0572916667,0.0694444444,0.0104166667,0.0017361111
1479,data/images/quantifier/test_1479.png,34,0.0034722222,0.0086805556,0.2447916667,0.1371527778,0.4670138889,0.0572916667,0.0694444444,0.0104166667,0.0017361111
1480,data/images/quantifier/test_1480.png,34,0.0034722222,0.0086805556,0.2447916667,0.1371527778,0.4670138889,0.0572916667,0.0694444444,0.0104166667,0.0017361111
1481,data/images/quantifier/test_1481.png,34,0.0034722222,0.0086805556,0.2447916667,0.1371527778,0.4670138889,0.0572916667,0.0694444444,0.0104166667,0.0017361111
1482,data/images/quantifier/test_1482.png,34,0.0034722222,0.0086805556,0.2447916667,0.1371527778,0.4670138889,0.0572916667,0.0694444444,0.0104166667,0.0017361111
1483,data/images/quantifier/test_1483.png,34,0.0034722222,0.0086805556,0.2447916667,0.1371527778,0.4670138889,0.0572916667,0.0694444444,0.0104166667,0.0017361111
1484,data/images/quantifier/test_1484.png,34,0.0034722222,0.0086805556,0.2447916667,0.1371527778,0.4670138889,0.0572916667,0.0694444444,0.0104166667,0.0017361111
1485,data/images/quantifier/test_1485.png,34,0.0034722222,0.0086805556,0.2447916667,0.1371527778,0.4670138889,0.0572916667,0.0694444444,0.0104166667,0.0017361111
1486,data/images/quantifier/test_1486.png,34,0.0034722222,0.0086805556,0.2447916667,0.1371527778,0.4670138889,0.0572916667,0.0694444444,0.0104166667,0.0017361111
1487,data/images/quantifier/test_1487.png,34,0.0034722222,0.0086805556,0.2447916667,0.1371527778,0.4670138889,0.0572916667,0.0694444444,0.0104166667,0.0017361111
1488,data/images/quantifier/test_1488.png,34,0.0034722222,0.0086805556,0.2447916667,0.1371527778,0.4670138889,0.0572916667,0.0694444444,0.0104166667,0.0017361111
1489,data/images/quantifier/test_1489.png,34,0.0034722222,0.0086805556,0.2447916667,0.1371527778,0.4670138889,0.0572916667,0.0694444444,0.0104166667,0.0017361111
1490,data/images/quantifier/test_1490.png,34,0.0034722222,0.0086805556,0.2447916667,0.1371527778,0.4670138889,0.0572916667,0.0694444444,0.0104166667,0.0017361111
1491,data/images/quantifier/test_1491.png,34,0.0034722222,0.0086805556,0.2447916667,0.1371527778,0.4670138889,0.0572916667,0.0694444444,0.0104166667,0.0017361111
1492,data/images/quantifier/test_1492.png,34,0.0034722222,0.0086805556,0.2447916667,0.1371527778,0.4670138889,0.0572916667,0.0694444444,0.0104166667,0.0017361111
1493,data/images/quantifier/test_1493.png,34,0.0034722222,0.0086805556,0.2447916667,0.1371527778,0.4670138889,0.0572916667,0.0694444444,0.0104166667,0.0017361111
1494,data/images/quantifier/test_1494.png,34,0.0034722222,0.0086805556,0.2447916667,0.1371527778,0.4670138889,0.0572916667,0.0694444444,0.0104166667,0.0017361111
1495,data/images/quantifier/test_1495.png,34,0.0034722222,0.0086805556,0.2447916667,0.1371527778,0.4670138889,0.0572916667,0.0694444444,0.0104166667,0.0017361111
1496,data/images/quantifier/test_1496.png,34,0.0034722222,0.0086805556,0.2447916667,0.1371527778,0.4670138889,0.0572916667,0.0694444444,0.0104166667,0.0017361111
1497,data/images/quantifier/test_1497.png,34,0.0034722222,0.0086805556,0.2447916667,0.1371527778,0.4670138889,0.0572916667,0.0694444444,0.0104166667,0.0017361111
1498,data/images/quantifier/test_1498.png,34,0.0034722222,0.0086805556,0.2447916667,0.1371527778,0.4670138889,0.0572916667,0.0694444444,0.0104166667,0.0017361111
1499,data/images/quantifier/test_1499.png,34,0.0034722222,0.0086805556,0.2447916667,0.1371527778,0.4670138889,0.0572916667,0.0694444444,0.0104166667,0.0017361111
1500,data/images/quantifier/test_1500.png,34,0.0034722222,0.0086805556,0.2447916667,0.1371527778,0.4670138889,0.0572916667,0.0694444444,0.0104166667,0.0017361111
1501,data/images/quantifier/test_1501.png,34,0.0034722222,0.0086805556,0.2447916667,0.1371527778,0.4670138889,0.0572916667,0.0694444444,0.0104166667,0.0017361111
1502,data/images/quantifier/test_1502.png,34,0.0034722222,0.0086805556,0.2447916667,0.1371527778,0.4670138889,0.0572916667,0.0694444444,0.0104166667,0.0017361111
1503,data/images/quantifier/test_1503.png,34,0.0034722222,0.0086805556,0.2447916667,0.1371527778,0.4670138889,0.0572916667,0.0694444444,0.0104166667,0.0017361111
1504,data/images/quantifier/test_1504.png,34,0.0034722222,0.0086805556,0.2447916667,0.1371527778,0.4670138889,0.0572916667,0.0694444444,0.0104166667,0.0017361111
1505,data/images/quantifier/test_1505.png,34,0.0034722222,0.0086805556,0.2447916667,0.1371527778,0.4670138889,0.0572916667,0.0694444444,0.0104166667,0.0017361111
1506,data/images/quantifier/test_1506.png,34,0.0034722222,0.0086805556,0.2447916667,0.1371527778,0.4670138889,0.0572916667,0.0694444444,0.0104166667,0.0017361111
1507,data/images/quantifier/test_1507.png,34,0.0034722222,0.0086805556,0.2447916667,0.1371527778,0.4670138889,0.0572916667,0.0694444444,0.0104166667,0.0017361111
1508,data/images/quantifier/test_1508.png,34,0.0034722222,0.0086805556,0.2447916667,0.1371527778,0.4670138889,0.0572916667,0.0694444444,0.0104166667,0.0017361111
1509,data/images/quantifier/test_1509.png,34,0.0034722222,0.0086805556,0.2447916667,0.1371527778,0.4670138889,0.0572916667,0.0694444444,0.0104166667,0.0017361111
1510,data/images/quantifier/test_1510.png,34,0.0034722222,0.0086805556,0.2447916667,0.1371527778,0.4670138889,0.0572916667,0.0694444444,0.0104166667,0.0017361111
1511,data/images/quantifier/test_1511.png,34,0.0034722222,0.0086805556,0.2447916667,0.1371527778,0.4670138889,0.0572916667,0.0694444444,0.0104166667,0.0017361111
1512,data/images/quantifier/test_1512.png,34,0.0034722222,0.0086805556,0.2447916667,0.1371527778,0.4670138889,0.0572916667,0.0694444444,0.0104166667,0.0017361111
1513,data/images/quantifier/test_1513.png,34,0.0034722222,0.0086805556,0.2447916667,0.1371527778,0.4670138889,0.0572916667,0.0694444444,0.0104166667,0.0017361111
1514,data/images/quantifier/test_1514.png,34,0.0034722222,0.0086805556,0.2447916667,0.1371527778,0.4670138889,0.0572916667,0.0694444444,0.0104166667,0.0017361111
1515,data/images/quantifier/test_1515.png,34,0.0034722222,0.0086805556,0.2447916667,0.1371527778,0.4670138889,0.0572916667,0.0694444444,0.0104166667,0.0017361111
1516,data/images/quantifier/test_1516.png,34,0.0034722222,0.0086805556,0.2447916667,0.1371527778,0.4670138889,0.0572916667,0.0694444444,0.0104166667,0.0017361111
1517,data/images/quantifier/test_1517.png,34,0.0034722222,0.0086805556,0.2447916667,0.1371527778,0.4670138889,0.0572916667,0.0694444444,0.0104166667,0.0017361111
1518,data/images/quantifier/test_1518.png,34,0.0034722222,0.0086805556,0.2447916667,0.1371527778,0.4670138889,0.0572916667,0.0694444444,0.0104166667,0.0017361111
1519,data/images/quantifier/test_1519.png,34,0.0034722222,0.0086805556,0.2447916667,0.1371527778,0.4670138889,0.0572916667,0.0694444444,0.0104166667,0.0017361111
1520,data/images/quantifier/test_1520.png,34,0.0034722222,0.0086805556,0.2447916667,0.1371527778,0.4670138889,0.0572916667,0.0694444444,0.0104166667,0.0017361111
1521,data/images/quantifier/test_1521.png,34,0.0034722222,0.0086805556,0.2447916667,0.1371527778,0.4670138889,0.0572916667,0.0694444444,0.0104166667,0.0017361111
1522,data/images/quantifier/test_1522.png,34,0.0034722222,0.0086805556,0.2447916667,0.1371527778,0.4670138889,0.0572916667,0.0694444444,0.0104166667,0.0017361111
1523,data/images/quantifier/test_1523.png,34,0.0034722222,0.0086805556,0.2447916667,0.1371527778,0.4670138889,0.0572916667,0.0694444444,0.0104166667,0.0017361111
1524,data/images/quantifier/test_1524.png,34,0.0034722222,0.0086805556,0.2447916667,0.1371527778,0.4670138889,0.0572916667,0.0694444444,0.0104166667,0.0017361111
1525,data/images/quantifier/test_1525.png,34,0.0034722222,0.0086805556,0.2447916667,0.1371527778,0.4670138889,0.0572916667,0.0694444444,0.0104166667,0.0017361111
1526,data/images/quantifier/test_1526.png,34,0.0034722222,0.0086805556,0.2447916667,0.1371527778,0.4670138889,0.0572916667,0.0694444444,0.0104166667,0.0017361111
1527,data/images/quantifier/test_1527.png,34,0.0034722222,0.0086805556,0.2447916667,0.1371527778,0.4670138889,0.0572916667,0.0694444444,0.0104166667,0.0017361111
1528,data/images/quantifier/test_1528.png,34,0.0034722222,0.0086805556,0.2447916667,0.1371527778,0.4670138889,0.0572916667,0.0694444444,0.0104166667,0.0017361111
1529,data/images/quantifier/test_1529.png,34,0.0034722222,0.0086805556,0.2447916667,0.1371527778,0.4670138889,0.0572916667,0.0694444444,0.0104166667,0.0017361111
1530,data/images/quantifier/test_1530.png,34,0.0034722222,0.0086805556,0.2447916667,0.1371527778,0.4670138889,0.0572916667,0.0694444444,0.0104166667,0.0017361111
1531,data/images/quantifier/test_1531.png,34,0.0034722222,0.0086805556,0.2447916667,0.1371527778,0.4670138889,0.0572916667,0.0694444444,0.0104166667,0.0017361111
1532,data/images/quantifier/test_1532.png,34,0.0034722222,0.0086805556,0.2447916667,0.1371527778,0.4670138889,0.0572916667,0.0694444444,0.0104166667,0.0017361111
1533,data/images/quantifier/test_1533.png,34,0.0034722222,0.0086805556,0.2447916667,0.1371527778,0.4670138889,0.0572916667,0.0694444444,0.0104166667,0.0017361111
1534,data/images/quantifier/test_1534.png,34,0.0034722222,0.0086805556,0.2447916667,0.1371527778,0.4670138889,0.0572916667,0.0694444444,0.0104166667,0.0017361111
1535,data/images/quantifier/test_1535.png,34,0.0034722222,0.0086805556,0.2447916667,0.1371527778,0.4670138889,0.0572916667,0.0694444444,0.0104166667,0.0017361111
1536,data/images/quantifier/test_1536.png,34,0.0034722222,0.0086805556,0.2447916667,0.1371527778,0.4670138889,0.0572916667,0.0694444444,0.0104166667,0.0017361111
1537,data/images/quantifier/test_1537.png,34,0.0034722222,0.0086805556,0.2447916667,0.1371527778,0.4670138889,0.0572916667,0.0694444444,0.0104166667,0.0017361111
1538,data/images/quantifier/test_1538.png,34,0.0034722222,0.0086805556,0.2447916667,0.1371527778,0.4670138889,0.0572916667,0.0694444444,0.0104166667,0.0017361111
1539,data/images/quantifier/test_1539.png,34,0.0034722222,0.0086805556,0.2447916667,0.1371527778,0.4670138889,0.0572916667,0.0694444444,0.0104166667,0.0017361111
1540,data/images/quantifier/test_1540.png,34,0.0034722222,0.0086805556,0.2447916667,0.1371527778,0.4670138889,0.0572916667,0.0694444444,0.0104166667,0.0017361111
1541,data/images/quantifier/test_1541.png,34,0.0034722222,0.0086805556,0.2447916667,0.1371527778,0.4670138889,0.0572916667,0.0694444444,0.0104166667,0.0017361111
1542,data/images/quantifier/test_1542.png,34,0.0034722222,0.0086805556,0.2447916667,0.1371527778,0.4670138889,0.0572916667,0.0694444444,0.0104166667,0.0017361111
1543,data/images/quantifier/test_1543.png,34,0.0034722222,0.0086805556,0.2447916667,0.1371527778,0.4670138889,0.0572916667,0.0694444444,0.0104166667,0.0017361111
1544,data/images/quantifier/test_1544.png,34,0.0034722222,0.0086805556,0.2447916667,0.1371527778,0.4670138889,0.0572916667,0.0694444444,0.0104166667,0.0017361111
1545,data/images/quantifier/test_1545.png,34,0.0034722222,0.0086805556,0.2447916667,0.1371527778,0.4670138889,0.0572916667,0.0694444444,0.0104166667,0.0017361111
1546,data/images/quantifier/test_1546.png,34,0.0034722222,0.0086805556,0.2447916667,0.1371527778,0.4670138889,0.0572916667,0.0694444444,0.0104166667,0.0017361111
1547,data/images/quantifier/test_1547.png,34,0.0034722222,0.0086805556,0.2447916667,0.1371527778,0.4670138889,0.0572916667,0.0694444444,0.0104166667,0.0017361111
1548,data/images/quantifier/test_1548.png,34,0.0034722222,0.0086805556,0.2447916667,0.1371527778,0.4670138889,0.0572916667,0.0694444444,0.0104166667,0.0017361111
1549,data/images/quantifier/test_1549.png,34,0.0034722222,0.0086805556,0.2447916667,0.1371527778,0.4670138889,0.0572916667,0.0694444444,0.0104166667,0.0017361111
1550,data/images/quantifier/test_1550.png,34,0.0034722222,0.0086805556,0.2447916667,0.1371527778,0.4670138889,0.0572916667,0.0694444444,0.0104166667,0.0017361111
1551,data/images/quantifier/test_1551.png,34,0.0034722222,0.0086805556,0.2447916667,0.1371527778,0.4670138889,0.0572916667,0.0694444444,0.0104166667,0.0017361111
1552,data/images/quantifier/test_1552.png,34,0.0034722222,0.0086805556,0.2447916667,0.1371527778,0.4670138889,0.0572916667,0.0694444444,0.0104166667,0.0017361111
1553,data/images/quantifier/test_1553.png,34,0.0034722222,0.0086805556,0.2447916667,0.1371527778,0.4670138889,0.0572916667,0.0694444444,0.0104166667,0.0017361111
1554,data/images/quantifier/test_1554.png,34,0.0034722222,0.0086805556,0.2447916667,0.1371527778,0.4670138889,0.0572916667,0.0694444444,0.0104166667,0.0017361111
1555,data/images/quantifier/test_1555.png,34,0.0034722222,0.0086805556,0.2447916667,0.1371527778,0.4670138889,0.0572916667,0.0694444444,0.0104166667,0.0017361111
1556,data/images/quantifier/test_1556.png,34,0.0034722222,0.0086805556,0.2447916667,0.1371527778,0.4670138889,0.0572916667,0.0694444444,0.0104166667,0.0017361111
1557,data/images/quantifier/test_1557.png,34,0.0034722222,0.0086805556,0.2447916667,0.1371527778,0.4670138889,0.0572916667,0.0694444444,0.0104166667,0.0017361111
1558,data/images/quantifier/test_1558.png,34,0.0034722222,0.0086805556,0.2447916667,0.1371527778,0.4670138889,0.0572916667,0.0694444444,0.0104166667,0.0017361111
1559,data/images/quantifier/test_1559.png,34,0.0034722222,0.0086805556,0.2447916667,0.1371527778,0.4670138889,0.0572916667,0.0694444444,0.0104166667,0.0017361111
1560,data/images/quantifier/test_1560.png,34,0.0034722222,0.0086805556,0.2447916667,0.1371527778,0.4670138889,0.0572916667,0.0694444444,0.0104166667,0.0017361111
1561,data/images/quantifier/test_1561.png,34,0.0034722222,0.0086805556,0.2447916667,0.1371527778,0.4670138889,0.0572916667,0.0694444444,0.0104166667,0.0017361111
1562,data/images/quantifier/test_1562.png,34,0.0034722222,0.0086805556,0.2447916667,0.1371527778,0.4670138889,0.0572916667,0.0694444444,0.0104166667,0.0017361111
1563,data/images/quantifier/test_1563.png,34,0.0034722222,0.0086805556,0.2447916667,0.1371527778,0.4670138889,0.0572916667,0.0694444444,0.0104166667,0.0017361111
1564,data/images/quantifier/test_1564.png,34,0.0034722222,0.0086805556,0.2447916667,0.1371527778,0.4670138889,0.0572916667,0.0694444444,0.0104166667,0.0017361111
1565,data/images/quantifier/test_1565.png,34,0.0034722222,0.0086805556,0.2447916667,0.1371527778,0.4670138889,0.0572916667,0.0694444444,0.0104166667,0.0017361111
1566,data/images/quantifier/test_1566.png,34,0.0034722222,0.0086805556,0.2447916667,0.1371527778,0.4670138889,0.0572916667,0.0694444444,0.0104166667,0.0017361111
1567,data/images/quantifier/test_1567.png,34,0.0034722222,0.0086805556,0.2447916667,0.1371527778,0.4670138889,0.0572916667,0.0694444444,0.0104166667,0.0017361111
1568,data/images/quantifier/test_1568.png,34,0.0034722222,0.0086805556,0.2447916667,0.1371527778,0.4670138889,0.0572916667,0.0694444444,0.0104166667,0.0017361111
1569,data/images/quantifier/test_1569.png,34,0.0034722222,0.0086805556,0.2447916667,0.1371527778,0.4670138889,0.0572916667,0.0694444444,0.0104166667,0.0017361111
1570,data/images/quantifier/test_1570.png,34,0.0034722222,0.0086805556,0.2447916667,0.1371527778,0.4670138889,0.0572916667,0.0694444444,0.0104166667,0.0017361111
1571,data/images/quantifier/test_1571.png,34,0.0034722222,0.0086805556,0.2447916667,0.1371527778,0.4670138889,0.0572916667,0.0694444444,0.0104166667,0.0017361111
1572,data/images/quantifier/test_1572.png,34,0.0034722222,0.0086805556,0.2447916667,0.1371527778,0.4670138889,0.0572916667,0.0694444444,0.0104166667,0.0017361111
1573,data/images/quantifier/test_1573.png,34,0.0034722222,0.0086805556,0.2447916667,0.1371527778,0.4670138889,0.0572916667,0.0694444444,0.0104166667,0.0017361111
1574,data/images/quantifier/test_1574.png,34,0.0034722222,0.0086805556,0.2447916667,0.1371527778,0.4670138889,0.0572916667,0.0694444444,0.0104166667,0.0017361111
1575,data/images/quantifier/test_1575.png,34,0.0034722222,0.0086805556,0.2447916667,0.1371527778,0.4670138889,0.0572916667,0.0694444444,0.0104166667,0.0017361111
1576,data/images/quantifier/test_1576.png,34,0.0034722222,0.0086805556,0.2447916667,0.1371527778,0.4670138889,0.0572916667,0.0694444444,0.0104166667,0.0017361111
1577,data/images/quantifier/test_1577.png,34,0.0034722222,0.0086805556,0.2447916667,0.1371527778,0.4670138889,0.0572916667,0.0694444444,0.0104166667,0.0017361111
1578,data/images/quantifier/test_1578.png,34,0.0034722222,0.0086805556,0.2447916667,0.1371527778,0.4670138889,0.0572916667,0.0694444444,0.0104166667,0.0017361111
1579,data/images/quantifier/test_1579.png,34,0.0034722222,0.0086805556,0.2447916667,0.1371527778,0.4670138889,0.0572916667,0.0694444444,0.0104166667,0.0017361111
1580,data/images/quantifier/test_1580.png,34,0.0034722222,0.0086805556,0.2447916667,0.1371527778,0.4670138889,0.0572916667,0.0694444444,0.0104166667,0.0017361111
1581,data/images/quantifier/test_1581.png,34,0.0034722222,0.0086805556,0.2447916667,0.1371527778,0.4670138889,0.0572916667,0.0694444444,0.0104166667,0.0017361111
1582,data/images/quantifier/test_1582.png,34,0.0034722222,0.0086805556,0.2447916667,0.1371527778,0.4670138889,0.0572916667,0.0694444444,0.0104166667,0.0017361111
1583,data/images/quantifier/test_1583.png,34,0.0034722222,0.0086805556,0.2447916667,0.1371527778,0.4670138889,0.0572916667,0.0694444444,0.0104166667,0.0017361111
1584,data/images/quantifier/test_1584.png,34,0.0034722222,0.0086805556,0.2447916667,0.1371527778,0.4670138889,0.0572916667,0.0694444444,0.0104166667,0.0017361111
1585,data/images/quantifier/test_1585.png,34,0.0034722222,0.0086805556,0.2447916667,0.1371527778,0.4670138889,0.0572916667,0.0694444444,0.0104166667,0.0017361111
1586,data/images/quantifier/test_1586.png,34,0.0034722222,0.0086805556,0.2447916667,0.1371527778,0.4670138889,0.0572916667,0.0694444444,0.0104166667,0.0017361111
1587,data/images/quantifier/test_1587.png,34,0.0034722222,0.0086805556,0.2447916667,0.1371527778,0.4670138889,0.0572916667,0.0694444444,0.0104166667,0.0017361111
1588,data/images/quantifier/test_1588.png,34,0.0034722222,0.0086805556,0.2447916667,0.1371527778,0.4670138889,0.0572916667,0.0694444444,0.0104166667,0.0017361111
1589,data/images/quantifier/test_1589.png,34,0.0034722222,0.0086805556,0.2447916667,0.1371527778,0.4670138889,0.0572916667,0.0694444444,0.0104166667,0.0017361111
1590,data/images/quantifier/test_1590.png,34,0.0034722222,0.0086805556,0.2447916667,0.1371527778,0.4670138889,0.0572916667,0.0694444444,0.0104166667,0.0017361111
1591,data/images/quantifier/test_1591.png,34,0.0034722222,0.0086805556,0.2447916667,0.1371527778,0.4670138889,0.0572916667,0.0694444444,0.0104166667,0.0017361111
1592,data/images/quantifier/test_1592.png,34,0.0034722222,0.0086805556,0.2447916667,0.1371527778,0.4670138889,0.0572916667,0.0694444444,0.0104166667,0.0017361111
1593,data/images/quantifier/test_1593.png,34,0.0034722222,0.0086805556,0.2447916667,0.1371527778,0.4670138889,0.0572916667,0.0694444444,0.0104166667,0.0017361111
1594,data/images/quantifier/test_1594.png,34,0.0034722222,0.0086805556,0.2447916667,0.1371527778,0.4670138889,0.0572916667,0.0694444444,0.0104166667,0.0017361111
1595,data/images/quantifier/test_1595.png,34,0.0034722222,0.0086805556,0.2447916667,0.1371527778,0.4670138889,0.0572916667,0.0694444444,0.0104166667,0.0017361111
1596,data/images/quantifier/test_1596.png,34,0.0034722222,0.0086805556,0.2447916667,0.1371527778,0.4670138889,0.0572916667,0.0694444444,0.0104166667,0.0017361111
1597,data/images/quantifier/test_1597.png,34,0.0034722222,0.0086805556,0.2447916667,0.1371527778,0.4670138889,0.0572916667,0.0694444444,0.0104166667,0.0017361111
1598,data/images/quantifier/test_1598.png,34,0.0034722222,0.0086805556,0.2447916667,0.1371527778,0.4670138889,0.0572916667,0.0694444444,0.0104166667,0.0017361111
1599,data/images/quantifier/test_1599.png,34,0.0034722222,0.0086805556,0.2447916667,0.1371527778,0.4670138889,0.0572916667,0.0694444444,0.0104166667,0.0017361111
1600,data/images/quantifier/test_1600.png,11,0.0,0.0052631579,0.0614035088,0.0456140351,0.4842105263,0.1578947368,0.2263157895,0.0192982456,0.0
1601,data/images/quantifier/test_1601.png,11,0.0,0.0052631579,0.0614035088,0.0456140351,0.4842105263,0.1578947368,0.2263157895,0.0192982456,0.0
1602,data/images/quantifier/test_1602.png,11,0.0,0.0052631579,0.0614035088,0.0456140351,0.4842105263,0.1578947368,0.2263157895,0.0192982456,0.0
1603,data/images/quantifier/test_1603.png,11,0.0,0.0052631579,0.0614035088,0.0456140351,0.4842105263,0.1578947368,0.2263157895,0.0192982456,0.0
1604,data/images/quantifier/test_1604.png,11,0.0,0.0052631579,0.0614035088,0.0456140351,0.4842105263,0.1578947368,0.2263157895,0.0192982456,0.0
1605,data/images/quantifier/test_1605.png,11,0.0,0.0052631579,0.0614035088,0.0456140351,0.4842105263,0.1578947368,0.2263157895,0.0192982456,0.0
1606,data/images/quantifier/test_1606.png,11,0.0,0.0052631579,0.0614035088,0.0456140351,0.4842105263,0.1578947368,0.2263157895,0.0192982456,0.0
1607,data/images/quantifier/test_1607.png,11,0.0,0.0052631579,0.0614035088,0.0456140351,0.4842105263,0.1578947368,0.2263157895,0.0192982456,0.0
1608,data/images/quantifier/test_1608.png,11,0.0,0.0052631579,0.0614035088,0.0456140351,0.4842105263,0.1578947368,0.2263157895,0.0192982456,0.0
1609,data/images/quantifier/test_1609.png,11,0.0,0.0052631579,0.0614035088,0.0456140351,0.4842105263,0.1578947368,0.2263157895,0.0192982456,0.0
1610,data/images/quantifier/test_1610.png,11,0.0,0.0052631579,0.0614035088,0.0456140351,0.4842105263,0.1578947368,0.2263157895,0.0192982456,0.0
1611,data/images/quantifier/test_1611.png,11,0.0,0.0052631579,0.0614035088,0.0456140351,0.4842105263,0.1578947368,0.2263157895,0.0192982456,0.0
1612,data/images/quantifier/test_1612.png,11,0.0,0.0052631579,0.0614035088,0.0456140351,0.4842105263,0.1578947368,0.2263157895,0.0192982456,0.0
1613,data/images/quantifier/test_1613.png,11,0.0,0.0052631579,0.0614035088,0.0456140351,0.4842105263,0.1578947368,0.2263157895,0.0192982456,0.0
1614,data/images/quantifier/test_1614.png,11,0.0,0.0052631579,0.0614035088,0.0456140351,0.4842105263,0.1578947368,0.2263157895,0.0192982456,0.0
1615,data/images/quantifier/test_1615.png,11,0.0,0.0052631579,0.0614035088,0.0456140351,0.4842105263,0.1578947368,0.2263157895,0.0192982456,0.0
1616,data/images/quantifier/test_1616.png,11,0.0,0.0052631579,0.0614035088,0.0456140351,0.4842105263,0.1578947368,0.2263157895,0.0192982456,0.0
1617,data/images/quantifier/test_1617.png,11,0.0,0.0052631579,0.0614035088,0.0456140351,0.4842105263,0.1578947368,0.2263157895,0.0192982456,0.0
1618,data/images/quantifier/test_1618.png,11,0.0,0.0052631579,0.0614035088,0.0456140351,0.4842105263,0.1578947368,0.2263157895,0.0192982456,0.0
1619,data/images/quantifier/test_1619.png,11,0.0,0.0052631579,0.0614035088,0.0456140351,0.4842105263,0.1578947368,0.2263157895,0.0192982456,0.0
1620,data/images/quantifier/test_1620.png,11,0.0,0.0052631579,0.0614035088,0.0456140351,0.4842105263,0.1578947368,0.2263157895,0.0192982456,0.0
1621,data/images/quantifier/test_1621.png,11,0.0,0.0052631579,0.0614035088,0.0456140351,0.4842105263,0.1578947368,0.2263157895,0.0192982456,0.0
1622,data/images/quantifier/test_1622.png,11,0.0,0.0052631579,0.0614035088,0.0456140351,0.4842105263,0.1578947368,0.2263157895,0.0192982456,0.0
1623,data/images/quantifier/test_1623.png,11,0.0,0.0052631579,0.0614035088,0.0456140351,0.4842105263,0.1578947368,0.2263157895,0.0192982456,0.0
1624,data/images/quantifier/test_1624.png,11,0.0,0.0052631579,0.0614035088,0.0456140351,0.4842105263,0.1578947368,0.2263157895,0.0192982456,0.0
1625,data/images/quantifier/test_1625.png,11,0.0,0.0052631579,0.0614035088,0.0456140351,0.4842105263,0.1578947368,0.2263157895,0.0192982456,0.0
1626,data/images/quantifier/test_1626.png,11,0.0,0.0052631579,0.0614035088,0.0456140351,0.4842105263,0.1578947368,0.2263157895,0.0192982456,0.0
1627,data/images/quantifier/test_1627.png,11,0.0,0.0052631579,0.0614035088,0.0456140351,0.4842105263,0.1578947368,0.2263157895,0.0192982456,0.0
1628,data/images/quantifier/test_1628.png,11,0.0,0.0052631579,0.0614035088,0.0456140351,0.4842105263,0.1578947368,0.2263157895,0.0192982456,0.0
1629,data/images/quantifier/test_1629.png,11,0.0,0.0052631579,0.0614035088,0.0456140351,0.4842105263,0.1578947368,0.2263157895,0.0192982456,0.0
1630,data/images/quantifier/test_1630.png,11,0.0,0.0052631579,0.0614035088,0.0456140351,0.4842105263,0.1578947368,0.2263157895,0.0192982456,0.0
1631,data/images/quantifier/test_1631.png,11,0.0,0.0052631579,0.0614035088,0.0456140351,0.4842105263,0.1578947368,0.2263157895,0.0192982456,0.0
1632,data/images/quantifier/test_1632.png,11,0.0,0.0052631579,0.0614035088,0.0456140351,0.4842105263,0.1578947368,0.2263157895,0.0192982456,0.0
1633,data/images/quantifier/test_1633.png,11,0.0,0.0052631579,0.0614035088,0.0456140351,0.4842105263,0.1578947368,0.2263157895,0.0192982456,0.0
1634,data/images/quantifier/test_1634.png,11,0.0,0.0052631579,0.0614035088,0.0456140351,0.4842105263,0.1578947368,0.2263157895,0.0192982456,0.0
1635,data/images/quantifier/test_1635.png,11,0.0,0.0052631579,0.0614035088,0.0456140351,0.4842105263,0.1578947368,0.2263157895,0.0192982456,0.0
1636,data/images/quantifier/test_1636.png,11,0.0,0.0052631579,0.0614035088,0.0456140351,0.4842105263,0.1578947368,0.2263157895,0.0192982456,0.0
1637,data/images/quantifier/test_1637.png,11,0.0,0.0052631579,0.0614035088,0.0456140351,0.4842105263,0.1578947368,0.2263157895,0.0192982456,0.0
1638,data/images/quantifier/test_1638.png,11,0.0,0.0052631579,0.0614035088,0.0456140351,0.4842105263,0.1578947368,0.2263157895,0.0192982456,0.0
1639,data/images/quantifier/test_1639.png,11,0.0,0.0052631579,0.0614035088,0.0456140351,0.4842105263,0.1578947368,0.2263157895,0.0192982456,0.0
1640,data/images/quantifier/test_1640.png,11,0.0,0.0052631579,0.0614035088,0.0456140351,0.4842105263,0.1578947368,0.2263157895,0.0192982456,0.0
1641,data/images/quantifier/test_1641.png,11,0.0,0.0052631579,0.0614035088,0.0456140351,0.4842105263,0.1578947368,0.2263157895,0.0192982456,0.0
1642,data/images/quantifier/test_1642.png,11,0.0,0.0052631579,0.0614035088,0.0456140351,0.4842105263,0.1578947368,0.2263157895,0.0192982456,0.0
1643,data/images/quantifier/test_1643.png,11,0.0,0.0052631579,0.0614035088,0.0456140351,0.4842105263,0.1578947368,0.2263157895,0.0192982456,0.0
1644,data/images/quantifier/test_1644.png,11,0.0,0.0052631579,0.0614035088,0.0456140351,0.4842105263,0.1578947368,0.2263157895,0.0192982456,0.0
1645,data/images/quantifier/test_1645.png,11,0.0,0.0052631579,0.0614035088,0.0456140351,0.4842105263,0.1578947368,0.2263157895,0.0192982456,0.0
1646,data/images/quantifier/test_1646.png,11,0.0,0.0052631579,0.0614035088,0.0456140351,0.4842105263,0.1578947368,0.2263157895,0.0192982456,0.0
1647,data/images/quantifier/test_1647.png,11,0.0,0.0052631579,0.0614035088,0.0456140351,0.4842105263,0.1578947368,0.2263157895,0.0192982456,0.0
1648,data/images/quantifier/test_1648.png,11,0.0,0.0052631579,0.0614035088,0.0456140351,0.4842105263,0.1578947368,0.2263157895,0.0192982456,0.0
1649,data/images/quantifier/test_1649.png,11,0.0,0.0052631579,0.0614035088,0.0456140351,0.4842105263,0.1578947368,0.2263157895,0.0192982456,0.0
1650,data/images/quantifier/test_1650.png,11,0.0,0.0052631579,0.0614035088,0.0456140351,0.4842105263,0.1578947368,0.2263157895,0.0192982456,0.0
1651,data/images/quantifier/test_1651.png,11,0.0,0.0052631579,0.0614035088,0.0456140351,0.4842105263,0.1578947368,0.2263157895,0.0192982456,0.0
1652,data/images/quantifier/test_1652.png,11,0.0,0.0052631579,0.0614035088,0.0456140351,0.4842105263,0.1578947368,0.2263157895,0.0192982456,0.0
1653,data/images/quantifier/test_1653.png,11,0.0,0.0052631579,0.0614035088,0.0456140351,0.4842105263,0.1578947368,0.2263157895,0.0192982456,0.0
1654,data/images/quantifier/test_1654.png,11,0.0,0.0052631579,0.0614035088,0.0456140351,0.4842105263,0.1578947368,0.2263157895,0.0192982456,0.0
1655,data/images/quantifier/test_1655.png,11,0.0,0.0052631579,0.0614035088,0.0456140351,0.4842105263,0.1578947368,0.2263157895,0.0192982456,0.0
1656,data/images/quantifier/test_1656.png,11,0.0,0.0052631579,0.0614035088,0.0456140351,0.4842105263,0.1578947368,0.2263157895,0.0192982456,0.0
1657,data/images/quantifier/test_1657.png,11,0.0,0.0052631579,0.0614035088,0.0456140351,0.4842105263,0.1578947368,0.2263157895,0.0192982456,0.0
1658,data/images/quantifier/test_1658.png,11,0.0,0.0052631579,0.0614035088,0.0456140351,0.4842105263,0.1578947368,0.2263157895,0.0192982456,0.0
1659,data/images/quantifier/test_1659.png,11,0.0,0.0052631579,0.0614035088,0.0456140351,0.4842105263,0.1578947368,0.2263157895,0.0192982456,0.0
1660,data/images/quantifier/test_1660.png,11,0.0,0.0052631579,0.0614035088,0.0456140351,0.4842105263,0.1578947368,0.2263157895,0.0192982456,0.0
1661,data/images/quantifier/test_1661.png,11,0.0,0.0052631579,0.0614035088,0.0456140351,0.4842105263,0.1578947368,0.2263157895,0.0192982456,0.0
1662,data/images/quantifier/test_1662.png,11,0.0,0.0052631579,0.0614035088,0.0456140351,0.4842105263,0.1578947368,0.2263157895,0.0192982456,0.0
1663,data/images/quantifier/test_1663.png,11,0.0,0.0052631579,0.0614035088,0.0456140351,0.4842105263,0.1578947368,0.2263157895,0.0192982456,0.0
1664,data/images/quantifier/test_1664.png,11,0.0,0.0052631579,0.0614035088,0.0456140351,0.4842105263,0.1578947368,0.2263157895,0.0192982456,0.0
1665,data/images/quantifier/test_1665.png,11,0.0,0.0052631579,0.0614035088,0.0456140351,0.4842105263,0.1578947368,0.2263157895,0.0192982456,0.0
1666,data/images/quantifier/test_1666.png,11,0.0,0.0052631579,0.0614035088,0.0456140351,0.4842105263,0.1578947368,0.2263157895,0.0192982456,0.0
1667,data/images/quantifier/test_1667.png,11,0.0,0.0052631579,0.0614035088,0.0456140351,0.4842105263,0.1578947368,0.2263157895,0.0192982456,0.0
1668,data/images/quantifier/test_1668.png,11,0.0,0.0052631579,0.0614035088,0.0456140351,0.4842105263,0.1578947368,0.2263157895,0.0192982456,0.0
1669,data/images/quantifier/test_1669.png,11,0.0,0.0052631579,0.0614035088,0.0456140351,0.4842105263,0.1578947368,0.2263157895,0.0192982456,0.0
1670,data/images/quantifier/test_1670.png,11,0.0,0.0052631579,0.0614035088,0.0456140351,0.4842105263,0.1578947368,0.2263157895,0.0192982456,0.0
1671,data/images/quantifier/test_1671.png,11,0.0,0.0052631579,0.0614035088,0.0456140351,0.4842105263,0.1578947368,0.2263157895,0.0192982456,0.0
1672,data/images/quantifier/test_1672.png,11,0.0,0.0052631579,0.0614035088,0.0456140351,0.4842105263,0.1578947368,0.2263157895,0.0192982456,0.0
1673,data/images/quantifier/test_1673.png,11,0.0,0.0052631579,0.0614035088,0.0456140351,0.4842105263,0.1578947368,0.2263157895,0.0192982456,0.0
1674,data/images/quantifier/test_1674.png,11,0.0,0.0052631579,0.0614035088,0.0456140351,0.4842105263,0.1578947368,0.2263157895,0.0192982456,0.0
1675,data/images/quantifier/test_1675.png,11,0.0,0.0052631579,0.0614035088,0.0456140351,0.4842105263,0.1578947368,0.2263157895,0.0192982456,0.0
1676,data/images/quantifier/test_1676.png,11,0.0,0.0052631579,0.0614035088,0.0456140351,0.4842105263,0.1578947368,0.2263157895,0.0192982456,0.0
1677,data/images/quantifier/test_1677.png,11,0.0,0.0052631579,0.0614035088,0.0456140351,0.4842105263,0.1578947368,0.2263157895,0.0192982456,0.0
1678,data/images/quantifier/test_1678.png,11,0.0,0.0052631579,0.0614035088,0.0456140351,0.4842105263,0.1578947368,0.2263157895,0.0192982456,0.0
1679,data/images/quantifier/test_1679.png,11,0.0,0.0052631579,0.0614035088,0.0456140351,0.4842105263,0.1578947368,0.2263157895,0.0192982456,0.0
1680,data/images/quantifier/test_1680.png,11,0.0,0.0052631579,0.0614035088,0.0456140351,0.4842105263,0.1578947368,0.2263157895,0.0192982456,0.0
1681,data/images/quantifier/test_1681.png,11,0.0,0.0052631579,0.0614035088,0.0456140351,0.4842105263,0.1578947368,0.2263157895,0.0192982456,0.0
1682,data/images/quantifier/test_1682.png,11,0.0,0.0052631579,0.0614035088,0.0456140351,0.4842105263,0.1578947368,0.2263157895,0.0192982456,0.0
1683,data/images/quantifier/test_1683.png,11,0.0,0.0052631579,0.0614035088,0.0456140351,0.4842105263,0.1578947368,0.2263157895,0.0192982456,0.0
1684,data/images/quantifier/test_1684.png,11,0.0,0.0052631579,0.0614035088,0.0456140351,0.4842105263,0.1578947368,0.2263157895,0.0192982456,0.0
1685,data/images/quantifier/test_1685.png,11,0.0,0.0052631579,0.0614035088,0.0456140351,0.4842105263,0.1578947368,0.2263157895,0.0192982456,0.0
1686,data/images/quantifier/test_1686.png,11,0.0,0.0052631579,0.0614035088,0.0456140351,0.4842105263,0.1578947368,0.2263157895,0.0192982456,0.0
1687,data/images/quantifier/test_1687.png,11,0.0,0.0052631579,0.0614035088,0.0456140351,0.4842105263,0.1578947368,0.2263157895,0.0192982456,0.0
1688,data/images/quantifier/test_1688.png,11,0.0,0.0052631579,0.0614035088,0.0456140351,0.4842105263,0.1578947368,0.2263157895,0.0192982456,0.0
1689,data/images/quantifier/test_1689.png,11,0.0,0.0052631579,0.0614035088,0.0456140351,0.4842105263,0.1578947368,0.2263157895,0.0192982456,0.0
1690,data/images/quantifier/test_1690.png,11,0.0,0.0052631579,0.0614035088,0.0456140351,0.4842105263,0.1578947368,0.2263157895,0.0192982456,0.0
1691,data/images/quantifier/test_1691.png,11,0.0,0.0052631579,0.0614035088,0.0456140351,0.4842105263,0.1578947368,0.2263157895,0.0192982456,0.0
1692,data/images/quantifier/test_1692.png,11,0.0,0.0052631579,0.0614035088,0.0456140351,0.4842105263,0.1578947368,0.2263157895,0.0192982456,0.0
1693,data/images/quantifier/test_1693.png,11,0.0,0.0052631579,0.0614035088,0.0456140351,0.4842105263,0.1578947368,0.2263157895,0.0192982456,0.0
1694,data/images/quantifier/test_1694.png,11,0.0,0.0052631579,0.0614035088,0.0456140351,0.4842105263,0.1578947368,0.2263157895,0.0192982456,0.0
1695,data/images/quantifier/test_1695.png,11,0.0,0.0052631579,0.0614035088,0.0456140351,0.4842105263,0.1578947368,0.2263157895,0.0192982456,0.0
1696,data/images/quantifier/test_1696.png,11,0.0,0.0052631579,0.0614035088,0.0456140351,0.4842105263,0.1578947368,0.2263157895,0.0192982456,0.0
1697,data/images/quantifier/test_1697.png,11,0.0,0.0052631579,0.0614035088,0.0456140351,0.4842105263,0.1578947368,0.2263157895,0.0192982456,0.0
1698,data/images/quantifier/test_1698.png,11,0.0,0.0052631579,0.0614035088,0.0456140351,0.4842105263,0.1578947368,0.2263157895,0.0192982456,0.0
1699,data/images/quantifier/test_1699.png,11,0.0,0.0052631579,0.0614035088,0.0456140351,0.4842105263,0.1578947368,0.2263157895,0.0192982456,0.0
1700,data/images/quantifier/test_1700.png,11,0.0,0.0052631579,0.0614035088,0.0456140351,0.4842105263,0.1578947368,0.2263157895,0.0192982456,0.0
1701,data/images/quantifier/test_1701.png,11,0.0,0.0052631579,0.0614035088,0.0456140351,0.4842105263,0.1578947368,0.2263157895,0.0192982456,0.0
1702,data/images/quantifier/test_1702.png,11,0.0,0.0052631579,0.0614035088,0.0456140351,0.4842105263,0.1578947368,0.2263157895,0.0192982456,0.0
1703,data/images/quantifier/test_1703.png,11,0.0,0.0052631579,0.0614035088,0.0456140351,0.4842105263,0.1578947368,0.2263157895,0.0192982456,0.0
1704,data/images/quantifier/test_1704.png,11,0.0,0.0052631579,0.0614035088,0.0456140351,0.4842105263,0.1578947368,0.2263157895,0.0192982456,0.0
1705,data/images/quantifier/test_1705.png,11,0.0,0.0052631579,0.0614035088,0.0456140351,0.4842105263,0.1578947368,0.2263157895,0.0192982456,0.0
1706,data/images/quantifier/test_1706.png,11,0.0,0.0052631579,0.0614035088,0.0456140351,0.4842105263,0.1578947368,0.2263157895,0.0192982456,0.0
1707,data/images/quantifier/test_1707.png,11,0.0,0.0052631579,0.0614035088,0.0456140351,0.4842105263,0.1578947368,0.2263157895,0.0192982456,0.0
1708,data/images/quantifier/test_1708.png,11,0.0,0.0052631579,0.0614035088,0.0456140351,0.4842105263,0.1578947368,0.2263157895,0.0192982456,0.0
1709,data/images/quantifier/test_1709.png,11,0.0,0.0052631579,0.0614035088,0.0456140351,0.4842105263,0.1578947368,0.2263157895,0.0192982456,0.0
1710,data/images/quantifier/test_1710.png,11,0.0,0.0052631579,0.0614035088,0.0456140351,0.4842105263,0.1578947368,0.2263157895,0.0192982456,0.0
1711,data/images/quantifier/test_1711.png,11,0.0,0.0052631579,0.0614035088,0.0456140351,0.4842105263,0.1578947368,0.2263157895,0.0192982456,0.0
1712,data/images/quantifier/test_1712.png,11,0.0,0.0052631579,0.0614035088,0.0456140351,0.4842105263,0.1578947368,0.2263157895,0.0192982456,0.0
1713,data/images/quantifier/test_1713.png,11,0.0,0.0052631579,0.0614035088,0.0456140351,0.4842105263,0.1578947368,0.2263157895,0.0192982456,0.0
1714,data/images/quantifier/test_1714.png,11,0.0,0.0052631579,0.0614035088,0.0456140351,0.4842105263,0.1578947368,0.2263157895,0.0192982456,0.0
1715,data/images/quantifier/test_1715.png,11,0.0,0.0052631579,0.0614035088,0.0456140351,0.4842105263,0.1578947368,0.2263157895,0.0192982456,0.0
1716,data/images/quantifier/test_1716.png,11,0.0,0.0052631579,0.0614035088,0.0456140351,0.4842105263,0.1578947368,0.2263157895,0.0192982456,0.0
1717,data/images/quantifier/test_1717.png,11,0.0,0.0052631579,0.0614035088,0.0456140351,0.4842105263,0.1578947368,0.2263157895,0.0192982456,0.0
1718,data/images/quantifier/test_1718.png,11,0.0,0.0052631579,0.0614035088,0.0456140351,0.4842105263,0.1578947368,0.2263157895,0.0192982456,0.0
1719,data/images/quantifier/test_1719.png,11,0.0,0.0052631579,0.0614035088,0.0456140351,0.4842105263,0.1578947368,0.2263157895,0.0192982456,0.0
1720,data/images/quantifier/test_1720.png,11,0.0,0.0052631579,0.0614035088,0.0456140351,0.4842105263,0.1578947368,0.2263157895,0.0192982456,0.0
1721,data/images/quantifier/test_1721.png,11,0.0,0.0052631579,0.0614035088,0.0456140351,0.4842105263,0.1578947368,0.2263157895,0.0192982456,0.0
1722,data/images/quantifier/test_1722.png,11,0.0,0.0052631579,0.0614035088,0.0456140351,0.4842105263,0.1578947368,0.2263157895,0.0192982456,0.0
1723,data/images/quantifier/test_1723.png,11,0.0,0.0052631579,0.0614035088,0.0456140351,0.4842105263,0.1578947368,0.2263157895,0.0192982456,0.0
1724,data/images/quantifier/test_1724.png,11,0.0,0.0052631579,0.0614035088,0.0456140351,0.4842105263,0.1578947368,0.2263157895,0.0192982456,0.0
1725,data/images/quantifier/test_1725.png,11,0.0,0.0052631579,0.0614035088,0.0456140351,0.4842105263,0.1578947368,0.2263157895,0.0192982456,0.0
1726,data/images/quantifier/test_1726.png,11,0.0,0.0052631579,0.0614035088,0.0456140351,0.4842105263,0.1578947368,0.2263157895,0.0192982456,0.0
1727,data/images/quantifier/test_1727.png,11,0.0,0.0052631579,0.0614035088,0.0456140351,0.4842105263,0.1578947368,0.2263157895,0.0192982456,0.0
1728,data/images/quantifier/test_1728.png,11,0.0,0.0052631579,0.0614035088,0.0456140351,0.4842105263,0.1578947368,0.2263157895,0.0192982456,0.0
1729,data/images/quantifier/test_1729.png,11,0.0,0.0052631579,0.0614035088,0.0456140351,0.4842105263,0.1578947368,0.2263157895,0.0192982456,0.0
1730,data/images/quantifier/test_1730.png,11,0.0,0.0052631579,0.0614035088,0.0456140351,0.4842105263,0.1578947368,0.2263157895,0.0192982456,0.0
1731,data/images/quantifier/test_1731.png,11,0.0,0.0052631579,0.0614035088,0.0456140351,0.4842105263,0.1578947368,0.2263157895,0.0192982456,0.0
1732,data/images/quantifier/test_1732.png,11,0.0,0.0052631579,0.0614035088,0.0456140351,0.4842105263,0.1578947368,0.2263157895,0.0192982456,0.0
1733,data/images/quantifier/test_1733.png,11,0.0,0.0052631579,0.0614035088,0.0456140351,0.4842105263,0.1578947368,0.2263157895,0.0192982456,0.0
1734,data/images/quantifier/test_1734.png,11,0.0,0.0052631579,0.0614035088,0.0456140351,0.4842105263,0.1578947368,0.2263157895,0.0192982456,0.0
1735,data/images/quantifier/test_1735.png,11,0.0,0.0052631579,0.0614035088,0.0456140351,0.4842105263,0.1578947368,0.2263157895,0.0192982456,0.0
1736,data/images/quantifier/test_1736.png,11,0.0,0.0052631579,0.0614035088,0.0456140351,0.4842105263,0.1578947368,0.2263157895,0.0192982456,0.0
1737,data/images/quantifier/test_1737.png,11,0.0,0.0052631579,0.0614035088,0.0456140351,0.4842105263,0.1578947368,0.2263157895,0.0192982456,0.0
1738,data/images/quantifier/test_1738.png,11,0.0,0.0052631579,0.0614035088,0.0456140351,0.4842105263,0.1578947368,0.2263157895,0.0192982456,0.0
1739,data/images/quantifier/test_1739.png,11,0.0,0.0052631579,0.0614035088,0.0456140351,0.4842105263,0.1578947368,0.2263157895,0.0192982456,0.0
1740,data/images/quantifier/test_1740.png,11,0.0,0.0052631579,0.0614035088,0.0456140351,0.4842105263,0.1578947368,0.2263157895,0.0192982456,0.0
1741,data/images/quantifier/test_1741.png,11,0.0,0.0052631579,0.0614035088,0.0456140351,0.4842105263,0.1578947368,0.2263157895,0.0192982456,0.0
1742,data/images/quantifier/test_1742.png,11,0.0,0.0052631579,0.0614035088,0.0456140351,0.4842105263,0.1578947368,0.2263157895,0.0192982456,0.0
1743,data/images/quantifier/test_1743.png,11,0.0,0.0052631579,0.0614035088,0.0456140351,0.4842105263,0.1578947368,0.2263157895,0.0192982456,0.0
1744,data/images/quantifier/test_1744.png,11,0.0,0.0052631579,0.0614035088,0.0456140351,0.4842105263,0.1578947368,0.2263157895,0.0192982456,0.0
1745,data/images/quantifier/test_1745.png,11,0.0,0.0052631579,0.0614035088,0.0456140351,0.4842105263,0.1578947368,0.2263157895,0.0192982456,0.0
1746,data/images/quantifier/test_1746.png,11,0.0,0.0052631579,0.0614035088,0.0456140351,0.4842105263,0.1578947368,0.2263157895,0.0192982456,0.0
1747,data/images/quantifier/test_1747.png,11,0.0,0.0052631579,0.0614035088,0.0456140351,0.4842105263,0.1578947368,0.2263157895,0.0192982456,0.0
1748,data/images/quantifier/test_1748.png,11,0.0,0.0052631579,0.0614035088,0.0456140351,0.4842105263,0.1578947368,0.2263157895,0.0192982456,0.0
1749,data/images/quantifier/test_1749.png,11,0.0,0.0052631579,0.0614035088,0.0456140351,0.4842105263,0.1578947368,0.2263157895,0.0192982456,0.0
1750,data/images/quantifier/test_1750.png,11,0.0,0.0052631579,0.0614035088,0.0456140351,0.4842105263,0.1578947368,0.2263157895,0.0192982456,0.0
1751,data/images/quantifier/test_1751.png,11,0.0,0.0052631579,0.0614035088,0.0456140351,0.4842105263,0.1578947368,0.2263157895,0.0192982456,0.0
1752,data/images/quantifier/test_1752.png,11,0.0,0.0052631579,0.0614035088,0.0456140351,0.4842105263,0.1578947368,0.2263157895,0.0192982456,0.0
1753,data/images/quantifier/test_1753.png,11,0.0,0.0052631579,0.0614035088,0.0456140351,0.4842105263,0.1578947368,0.2263157895,0.0192982456,0.0
1754,data/images/quantifier/test_1754.png,11,0.0,0.0052631579,0.0614035088,0.0456140351,0.4842105263,0.1578947368,0.2263157895,0.0192982456,0.0
1755,data/images/quantifier/test_1755.png,11,0.0,0.0052631579,0.0614035088,0.0456140351,0.4842105263,0.1578947368,0.2263157895,0.0192982456,0.0
1756,data/images/quantifier/test_1756.png,11,0.0,0.0052631579,0.0614035088,0.0456140351,0.4842105263,0.1578947368,0.2263157895,0.0192982456,0.0
1757,data/images/quantifier/test_1757.png,11,0.0,0.0052631579,0.0614035088,0.0456140351,0.4842105263,0.1578947368,0.2263157895,0.0192982456,0.0
1758,data/images/quantifier/test_1758.png,11,0.0,0.0052631579,0.0614035088,0.0456140351,0.4842105263,0.1578947368,0.2263157895,0.0192982456,0.0
1759,data/images/quantifier/test_1759.png,11,0.0,0.0052631579,0.0614035088,0.0456140351,0.4842105263,0.1578947368,0.2263157895,0.0192982456,0.0
1760,data/images/quantifier/test_1760.png,11,0.0,0.0052631579,0.0614035088,0.0456140351,0.4842105263,0.1578947368,0.2263157895,0.0192982456,0.0
1761,data/images/quantifier/test_1761.png,11,0.0,0.0052631579,0.0614035088,0.0456140351,0.4842105263,0.1578947368,0.2263157895,0.0192982456,0.0
1762,data/images/quantifier/test_1762.png,11,0.0,0.0052631579,0.0614035088,0.0456140351,0.4842105263,0.1578947368,0.2263157895,0.0192982456,0.0
1763,data/images/quantifier/test_1763.png,11,0.0,0.0052631579,0.0614035088,0.0456140351,0.4842105263,0.1578947368,0.2263157895,0.0192982456,0.0
1764,data/images/quantifier/test_1764.png,11,0.0,0.0052631579,0.0614035088,0.0456140351,0.4842105263,0.1578947368,0.2263157895,0.0192982456,0.0
1765,data/images/quantifier/test_1765.png,11,0.0,0.0052631579,0.0614035088,0.0456140351,0.4842105263,0.1578947368,0.2263157895,0.0192982456,0.0
1766,data/images/quantifier/test_1766.png,11,0.0,0.0052631579,0.0614035088,0.0456140351,0.4842105263,0.1578947368,0.2263157895,0.0192982456,0.0
1767,data/images/quantifier/test_1767.png,11,0.0,0.0052631579,0.0614035088,0.0456140351,0.4842105263,0.1578947368,0.2263157895,0.0192982456,0.0
1768,data/images/quantifier/test_1768.png,11,0.0,0.0052631579,0.0614035088,0.0456140351,0.4842105263,0.1578947368,0.2263157895,0.0192982456,0.0
1769,data/images/quantifier/test_1769.png,11,0.0,0.0052631579,0.0614035088,0.0456140351,0.4842105263,0.1578947368,0.2263157895,0.0192982456,0.0
1770,data/images/quantifier/test_1770.png,11,0.0,0.0052631579,0.0614035088,0.0456140351,0.4842105263,0.1578947368,0.2263157895,0.0192982456,0.0
1771,data/images/quantifier/test_1771.png,11,0.0,0.0052631579,0.0614035088,0.0456140351,0.4842105263,0.1578947368,0.2263157895,0.0192982456,0.0
1772,data/images/quantifier/test_1772.png,11,0.0,0.0052631579,0.0614035088,0.0456140351,0.4842105263,0.1578947368,0.2263157895,0.0192982456,0.0
1773,data/images/quantifier/test_1773.png,11,0.0,0.0052631579,0.0614035088,0.0456140351,0.4842105263,0.1578947368,0.2263157895,0.0192982456,0.0
1774,data/images/quantifier/test_1774.png,11,0.0,0.0052631579,0.0614035088,0.0456140351,0.4842105263,0.1578947368,0.2263157895,0.0192982456,0.0
1775,data/images/quantifier/test_1775.png,11,0.0,0.0052631579,0.0614035088,0.0456140351,0.4842105263,0.1578947368,0.2263157895,0.0192982456,0.0
1776,data/images/quantifier/test_1776.png,11,0.0,0.0052631579,0.0614035088,0.0456140351,0.4842105263,0.1578947368,0.2263157895,0.0192982456,0.0
1777,data/images/quantifier/test_1777.png,11,0.0,0.0052631579,0.0614035088,0.0456140351,0.4842105263,0.1578947368,0.2263157895,0.0192982456,0.0
1778,data/images/quantifier/test_1778.png,11,0.0,0.0052631579,0.0614035088,0.0456140351,0.4842105263,0.1578947368,0.2263157895,0.0192982456,0.0
1779,data/images/quantifier/test_1779.png,11,0.0,0.0052631579,0.0614035088,0.0456140351,0.4842105263,0.1578947368,0.2263157895,0.0192982456,0.0
1780,data/images/quantifier/test_1780.png,11,0.0,0.0052631579,0.0614035088,0.0456140351,0.4842105263,0.1578947368,0.2263157895,0.0192982456,0.0
1781,data/images/quantifier/test_1781.png,11,0.0,0.0052631579,0.0614035088,0.0456140351,0.4842105263,0.1578947368,0.2263157895,0.0192982456,0.0
1782,data/images/quantifier/test_1782.png,11,0.0,0.0052631579,0.0614035088,0.0456140351,0.4842105263,0.1578947368,0.2263157895,0.0192982456,0.0
1783,data/images/quantifier/test_1783.png,11,0.0,0.0052631579,0.0614035088,0.0456140351,0.4842105263,0.1578947368,0.2263157895,0.0192982456,0.0
1784,data/images/quantifier/test_1784.png,11,0.0,0.0052631579,0.0614035088,0.0456140351,0.4842105263,0.1578947368,0.2263157895,0.0192982456,0.0
1785,data/images/quantifier/test_1785.png,11,0.0,0.0052631579,0.0614035088,0.0456140351,0.4842105263,0.1578947368,0.2263157895,0.0192982456,0.0
1786,data/images/quantifier/test_1786.png,11,0.0,0.0052631579,0.0614035088,0.0456140351,0.4842105263,0.1578947368,0.2263157895,0.0192982456,0.0
1787,data/images/quantifier/test_1787.png,11,0.0,0.0052631579,0.0614035088,0.0456140351,0.4842105263,0.1578947368,0.2263157895,0.0192982456,0.0
1788,data/images/quantifier/test_1788.png,11,0.0,0.0052631579,0.0614035088,0.0456140351,0.4842105263,0.1578947368,0.2263157895,0.0192982456,0.0
1789,data/images/quantifier/test_1789.png,11,0.0,0.0052631579,0.0614035088,0.0456140351,0.4842105263,0.1578947368,0.2263157895,0.0192982456,0.0
1790,data/images/quantifier/test_1790.png,11,0.0,0.0052631579,0.0614035088,0.0456140351,0.4842105263,0.1578947368,0.2263157895,0.0192982456,0.0
1791,data/images/quantifier/test_1791.png,11,0.0,0.0052631579,0.0614035088,0.0456140351,0.4842105263,0.1578947368,0.2263157895,0.0192982456,0.0
1792,data/images/quantifier/test_1792.png,11,0.0,0.0052631579,0.0614035088,0.0456140351,0.4842105263,0.1578947368,0.2263157895,0.0192982456,0.0
1793,data/images/quantifier/test_1793.png,11,0.0,0.0052631579,0.0614035088,0.0456140351,0.4842105263,0.1578947368,0.2263157895,0.0192982456,0.0
1794,data/images/quantifier/test_1794.png,11,0.0,0.0052631579,0.0614035088,0.0456140351,0.4842105263,0.1578947368,0.2263157895,0.0192982456,0.0
1795,data/images/quantifier/test_1795.png,11,0.0,0.0052631579,0.0614035088,0.0456140351,0.4842105263,0.1578947368,0.2263157895,0.0192982456,0.0
1796,data/images/quantifier/test_1796.png,11,0.0,0.0052631579,0.0614035088,0.0456140351,0.4842105263,0.1578947368,0.2263157895,0.0192982456,0.0
1797,data/images/quantifier/test_1797.png,11,0.0,0.0052631579,0.0614035088,0.0456140351,0.4842105263,0.1578947368,0.2263157895,0.0192982456,0.0
1798,data/images/quantifier/test_1798.png,11,0.0,0.0052631579,0.0614035088,0.0456140351,0.4842105263,0.1578947368,0.2263157895,0.0192982456,0.0
1799,data/images/quantifier/test_1799.png,11,0.0,0.0052631579,0.0614035088,0.0456140351,0.4842105263,0.1578947368,0.2263157895,0.0192982456,0.0
1800,data/images/quantifier/test_1800.png,43,0.0,0.0051369863,0.0188356164,0.0154109589,0.2859589041,0.1969178082,0.4280821918,0.0479452055,0.0017123288
1801,data/images/quantifier/test_1801.png,43,0.0,0.0051369863,0.0188356164,0.0154109589,0.2859589041,0.1969178082,0.4280821918,0.0479452055,0.0017123288
1802,data/images/quantifier/test_1802.png,43,0.0,0.0051369863,0.0188356164,0.0154109589,0.2859589041,0.1969178082,0.4280821918,0.0479452055,0.0017123288
1803,data/images/quantifier/test_1803.png,43,0.0,0.0051369863,0.0188356164,0.0154109589,0.2859589041,0.1969178082,0.4280821918,0.0479452055,0.0017123288
1804,data/images/quantifier/test_1804.png,43,0.0,0.0051369863,0.0188356164,0.0154109589,0.2859589041,0.1969178082,0.4280821918,0.0479452055,0.0017123288
1805,data/images/quantifier/test_1805.png,43,0.0,0.0051369863,0.0188356164,0.0154109589,0.2859589041,0.1969178082,0.4280821918,0.0479452055,0.0017123288
1806,data/images/quantifier/test_1806.png,43,0.0,0.0051369863,0.0188356164,0.0154109589,0.2859589041,0.1969178082,0.4280821918,0.0479452055,0.0017123288
1807,data/images/quantifier/test_1807.png,43,0.0,0.0051369863,0.0188356164,0.0154109589,0.2859589041,0.1969178082,0.4280821918,0.0479452055,0.0017123288
1808,data/images/quantifier/test_1808.png,43,0.0,0.0051369863,0.0188356164,0.0154109589,0.2859589041,0.1969178082,0.4280821918,0.0479452055,0.0017123288
1809,data/images/quantifier/test_1809.png,43,0.0,0.0051369863,0.0188356164,0.0154109589,0.2859589041,0.1969178082,0.4280821918,0.0479452055,0.0017123288
1810,data/images/quantifier/test_1810.png,43,0.0,0.0051369863,0.0188356164,0.0154109589,0.2859589041,0.1969178082,0.4280821918,0.0479452055,0.0017123288
1811,data/images/quantifier/test_1811.png,43,0.0,0.0051369863,0.0188356164,0.0154109589,0.2859589041,0.1969178082,0.4280821918,0.0479452055,0.0017123288
1812,data/images/quantifier/test_1812.png,43,0.0,0.0051369863,0.0188356164,0.0154109589,0.2859589041,0.1969178082,0.4280821918,0.0479452055,0.0017123288
1813,data/images/quantifier/test_1813.png,43,0.0,0.0051369863,0.0188356164,0.0154109589,0.2859589041,0.1969178082,0.4280821918,0.0479452055,0.0017123288
1814,data/images/quantifier/test_1814.png,43,0.0,0.0051369863,0.0188356164,0.0154109589,0.2859589041,0.1969178082,0.4280821918,0.0479452055,0.0017123288
1815,data/images/quantifier/test_1815.png,43,0.0,0.0051369863,0.0188356164,0.0154109589,0.2859589041,0.1969178082,0.4280821918,0.0479452055,0.0017123288
1816,data/images/quantifier/test_1816.png,43,0.0,0.0051369863,0.0188356164,0.0154109589,0.2859589041,0.1969178082,0.4280821918,0.0479452055,0.0017123288
1817,data/images/quantifier/test_1817.png,43,0.0,0.0051369863,0.0188356164,0.0154109589,0.2859589041,0.1969178082,0.4280821918,0.0479452055,0.0017123288
1818,data/images/quantifier/test_1818.png,43,0.0,0.0051369863,0.0188356164,0.0154109589,0.2859589041,0.1969178082,0.4280821918,0.0479452055,0.0017123288
1819,data/images/quantifier/test_1819.png,43,0.0,0.0051369863,0.0188356164,0.0154109589,0.2859589041,0.1969178082,0.4280821918,0.0479452055,0.0017123288
1820,data/images/quantifier/test_1820.png,43,0.0,0.0051369863,0.0188356164,0.0154109589,0.2859589041,0.1969178082,0.4280821918,0.0479452055,0.0017123288
1821,data/images/quantifier/test_1821.png,43,0.0,0.0051369863,0.0188356164,0.0154109589,0.2859589041,0.1969178082,0.4280821918,0.0479452055,0.0017123288
1822,data/images/quantifier/test_1822.png,43,0.0,0.0051369863,0.0188356164,0.0154109589,0.2859589041,0.1969178082,0.4280821918,0.0479452055,0.0017123288
1823,data/images/quantifier/test_1823.png,43,0.0,0.0051369863,0.0188356164,0.0154109589,0.2859589041,0.1969178082,0.4280821918,0.0479452055,0.0017123288
1824,data/images/quantifier/test_1824.png,43,0.0,0.0051369863,0.0188356164,0.0154109589,0.2859589041,0.1969178082,0.4280821918,0.0479452055,0.0017123288
1825,data/images/quantifier/test_1825.png,43,0.0,0.0051369863,0.0188356164,0.0154109589,0.2859589041,0.1969178082,0.4280821918,0.0479452055,0.0017123288
1826,data/images/quantifier/test_1826.png,43,0.0,0.0051369863,0.0188356164,0.0154109589,0.2859589041,0.1969178082,0.4280821918,0.0479452055,0.0017123288
1827,data/images/quantifier/test_1827.png,43,0.0,0.0051369863,0.0188356164,0.0154109589,0.2859589041,0.1969178082,0.4280821918,0.0479452055,0.0017123288
1828,data/images/quantifier/test_1828.png,43,0.0,0.0051369863,0.0188356164,0.0154109589,0.2859589041,0.1969178082,0.4280821918,0.0479452055,0.0017123288
1829,data/images/quantifier/test_1829.png,43,0.0,0.0051369863,0.0188356164,0.0154109589,0.2859589041,0.1969178082,0.4280821918,0.0479452055,0.0017123288
1830,data/images/quantifier/test_1830.png,43,0.0,0.0051369863,0.0188356164,0.0154109589,0.2859589041,0.1969178082,0.4280821918,0.0479452055,0.0017123288
1831,data/images/quantifier/test_1831.png,43,0.0,0.0051369863,0.0188356164,0.0154109589,0.2859589041,0.1969178082,0.4280821918,0.0479452055,0.0017123288
1832,data/images/quantifier/test_1832.png,43,0.0,0.0051369863,0.0188356164,0.0154109589,0.2859589041,0.1969178082,0.4280821918,0.0479452055,0.0017123288
1833,data/images/quantifier/test_1833.png,43,0.0,0.0051369863,0.0188356164,0.0154109589,0.2859589041,0.1969178082,0.4280821918,0.0479452055,0.0017123288
1834,data/images/quantifier/test_1834.png,43,0.0,0.0051369863,0.0188356164,0.0154109589,0.2859589041,0.1969178082,0.4280821918,0.0479452055,0.0017123288
1835,data/images/quantifier/test_1835.png,43,0.0,0.0051369863,0.0188356164,0.0154109589,0.2859589041,0.1969178082,0.4280821918,0.0479452055,0.0017123288
1836,data/images/quantifier/test_1836.png,43,0.0,0.0051369863,0.0188356164,0.0154109589,0.2859589041,0.1969178082,0.4280821918,0.0479452055,0.0017123288
1837,data/images/quantifier/test_1837.png,43,0.0,0.0051369863,0.0188356164,0.0154109589,0.2859589041,0.1969178082,0.4280821918,0.0479452055,0.0017123288
1838,data/images/quantifier/test_1838.png,43,0.0,0.0051369863,0.0188356164,0.0154109589,0.2859589041,0.1969178082,0.4280821918,0.0479452055,0.0017123288
1839,data/images/quantifier/test_1839.png,43,0.0,0.0051369863,0.0188356164,0.0154109589,0.2859589041,0.1969178082,0.4280821918,0.0479452055,0.0017123288
1840,data/images/quantifier/test_1840.png,43,0.0,0.0051369863,0.0188356164,0.0154109589,0.2859589041,0.1969178082,0.4280821918,0.0479452055,0.0017123288
1841,data/images/quantifier/test_1841.png,43,0.0,0.0051369863,0.0188356164,0.0154109589,0.2859589041,0.1969178082,0.4280821918,0.0479452055,0.0017123288
1842,data/images/quantifier/test_1842.png,43,0.0,0.0051369863,0.0188356164,0.0154109589,0.2859589041,0.1969178082,0.4280821918,0.0479452055,0.0017123288
1843,data/images/quantifier/test_1843.png,43,0.0,0.0051369863,0.0188356164,0.0154109589,0.2859589041,0.1969178082,0.4280821918,0.0479452055,0.0017123288
1844,data/images/quantifier/test_1844.png,43,0.0,0.0051369863,0.0188356164,0.0154109589,0.2859589041,0.1969178082,0.4280821918,0.0479452055,0.0017123288
1845,data/images/quantifier/test_1845.png,43,0.0,0.0051369863,0.0188356164,0.0154109589,0.2859589041,0.1969178082,0.4280821918,0.0479452055,0.0017123288
1846,data/images/quantifier/test_1846.png,43,0.0,0.0051369863,0.0188356164,0.0154109589,0.2859589041,0.1969178082,0.4280821918,0.0479452055,0.0017123288
1847,data/images/quantifier/test_1847.png,43,0.0,0.0051369863,0.0188356164,0.0154109589,0.2859589041,0.1969178082,0.4280821918,0.0479452055,0.0017123288
1848,data/images/quantifier/test_1848.png,43,0.0,0.0051369863,0.0188356164,0.0154109589,0.2859589041,0.1969178082,0.4280821918,0.0479452055,0.0017123288
1849,data/images/quantifier/test_1849.png,43,0.0,0.0051369863,0.0188356164,0.0154109589,0.2859589041,0.1969178082,0.4280821918,0.0479452055,0.0017123288
1850,data/images/quantifier/test_1850.png,43,0.0,0.0051369863,0.0188356164,0.0154109589,0.2859589041,0.1969178082,0.4280821918,0.0479452055,0.0017123288
1851,data/images/quantifier/test_1851.png,43,0.0,0.0051369863,0.0188356164,0.0154109589,0.2859589041,0.1969178082,0.4280821918,0.0479452055,0.0017123288
1852,data/images/quantifier/test_1852.png,43,0.0,0.0051369863,0.0188356164,0.0154109589,0.2859589041,0.1969178082,0.4280821918,0.0479452055,0.0017123288
1853,data/images/quantifier/test_1853.png,43,0.0,0.0051369863,0.0188356164,0.0154109589,0.2859589041,0.1969178082,0.4280821918,0.0479452055,0.0017123288
1854,data/images/quantifier/test_1854.png,43,0.0,0.0051369863,0.0188356164,0.0154109589,0.2859589041,0.1969178082,0.4280821918,0.0479452055,0.0017123288
1855,data/images/quantifier/test_1855.png,43,0.0,0.0051369863,0.0188356164,0.0154109589,0.2859589041,0.1969178082,0.4280821918,0.0479452055,0.0017123288
1856,data/images/quantifier/test_1856.png,43,0.0,0.0051369863,0.0188356164,0.0154109589,0.2859589041,0.1969178082,0.4280821918,0.0479452055,0.0017123288
1857,data/images/quantifier/test_1857.png,43,0.0,0.0051369863,0.0188356164,0.0154109589,0.2859589041,0.1969178082,0.4280821918,0.0479452055,0.0017123288
1858,data/images/quantifier/test_1858.png,43,0.0,0.0051369863,0.0188356164,0.0154109589,0.2859589041,0.1969178082,0.4280821918,0.0479452055,0.0017123288
1859,data/images/quantifier/test_1859.png,43,0.0,0.0051369863,0.0188356164,0.0154109589,0.2859589041,0.1969178082,0.4280821918,0.0479452055,0.0017123288
1860,data/images/quantifier/test_1860.png,43,0.0,0.0051369863,0.0188356164,0.0154109589,0.2859589041,0.1969178082,0.4280821918,0.0479452055,0.0017123288
1861,data/images/quantifier/test_1861.png,43,0.0,0.0051369863,0.0188356164,0.0154109589,0.2859589041,0.1969178082,0.4280821918,0.0479452055,0.0017123288
1862,data/images/quantifier/test_1862.png,43,0.0,0.0051369863,0.0188356164,0.0154109589,0.2859589041,0.1969178082,0.4280821918,0.0479452055,0.0017123288
1863,data/images/quantifier/test_1863.png,43,0.0,0.0051369863,0.0188356164,0.0154109589,0.2859589041,0.1969178082,0.4280821918,0.0479452055,0.0017123288
1864,data/images/quantifier/test_1864.png,43,0.0,0.0051369863,0.0188356164,0.0154109589,0.2859589041,0.1969178082,0.4280821918,0.0479452055,0.0017123288
1865,data/images/quantifier/test_1865.png,43,0.0,0.0051369863,0.0188356164,0.0154109589,0.2859589041,0.1969178082,0.4280821918,0.0479452055,0.0017123288
1866,data/images/quantifier/test_1866.png,43,0.0,0.0051369863,0.0188356164,0.0154109589,0.2859589041,0.1969178082,0.4280821918,0.0479452055,0.0017123288
1867,data/images/quantifier/test_1867.png,43,0.0,0.0051369863,0.0188356164,0.0154109589,0.2859589041,0.1969178082,0.4280821918,0.0479452055,0.0017123288
1868,data/images/quantifier/test_1868.png,43,0.0,0.0051369863,0.0188356164,0.0154109589,0.2859589041,0.1969178082,0.4280821918,0.0479452055,0.0017123288
1869,data/images/quantifier/test_1869.png,43,0.0,0.0051369863,0.0188356164,0.0154109589,0.2859589041,0.1969178082,0.4280821918,0.0479452055,0.0017123288
1870,data/images/quantifier/test_1870.png,43,0.0,0.0051369863,0.0188356164,0.0154109589,0.2859589041,0.1969178082,0.4280821918,0.0479452055,0.0017123288
1871,data/images/quantifier/test_1871.png,43,0.0,0.0051369863,0.0188356164,0.0154109589,0.2859589041,0.1969178082,0.4280821918,0.0479452055,0.0017123288
1872,data/images/quantifier/test_1872.png,43,0.0,0.0051369863,0.0188356164,0.0154109589,0.2859589041,0.1969178082,0.4280821918,0.0479452055,0.0017123288
1873,data/images/quantifier/test_1873.png,43,0.0,0.0051369863,0.0188356164,0.0154109589,0.2859589041,0.1969178082,0.4280821918,0.0479452055,0.0017123288
1874,data/images/quantifier/test_1874.png,43,0.0,0.0051369863,0.0188356164,0.0154109589,0.2859589041,0.1969178082,0.4280821918,0.0479452055,0.0017123288
1875,data/images/quantifier/test_1875.png,43,0.0,0.0051369863,0.0188356164,0.0154109589,0.2859589041,0.1969178082,0.4280821918,0.0479452055,0.0017123288
1876,data/images/quantifier/test_1876.png,43,0.0,0.0051369863,0.0188356164,0.0154109589,0.2859589041,0.1969178082,0.4280821918,0.0479452055,0.0017123288
1877,data/images/quantifier/test_1877.png,43,0.0,0.0051369863,0.0188356164,0.0154109589,0.2859589041,0.1969178082,0.4280821918,0.0479452055,0.0017123288
1878,data/images/quantifier/test_1878.png,43,0.0,0.0051369863,0.0188356164,0.0154109589,0.2859589041,0.1969178082,0.4280821918,0.0479452055,0.0017123288
1879,data/images/quantifier/test_1879.png,43,0.0,0.0051369863,0.0188356164,0.0154109589,0.2859589041,0.1969178082,0.4280821918,0.0479452055,0.0017123288
1880,data/images/quantifier/test_1880.png,43,0.0,0.0051369863,0.0188356164,0.0154109589,0.2859589041,0.1969178082,0.4280821918,0.0479452055,0.0017123288
1881,data/images/quantifier/test_1881.png,43,0.0,0.0051369863,0.0188356164,0.0154109589,0.2859589041,0.1969178082,0.4280821918,0.0479452055,0.0017123288
1882,data/images/quantifier/test_1882.png,43,0.0,0.0051369863,0.0188356164,0.0154109589,0.2859589041,0.1969178082,0.4280821918,0.0479452055,0.0017123288
1883,data/images/quantifier/test_1883.png,43,0.0,0.0051369863,0.0188356164,0.0154109589,0.2859589041,0.1969178082,0.4280821918,0.0479452055,0.0017123288
1884,data/images/quantifier/test_1884.png,43,0.0,0.0051369863,0.0188356164,0.0154109589,0.2859589041,0.1969178082,0.4280821918,0.0479452055,0.0017123288
1885,data/images/quantifier/test_1885.png,43,0.0,0.0051369863,0.0188356164,0.0154109589,0.2859589041,0.1969178082,0.4280821918,0.0479452055,0.0017123288
1886,data/images/quantifier/test_1886.png,43,0.0,0.0051369863,0.0188356164,0.0154109589,0.2859589041,0.1969178082,0.4280821918,0.0479452055,0.0017123288
1887,data/images/quantifier/test_1887.png,43,0.0,0.0051369863,0.0188356164,0.0154109589,0.2859589041,0.1969178082,0.4280821918,0.0479452055,0.0017123288
1888,data/images/quantifier/test_1888.png,43,0.0,0.0051369863,0.0188356164,0.0154109589,0.2859589041,0.1969178082,0.4280821918,0.0479452055,0.0017123288
1889,data/images/quantifier/test_1889.png,43,0.0,0.0051369863,0.0188356164,0.0154109589,0.2859589041,0.1969178082,0.4280821918,0.0479452055,0.0017123288
1890,data/images/quantifier/test_1890.png,43,0.0,0.0051369863,0.0188356164,0.0154109589,0.2859589041,0.1969178082,0.4280821918,0.0479452055,0.0017123288
1891,data/images/quantifier/test_1891.png,43,0.0,0.0051369863,0.0188356164,0.0154109589,0.2859589041,0.1969178082,0.4280821918,0.0479452055,0.0017123288
1892,data/images/quantifier/test_1892.png,43,0.0,0.0051369863,0.0188356164,0.0154109589,0.2859589041,0.1969178082,0.4280821918,0.0479452055,0.0017123288
1893,data/images/quantifier/test_1893.png,43,0.0,0.0051369863,0.0188356164,0.0154109589,0.2859589041,0.1969178082,0.4280821918,0.0479452055,0.0017123288
1894,data/images/quantifier/test_1894.png,43,0.0,0.0051369863,0.0188356164,0.0154109589,0.2859589041,0.1969178082,0.4280821918,0.0479452055,0.0017123288
1895,data/images/quantifier/test_1895.png,43,0.0,0.0051369863,0.0188356164,0.0154109589,0.2859589041,0.1969178082,0.4280821918,0.0479452055,0.0017123288
1896,data/images/quantifier/test_1896.png,43,0.0,0.0051369863,0.0188356164,0.0154109589,0.2859589041,0.1969178082,0.4280821918,0.0479452055,0.0017123288
1897,data/images/quantifier/test_1897.png,43,0.0,0.0051369863,0.0188356164,0.0154109589,0.2859589041,0.1969178082,0.4280821918,0.0479452055,0.0017123288
1898,data/images/quantifier/test_1898.png,43,0.0,0.0051369863,0.0188356164,0.0154109589,0.2859589041,0.1969178082,0.4280821918,0.0479452055,0.0017123288
1899,data/images/quantifier/test_1899.png,43,0.0,0.0051369863,0.0188356164,0.0154109589,0.2859589041,0.1969178082,0.4280821918,0.0479452055,0.0017123288
1900,data/images/quantifier/test_1900.png,43,0.0,0.0051369863,0.0188356164,0.0154109589,0.2859589041,0.1969178082,0.4280821918,0.0479452055,0.0017123288
1901,data/images/quantifier/test_1901.png,43,0.0,0.0051369863,0.0188356164,0.0154109589,0.2859589041,0.1969178082,0.4280821918,0.0479452055,0.0017123288
1902,data/images/quantifier/test_1902.png,43,0.0,0.0051369863,0.0188356164,0.0154109589,0.2859589041,0.1969178082,0.4280821918,0.0479452055,0.0017123288
1903,data/images/quantifier/test_1903.png,43,0.0,0.0051369863,0.0188356164,0.0154109589,0.2859589041,0.1969178082,0.4280821918,0.0479452055,0.0017123288
1904,data/images/quantifier/test_1904.png,43,0.0,0.0051369863,0.0188356164,0.0154109589,0.2859589041,0.1969178082,0.4280821918,0.0479452055,0.0017123288
1905,data/images/quantifier/test_1905.png,43,0.0,0.0051369863,0.0188356164,0.0154109589,0.2859589041,0.1969178082,0.4280821918,0.0479452055,0.0017123288
1906,data/images/quantifier/test_1906.png,43,0.0,0.0051369863,0.0188356164,0.0154109589,0.2859589041,0.1969178082,0.4280821918,0.0479452055,0.0017123288
1907,data/images/quantifier/test_1907.png,43,0.0,0.0051369863,0.0188356164,0.0154109589,0.2859589041,0.1969178082,0.4280821918,0.0479452055,0.0017123288
1908,data/images/quantifier/test_1908.png,43,0.0,0.0051369863,0.0188356164,0.0154109589,0.2859589041,0.1969178082,0.4280821918,0.0479452055,0.0017123288
1909,data/images/quantifier/test_1909.png,43,0.0,0.0051369863,0.0188356164,0.0154109589,0.2859589041,0.1969178082,0.4280821918,0.0479452055,0.0017123288
1910,data/images/quantifier/test_1910.png,43,0.0,0.0051369863,0.0188356164,0.0154109589,0.2859589041,0.1969178082,0.4280821918,0.0479452055,0.0017123288
1911,data/images/quantifier/test_1911.png,43,0.0,0.0051369863,0.0188356164,0.0154109589,0.2859589041,0.1969178082,0.4280821918,0.0479452055,0.0017123288
1912,data/images/quantifier/test_1912.png,43,0.0,0.0051369863,0.0188356164,0.0154109589,0.2859589041,0.1969178082,0.4280821918,0.0479452055,0.0017123288
1913,data/images/quantifier/test_1913.png,43,0.0,0.0051369863,0.0188356164,0.0154109589,0.2859589041,0.1969178082,0.4280821918,0.0479452055,0.0017123288
1914,data/images/quantifier/test_1914.png,43,0.0,0.0051369863,0.0188356164,0.0154109589,0.2859589041,0.1969178082,0.4280821918,0.0479452055,0.0017123288
1915,data/images/quantifier/test_1915.png,43,0.0,0.0051369863,0.0188356164,0.0154109589,0.2859589041,0.1969178082,0.4280821918,0.0479452055,0.0017123288
1916,data/images/quantifier/test_1916.png,43,0.0,0.0051369863,0.0188356164,0.0154109589,0.2859589041,0.1969178082,0.4280821918,0.0479452055,0.0017123288
1917,data/images/quantifier/test_1917.png,43,0.0,0.0051369863,0.0188356164,0.0154109589,0.2859589041,0.1969178082,0.4280821918,0.0479452055,0.0017123288
1918,data/images/quantifier/test_1918.png,43,0.0,0.0051369863,0.0188356164,0.0154109589,0.2859589041,0.1969178082,0.4280821918,0.0479452055,0.0017123288
1919,data/images/quantifier/test_1919.png,43,0.0,0.0051369863,0.0188356164,0.0154109589,0.2859589041,0.1969178082,0.4280821918,0.0479452055,0.0017123288
1920,data/images/quantifier/test_1920.png,43,0.0,0.0051369863,0.0188356164,0.0154109589,0.2859589041,0.1969178082,0.4280821918,0.0479452055,0.0017123288
1921,data/images/quantifier/test_1921.png,43,0.0,0.0051369863,0.0188356164,0.0154109589,0.2859589041,0.1969178082,0.4280821918,0.0479452055,0.0017123288
1922,data/images/quantifier/test_1922.png,43,0.0,0.0051369863,0.0188356164,0.0154109589,0.2859589041,0.1969178082,0.4280821918,0.0479452055,0.0017123288
1923,data/images/quantifier/test_1923.png,43,0.0,0.0051369863,0.0188356164,0.0154109589,0.2859589041,0.1969178082,0.4280821918,0.0479452055,0.0017123288
1924,data/images/quantifier/test_1924.png,43,0.0,0.0051369863,0.0188356164,0.0154109589,0.2859589041,0.1969178082,0.4280821918,0.0479452055,0.0017123288
1925,data/images/quantifier/test_1925.png,43,0.0,0.0051369863,0.0188356164,0.0154109589,0.2859589041,0.1969178082,0.4280821918,0.0479452055,0.0017123288
1926,data/images/quantifier/test_1926.png,43,0.0,0.0051369863,0.0188356164,0.0154109589,0.2859589041,0.1969178082,0.4280821918,0.0479452055,0.0017123288
1927,data/images/quantifier/test_1927.png,43,0.0,0.0051369863,0.0188356164,0.0154109589,0.2859589041,0.1969178082,0.4280821918,0.0479452055,0.0017123288
1928,data/images/quantifier/test_1928.png,43,0.0,0.0051369863,0.0188356164,0.0154109589,0.2859589041,0.1969178082,0.4280821918,0.0479452055,0.0017123288
1929,data/images/quantifier/test_1929.png,43,0.0,0.0051369863,0.0188356164,0.0154109589,0.2859589041,0.1969178082,0.4280821918,0.0479452055,0.0017123288
1930,data/images/quantifier/test_1930.png,43,0.0,0.0051369863,0.0188356164,0.0154109589,0.2859589041,0.1969178082,0.4280821918,0.0479452055,0.0017123288
1931,data/images/quantifier/test_1931.png,43,0.0,0.0051369863,0.0188356164,0.0154109589,0.2859589041,0.1969178082,0.4280821918,0.0479452055,0.0017123288
1932,data/images/quantifier/test_1932.png,43,0.0,0.0051369863,0.0188356164,0.0154109589,0.2859589041,0.1969178082,0.4280821918,0.0479452055,0.0017123288
1933,data/images/quantifier/test_1933.png,43,0.0,0.0051369863,0.0188356164,0.0154109589,0.2859589041,0.1969178082,0.4280821918,0.0479452055,0.0017123288
1934,data/images/quantifier/test_1934.png,43,0.0,0.0051369863,0.0188356164,0.0154109589,0.2859589041,0.1969178082,0.4280821918,0.0479452055,0.0017123288
1935,data/images/quantifier/test_1935.png,43,0.0,0.0051369863,0.0188356164,0.0154109589,0.2859589041,0.1969178082,0.4280821918,0.0479452055,0.0017123288
1936,data/images/quantifier/test_1936.png,43,0.0,0.0051369863,0.0188356164,0.0154109589,0.2859589041,0.1969178082,0.4280821918,0.0479452055,0.0017123288
1937,data/images/quantifier/test_1937.png,43,0.0,0.0051369863,0.0188356164,0.0154109589,0.2859589041,0.1969178082,0.4280821918,0.0479452055,0.0017123288
1938,data/images/quantifier/test_1938.png,43,0.0,0.0051369863,0.0188356164,0.0154109589,0.2859589041,0.1969178082,0.4280821918,0.0479452055,0.0017123288
1939,data/images/quantifier/test_1939.png,43,0.0,0.0051369863,0.0188356164,0.0154109589,0.2859589041,0.1969178082,0.4280821918,0.0479452055,0.0017123288
1940,data/images/quantifier/test_1940.png,43,0.0,0.0051369863,0.0188356164,0.0154109589,0.2859589041,0.1969178082,0.4280821918,0.0479452055,0.0017123288
1941,data/images/quantifier/test_1941.png,43,0.0,0.0051369863,0.0188356164,0.0154109589,0.2859589041,0.1969178082,0.4280821918,0.0479452055,0.0017123288
1942,data/images/quantifier/test_1942.png,43,0.0,0.0051369863,0.0188356164,0.0154109589,0.2859589041,0.1969178082,0.4280821918,0.0479452055,0.0017123288
1943,data/images/quantifier/test_1943.png,43,0.0,0.0051369863,0.0188356164,0.0154109589,0.2859589041,0.1969178082,0.4280821918,0.0479452055,0.0017123288
1944,data/images/quantifier/test_1944.png,43,0.0,0.0051369863,0.0188356164,0.0154109589,0.2859589041,0.1969178082,0.4280821918,0.0479452055,0.0017123288
1945,data/images/quantifier/test_1945.png,43,0.0,0.0051369863,0.0188356164,0.0154109589,0.2859589041,0.1969178082,0.4280821918,0.0479452055,0.0017123288
1946,data/images/quantifier/test_1946.png,43,0.0,0.0051369863,0.0188356164,0.0154109589,0.2859589041,0.1969178082,0.4280821918,0.0479452055,0.0017123288
1947,data/images/quantifier/test_1947.png,43,0.0,0.0051369863,0.0188356164,0.0154109589,0.2859589041,0.1969178082,0.4280821918,0.0479452055,0.0017123288
1948,data/images/quantifier/test_1948.png,43,0.0,0.0051369863,0.0188356164,0.0154109589,0.2859589041,0.1969178082,0.4280821918,0.0479452055,0.0017123288
1949,data/images/quantifier/test_1949.png,43,0.0,0.0051369863,0.0188356164,0.0154109589,0.2859589041,0.1969178082,0.4280821918,0.0479452055,0.0017123288
1950,data/images/quantifier/test_1950.png,43,0.0,0.0051369863,0.0188356164,0.0154109589,0.2859589041,0.1969178082,0.4280821918,0.0479452055,0.0017123288
1951,data/images/quantifier/test_1951.png,43,0.0,0.0051369863,0.0188356164,0.0154109589,0.2859589041,0.1969178082,0.4280821918,0.0479452055,0.0017123288
1952,data/images/quantifier/test_1952.png,43,0.0,0.0051369863,0.0188356164,0.0154109589,0.2859589041,0.1969178082,0.4280821918,0.0479452055,0.0017123288
1953,data/images/quantifier/test_1953.png,43,0.0,0.0051369863,0.0188356164,0.0154109589,0.2859589041,0.1969178082,0.4280821918,0.0479452055,0.0017123288
1954,data/images/quantifier/test_1954.png,43,0.0,0.0051369863,0.0188356164,0.0154109589,0.2859589041,0.1969178082,0.4280821918,0.0479452055,0.0017123288
1955,data/images/quantifier/test_1955.png,43,0.0,0.0051369863,0.0188356164,0.0154109589,0.2859589041,0.1969178082,0.4280821918,0.0479452055,0.0017123288
1956,data/images/quantifier/test_1956.png,43,0.0,0.0051369863,0.0188356164,0.0154109589,0.2859589041,0.1969178082,0.4280821918,0.0479452055,0.0017123288
1957,data/images/quantifier/test_1957.png,43,0.0,0.0051369863,0.0188356164,0.0154109589,0.2859589041,0.1969178082,0.4280821918,0.0479452055,0.0017123288
1958,data/images/quantifier/test_1958.png,43,0.0,0.0051369863,0.0188356164,0.0154109589,0.2859589041,0.1969178082,0.4280821918,0.0479452055,0.0017123288
1959,data/images/quantifier/test_1959.png,43,0.0,0.0051369863,0.0188356164,0.0154109589,0.2859589041,0.1969178082,0.4280821918,0.0479452055,0.0017123288
1960,data/images/quantifier/test_1960.png,43,0.0,0.0051369863,0.0188356164,0.0154109589,0.2859589041,0.1969178082,0.4280821918,0.0479452055,0.0017123288
1961,data/images/quantifier/test_1961.png,43,0.0,0.0051369863,0.0188356164,0.0154109589,0.2859589041,0.1969178082,0.4280821918,0.0479452055,0.0017123288
1962,data/images/quantifier/test_1962.png,43,0.0,0.0051369863,0.0188356164,0.0154109589,0.2859589041,0.1969178082,0.4280821918,0.0479452055,0.0017123288
1963,data/images/quantifier/test_1963.png,43,0.0,0.0051369863,0.0188356164,0.0154109589,0.2859589041,0.1969178082,0.4280821918,0.0479452055,0.0017123288
1964,data/images/quantifier/test_1964.png,43,0.0,0.0051369863,0.0188356164,0.0154109589,0.2859589041,0.1969178082,0.4280821918,0.0479452055,0.0017123288
1965,data/images/quantifier/test_1965.png,43,0.0,0.0051369863,0.0188356164,0.0154109589,0.2859589041,0.1969178082,0.4280821918,0.0479452055,0.0017123288
1966,data/images/quantifier/test_1966.png,43,0.0,0.0051369863,0.0188356164,0.0154109589,0.2859589041,0.1969178082,0.4280821918,0.0479452055,0.0017123288
1967,data/images/quantifier/test_1967.png,43,0.0,0.0051369863,0.0188356164,0.0154109589,0.2859589041,0.1969178082,0.4280821918,0.0479452055,0.0017123288
1968,data/images/quantifier/test_1968.png,43,0.0,0.0051369863,0.0188356164,0.0154109589,0.2859589041,0.1969178082,0.4280821918,0.0479452055,0.0017123288
1969,data/images/quantifier/test_1969.png,43,0.0,0.0051369863,0.0188356164,0.0154109589,0.2859589041,0.1969178082,0.4280821918,0.0479452055,0.0017123288
1970,data/images/quantifier/test_1970.png,43,0.0,0.0051369863,0.0188356164,0.0154109589,0.2859589041,0.1969178082,0.4280821918,0.0479452055,0.0017123288
1971,data/images/quantifier/test_1971.png,43,0.0,0.0051369863,0.0188356164,0.0154109589,0.2859589041,0.1969178082,0.4280821918,0.0479452055,0.0017123288
1972,data/images/quantifier/test_1972.png,43,0.0,0.0051369863,0.0188356164,0.0154109589,0.2859589041,0.1969178082,0.4280821918,0.0479452055,0.0017123288
1973,data/images/quantifier/test_1973.png,43,0.0,0.0051369863,0.0188356164,0.0154109589,0.2859589041,0.1969178082,0.4280821918,0.0479452055,0.0017123288
1974,data/images/quantifier/test_1974.png,43,0.0,0.0051369863,0.0188356164,0.0154109589,0.2859589041,0.1969178082,0.4280821918,0.0479452055,0.0017123288
1975,data/images/quantifier/test_1975.png,43,0.0,0.0051369863,0.0188356164,0.0154109589,0.2859589041,0.1969178082,0.4280821918,0.0479452055,0.0017123288
1976,data/images/quantifier/test_1976.png,43,0.0,0.0051369863,0.0188356164,0.0154109589,0.2859589041,0.1969178082,0.4280821918,0.0479452055,0.0017123288
1977,data/images/quantifier/test_1977.png,43,0.0,0.0051369863,0.0188356164,0.0154109589,0.2859589041,0.1969178082,0.4280821918,0.0479452055,0.0017123288
1978,data/images/quantifier/test_1978.png,43,0.0,0.0051369863,0.0188356164,0.0154109589,0.2859589041,0.1969178082,0.4280821918,0.0479452055,0.0017123288
1979,data/images/quantifier/test_1979.png,43,0.0,0.0051369863,0.0188356164,0.0154109589,0.2859589041,0.1969178082,0.4280821918,0.0479452055,0.0017123288
1980,data/images/quantifier/test_1980.png,43,0.0,0.0051369863,0.0188356164,0.0154109589,0.2859589041,0.1969178082,0.4280821918,0.0479452055,0.0017123288
1981,data/images/quantifier/test_1981.png,43,0.0,0.0051369863,0.0188356164,0.0154109589,0.2859589041,0.1969178082,0.4280821918,0.0479452055,0.0017123288
1982,data/images/quantifier/test_1982.png,43,0.0,0.0051369863,0.0188356164,0.0154109589,0.2859589041,0.1969178082,0.4280821918,0.0479452055,0.0017123288
1983,data/images/quantifier/test_1983.png,43,0.0,0.0051369863,0.0188356164,0.0154109589,0.2859589041,0.1969178082,0.4280821918,0.0479452055,0.0017123288
1984,data/images/quantifier/test_1984.png,43,0.0,0.0051369863,0.0188356164,0.0154109589,0.2859589041,0.1969178082,0.4280821918,0.0479452055,0.0017123288
1985,data/images/quantifier/test_1985.png,43,0.0,0.0051369863,0.0188356164,0.0154109589,0.2859589041,0.1969178082,0.4280821918,0.0479452055,0.0017123288
1986,data/images/quantifier/test_1986.png,43,0.0,0.0051369863,0.0188356164,0.0154109589,0.2859589041,0.1969178082,0.4280821918,0.0479452055,0.0017123288
1987,data/images/quantifier/test_1987.png,43,0.0,0.0051369863,0.0188356164,0.0154109589,0.2859589041,0.1969178082,0.4280821918,0.0479452055,0.0017123288
1988,data/images/quantifier/test_1988.png,43,0.0,0.0051369863,0.0188356164,0.0154109589,0.2859589041,0.1969178082,0.4280821918,0.0479452055,0.0017123288
1989,data/images/quantifier/test_1989.png,43,0.0,0.0051369863,0.0188356164,0.0154109589,0.2859589041,0.1969178082,0.4280821918,0.0479452055,0.0017123288
1990,data/images/quantifier/test_1990.png,43,0.0,0.0051369863,0.0188356164,0.0154109589,0.2859589041,0.1969178082,0.4280821918,0.0479452055,0.0017123288
1991,data/images/quantifier/test_1991.png,43,0.0,0.0051369863,0.0188356164,0.0154109589,0.2859589041,0.1969178082,0.4280821918,0.0479452055,0.0017123288
1992,data/images/quantifier/test_1992.png,43,0.0,0.0051369863,0.0188356164,0.0154109589,0.2859589041,0.1969178082,0.4280821918,0.0479452055,0.0017123288
1993,data/images/quantifier/test_1993.png,43,0.0,0.0051369863,0.0188356164,0.0154109589,0.2859589041,0.1969178082,0.4280821918,0.0479452055,0.0017123288
1994,data/images/quantifier/test_1994.png,43,0.0,0.0051369863,0.0188356164,0.0154109589,0.2859589041,0.1969178082,0.4280821918,0.0479452055,0.0017123288
1995,data/images/quantifier/test_1995.png,43,0.0,0.0051369863,0.0188356164,0.0154109589,0.2859589041,0.1969178082,0.4280821918,0.0479452055,0.0017123288
1996,data/images/quantifier/test_1996.png,43,0.0,0.0051369863,0.0188356164,0.0154109589,0.2859589041,0.1969178082,0.4280821918,0.0479452055,0.0017123288
1997,data/images/quantifier/test_1997.png,43,0.0,0.0051369863,0.0188356164,0.0154109589,0.2859589041,0.1969178082,0.4280821918,0.0479452055,0.0017123288
1998,data/images/quantifier/test_1998.png,43,0.0,0.0051369863,0.0188356164,0.0154109589,0.2859589041,0.1969178082,0.4280821918,0.0479452055,0.0017123288
1999,data/images/quantifier/test_1999.png,43,0.0,0.0051369863,0.0188356164,0.0154109589,0.2859589041,0.1969178082,0.4280821918,0.0479452055,0.0017123288
2000,data/images/quantifier/test_2000.png,32,0.0,0.0052631579,0.0140350877,0.0175438596,0.1842105263,0.2035087719,0.5228070175,0.050877193,0.001754386
2001,data/images/quantifier/test_2001.png,32,0.0,0.0052631579,0.0140350877,0.0175438596,0.1842105263,0.2035087719,0.5228070175,0.050877193,0.001754386
2002,data/images/quantifier/test_2002.png,32,0.0,0.0052631579,0.0140350877,0.0175438596,0.1842105263,0.2035087719,0.5228070175,0.050877193,0.001754386
2003,data/images/quantifier/test_2003.png,32,0.0,0.0052631579,0.0140350877,0.0175438596,0.1842105263,0.2035087719,0.5228070175,0.050877193,0.001754386
2004,data/images/quantifier/test_2004.png,32,0.0,0.0052631579,0.0140350877,0.0175438596,0.1842105263,0.2035087719,0.5228070175,0.050877193,0.001754386
2005,data/images/quantifier/test_2005.png,32,0.0,0.0052631579,0.0140350877,0.0175438596,0.1842105263,0.2035087719,0.5228070175,0.050877193,0.001754386
2006,data/images/quantifier/test_2006.png,32,0.0,0.0052631579,0.0140350877,0.0175438596,0.1842105263,0.2035087719,0.5228070175,0.050877193,0.001754386
2007,data/images/quantifier/test_2007.png,32,0.0,0.0052631579,0.0140350877,0.0175438596,0.1842105263,0.2035087719,0.5228070175,0.050877193,0.001754386
2008,data/images/quantifier/test_2008.png,32,0.0,0.0052631579,0.0140350877,0.0175438596,0.1842105263,0.2035087719,0.5228070175,0.050877193,0.001754386
2009,data/images/quantifier/test_2009.png,32,0.0,0.0052631579,0.0140350877,0.0175438596,0.1842105263,0.2035087719,0.5228070175,0.050877193,0.001754386
2010,data/images/quantifier/test_2010.png,32,0.0,0.0052631579,0.0140350877,0.0175438596,0.1842105263,0.2035087719,0.5228070175,0.050877193,0.001754386
2011,data/images/quantifier/test_2011.png,32,0.0,0.0052631579,0.0140350877,0.0175438596,0.1842105263,0.2035087719,0.5228070175,0.050877193,0.001754386
2012,data/images/quantifier/test_2012.png,32,0.0,0.0052631579,0.0140350877,0.0175438596,0.1842105263,0.2035087719,0.5228070175,0.050877193,0.001754386
2013,data/images/quantifier/test_2013.png,32,0.0,0.0052631579,0.0140350877,0.0175438596,0.1842105263,0.2035087719,0.5228070175,0.050877193,0.001754386
2014,data/images/quantifier/test_2014.png,32,0.0,0.0052631579,0.0140350877,0.0175438596,0.1842105263,0.2035087719,0.5228070175,0.050877193,0.001754386
2015,data/images/quantifier/test_2015.png,32,0.0,0.0052631579,0.0140350877,0.0175438596,0.1842105263,0.2035087719,0.5228070175,0.050877193,0.001754386
2016,data/images/quantifier/test_2016.png,32,0.0,0.0052631579,0.0140350877,0.0175438596,0.1842105263,0.2035087719,0.5228070175,0.050877193,0.001754386
2017,data/images/quantifier/test_2017.png,32,0.0,0.0052631579,0.0140350877,0.0175438596,0.1842105263,0.2035087719,0.5228070175,0.050877193,0.001754386
2018,data/images/quantifier/test_2018.png,32,0.0,0.0052631579,0.0140350877,0.0175438596,0.1842105263,0.2035087719,0.5228070175,0.050877193,0.001754386
2019,data/images/quantifier/test_2019.png,32,0.0,0.0052631579,0.0140350877,0.0175438596,0.1842105263,0.2035087719,0.5228070175,0.050877193,0.001754386
2020,data/images/quantifier/test_2020.png,32,0.0,0.0052631579,0.0140350877,0.0175438596,0.1842105263,0.2035087719,0.5228070175,0.050877193,0.001754386
2021,data/images/quantifier/test_2021.png,32,0.0,0.0052631579,0.0140350877,0.0175438596,0.1842105263,0.2035087719,0.5228070175,0.050877193,0.001754386
2022,data/images/quantifier/test_2022.png,32,0.0,0.0052631579,0.0140350877,0.0175438596,0.1842105263,0.2035087719,0.5228070175,0.050877193,0.001754386
2023,data/images/quantifier/test_2023.png,32,0.0,0.0052631579,0.0140350877,0.0175438596,0.1842105263,0.2035087719,0.5228070175,0.050877193,0.001754386
2024,data/images/quantifier/test_2024.png,32,0.0,0.0052631579,0.0140350877,0.0175438596,0.1842105263,0.2035087719,0.5228070175,0.050877193,0.001754386
2025,data/images/quantifier/test_2025.png,32,0.0,0.0052631579,0.0140350877,0.0175438596,0.1842105263,0.2035087719,0.5228070175,0.050877193,0.001754386
2026,data/images/quantifier/test_2026.png,32,0.0,0.0052631579,0.0140350877,0.0175438596,0.1842105263,0.2035087719,0.5228070175,0.050877193,0.001754386
2027,data/images/quantifier/test_2027.png,32,0.0,0.0052631579,0.0140350877,0.0175438596,0.1842105263,0.2035087719,0.5228070175,0.050877193,0.001754386
2028,data/images/quantifier/test_2028.png,32,0.0,0.0052631579,0.0140350877,0.0175438596,0.1842105263,0.2035087719,0.5228070175,0.050877193,0.001754386
2029,data/images/quantifier/test_2029.png,32,0.0,0.0052631579,0.0140350877,0.0175438596,0.1842105263,0.2035087719,0.5228070175,0.050877193,0.001754386
2030,data/images/quantifier/test_2030.png,32,0.0,0.0052631579,0.0140350877,0.0175438596,0.1842105263,0.2035087719,0.5228070175,0.050877193,0.001754386
2031,data/images/quantifier/test_2031.png,32,0.0,0.0052631579,0.0140350877,0.0175438596,0.1842105263,0.2035087719,0.5228070175,0.050877193,0.001754386
2032,data/images/quantifier/test_2032.png,32,0.0,0.0052631579,0.0140350877,0.0175438596,0.1842105263,0.2035087719,0.5228070175,0.050877193,0.001754386
2033,data/images/quantifier/test_2033.png,32,0.0,0.0052631579,0.0140350877,0.0175438596,0.1842105263,0.2035087719,0.5228070175,0.050877193,0.001754386
2034,data/images/quantifier/test_2034.png,32,0.0,0.0052631579,0.0140350877,0.0175438596,0.1842105263,0.2035087719,0.5228070175,0.050877193,0.001754386
2035,data/images/quantifier/test_2035.png,32,0.0,0.0052631579,0.0140350877,0.0175438596,0.1842105263,0.2035087719,0.5228070175,0.050877193,0.001754386
2036,data/images/quantifier/test_2036.png,32,0.0,0.0052631579,0.0140350877,0.0175438596,0.1842105263,0.2035087719,0.5228070175,0.050877193,0.001754386
2037,data/images/quantifier/test_2037.png,32,0.0,0.0052631579,0.0140350877,0.0175438596,0.1842105263,0.2035087719,0.5228070175,0.050877193,0.001754386
2038,data/images/quantifier/test_2038.png,32,0.0,0.0052631579,0.0140350877,0.0175438596,0.1842105263,0.2035087719,0.5228070175,0.050877193,0.001754386
2039,data/images/quantifier/test_2039.png,32,0.0,0.0052631579,0.0140350877,0.0175438596,0.1842105263,0.2035087719,0.5228070175,0.050877193,0.001754386
2040,data/images/quantifier/test_2040.png,32,0.0,0.0052631579,0.0140350877,0.0175438596,0.1842105263,0.2035087719,0.5228070175,0.050877193,0.001754386
2041,data/images/quantifier/test_2041.png,32,0.0,0.0052631579,0.0140350877,0.0175438596,0.1842105263,0.2035087719,0.5228070175,0.050877193,0.001754386
2042,data/images/quantifier/test_2042.png,32,0.0,0.0052631579,0.0140350877,0.0175438596,0.1842105263,0.2035087719,0.5228070175,0.050877193,0.001754386
2043,data/images/quantifier/test_2043.png,32,0.0,0.0052631579,0.0140350877,0.0175438596,0.1842105263,0.2035087719,0.5228070175,0.050877193,0.001754386
2044,data/images/quantifier/test_2044.png,32,0.0,0.0052631579,0.0140350877,0.0175438596,0.1842105263,0.2035087719,0.5228070175,0.050877193,0.001754386
2045,data/images/quantifier/test_2045.png,32,0.0,0.0052631579,0.0140350877,0.0175438596,0.1842105263,0.2035087719,0.5228070175,0.050877193,0.001754386
2046,data/images/quantifier/test_2046.png,32,0.0,0.0052631579,0.0140350877,0.0175438596,0.1842105263,0.2035087719,0.5228070175,0.050877193,0.001754386
2047,data/images/quantifier/test_2047.png,32,0.0,0.0052631579,0.0140350877,0.0175438596,0.1842105263,0.2035087719,0.5228070175,0.050877193,0.001754386
2048,data/images/quantifier/test_2048.png,32,0.0,0.0052631579,0.0140350877,0.0175438596,0.1842105263,0.2035087719,0.5228070175,0.050877193,0.001754386
2049,data/images/quantifier/test_2049.png,32,0.0,0.0052631579,0.0140350877,0.0175438596,0.1842105263,0.2035087719,0.5228070175,0.050877193,0.001754386
2050,data/images/quantifier/test_2050.png,32,0.0,0.0052631579,0.0140350877,0.0175438596,0.1842105263,0.2035087719,0.5228070175,0.050877193,0.001754386
2051,data/images/quantifier/test_2051.png,32,0.0,0.0052631579,0.0140350877,0.0175438596,0.1842105263,0.2035087719,0.5228070175,0.050877193,0.001754386
2052,data/images/quantifier/test_2052.png,32,0.0,0.0052631579,0.0140350877,0.0175438596,0.1842105263,0.2035087719,0.5228070175,0.050877193,0.001754386
2053,data/images/quantifier/test_2053.png,32,0.0,0.0052631579,0.0140350877,0.0175438596,0.1842105263,0.2035087719,0.5228070175,0.050877193,0.001754386
2054,data/images/quantifier/test_2054.png,32,0.0,0.0052631579,0.0140350877,0.0175438596,0.1842105263,0.2035087719,0.5228070175,0.050877193,0.001754386
2055,data/images/quantifier/test_2055.png,32,0.0,0.0052631579,0.0140350877,0.0175438596,0.1842105263,0.2035087719,0.5228070175,0.050877193,0.001754386
2056,data/images/quantifier/test_2056.png,32,0.0,0.0052631579,0.0140350877,0.0175438596,0.1842105263,0.2035087719,0.5228070175,0.050877193,0.001754386
2057,data/images/quantifier/test_2057.png,32,0.0,0.0052631579,0.0140350877,0.0175438596,0.1842105263,0.2035087719,0.5228070175,0.050877193,0.001754386
2058,data/images/quantifier/test_2058.png,32,0.0,0.0052631579,0.0140350877,0.0175438596,0.1842105263,0.2035087719,0.5228070175,0.050877193,0.001754386
2059,data/images/quantifier/test_2059.png,32,0.0,0.0052631579,0.0140350877,0.0175438596,0.1842105263,0.2035087719,0.5228070175,0.050877193,0.001754386
2060,data/images/quantifier/test_2060.png,32,0.0,0.0052631579,0.0140350877,0.0175438596,0.1842105263,0.2035087719,0.5228070175,0.050877193,0.001754386
2061,data/images/quantifier/test_2061.png,32,0.0,0.0052631579,0.0140350877,0.0175438596,0.1842105263,0.2035087719,0.5228070175,0.050877193,0.001754386
2062,data/images/quantifier/test_2062.png,32,0.0,0.0052631579,0.0140350877,0.0175438596,0.1842105263,0.2035087719,0.5228070175,0.050877193,0.001754386
2063,data/images/quantifier/test_2063.png,32,0.0,0.0052631579,0.0140350877,0.0175438596,0.1842105263,0.2035087719,0.5228070175,0.050877193,0.001754386
2064,data/images/quantifier/test_2064.png,32,0.0,0.0052631579,0.0140350877,0.0175438596,0.1842105263,0.2035087719,0.5228070175,0.050877193,0.001754386
2065,data/images/quantifier/test_2065.png,32,0.0,0.0052631579,0.0140350877,0.0175438596,0.1842105263,0.2035087719,0.5228070175,0.050877193,0.001754386
2066,data/images/quantifier/test_2066.png,32,0.0,0.0052631579,0.0140350877,0.0175438596,0.1842105263,0.2035087719,0.5228070175,0.050877193,0.001754386
2067,data/images/quantifier/test_2067.png,32,0.0,0.0052631579,0.0140350877,0.0175438596,0.1842105263,0.2035087719,0.5228070175,0.050877193,0.001754386
2068,data/images/quantifier/test_2068.png,32,0.0,0.0052631579,0.0140350877,0.0175438596,0.1842105263,0.2035087719,0.5228070175,0.050877193,0.001754386
2069,data/images/quantifier/test_2069.png,32,0.0,0.0052631579,0.0140350877,0.0175438596,0.1842105263,0.2035087719,0.5228070175,0.050877193,0.001754386
2070,data/images/quantifier/test_2070.png,32,0.0,0.0052631579,0.0140350877,0.0175438596,0.1842105263,0.2035087719,0.5228070175,0.050877193,0.001754386
2071,data/images/quantifier/test_2071.png,32,0.0,0.0052631579,0.0140350877,0.0175438596,0.1842105263,0.2035087719,0.5228070175,0.050877193,0.001754386
2072,data/images/quantifier/test_2072.png,32,0.0,0.0052631579,0.0140350877,0.0175438596,0.1842105263,0.2035087719,0.5228070175,0.050877193,0.001754386
2073,data/images/quantifier/test_2073.png,32,0.0,0.0052631579,0.0140350877,0.0175438596,0.1842105263,0.2035087719,0.5228070175,0.050877193,0.001754386
2074,data/images/quantifier/test_2074.png,32,0.0,0.0052631579,0.0140350877,0.0175438596,0.1842105263,0.2035087719,0.5228070175,0.050877193,0.001754386
2075,data/images/quantifier/test_2075.png,32,0.0,0.0052631579,0.0140350877,0.0175438596,0.1842105263,0.2035087719,0.5228070175,0.050877193,0.001754386
2076,data/images/quantifier/test_2076.png,32,0.0,0.0052631579,0.0140350877,0.0175438596,0.1842105263,0.2035087719,0.5228070175,0.050877193,0.001754386
2077,data/images/quantifier/test_2077.png,32,0.0,0.0052631579,0.0140350877,0.0175438596,0.1842105263,0.2035087719,0.5228070175,0.050877193,0.001754386
2078,data/images/quantifier/test_2078.png,32,0.0,0.0052631579,0.0140350877,0.0175438596,0.1842105263,0.2035087719,0.5228070175,0.050877193,0.001754386
2079,data/images/quantifier/test_2079.png,32,0.0,0.0052631579,0.0140350877,0.0175438596,0.1842105263,0.2035087719,0.5228070175,0.050877193,0.001754386
2080,data/images/quantifier/test_2080.png,32,0.0,0.0052631579,0.0140350877,0.0175438596,0.1842105263,0.2035087719,0.5228070175,0.050877193,0.001754386
2081,data/images/quantifier/test_2081.png,32,0.0,0.0052631579,0.0140350877,0.0175438596,0.1842105263,0.2035087719,0.5228070175,0.050877193,0.001754386
2082,data/images/quantifier/test_2082.png,32,0.0,0.0052631579,0.0140350877,0.0175438596,0.1842105263,0.2035087719,0.5228070175,0.050877193,0.001754386
2083,data/images/quantifier/test_2083.png,32,0.0,0.0052631579,0.0140350877,0.0175438596,0.1842105263,0.2035087719,0.5228070175,0.050877193,0.001754386
2084,data/images/quantifier/test_2084.png,32,0.0,0.0052631579,0.0140350877,0.0175438596,0.1842105263,0.2035087719,0.5228070175,0.050877193,0.001754386
2085,data/images/quantifier/test_2085.png,32,0.0,0.0052631579,0.0140350877,0.0175438596,0.1842105263,0.2035087719,0.5228070175,0.050877193,0.001754386
2086,data/images/quantifier/test_2086.png,32,0.0,0.0052631579,0.0140350877,0.0175438596,0.1842105263,0.2035087719,0.5228070175,0.050877193,0.001754386
2087,data/images/quantifier/test_2087.png,32,0.0,0.0052631579,0.0140350877,0.0175438596,0.1842105263,0.2035087719,0.5228070175,0.050877193,0.001754386
2088,data/images/quantifier/test_2088.png,32,0.0,0.0052631579,0.0140350877,0.0175438596,0.1842105263,0.2035087719,0.5228070175,0.050877193,0.001754386
2089,data/images/quantifier/test_2089.png,32,0.0,0.0052631579,0.0140350877,0.0175438596,0.1842105263,0.2035087719,0.5228070175,0.050877193,0.001754386
2090,data/images/quantifier/test_2090.png,32,0.0,0.0052631579,0.0140350877,0.0175438596,0.1842105263,0.2035087719,0.5228070175,0.050877193,0.001754386
2091,data/images/quantifier/test_2091.png,32,0.0,0.0052631579,0.0140350877,0.0175438596,0.1842105263,0.2035087719,0.5228070175,0.050877193,0.001754386
2092,data/images/quantifier/test_2092.png,32,0.0,0.0052631579,0.0140350877,0.0175438596,0.1842105263,0.2035087719,0.5228070175,0.050877193,0.001754386
2093,data/images/quantifier/test_2093.png,32,0.0,0.0052631579,0.0140350877,0.0175438596,0.1842105263,0.2035087719,0.5228070175,0.050877193,0.001754386
2094,data/images/quantifier/test_2094.png,32,0.0,0.0052631579,0.0140350877,0.0175438596,0.1842105263,0.2035087719,0.5228070175,0.050877193,0.001754386
2095,data/images/quantifier/test_2095.png,32,0.0,0.0052631579,0.0140350877,0.0175438596,0.1842105263,0.2035087719,0.5228070175,0.050877193,0.001754386
2096,data/images/quantifier/test_2096.png,32,0.0,0.0052631579,0.0140350877,0.0175438596,0.1842105263,0.2035087719,0.5228070175,0.050877193,0.001754386
2097,data/images/quantifier/test_2097.png,32,0.0,0.0052631579,0.0140350877,0.0175438596,0.1842105263,0.2035087719,0.5228070175,0.050877193,0.001754386
2098,data/images/quantifier/test_2098.png,32,0.0,0.0052631579,0.0140350877,0.0175438596,0.1842105263,0.2035087719,0.5228070175,0.050877193,0.001754386
2099,data/images/quantifier/test_2099.png,32,0.0,0.0052631579,0.0140350877,0.0175438596,0.1842105263,0.2035087719,0.5228070175,0.050877193,0.001754386
2100,data/images/quantifier/test_2100.png,32,0.0,0.0052631579,0.0140350877,0.0175438596,0.1842105263,0.2035087719,0.5228070175,0.050877193,0.001754386
2101,data/images/quantifier/test_2101.png,32,0.0,0.0052631579,0.0140350877,0.0175438596,0.1842105263,0.2035087719,0.5228070175,0.050877193,0.001754386
2102,data/images/quantifier/test_2102.png,32,0.0,0.0052631579,0.0140350877,0.0175438596,0.1842105263,0.2035087719,0.5228070175,0.050877193,0.001754386
2103,data/images/quantifier/test_2103.png,32,0.0,0.0052631579,0.0140350877,0.0175438596,0.1842105263,0.2035087719,0.5228070175,0.050877193,0.001754386
2104,data/images/quantifier/test_2104.png,32,0.0,0.0052631579,0.0140350877,0.0175438596,0.1842105263,0.2035087719,0.5228070175,0.050877193,0.001754386
2105,data/images/quantifier/test_2105.png,32,0.0,0.0052631579,0.0140350877,0.0175438596,0.1842105263,0.2035087719,0.5228070175,0.050877193,0.001754386
2106,data/images/quantifier/test_2106.png,32,0.0,0.0052631579,0.0140350877,0.0175438596,0.1842105263,0.2035087719,0.5228070175,0.050877193,0.001754386
2107,data/images/quantifier/test_2107.png,32,0.0,0.0052631579,0.0140350877,0.0175438596,0.1842105263,0.2035087719,0.5228070175,0.050877193,0.001754386
2108,data/images/quantifier/test_2108.png,32,0.0,0.0052631579,0.0140350877,0.0175438596,0.1842105263,0.2035087719,0.5228070175,0.050877193,0.001754386
2109,data/images/quantifier/test_2109.png,32,0.0,0.0052631579,0.0140350877,0.0175438596,0.1842105263,0.2035087719,0.5228070175,0.050877193,0.001754386
2110,data/images/quantifier/test_2110.png,32,0.0,0.0052631579,0.0140350877,0.0175438596,0.1842105263,0.2035087719,0.5228070175,0.050877193,0.001754386
2111,data/images/quantifier/test_2111.png,32,0.0,0.0052631579,0.0140350877,0.0175438596,0.1842105263,0.2035087719,0.5228070175,0.050877193,0.001754386
2112,data/images/quantifier/test_2112.png,32,0.0,0.0052631579,0.0140350877,0.0175438596,0.1842105263,0.2035087719,0.5228070175,0.050877193,0.001754386
2113,data/images/quantifier/test_2113.png,32,0.0,0.0052631579,0.0140350877,0.0175438596,0.1842105263,0.2035087719,0.5228070175,0.050877193,0.001754386
2114,data/images/quantifier/test_2114.png,32,0.0,0.0052631579,0.0140350877,0.0175438596,0.1842105263,0.2035087719,0.5228070175,0.050877193,0.001754386
2115,data/images/quantifier/test_2115.png,32,0.0,0.0052631579,0.0140350877,0.0175438596,0.1842105263,0.2035087719,0.5228070175,0.050877193,0.001754386
2116,data/images/quantifier/test_2116.png,32,0.0,0.0052631579,0.0140350877,0.0175438596,0.1842105263,0.2035087719,0.5228070175,0.050877193,0.001754386
2117,data/images/quantifier/test_2117.png,32,0.0,0.0052631579,0.0140350877,0.0175438596,0.1842105263,0.2035087719,0.5228070175,0.050877193,0.001754386
2118,data/images/quantifier/test_2118.png,32,0.0,0.0052631579,0.0140350877,0.0175438596,0.1842105263,0.2035087719,0.5228070175,0.050877193,0.001754386
2119,data/images/quantifier/test_2119.png,32,0.0,0.0052631579,0.0140350877,0.0175438596,0.1842105263,0.2035087719,0.5228070175,0.050877193,0.001754386
2120,data/images/quantifier/test_2120.png,32,0.0,0.0052631579,0.0140350877,0.0175438596,0.1842105263,0.2035087719,0.5228070175,0.050877193,0.001754386
2121,data/images/quantifier/test_2121.png,32,0.0,0.0052631579,0.0140350877,0.0175438596,0.1842105263,0.2035087719,0.5228070175,0.050877193,0.001754386
2122,data/images/quantifier/test_2122.png,32,0.0,0.0052631579,0.0140350877,0.0175438596,0.1842105263,0.2035087719,0.5228070175,0.050877193,0.001754386
2123,data/images/quantifier/test_2123.png,32,0.0,0.0052631579,0.0140350877,0.0175438596,0.1842105263,0.2035087719,0.5228070175,0.050877193,0.001754386
2124,data/images/quantifier/test_2124.png,32,0.0,0.0052631579,0.0140350877,0.0175438596,0.1842105263,0.2035087719,0.5228070175,0.050877193,0.001754386
2125,data/images/quantifier/test_2125.png,32,0.0,0.0052631579,0.0140350877,0.0175438596,0.1842105263,0.2035087719,0.5228070175,0.050877193,0.001754386
2126,data/images/quantifier/test_2126.png,32,0.0,0.0052631579,0.0140350877,0.0175438596,0.1842105263,0.2035087719,0.5228070175,0.050877193,0.001754386
2127,data/images/quantifier/test_2127.png,32,0.0,0.0052631579,0.0140350877,0.0175438596,0.1842105263,0.2035087719,0.5228070175,0.050877193,0.001754386
2128,data/images/quantifier/test_2128.png,32,0.0,0.0052631579,0.0140350877,0.0175438596,0.1842105263,0.2035087719,0.5228070175,0.050877193,0.001754386
2129,data/images/quantifier/test_2129.png,32,0.0,0.0052631579,0.0140350877,0.0175438596,0.1842105263,0.2035087719,0.5228070175,0.050877193,0.001754386
2130,data/images/quantifier/test_2130.png,32,0.0,0.0052631579,0.0140350877,0.0175438596,0.1842105263,0.2035087719,0.5228070175,0.050877193,0.001754386
2131,data/images/quantifier/test_2131.png,32,0.0,0.0052631579,0.0140350877,0.0175438596,0.1842105263,0.2035087719,0.5228070175,0.050877193,0.001754386
2132,data/images/quantifier/test_2132.png,32,0.0,0.0052631579,0.0140350877,0.0175438596,0.1842105263,0.2035087719,0.5228070175,0.050877193,0.001754386
2133,data/images/quantifier/test_2133.png,32,0.0,0.0052631579,0.0140350877,0.0175438596,0.1842105263,0.2035087719,0.5228070175,0.050877193,0.001754386
2134,data/images/quantifier/test_2134.png,32,0.0,0.0052631579,0.0140350877,0.0175438596,0.1842105263,0.2035087719,0.5228070175,0.050877193,0.001754386
2135,data/images/quantifier/test_2135.png,32,0.0,0.0052631579,0.0140350877,0.0175438596,0.1842105263,0.2035087719,0.5228070175,0.050877193,0.001754386
2136,data/images/quantifier/test_2136.png,32,0.0,0.0052631579,0.0140350877,0.0175438596,0.1842105263,0.2035087719,0.5228070175,0.050877193,0.001754386
2137,data/images/quantifier/test_2137.png,32,0.0,0.0052631579,0.0140350877,0.0175438596,0.1842105263,0.2035087719,0.5228070175,0.050877193,0.001754386
2138,data/images/quantifier/test_2138.png,32,0.0,0.0052631579,0.0140350877,0.0175438596,0.1842105263,0.2035087719,0.5228070175,0.050877193,0.001754386
2139,data/images/quantifier/test_2139.png,32,0.0,0.0052631579,0.0140350877,0.0175438596,0.1842105263,0.2035087719,0.5228070175,0.050877193,0.001754386
2140,data/images/quantifier/test_2140.png,32,0.0,0.0052631579,0.0140350877,0.0175438596,0.1842105263,0.2035087719,0.5228070175,0.050877193,0.001754386
2141,data/images/quantifier/test_2141.png,32,0.0,0.0052631579,0.0140350877,0.0175438596,0.1842105263,0.2035087719,0.5228070175,0.050877193,0.001754386
2142,data/images/quantifier/test_2142.png,32,0.0,0.0052631579,0.0140350877,0.0175438596,0.1842105263,0.2035087719,0.5228070175,0.050877193,0.001754386
2143,data/images/quantifier/test_2143.png,32,0.0,0.0052631579,0.0140350877,0.0175438596,0.1842105263,0.2035087719,0.5228070175,0.050877193,0.001754386
2144,data/images/quantifier/test_2144.png,32,0.0,0.0052631579,0.0140350877,0.0175438596,0.1842105263,0.2035087719,0.5228070175,0.050877193,0.001754386
2145,data/images/quantifier/test_2145.png,32,0.0,0.0052631579,0.0140350877,0.0175438596,0.1842105263,0.2035087719,0.5228070175,0.050877193,0.001754386
2146,data/images/quantifier/test_2146.png,32,0.0,0.0052631579,0.0140350877,0.0175438596,0.1842105263,0.2035087719,0.5228070175,0.050877193,0.001754386
2147,data/images/quantifier/test_2147.png,32,0.0,0.0052631579,0.0140350877,0.0175438596,0.1842105263,0.2035087719,0.5228070175,0.050877193,0.001754386
2148,data/images/quantifier/test_2148.png,32,0.0,0.0052631579,0.0140350877,0.0175438596,0.1842105263,0.2035087719,0.5228070175,0.050877193,0.001754386
2149,data/images/quantifier/test_2149.png,32,0.0,0.0052631579,0.0140350877,0.0175438596,0.1842105263,0.2035087719,0.5228070175,0.050877193,0.001754386
2150,data/images/quantifier/test_2150.png,32,0.0,0.0052631579,0.0140350877,0.0175438596,0.1842105263,0.2035087719,0.5228070175,0.050877193,0.001754386
2151,data/images/quantifier/test_2151.png,32,0.0,0.0052631579,0.0140350877,0.0175438596,0.1842105263,0.2035087719,0.5228070175,0.050877193,0.001754386
2152,data/images/quantifier/test_2152.png,32,0.0,0.0052631579,0.0140350877,0.0175438596,0.1842105263,0.2035087719,0.5228070175,0.050877193,0.001754386
2153,data/images/quantifier/test_2153.png,32,0.0,0.0052631579,0.0140350877,0.0175438596,0.1842105263,0.2035087719,0.5228070175,0.050877193,0.001754386
2154,data/images/quantifier/test_2154.png,32,0.0,0.0052631579,0.0140350877,0.0175438596,0.1842105263,0.2035087719,0.5228070175,0.050877193,0.001754386
2155,data/images/quantifier/test_2155.png,32,0.0,0.0052631579,0.0140350877,0.0175438596,0.1842105263,0.2035087719,0.5228070175,0.050877193,0.001754386
2156,data/images/quantifier/test_2156.png,32,0.0,0.0052631579,0.0140350877,0.0175438596,0.1842105263,0.2035087719,0.5228070175,0.050877193,0.001754386
2157,data/images/quantifier/test_2157.png,32,0.0,0.0052631579,0.0140350877,0.0175438596,0.1842105263,0.2035087719,0.5228070175,0.050877193,0.001754386
2158,data/images/quantifier/test_2158.png,32,0.0,0.0052631579,0.0140350877,0.0175438596,0.1842105263,0.2035087719,0.5228070175,0.050877193,0.001754386
2159,data/images/quantifier/test_2159.png,32,0.0,0.0052631579,0.0140350877,0.0175438596,0.1842105263,0.2035087719,0.5228070175,0.050877193,0.001754386
2160,data/images/quantifier/test_2160.png,32,0.0,0.0052631579,0.0140350877,0.0175438596,0.1842105263,0.2035087719,0.5228070175,0.050877193,0.001754386
2161,data/images/quantifier/test_2161.png,32,0.0,0.0052631579,0.0140350877,0.0175438596,0.1842105263,0.2035087719,0.5228070175,0.050877193,0.001754386
2162,data/images/quantifier/test_2162.png,32,0.0,0.0052631579,0.0140350877,0.0175438596,0.1842105263,0.2035087719,0.5228070175,0.050877193,0.001754386
2163,data/images/quantifier/test_2163.png,32,0.0,0.0052631579,0.0140350877,0.0175438596,0.1842105263,0.2035087719,0.5228070175,0.050877193,0.001754386
2164,data/images/quantifier/test_2164.png,32,0.0,0.0052631579,0.0140350877,0.0175438596,0.1842105263,0.2035087719,0.5228070175,0.050877193,0.001754386
2165,data/images/quantifier/test_2165.png,32,0.0,0.0052631579,0.0140350877,0.0175438596,0.1842105263,0.2035087719,0.5228070175,0.050877193,0.001754386
2166,data/images/quantifier/test_2166.png,32,0.0,0.0052631579,0.0140350877,0.0175438596,0.1842105263,0.2035087719,0.5228070175,0.050877193,0.001754386
2167,data/images/quantifier/test_2167.png,32,0.0,0.0052631579,0.0140350877,0.0175438596,0.1842105263,0.2035087719,0.5228070175,0.050877193,0.001754386
2168,data/images/quantifier/test_2168.png,32,0.0,0.0052631579,0.0140350877,0.0175438596,0.1842105263,0.2035087719,0.5228070175,0.050877193,0.001754386
2169,data/images/quantifier/test_2169.png,32,0.0,0.0052631579,0.0140350877,0.0175438596,0.1842105263,0.2035087719,0.5228070175,0.050877193,0.001754386
2170,data/images/quantifier/test_2170.png,32,0.0,0.0052631579,0.0140350877,0.0175438596,0.1842105263,0.2035087719,0.5228070175,0.050877193,0.001754386
2171,data/images/quantifier/test_2171.png,32,0.0,0.0052631579,0.0140350877,0.0175438596,0.1842105263,0.2035087719,0.5228070175,0.050877193,0.001754386
2172,data/images/quantifier/test_2172.png,32,0.0,0.0052631579,0.0140350877,0.0175438596,0.1842105263,0.2035087719,0.5228070175,0.050877193,0.001754386
2173,data/images/quantifier/test_2173.png,32,0.0,0.0052631579,0.0140350877,0.0175438596,0.1842105263,0.2035087719,0.5228070175,0.050877193,0.001754386
2174,data/images/quantifier/test_2174.png,32,0.0,0.0052631579,0.0140350877,0.0175438596,0.1842105263,0.2035087719,0.5228070175,0.050877193,0.001754386
2175,data/images/quantifier/test_2175.png,32,0.0,0.0052631579,0.0140350877,0.0175438596,0.1842105263,0.2035087719,0.5228070175,0.050877193,0.001754386
2176,data/images/quantifier/test_2176.png,32,0.0,0.0052631579,0.0140350877,0.0175438596,0.1842105263,0.2035087719,0.5228070175,0.050877193,0.001754386
2177,data/images/quantifier/test_2177.png,32,0.0,0.0052631579,0.0140350877,0.0175438596,0.1842105263,0.2035087719,0.5228070175,0.050877193,0.001754386
2178,data/images/quantifier/test_2178.png,32,0.0,0.0052631579,0.0140350877,0.0175438596,0.1842105263,0.2035087719,0.5228070175,0.050877193,0.001754386
2179,data/images/quantifier/test_2179.png,32,0.0,0.0052631579,0.0140350877,0.0175438596,0.1842105263,0.2035087719,0.5228070175,0.050877193,0.001754386
2180,data/images/quantifier/test_2180.png,32,0.0,0.0052631579,0.0140350877,0.0175438596,0.1842105263,0.2035087719,0.5228070175,0.050877193,0.001754386
2181,data/images/quantifier/test_2181.png,32,0.0,0.0052631579,0.0140350877,0.0175438596,0.1842105263,0.2035087719,0.5228070175,0.050877193,0.001754386
2182,data/images/quantifier/test_2182.png,32,0.0,0.0052631579,0.0140350877,0.0175438596,0.1842105263,0.2035087719,0.5228070175,0.050877193,0.001754386
2183,data/images/quantifier/test_2183.png,32,0.0,0.0052631579,0.0140350877,0.0175438596,0.1842105263,0.2035087719,0.5228070175,0.050877193,0.001754386
2184,data/images/quantifier/test_2184.png,32,0.0,0.0052631579,0.0140350877,0.0175438596,0.1842105263,0.2035087719,0.5228070175,0.050877193,0.001754386
2185,data/images/quantifier/test_2185.png,32,0.0,0.0052631579,0.0140350877,0.0175438596,0.1842105263,0.2035087719,0.5228070175,0.050877193,0.001754386
2186,data/images/quantifier/test_2186.png,32,0.0,0.0052631579,0.0140350877,0.0175438596,0.1842105263,0.2035087719,0.5228070175,0.050877193,0.001754386
2187,data/images/quantifier/test_2187.png,32,0.0,0.0052631579,0.0140350877,0.0175438596,0.1842105263,0.2035087719,0.5228070175,0.050877193,0.001754386
2188,data/images/quantifier/test_2188.png,32,0.0,0.0052631579,0.0140350877,0.0175438596,0.1842105263,0.2035087719,0.5228070175,0.050877193,0.001754386
2189,data/images/quantifier/test_2189.png,32,0.0,0.0052631579,0.0140350877,0.0175438596,0.1842105263,0.2035087719,0.5228070175,0.050877193,0.001754386
2190,data/images/quantifier/test_2190.png,32,0.0,0.0052631579,0.0140350877,0.0175438596,0.1842105263,0.2035087719,0.5228070175,0.050877193,0.001754386
2191,data/images/quantifier/test_2191.png,32,0.0,0.0052631579,0.0140350877,0.0175438596,0.1842105263,0.2035087719,0.5228070175,0.050877193,0.001754386
2192,data/images/quantifier/test_2192.png,32,0.0,0.0052631579,0.0140350877,0.0175438596,0.1842105263,0.2035087719,0.5228070175,0.050877193,0.001754386
2193,data/images/quantifier/test_2193.png,32,0.0,0.0052631579,0.0140350877,0.0175438596,0.1842105263,0.2035087719,0.5228070175,0.050877193,0.001754386
2194,data/images/quantifier/test_2194.png,32,0.0,0.0052631579,0.0140350877,0.0175438596,0.1842105263,0.2035087719,0.5228070175,0.050877193,0.001754386
2195,data/images/quantifier/test_2195.png,32,0.0,0.0052631579,0.0140350877,0.0175438596,0.1842105263,0.2035087719,0.5228070175,0.050877193,0.001754386
2196,data/images/quantifier/test_2196.png,32,0.0,0.0052631579,0.0140350877,0.0175438596,0.1842105263,0.2035087719,0.5228070175,0.050877193,0.001754386
2197,data/images/quantifier/test_2197.png,32,0.0,0.0052631579,0.0140350877,0.0175438596,0.1842105263,0.2035087719,0.5228070175,0.050877193,0.001754386
2198,data/images/quantifier/test_2198.png,32,0.0,0.0052631579,0.0140350877,0.0175438596,0.1842105263,0.2035087719,0.5228070175,0.050877193,0.001754386
2199,data/images/quantifier/test_2199.png,32,0.0,0.0052631579,0.0140350877,0.0175438596,0.1842105263,0.2035087719,0.5228070175,0.050877193,0.001754386
2200,data/images/quantifier/test_2200.png,21,0.0051635112,0.0034423408,0.017211704,0.0223752151,0.0671256454,0.1686746988,0.5938037866,0.1204819277,0.0017211704
2201,data/images/quantifier/test_2201.png,21,0.0051635112,0.0034423408,0.017211704,0.0223752151,0.0671256454,0.1686746988,0.5938037866,0.1204819277,0.0017211704
2202,data/images/quantifier/test_2202.png,21,0.0051635112,0.0034423408,0.017211704,0.0223752151,0.0671256454,0.1686746988,0.5938037866,0.1204819277,0.0017211704
2203,data/images/quantifier/test_2203.png,21,0.0051635112,0.0034423408,0.017211704,0.0223752151,0.0671256454,0.1686746988,0.5938037866,0.1204819277,0.0017211704
2204,data/images/quantifier/test_2204.png,21,0.0051635112,0.0034423408,0.017211704,0.0223752151,0.0671256454,0.1686746988,0.5938037866,0.1204819277,0.0017211704
2205,data/images/quantifier/test_2205.png,21,0.0051635112,0.0034423408,0.017211704,0.0223752151,0.0671256454,0.1686746988,0.5938037866,0.1204819277,0.0017211704
2206,data/images/quantifier/test_2206.png,21,0.0051635112,0.0034423408,0.017211704,0.0223752151,0.0671256454,0.1686746988,0.5938037866,0.1204819277,0.0017211704
2207,data/images/quantifier/test_2207.png,21,0.0051635112,0.0034423408,0.017211704,0.0223752151,0.0671256454,0.1686746988,0.5938037866,0.1204819277,0.0017211704
2208,data/images/quantifier/test_2208.png,21,0.0051635112,0.0034423408,0.017211704,0.0223752151,0.0671256454,0.1686746988,0.5938037866,0.1204819277,0.0017211704
2209,data/images/quantifier/test_2209.png,21,0.0051635112,0.0034423408,0.017211704,0.0223752151,0.0671256454,0.1686746988,0.5938037866,0.1204819277,0.0017211704
2210,data/images/quantifier/test_2210.png,21,0.0051635112,0.0034423408,0.017211704,0.0223752151,0.0671256454,0.1686746988,0.5938037866,0.1204819277,0.0017211704
2211,data/images/quantifier/test_2211.png,21,0.0051635112,0.0034423408,0.017211704,0.0223752151,0.0671256454,0.1686746988,0.5938037866,0.1204819277,0.0017211704
2212,data/images/quantifier/test_2212.png,21,0.0051635112,0.0034423408,0.017211704,0.0223752151,0.0671256454,0.1686746988,0.5938037866,0.1204819277,0.0017211704
2213,data/images/quantifier/test_2213.png,21,0.0051635112,0.0034423408,0.017211704,0.0223752151,0.0671256454,0.1686746988,0.5938037866,0.1204819277,0.0017211704
2214,data/images/quantifier/test_2214.png,21,0.0051635112,0.0034423408,0.017211704,0.0223752151,0.0671256454,0.1686746988,0.5938037866,0.1204819277,0.0017211704
2215,data/images/quantifier/test_2215.png,21,0.0051635112,0.0034423408,0.017211704,0.0223752151,0.0671256454,0.1686746988,0.5938037866,0.1204819277,0.0017211704
2216,data/images/quantifier/test_2216.png,21,0.0051635112,0.0034423408,0.017211704,0.0223752151,0.0671256454,0.1686746988,0.5938037866,0.1204819277,0.0017211704
2217,data/images/quantifier/test_2217.png,21,0.0051635112,0.0034423408,0.017211704,0.0223752151,0.0671256454,0.1686746988,0.5938037866,0.1204819277,0.0017211704
2218,data/images/quantifier/test_2218.png,21,0.0051635112,0.0034423408,0.017211704,0.0223752151,0.0671256454,0.1686746988,0.5938037866,0.1204819277,0.0017211704
2219,data/images/quantifier/test_2219.png,21,0.0051635112,0.0034423408,0.017211704,0.0223752151,0.0671256454,0.1686746988,0.5938037866,0.1204819277,0.0017211704
2220,data/images/quantifier/test_2220.png,21,0.0051635112,0.0034423408,0.017211704,0.0223752151,0.0671256454,0.1686746988,0.5938037866,0.1204819277,0.0017211704
2221,data/images/quantifier/test_2221.png,21,0.0051635112,0.0034423408,0.017211704,0.0223752151,0.0671256454,0.1686746988,0.5938037866,0.1204819277,0.0017211704
2222,data/images/quantifier/test_2222.png,21,0.0051635112,0.0034423408,0.017211704,0.0223752151,0.0671256454,0.1686746988,0.5938037866,0.1204819277,0.0017211704
2223,data/images/quantifier/test_2223.png,21,0.0051635112,0.0034423408,0.017211704,0.0223752151,0.0671256454,0.1686746988,0.5938037866,0.1204819277,0.0017211704
2224,data/images/quantifier/test_2224.png,21,0.0051635112,0.0034423408,0.017211704,0.0223752151,0.0671256454,0.1686746988,0.5938037866,0.1204819277,0.0017211704
2225,data/images/quantifier/test_2225.png,21,0.0051635112,0.0034423408,0.017211704,0.0223752151,0.0671256454,0.1686746988,0.5938037866,0.1204819277,0.0017211704
2226,data/images/quantifier/test_2226.png,21,0.0051635112,0.0034423408,0.017211704,0.0223752151,0.0671256454,0.1686746988,0.5938037866,0.1204819277,0.0017211704
2227,data/images/quantifier/test_2227.png,21,0.0051635112,0.0034423408,0.017211704,0.0223752151,0.0671256454,0.1686746988,0.5938037866,0.1204819277,0.0017211704
2228,data/images/quantifier/test_2228.png,21,0.0051635112,0.0034423408,0.017211704,0.0223752151,0.0671256454,0.1686746988,0.5938037866,0.1204819277,0.0017211704
2229,data/images/quantifier/test_2229.png,21,0.0051635112,0.0034423408,0.017211704,0.0223752151,0.0671256454,0.1686746988,0.5938037866,0.1204819277,0.0017211704
2230,data/images/quantifier/test_2230.png,21,0.0051635112,0.0034423408,0.017211704,0.0223752151,0.0671256454,0.1686746988,0.5938037866,0.1204819277,0.0017211704
2231,data/images/quantifier/test_2231.png,21,0.0051635112,0.0034423408,0.017211704,0.0223752151,0.0671256454,0.1686746988,0.5938037866,0.1204819277,0.0017211704
2232,data/images/quantifier/test_2232.png,21,0.0051635112,0.0034423408,0.017211704,0.0223752151,0.0671256454,0.1686746988,0.5938037866,0.1204819277,0.0017211704
2233,data/images/quantifier/test_2233.png,21,0.0051635112,0.0034423408,0.017211704,0.0223752151,0.0671256454,0.1686746988,0.5938037866,0.1204819277,0.0017211704
2234,data/images/quantifier/test_2234.png,21,0.0051635112,0.0034423408,0.017211704,0.0223752151,0.0671256454,0.1686746988,0.5938037866,0.1204819277,0.0017211704
2235,data/images/quantifier/test_2235.png,21,0.0051635112,0.0034423408,0.017211704,0.0223752151,0.0671256454,0.1686746988,0.5938037866,0.1204819277,0.0017211704
2236,data/images/quantifier/test_2236.png,21,0.0051635112,0.0034423408,0.017211704,0.0223752151,0.0671256454,0.1686746988,0.5938037866,0.1204819277,0.0017211704
2237,data/images/quantifier/test_2237.png,21,0.0051635112,0.0034423408,0.017211704,0.0223752151,0.0671256454,0.1686746988,0.5938037866,0.1204819277,0.0017211704
2238,data/images/quantifier/test_2238.png,21,0.0051635112,0.0034423408,0.017211704,0.0223752151,0.0671256454,0.1686746988,0.5938037866,0.1204819277,0.0017211704
2239,data/images/quantifier/test_2239.png,21,0.0051635112,0.0034423408,0.017211704,0.0223752151,0.0671256454,0.1686746988,0.5938037866,0.1204819277,0.0017211704
2240,data/images/quantifier/test_2240.png,21,0.0051635112,0.0034423408,0.017211704,0.0223752151,0.0671256454,0.1686746988,0.5938037866,0.1204819277,0.0017211704
2241,data/images/quantifier/test_2241.png,21,0.0051635112,0.0034423408,0.017211704,0.0223752151,0.0671256454,0.1686746988,0.5938037866,0.1204819277,0.0017211704
2242,data/images/quantifier/test_2242.png,21,0.0051635112,0.0034423408,0.017211704,0.0223752151,0.0671256454,0.1686746988,0.5938037866,0.1204819277,0.0017211704
2243,data/images/quantifier/test_2243.png,21,0.0051635112,0.0034423408,0.017211704,0.0223752151,0.0671256454,0.1686746988,0.5938037866,0.1204819277,0.0017211704
2244,data/images/quantifier/test_2244.png,21,0.0051635112,0.0034423408,0.017211704,0.0223752151,0.0671256454,0.1686746988,0.5938037866,0.1204819277,0.0017211704
2245,data/images/quantifier/test_2245.png,21,0.0051635112,0.0034423408,0.017211704,0.0223752151,0.0671256454,0.1686746988,0.5938037866,0.1204819277,0.0017211704
2246,data/images/quantifier/test_2246.png,21,0.0051635112,0.0034423408,0.017211704,0.0223752151,0.0671256454,0.1686746988,0.5938037866,0.1204819277,0.0017211704
2247,data/images/quantifier/test_2247.png,21,0.0051635112,0.0034423408,0.017211704,0.0223752151,0.0671256454,0.1686746988,0.5938037866,0.1204819277,0.0017211704
2248,data/images/quantifier/test_2248.png,21,0.0051635112,0.0034423408,0.017211704,0.0223752151,0.0671256454,0.1686746988,0.5938037866,0.1204819277,0.0017211704
2249,data/images/quantifier/test_2249.png,21,0.0051635112,0.0034423408,0.017211704,0.0223752151,0.0671256454,0.1686746988,0.5938037866,0.1204819277,0.0017211704
2250,data/images/quantifier/test_2250.png,21,0.0051635112,0.0034423408,0.017211704,0.0223752151,0.0671256454,0.1686746988,0.5938037866,0.1204819277,0.0017211704
2251,data/images/quantifier/test_2251.png,21,0.0051635112,0.0034423408,0.017211704,0.0223752151,0.0671256454,0.1686746988,0.5938037866,0.1204819277,0.0017211704
2252,data/images/quantifier/test_2252.png,21,0.0051635112,0.0034423408,0.017211704,0.0223752151,0.0671256454,0.1686746988,0.5938037866,0.1204819277,0.0017211704
2253,data/images/quantifier/test_2253.png,21,0.0051635112,0.0034423408,0.017211704,0.0223752151,0.0671256454,0.1686746988,0.5938037866,0.1204819277,0.0017211704
2254,data/images/quantifier/test_2254.png,21,0.0051635112,0.0034423408,0.017211704,0.0223752151,0.0671256454,0.1686746988,0.5938037866,0.1204819277,0.0017211704
2255,data/images/quantifier/test_2255.png,21,0.0051635112,0.0034423408,0.017211704,0.0223752151,0.0671256454,0.1686746988,0.5938037866,0.1204819277,0.0017211704
2256,data/images/quantifier/test_2256.png,21,0.0051635112,0.0034423408,0.017211704,0.0223752151,0.0671256454,0.1686746988,0.5938037866,0.1204819277,0.0017211704
2257,data/images/quantifier/test_2257.png,21,0.0051635112,0.0034423408,0.017211704,0.0223752151,0.0671256454,0.1686746988,0.5938037866,0.1204819277,0.0017211704
2258,data/images/quantifier/test_2258.png,21,0.0051635112,0.0034423408,0.017211704,0.0223752151,0.0671256454,0.1686746988,0.5938037866,0.1204819277,0.0017211704
2259,data/images/quantifier/test_2259.png,21,0.0051635112,0.0034423408,0.017211704,0.0223752151,0.0671256454,0.1686746988,0.5938037866,0.1204819277,0.0017211704
2260,data/images/quantifier/test_2260.png,21,0.0051635112,0.0034423408,0.017211704,0.0223752151,0.0671256454,0.1686746988,0.5938037866,0.1204819277,0.0017211704
2261,data/images/quantifier/test_2261.png,21,0.0051635112,0.0034423408,0.017211704,0.0223752151,0.0671256454,0.1686746988,0.5938037866,0.1204819277,0.0017211704
2262,data/images/quantifier/test_2262.png,21,0.0051635112,0.0034423408,0.017211704,0.0223752151,0.0671256454,0.1686746988,0.5938037866,0.1204819277,0.0017211704
2263,data/images/quantifier/test_2263.png,21,0.0051635112,0.0034423408,0.017211704,0.0223752151,0.0671256454,0.1686746988,0.5938037866,0.1204819277,0.0017211704
2264,data/images/quantifier/test_2264.png,21,0.0051635112,0.0034423408,0.017211704,0.0223752151,0.0671256454,0.1686746988,0.5938037866,0.1204819277,0.0017211704
2265,data/images/quantifier/test_2265.png,21,0.0051635112,0.0034423408,0.017211704,0.0223752151,0.0671256454,0.1686746988,0.5938037866,0.1204819277,0.0017211704
2266,data/images/quantifier/test_2266.png,21,0.0051635112,0.0034423408,0.017211704,0.0223752151,0.0671256454,0.1686746988,0.5938037866,0.1204819277,0.0017211704
2267,data/images/quantifier/test_2267.png,21,0.0051635112,0.0034423408,0.017211704,0.0223752151,0.0671256454,0.1686746988,0.5938037866,0.1204819277,0.0017211704
2268,data/images/quantifier/test_2268.png,21,0.0051635112,0.0034423408,0.017211704,0.0223752151,0.0671256454,0.1686746988,0.5938037866,0.1204819277,0.0017211704
2269,data/images/quantifier/test_2269.png,21,0.0051635112,0.0034423408,0.017211704,0.0223752151,0.0671256454,0.1686746988,0.5938037866,0.1204819277,0.0017211704
2270,data/images/quantifier/test_2270.png,21,0.0051635112,0.0034423408,0.017211704,0.0223752151,0.0671256454,0.1686746988,0.5938037866,0.1204819277,0.0017211704
2271,data/images/quantifier/test_2271.png,21,0.0051635112,0.0034423408,0.017211704,0.0223752151,0.0671256454,0.1686746988,0.5938037866,0.1204819277,0.0017211704
2272,data/images/quantifier/test_2272.png,21,0.0051635112,0.0034423408,0.017211704,0.0223752151,0.0671256454,0.1686746988,0.5938037866,0.1204819277,0.0017211704
2273,data/images/quantifier/test_2273.png,21,0.0051635112,0.0034423408,0.017211704,0.0223752151,0.0671256454,0.1686746988,0.5938037866,0.1204819277,0.0017211704
2274,data/images/quantifier/test_2274.png,21,0.0051635112,0.0034423408,0.017211704,0.0223752151,0.0671256454,0.1686746988,0.5938037866,0.1204819277,0.0017211704
2275,data/images/quantifier/test_2275.png,21,0.0051635112,0.0034423408,0.017211704,0.0223752151,0.0671256454,0.1686746988,0.5938037866,0.1204819277,0.0017211704
2276,data/images/quantifier/test_2276.png,21,0.0051635112,0.0034423408,0.017211704,0.0223752151,0.0671256454,0.1686746988,0.5938037866,0.1204819277,0.0017211704
2277,data/images/quantifier/test_2277.png,21,0.0051635112,0.0034423408,0.017211704,0.0223752151,0.0671256454,0.1686746988,0.5938037866,0.1204819277,0.0017211704
2278,data/images/quantifier/test_2278.png,21,0.0051635112,0.0034423408,0.017211704,0.0223752151,0.0671256454,0.1686746988,0.5938037866,0.1204819277,0.0017211704
2279,data/images/quantifier/test_2279.png,21,0.0051635112,0.0034423408,0.017211704,0.0223752151,0.0671256454,0.1686746988,0.5938037866,0.1204819277,0.0017211704
2280,data/images/quantifier/test_2280.png,21,0.0051635112,0.0034423408,0.017211704,0.0223752151,0.0671256454,0.1686746988,0.5938037866,0.1204819277,0.0017211704
2281,data/images/quantifier/test_2281.png,21,0.0051635112,0.0034423408,0.017211704,0.0223752151,0.0671256454,0.1686746988,0.5938037866,0.1204819277,0.0017211704
2282,data/images/quantifier/test_2282.png,21,0.0051635112,0.0034423408,0.017211704,0.0223752151,0.0671256454,0.1686746988,0.5938037866,0.1204819277,0.0017211704
2283,data/images/quantifier/test_2283.png,21,0.0051635112,0.0034423408,0.017211704,0.0223752151,0.0671256454,0.1686746988,0.5938037866,0.1204819277,0.0017211704
2284,data/images/quantifier/test_2284.png,21,0.0051635112,0.0034423408,0.017211704,0.0223752151,0.0671256454,0.1686746988,0.5938037866,0.1204819277,0.0017211704
2285,data/images/quantifier/test_2285.png,21,0.0051635112,0.0034423408,0.017211704,0.0223752151,0.0671256454,0.1686746988,0.5938037866,0.1204819277,0.0017211704
2286,data/images/quantifier/test_2286.png,21,0.0051635112,0.0034423408,0.017211704,0.0223752151,0.0671256454,0.1686746988,0.5938037866,0.1204819277,0.0017211704
2287,data/images/quantifier/test_2287.png,21,0.0051635112,0.0034423408,0.017211704,0.0223752151,0.0671256454,0.1686746988,0.5938037866,0.1204819277,0.0017211704
2288,data/images/quantifier/test_2288.png,21,0.0051635112,0.0034423408,0.017211704,0.0223752151,0.0671256454,0.1686746988,0.5938037866,0.1204819277,0.0017211704
2289,data/images/quantifier/test_2289.png,21,0.0051635112,0.0034423408,0.017211704,0.0223752151,0.0671256454,0.1686746988,0.5938037866,0.1204819277,0.0017211704
2290,data/images/quantifier/test_2290.png,21,0.0051635112,0.0034423408,0.017211704,0.0223752151,0.0671256454,0.1686746988,0.5938037866,0.1204819277,0.0017211704
2291,data/images/quantifier/test_2291.png,21,0.0051635112,0.0034423408,0.017211704,0.0223752151,0.0671256454,0.1686746988,0.5938037866,0.1204819277,0.0017211704
2292,data/images/quantifier/test_2292.png,21,0.0051635112,0.0034423408,0.017211704,0.0223752151,0.0671256454,0.1686746988,0.5938037866,0.1204819277,0.0017211704
2293,data/images/quantifier/test_2293.png,21,0.0051635112,0.0034423408,0.017211704,0.0223752151,0.0671256454,0.1686746988,0.5938037866,0.1204819277,0.0017211704
2294,data/images/quantifier/test_2294.png,21,0.0051635112,0.0034423408,0.017211704,0.0223752151,0.0671256454,0.1686746988,0.5938037866,0.1204819277,0.0017211704
2295,data/images/quantifier/test_2295.png,21,0.0051635112,0.0034423408,0.017211704,0.0223752151,0.0671256454,0.1686746988,0.5938037866,0.1204819277,0.0017211704
2296,data/images/quantifier/test_2296.png,21,0.0051635112,0.0034423408,0.017211704,0.0223752151,0.0671256454,0.1686746988,0.5938037866,0.1204819277,0.0017211704
2297,data/images/quantifier/test_2297.png,21,0.0051635112,0.0034423408,0.017211704,0.0223752151,0.0671256454,0.1686746988,0.5938037866,0.1204819277,0.0017211704
2298,data/images/quantifier/test_2298.png,21,0.0051635112,0.0034423408,0.017211704,0.0223752151,0.0671256454,0.1686746988,0.5938037866,0.1204819277,0.0017211704
2299,data/images/quantifier/test_2299.png,21,0.0051635112,0.0034423408,0.017211704,0.0223752151,0.0671256454,0.1686746988,0.5938037866,0.1204819277,0.0017211704
2300,data/images/quantifier/test_2300.png,21,0.0051635112,0.0034423408,0.017211704,0.0223752151,0.0671256454,0.1686746988,0.5938037866,0.1204819277,0.0017211704
2301,data/images/quantifier/test_2301.png,21,0.0051635112,0.0034423408,0.017211704,0.0223752151,0.0671256454,0.1686746988,0.5938037866,0.1204819277,0.0017211704
2302,data/images/quantifier/test_2302.png,21,0.0051635112,0.0034423408,0.017211704,0.0223752151,0.0671256454,0.1686746988,0.5938037866,0.1204819277,0.0017211704
2303,data/images/quantifier/test_2303.png,21,0.0051635112,0.0034423408,0.017211704,0.0223752151,0.0671256454,0.1686746988,0.5938037866,0.1204819277,0.0017211704
2304,data/images/quantifier/test_2304.png,21,0.0051635112,0.0034423408,0.017211704,0.0223752151,0.0671256454,0.1686746988,0.5938037866,0.1204819277,0.0017211704
2305,data/images/quantifier/test_2305.png,21,0.0051635112,0.0034423408,0.017211704,0.0223752151,0.0671256454,0.1686746988,0.5938037866,0.1204819277,0.0017211704
2306,data/images/quantifier/test_2306.png,21,0.0051635112,0.0034423408,0.017211704,0.0223752151,0.0671256454,0.1686746988,0.5938037866,0.1204819277,0.0017211704
2307,data/images/quantifier/test_2307.png,21,0.0051635112,0.0034423408,0.017211704,0.0223752151,0.0671256454,0.1686746988,0.5938037866,0.1204819277,0.0017211704
2308,data/images/quantifier/test_2308.png,21,0.0051635112,0.0034423408,0.017211704,0.0223752151,0.0671256454,0.1686746988,0.5938037866,0.1204819277,0.0017211704
2309,data/images/quantifier/test_2309.png,21,0.0051635112,0.0034423408,0.017211704,0.0223752151,0.0671256454,0.1686746988,0.5938037866,0.1204819277,0.0017211704
2310,data/images/quantifier/test_2310.png,21,0.0051635112,0.0034423408,0.017211704,0.0223752151,0.0671256454,0.1686746988,0.5938037866,0.1204819277,0.0017211704
2311,data/images/quantifier/test_2311.png,21,0.0051635112,0.0034423408,0.017211704,0.0223752151,0.0671256454,0.1686746988,0.5938037866,0.1204819277,0.0017211704
2312,data/images/quantifier/test_2312.png,21,0.0051635112,0.0034423408,0.017211704,0.0223752151,0.0671256454,0.1686746988,0.5938037866,0.1204819277,0.0017211704
2313,data/images/quantifier/test_2313.png,21,0.0051635112,0.0034423408,0.017211704,0.0223752151,0.0671256454,0.1686746988,0.5938037866,0.1204819277,0.0017211704
2314,data/images/quantifier/test_2314.png,21,0.0051635112,0.0034423408,0.017211704,0.0223752151,0.0671256454,0.1686746988,0.5938037866,0.1204819277,0.0017211704
2315,data/images/quantifier/test_2315.png,21,0.0051635112,0.0034423408,0.017211704,0.0223752151,0.0671256454,0.1686746988,0.5938037866,0.1204819277,0.0017211704
2316,data/images/quantifier/test_2316.png,21,0.0051635112,0.0034423408,0.017211704,0.0223752151,0.0671256454,0.1686746988,0.5938037866,0.1204819277,0.0017211704
2317,data/images/quantifier/test_2317.png,21,0.0051635112,0.0034423408,0.017211704,0.0223752151,0.0671256454,0.1686746988,0.5938037866,0.1204819277,0.0017211704
2318,data/images/quantifier/test_2318.png,21,0.0051635112,0.0034423408,0.017211704,0.0223752151,0.0671256454,0.1686746988,0.5938037866,0.1204819277,0.0017211704
2319,data/images/quantifier/test_2319.png,21,0.0051635112,0.0034423408,0.017211704,0.0223752151,0.0671256454,0.1686746988,0.5938037866,0.1204819277,0.0017211704
2320,data/images/quantifier/test_2320.png,21,0.0051635112,0.0034423408,0.017211704,0.0223752151,0.0671256454,0.1686746988,0.5938037866,0.1204819277,0.0017211704
2321,data/images/quantifier/test_2321.png,21,0.0051635112,0.0034423408,0.017211704,0.0223752151,0.0671256454,0.1686746988,0.5938037866,0.1204819277,0.0017211704
2322,data/images/quantifier/test_2322.png,21,0.0051635112,0.0034423408,0.017211704,0.0223752151,0.0671256454,0.1686746988,0.5938037866,0.1204819277,0.0017211704
2323,data/images/quantifier/test_2323.png,21,0.0051635112,0.0034423408,0.017211704,0.0223752151,0.0671256454,0.1686746988,0.5938037866,0.1204819277,0.0017211704
2324,data/images/quantifier/test_2324.png,21,0.0051635112,0.0034423408,0.017211704,0.0223752151,0.0671256454,0.1686746988,0.5938037866,0.1204819277,0.0017211704
2325,data/images/quantifier/test_2325.png,21,0.0051635112,0.0034423408,0.017211704,0.0223752151,0.0671256454,0.1686746988,0.5938037866,0.1204819277,0.0017211704
2326,data/images/quantifier/test_2326.png,21,0.0051635112,0.0034423408,0.017211704,0.0223752151,0.0671256454,0.1686746988,0.5938037866,0.1204819277,0.0017211704
2327,data/images/quantifier/test_2327.png,21,0.0051635112,0.0034423408,0.017211704,0.0223752151,0.0671256454,0.1686746988,0.5938037866,0.1204819277,0.0017211704
2328,data/images/quantifier/test_2328.png,21,0.0051635112,0.0034423408,0.017211704,0.0223752151,0.0671256454,0.1686746988,0.5938037866,0.1204819277,0.0017211704
2329,data/images/quantifier/test_2329.png,21,0.0051635112,0.0034423408,0.017211704,0.0223752151,0.0671256454,0.1686746988,0.5938037866,0.1204819277,0.0017211704
2330,data/images/quantifier/test_2330.png,21,0.0051635112,0.0034423408,0.017211704,0.0223752151,0.0671256454,0.1686746988,0.5938037866,0.1204819277,0.0017211704
2331,data/images/quantifier/test_2331.png,21,0.0051635112,0.0034423408,0.017211704,0.0223752151,0.0671256454,0.1686746988,0.5938037866,0.1204819277,0.0017211704
2332,data/images/quantifier/test_2332.png,21,0.0051635112,0.0034423408,0.017211704,0.0223752151,0.0671256454,0.1686746988,0.5938037866,0.1204819277,0.0017211704
2333,data/images/quantifier/test_2333.png,21,0.0051635112,0.0034423408,0.017211704,0.0223752151,0.0671256454,0.1686746988,0.5938037866,0.1204819277,0.0017211704
2334,data/images/quantifier/test_2334.png,21,0.0051635112,0.0034423408,0.017211704,0.0223752151,0.0671256454,0.1686746988,0.5938037866,0.1204819277,0.0017211704
2335,data/images/quantifier/test_2335.png,21,0.0051635112,0.0034423408,0.017211704,0.0223752151,0.0671256454,0.1686746988,0.5938037866,0.1204819277,0.0017211704
2336,data/images/quantifier/test_2336.png,21,0.0051635112,0.0034423408,0.017211704,0.0223752151,0.0671256454,0.1686746988,0.5938037866,0.1204819277,0.0017211704
2337,data/images/quantifier/test_2337.png,21,0.0051635112,0.0034423408,0.017211704,0.0223752151,0.0671256454,0.1686746988,0.5938037866,0.1204819277,0.0017211704
2338,data/images/quantifier/test_2338.png,21,0.0051635112,0.0034423408,0.017211704,0.0223752151,0.0671256454,0.1686746988,0.5938037866,0.1204819277,0.0017211704
2339,data/images/quantifier/test_2339.png,21,0.0051635112,0.0034423408,0.017211704,0.0223752151,0.0671256454,0.1686746988,0.5938037866,0.1204819277,0.0017211704
2340,data/images/quantifier/test_2340.png,21,0.0051635112,0.0034423408,0.017211704,0.0223752151,0.0671256454,0.1686746988,0.5938037866,0.1204819277,0.0017211704
2341,data/images/quantifier/test_2341.png,21,0.0051635112,0.0034423408,0.017211704,0.0223752151,0.0671256454,0.1686746988,0.5938037866,0.1204819277,0.0017211704
2342,data/images/quantifier/test_2342.png,21,0.0051635112,0.0034423408,0.017211704,0.0223752151,0.0671256454,0.1686746988,0.5938037866,0.1204819277,0.0017211704
2343,data/images/quantifier/test_2343.png,21,0.0051635112,0.0034423408,0.017211704,0.0223752151,0.0671256454,0.1686746988,0.5938037866,0.1204819277,0.0017211704
2344,data/images/quantifier/test_2344.png,21,0.0051635112,0.0034423408,0.017211704,0.0223752151,0.0671256454,0.1686746988,0.5938037866,0.1204819277,0.0017211704
2345,data/images/quantifier/test_2345.png,21,0.0051635112,0.0034423408,0.017211704,0.0223752151,0.0671256454,0.1686746988,0.5938037866,0.1204819277,0.0017211704
2346,data/images/quantifier/test_2346.png,21,0.0051635112,0.0034423408,0.017211704,0.0223752151,0.0671256454,0.1686746988,0.5938037866,0.1204819277,0.0017211704
2347,data/images/quantifier/test_2347.png,21,0.0051635112,0.0034423408,0.017211704,0.0223752151,0.0671256454,0.1686746988,0.5938037866,0.1204819277,0.0017211704
2348,data/images/quantifier/test_2348.png,21,0.0051635112,0.0034423408,0.017211704,0.0223752151,0.0671256454,0.1686746988,0.5938037866,0.1204819277,0.0017211704
2349,data/images/quantifier/test_2349.png,21,0.0051635112,0.0034423408,0.017211704,0.0223752151,0.0671256454,0.1686746988,0.5938037866,0.1204819277,0.0017211704
2350,data/images/quantifier/test_2350.png,21,0.0051635112,0.0034423408,0.017211704,0.0223752151,0.0671256454,0.1686746988,0.5938037866,0.1204819277,0.0017211704
2351,data/images/quantifier/test_2351.png,21,0.0051635112,0.0034423408,0.017211704,0.0223752151,0.0671256454,0.1686746988,0.5938037866,0.1204819277,0.0017211704
2352,data/images/quantifier/test_2352.png,21,0.0051635112,0.0034423408,0.017211704,0.0223752151,0.0671256454,0.1686746988,0.5938037866,0.1204819277,0.0017211704
2353,data/images/quantifier/test_2353.png,21,0.0051635112,0.0034423408,0.017211704,0.0223752151,0.0671256454,0.1686746988,0.5938037866,0.1204819277,0.0017211704
2354,data/images/quantifier/test_2354.png,21,0.0051635112,0.0034423408,0.017211704,0.0223752151,0.0671256454,0.1686746988,0.5938037866,0.1204819277,0.0017211704
2355,data/images/quantifier/test_2355.png,21,0.0051635112,0.0034423408,0.017211704,0.0223752151,0.0671256454,0.1686746988,0.5938037866,0.1204819277,0.0017211704
2356,data/images/quantifier/test_2356.png,21,0.0051635112,0.0034423408,0.017211704,0.0223752151,0.0671256454,0.1686746988,0.5938037866,0.1204819277,0.0017211704
2357,data/images/quantifier/test_2357.png,21,0.0051635112,0.0034423408,0.017211704,0.0223752151,0.0671256454,0.1686746988,0.5938037866,0.1204819277,0.0017211704
2358,data/images/quantifier/test_2358.png,21,0.0051635112,0.0034423408,0.017211704,0.0223752151,0.0671256454,0.1686746988,0.5938037866,0.1204819277,0.0017211704
2359,data/images/quantifier/test_2359.png,21,0.0051635112,0.0034423408,0.017211704,0.0223752151,0.0671256454,0.1686746988,0.5938037866,0.1204819277,0.0017211704
2360,data/images/quantifier/test_2360.png,21,0.0051635112,0.0034423408,0.017211704,0.0223752151,0.0671256454,0.1686746988,0.5938037866,0.1204819277,0.0017211704
2361,data/images/quantifier/test_2361.png,21,0.0051635112,0.0034423408,0.017211704,0.0223752151,0.0671256454,0.1686746988,0.5938037866,0.1204819277,0.0017211704
2362,data/images/quantifier/test_2362.png,21,0.0051635112,0.0034423408,0.017211704,0.0223752151,0.0671256454,0.1686746988,0.5938037866,0.1204819277,0.0017211704
2363,data/images/quantifier/test_2363.png,21,0.0051635112,0.0034423408,0.017211704,0.0223752151,0.0671256454,0.1686746988,0.5938037866,0.1204819277,0.0017211704
2364,data/images/quantifier/test_2364.png,21,0.0051635112,0.0034423408,0.017211704,0.0223752151,0.0671256454,0.1686746988,0.5938037866,0.1204819277,0.0017211704
2365,data/images/quantifier/test_2365.png,21,0.0051635112,0.0034423408,0.017211704,0.0223752151,0.0671256454,0.1686746988,0.5938037866,0.1204819277,0.0017211704
2366,data/images/quantifier/test_2366.png,21,0.0051635112,0.0034423408,0.017211704,0.0223752151,0.0671256454,0.1686746988,0.5938037866,0.1204819277,0.0017211704
2367,data/images/quantifier/test_2367.png,21,0.0051635112,0.0034423408,0.017211704,0.0223752151,0.0671256454,0.1686746988,0.5938037866,0.1204819277,0.0017211704
2368,data/images/quantifier/test_2368.png,21,0.0051635112,0.0034423408,0.017211704,0.0223752151,0.0671256454,0.1686746988,0.5938037866,0.1204819277,0.0017211704
2369,data/images/quantifier/test_2369.png,21,0.0051635112,0.0034423408,0.017211704,0.0223752151,0.0671256454,0.1686746988,0.5938037866,0.1204819277,0.0017211704
2370,data/images/quantifier/test_2370.png,21,0.0051635112,0.0034423408,0.017211704,0.0223752151,0.0671256454,0.1686746988,0.5938037866,0.1204819277,0.0017211704
2371,data/images/quantifier/test_2371.png,21,0.0051635112,0.0034423408,0.017211704,0.0223752151,0.0671256454,0.1686746988,0.5938037866,0.1204819277,0.0017211704
2372,data/images/quantifier/test_2372.png,21,0.0051635112,0.0034423408,0.017211704,0.0223752151,0.0671256454,0.1686746988,0.5938037866,0.1204819277,0.0017211704
2373,data/images/quantifier/test_2373.png,21,0.0051635112,0.0034423408,0.017211704,0.0223752151,0.0671256454,0.1686746988,0.5938037866,0.1204819277,0.0017211704
2374,data/images/quantifier/test_2374.png,21,0.0051635112,0.0034423408,0.017211704,0.0223752151,0.0671256454,0.1686746988,0.5938037866,0.1204819277,0.0017211704
2375,data/images/quantifier/test_2375.png,21,0.0051635112,0.0034423408,0.017211704,0.0223752151,0.0671256454,0.1686746988,0.5938037866,0.1204819277,0.0017211704
2376,data/images/quantifier/test_2376.png,21,0.0051635112,0.0034423408,0.017211704,0.0223752151,0.0671256454,0.1686746988,0.5938037866,0.1204819277,0.0017211704
2377,data/images/quantifier/test_2377.png,21,0.0051635112,0.0034423408,0.017211704,0.0223752151,0.0671256454,0.1686746988,0.5938037866,0.1204819277,0.0017211704
2378,data/images/quantifier/test_2378.png,21,0.0051635112,0.0034423408,0.017211704,0.0223752151,0.0671256454,0.1686746988,0.5938037866,0.1204819277,0.0017211704
2379,data/images/quantifier/test_2379.png,21,0.0051635112,0.0034423408,0.017211704,0.0223752151,0.0671256454,0.1686746988,0.5938037866,0.1204819277,0.0017211704
2380,data/images/quantifier/test_2380.png,21,0.0051635112,0.0034423408,0.017211704,0.0223752151,0.0671256454,0.1686746988,0.5938037866,0.1204819277,0.0017211704
2381,data/images/quantifier/test_2381.png,21,0.0051635112,0.0034423408,0.017211704,0.0223752151,0.0671256454,0.1686746988,0.5938037866,0.1204819277,0.0017211704
2382,data/images/quantifier/test_2382.png,21,0.0051635112,0.0034423408,0.017211704,0.0223752151,0.0671256454,0.1686746988,0.5938037866,0.1204819277,0.0017211704
2383,data/images/quantifier/test_2383.png,21,0.0051635112,0.0034423408,0.017211704,0.0223752151,0.0671256454,0.1686746988,0.5938037866,0.1204819277,0.0017211704
2384,data/images/quantifier/test_2384.png,21,0.0051635112,0.0034423408,0.017211704,0.0223752151,0.0671256454,0.1686746988,0.5938037866,0.1204819277,0.0017211704
2385,data/images/quantifier/test_2385.png,21,0.0051635112,0.0034423408,0.017211704,0.0223752151,0.0671256454,0.1686746988,0.5938037866,0.1204819277,0.0017211704
2386,data/images/quantifier/test_2386.png,21,0.0051635112,0.0034423408,0.017211704,0.0223752151,0.0671256454,0.1686746988,0.5938037866,0.1204819277,0.0017211704
2387,data/images/quantifier/test_2387.png,21,0.0051635112,0.0034423408,0.017211704,0.0223752151,0.0671256454,0.1686746988,0.5938037866,0.1204819277,0.0017211704
2388,data/images/quantifier/test_2388.png,21,0.0051635112,0.0034423408,0.017211704,0.0223752151,0.0671256454,0.1686746988,0.5938037866,0.1204819277,0.0017211704
2389,data/images/quantifier/test_2389.png,21,0.0051635112,0.0034423408,0.017211704,0.0223752151,0.0671256454,0.1686746988,0.5938037866,0.1204819277,0.0017211704
2390,data/images/quantifier/test_2390.png,21,0.0051635112,0.0034423408,0.017211704,0.0223752151,0.0671256454,0.1686746988,0.5938037866,0.1204819277,0.0017211704
2391,data/images/quantifier/test_2391.png,21,0.0051635112,0.0034423408,0.017211704,0.0223752151,0.0671256454,0.1686746988,0.5938037866,0.1204819277,0.0017211704
2392,data/images/quantifier/test_2392.png,21,0.0051635112,0.0034423408,0.017211704,0.0223752151,0.0671256454,0.1686746988,0.5938037866,0.1204819277,0.0017211704
2393,data/images/quantifier/test_2393.png,21,0.0051635112,0.0034423408,0.017211704,0.0223752151,0.0671256454,0.1686746988,0.5938037866,0.1204819277,0.0017211704
2394,data/images/quantifier/test_2394.png,21,0.0051635112,0.0034423408,0.017211704,0.0223752151,0.0671256454,0.1686746988,0.5938037866,0.1204819277,0.0017211704
2395,data/images/quantifier/test_2395.png,21,0.0051635112,0.0034423408,0.017211704,0.0223752151,0.0671256454,0.1686746988,0.5938037866,0.1204819277,0.0017211704
2396,data/images/quantifier/test_2396.png,21,0.0051635112,0.0034423408,0.017211704,0.0223752151,0.0671256454,0.1686746988,0.5938037866,0.1204819277,0.0017211704
2397,data/images/quantifier/test_2397.png,21,0.0051635112,0.0034423408,0.017211704,0.0223752151,0.0671256454,0.1686746988,0.5938037866,0.1204819277,0.0017211704
2398,data/images/quantifier/test_2398.png,21,0.0051635112,0.0034423408,0.017211704,0.0223752151,0.0671256454,0.1686746988,0.5938037866,0.1204819277,0.0017211704
2399,data/images/quantifier/test_2399.png,21,0.0051635112,0.0034423408,0.017211704,0.0223752151,0.0671256454,0.1686746988,0.5938037866,0.1204819277,0.0017211704
2400,data/images/quantifier/test_2400.png,31,0.0033840948,0.0,0.0203045685,0.0084602369,0.0101522843,0.1539763113,0.5397631134,0.2622673435,0.0016920474
2401,data/images/quantifier/test_2401.png,31,0.0033840948,0.0,0.0203045685,0.0084602369,0.0101522843,0.1539763113,0.5397631134,0.2622673435,0.0016920474
2402,data/images/quantifier/test_2402.png,31,0.0033840948,0.0,0.0203045685,0.0084602369,0.0101522843,0.1539763113,0.5397631134,0.2622673435,0.0016920474
2403,data/images/quantifier/test_2403.png,31,0.0033840948,0.0,0.0203045685,0.0084602369,0.0101522843,0.1539763113,0.5397631134,0.2622673435,0.0016920474
2404,data/images/quantifier/test_2404.png,31,0.0033840948,0.0,0.0203045685,0.0084602369,0.0101522843,0.1539763113,0.5397631134,0.2622673435,0.0016920474
2405,data/images/quantifier/test_2405.png,31,0.0033840948,0.0,0.0203045685,0.0084602369,0.0101522843,0.1539763113,0.5397631134,0.2622673435,0.0016920474
2406,data/images/quantifier/test_2406.png,31,0.0033840948,0.0,0.0203045685,0.0084602369,0.0101522843,0.1539763113,0.5397631134,0.2622673435,0.0016920474
2407,data/images/quantifier/test_2407.png,31,0.0033840948,0.0,0.0203045685,0.0084602369,0.0101522843,0.1539763113,0.5397631134,0.2622673435,0.0016920474
2408,data/images/quantifier/test_2408.png,31,0.0033840948,0.0,0.0203045685,0.0084602369,0.0101522843,0.1539763113,0.5397631134,0.2622673435,0.0016920474
2409,data/images/quantifier/test_2409.png,31,0.0033840948,0.0,0.0203045685,0.0084602369,0.0101522843,0.1539763113,0.5397631134,0.2622673435,0.0016920474
2410,data/images/quantifier/test_2410.png,31,0.0033840948,0.0,0.0203045685,0.0084602369,0.0101522843,0.1539763113,0.5397631134,0.2622673435,0.0016920474
2411,data/images/quantifier/test_2411.png,31,0.0033840948,0.0,0.0203045685,0.0084602369,0.0101522843,0.1539763113,0.5397631134,0.2622673435,0.0016920474
2412,data/images/quantifier/test_2412.png,31,0.0033840948,0.0,0.0203045685,0.0084602369,0.0101522843,0.1539763113,0.5397631134,0.2622673435,0.0016920474
2413,data/images/quantifier/test_2413.png,31,0.0033840948,0.0,0.0203045685,0.0084602369,0.0101522843,0.1539763113,0.5397631134,0.2622673435,0.0016920474
2414,data/images/quantifier/test_2414.png,31,0.0033840948,0.0,0.0203045685,0.0084602369,0.0101522843,0.1539763113,0.5397631134,0.2622673435,0.0016920474
2415,data/images/quantifier/test_2415.png,31,0.0033840948,0.0,0.0203045685,0.0084602369,0.0101522843,0.1539763113,0.5397631134,0.2622673435,0.0016920474
2416,data/images/quantifier/test_2416.png,31,0.0033840948,0.0,0.0203045685,0.0084602369,0.0101522843,0.1539763113,0.5397631134,0.2622673435,0.0016920474
2417,data/images/quantifier/test_2417.png,31,0.0033840948,0.0,0.0203045685,0.0084602369,0.0101522843,0.1539763113,0.5397631134,0.2622673435,0.0016920474
2418,data/images/quantifier/test_2418.png,31,0.0033840948,0.0,0.0203045685,0.0084602369,0.0101522843,0.1539763113,0.5397631134,0.2622673435,0.0016920474
2419,data/images/quantifier/test_2419.png,31,0.0033840948,0.0,0.0203045685,0.0084602369,0.0101522843,0.1539763113,0.5397631134,0.2622673435,0.0016920474
2420,data/images/quantifier/test_2420.png,31,0.0033840948,0.0,0.0203045685,0.0084602369,0.0101522843,0.1539763113,0.5397631134,0.2622673435,0.0016920474
2421,data/images/quantifier/test_2421.png,31,0.0033840948,0.0,0.0203045685,0.0084602369,0.0101522843,0.1539763113,0.5397631134,0.2622673435,0.0016920474
2422,data/images/quantifier/test_2422.png,31,0.0033840948,0.0,0.0203045685,0.0084602369,0.0101522843,0.1539763113,0.5397631134,0.2622673435,0.0016920474
2423,data/images/quantifier/test_2423.png,31,0.0033840948,0.0,0.0203045685,0.0084602369,0.0101522843,0.1539763113,0.5397631134,0.2622673435,0.0016920474
2424,data/images/quantifier/test_2424.png,31,0.0033840948,0.0,0.0203045685,0.0084602369,0.0101522843,0.1539763113,0.5397631134,0.2622673435,0.0016920474
2425,data/images/quantifier/test_2425.png,31,0.0033840948,0.0,0.0203045685,0.0084602369,0.0101522843,0.1539763113,0.5397631134,0.2622673435,0.0016920474
2426,data/images/quantifier/test_2426.png,31,0.0033840948,0.0,0.0203045685,0.0084602369,0.0101522843,0.1539763113,0.5397631134,0.2622673435,0.0016920474
2427,data/images/quantifier/test_2427.png,31,0.0033840948,0.0,0.0203045685,0.0084602369,0.0101522843,0.1539763113,0.5397631134,0.2622673435,0.0016920474
2428,data/images/quantifier/test_2428.png,31,0.0033840948,0.0,0.0203045685,0.0084602369,0.0101522843,0.1539763113,0.5397631134,0.2622673435,0.0016920474
2429,data/images/quantifier/test_2429.png,31,0.0033840948,0.0,0.0203045685,0.0084602369,0.0101522843,0.1539763113,0.5397631134,0.2622673435,0.0016920474
2430,data/images/quantifier/test_2430.png,31,0.0033840948,0.0,0.0203045685,0.0084602369,0.0101522843,0.1539763113,0.5397631134,0.2622673435,0.0016920474
2431,data/images/quantifier/test_2431.png,31,0.0033840948,0.0,0.0203045685,0.0084602369,0.0101522843,0.1539763113,0.5397631134,0.2622673435,0.0016920474
2432,data/images/quantifier/test_2432.png,31,0.0033840948,0.0,0.0203045685,0.0084602369,0.0101522843,0.1539763113,0.5397631134,0.2622673435,0.0016920474
2433,data/images/quantifier/test_2433.png,31,0.0033840948,0.0,0.0203045685,0.0084602369,0.0101522843,0.1539763113,0.5397631134,0.2622673435,0.0016920474
2434,data/images/quantifier/test_2434.png,31,0.0033840948,0.0,0.0203045685,0.0084602369,0.0101522843,0.1539763113,0.5397631134,0.2622673435,0.0016920474
2435,data/images/quantifier/test_2435.png,31,0.0033840948,0.0,0.0203045685,0.0084602369,0.0101522843,0.1539763113,0.5397631134,0.2622673435,0.0016920474
2436,data/images/quantifier/test_2436.png,31,0.0033840948,0.0,0.0203045685,0.0084602369,0.0101522843,0.1539763113,0.5397631134,0.2622673435,0.0016920474
2437,data/images/quantifier/test_2437.png,31,0.0033840948,0.0,0.0203045685,0.0084602369,0.0101522843,0.1539763113,0.5397631134,0.2622673435,0.0016920474
2438,data/images/quantifier/test_2438.png,31,0.0033840948,0.0,0.0203045685,0.0084602369,0.0101522843,0.1539763113,0.5397631134,0.2622673435,0.0016920474
2439,data/images/quantifier/test_2439.png,31,0.0033840948,0.0,0.0203045685,0.0084602369,0.0101522843,0.1539763113,0.5397631134,0.2622673435,0.0016920474
2440,data/images/quantifier/test_2440.png,31,0.0033840948,0.0,0.0203045685,0.0084602369,0.0101522843,0.1539763113,0.5397631134,0.2622673435,0.0016920474
2441,data/images/quantifier/test_2441.png,31,0.0033840948,0.0,0.0203045685,0.0084602369,0.0101522843,0.1539763113,0.5397631134,0.2622673435,0.0016920474
2442,data/images/quantifier/test_2442.png,31,0.0033840948,0.0,0.0203045685,0.0084602369,0.0101522843,0.1539763113,0.5397631134,0.2622673435,0.0016920474
2443,data/images/quantifier/test_2443.png,31,0.0033840948,0.0,0.0203045685,0.0084602369,0.0101522843,0.1539763113,0.5397631134,0.2622673435,0.0016920474
2444,data/images/quantifier/test_2444.png,31,0.0033840948,0.0,0.0203045685,0.0084602369,0.0101522843,0.1539763113,0.5397631134,0.2622673435,0.0016920474
2445,data/images/quantifier/test_2445.png,31,0.0033840948,0.0,0.0203045685,0.0084602369,0.0101522843,0.1539763113,0.5397631134,0.2622673435,0.0016920474
2446,data/images/quantifier/test_2446.png,31,0.0033840948,0.0,0.0203045685,0.0084602369,0.0101522843,0.1539763113,0.5397631134,0.2622673435,0.0016920474
2447,data/images/quantifier/test_2447.png,31,0.0033840948,0.0,0.0203045685,0.0084602369,0.0101522843,0.1539763113,0.5397631134,0.2622673435,0.0016920474
2448,data/images/quantifier/test_2448.png,31,0.0033840948,0.0,0.0203045685,0.0084602369,0.0101522843,0.1539763113,0.5397631134,0.2622673435,0.0016920474
2449,data/images/quantifier/test_2449.png,31,0.0033840948,0.0,0.0203045685,0.0084602369,0.0101522843,0.1539763113,0.5397631134,0.2622673435,0.0016920474
2450,data/images/quantifier/test_2450.png,31,0.0033840948,0.0,0.0203045685,0.0084602369,0.0101522843,0.1539763113,0.5397631134,0.2622673435,0.0016920474
2451,data/images/quantifier/test_2451.png,31,0.0033840948,0.0,0.0203045685,0.0084602369,0.0101522843,0.1539763113,0.5397631134,0.2622673435,0.0016920474
2452,data/images/quantifier/test_2452.png,31,0.0033840948,0.0,0.0203045685,0.0084602369,0.0101522843,0.1539763113,0.5397631134,0.2622673435,0.0016920474
2453,data/images/quantifier/test_2453.png,31,0.0033840948,0.0,0.0203045685,0.0084602369,0.0101522843,0.1539763113,0.5397631134,0.2622673435,0.0016920474
2454,data/images/quantifier/test_2454.png,31,0.0033840948,0.0,0.0203045685,0.0084602369,0.0101522843,0.1539763113,0.5397631134,0.2622673435,0.0016920474
2455,data/images/quantifier/test_2455.png,31,0.0033840948,0.0,0.0203045685,0.0084602369,0.0101522843,0.1539763113,0.5397631134,0.2622673435,0.0016920474
2456,data/images/quantifier/test_2456.png,31,0.0033840948,0.0,0.0203045685,0.0084602369,0.0101522843,0.1539763113,0.5397631134,0.2622673435,0.0016920474
2457,data/images/quantifier/test_2457.png,31,0.0033840948,0.0,0.0203045685,0.0084602369,0.0101522843,0.1539763113,0.5397631134,0.2622673435,0.0016920474
2458,data/images/quantifier/test_2458.png,31,0.0033840948,0.0,0.0203045685,0.0084602369,0.0101522843,0.1539763113,0.5397631134,0.2622673435,0.0016920474
2459,data/images/quantifier/test_2459.png,31,0.0033840948,0.0,0.0203045685,0.0084602369,0.0101522843,0.1539763113,0.5397631134,0.2622673435,0.0016920474
2460,data/images/quantifier/test_2460.png,31,0.0033840948,0.0,0.0203045685,0.0084602369,0.0101522843,0.1539763113,0.5397631134,0.2622673435,0.0016920474
2461,data/images/quantifier/test_2461.png,31,0.0033840948,0.0,0.0203045685,0.0084602369,0.0101522843,0.1539763113,0.5397631134,0.2622673435,0.0016920474
2462,data/images/quantifier/test_2462.png,31,0.0033840948,0.0,0.0203045685,0.0084602369,0.0101522843,0.1539763113,0.5397631134,0.2622673435,0.0016920474
2463,data/images/quantifier/test_2463.png,31,0.0033840948,0.0,0.0203045685,0.0084602369,0.0101522843,0.1539763113,0.5397631134,0.2622673435,0.0016920474
2464,data/images/quantifier/test_2464.png,31,0.0033840948,0.0,0.0203045685,0.0084602369,0.0101522843,0.1539763113,0.5397631134,0.2622673435,0.0016920474
2465,data/images/quantifier/test_2465.png,31,0.0033840948,0.0,0.0203045685,0.0084602369,0.0101522843,0.1539763113,0.5397631134,0.2622673435,0.0016920474
2466,data/images/quantifier/test_2466.png,31,0.0033840948,0.0,0.0203045685,0.0084602369,0.0101522843,0.1539763113,0.5397631134,0.2622673435,0.0016920474
2467,data/images/quantifier/test_2467.png,31,0.0033840948,0.0,0.0203045685,0.0084602369,0.0101522843,0.1539763113,0.5397631134,0.2622673435,0.0016920474
2468,data/images/quantifier/test_2468.png,31,0.0033840948,0.0,0.0203045685,0.0084602369,0.0101522843,0.1539763113,0.5397631134,0.2622673435,0.0016920474
2469,data/images/quantifier/test_2469.png,31,0.0033840948,0.0,0.0203045685,0.0084602369,0.0101522843,0.1539763113,0.5397631134,0.2622673435,0.0016920474
2470,data/images/quantifier/test_2470.png,31,0.0033840948,0.0,0.0203045685,0.0084602369,0.0101522843,0.1539763113,0.5397631134,0.2622673435,0.0016920474
2471,data/images/quantifier/test_2471.png,31,0.0033840948,0.0,0.0203045685,0.0084602369,0.0101522843,0.1539763113,0.5397631134,0.2622673435,0.0016920474
2472,data/images/quantifier/test_2472.png,31,0.0033840948,0.0,0.0203045685,0.0084602369,0.0101522843,0.1539763113,0.5397631134,0.2622673435,0.0016920474
2473,data/images/quantifier/test_2473.png,31,0.0033840948,0.0,0.0203045685,0.0084602369,0.0101522843,0.1539763113,0.5397631134,0.2622673435,0.0016920474
2474,data/images/quantifier/test_2474.png,31,0.0033840948,0.0,0.0203045685,0.0084602369,0.0101522843,0.1539763113,0.5397631134,0.2622673435,0.0016920474
2475,data/images/quantifier/test_2475.png,31,0.0033840948,0.0,0.0203045685,0.0084602369,0.0101522843,0.1539763113,0.5397631134,0.2622673435,0.0016920474
2476,data/images/quantifier/test_2476.png,31,0.0033840948,0.0,0.0203045685,0.0084602369,0.0101522843,0.1539763113,0.5397631134,0.2622673435,0.0016920474
2477,data/images/quantifier/test_2477.png,31,0.0033840948,0.0,0.0203045685,0.0084602369,0.0101522843,0.1539763113,0.5397631134,0.2622673435,0.0016920474
2478,data/images/quantifier/test_2478.png,31,0.0033840948,0.0,0.0203045685,0.0084602369,0.0101522843,0.1539763113,0.5397631134,0.2622673435,0.0016920474
2479,data/images/quantifier/test_2479.png,31,0.0033840948,0.0,0.0203045685,0.0084602369,0.0101522843,0.1539763113,0.5397631134,0.2622673435,0.0016920474
2480,data/images/quantifier/test_2480.png,31,0.0033840948,0.0,0.0203045685,0.0084602369,0.0101522843,0.1539763113,0.5397631134,0.2622673435,0.0016920474
2481,data/images/quantifier/test_2481.png,31,0.0033840948,0.0,0.0203045685,0.0084602369,0.0101522843,0.1539763113,0.5397631134,0.2622673435,0.0016920474
2482,data/images/quantifier/test_2482.png,31,0.0033840948,0.0,0.0203045685,0.0084602369,0.0101522843,0.1539763113,0.5397631134,0.2622673435,0.0016920474
2483,data/images/quantifier/test_2483.png,31,0.0033840948,0.0,0.0203045685,0.0084602369,0.0101522843,0.1539763113,0.5397631134,0.2622673435,0.0016920474
2484,data/images/quantifier/test_2484.png,31,0.0033840948,0.0,0.0203045685,0.0084602369,0.0101522843,0.1539763113,0.5397631134,0.2622673435,0.0016920474
2485,data/images/quantifier/test_2485.png,31,0.0033840948,0.0,0.0203045685,0.0084602369,0.0101522843,0.1539763113,0.5397631134,0.2622673435,0.0016920474
2486,data/images/quantifier/test_2486.png,31,0.0033840948,0.0,0.0203045685,0.0084602369,0.0101522843,0.1539763113,0.5397631134,0.2622673435,0.0016920474
2487,data/images/quantifier/test_2487.png,31,0.0033840948,0.0,0.0203045685,0.0084602369,0.0101522843,0.1539763113,0.5397631134,0.2622673435,0.0016920474
2488,data/images/quantifier/test_2488.png,31,0.0033840948,0.0,0.0203045685,0.0084602369,0.0101522843,0.1539763113,0.5397631134,0.2622673435,0.0016920474
2489,data/images/quantifier/test_2489.png,31,0.0033840948,0.0,0.0203045685,0.0084602369,0.0101522843,0.1539763113,0.5397631134,0.2622673435,0.0016920474
2490,data/images/quantifier/test_2490.png,31,0.0033840948,0.0,0.0203045685,0.0084602369,0.0101522843,0.1539763113,0.5397631134,0.2622673435,0.0016920474
2491,data/images/quantifier/test_2491.png,31,0.0033840948,0.0,0.0203045685,0.0084602369,0.0101522843,0.1539763113,0.5397631134,0.2622673435,0.0016920474
2492,data/images/quantifier/test_2492.png,31,0.0033840948,0.0,0.0203045685,0.0084602369,0.0101522843,0.1539763113,0.5397631134,0.2622673435,0.0016920474
2493,data/images/quantifier/test_2493.png,31,0.0033840948,0.0,0.0203045685,0.0084602369,0.0101522843,0.1539763113,0.5397631134,0.2622673435,0.0016920474
2494,data/images/quantifier/test_2494.png,31,0.0033840948,0.0,0.0203045685,0.0084602369,0.0101522843,0.1539763113,0.5397631134,0.2622673435,0.0016920474
2495,data/images/quantifier/test_2495.png,31,0.0033840948,0.0,0.0203045685,0.0084602369,0.0101522843,0.1539763113,0.5397631134,0.2622673435,0.0016920474
2496,data/images/quantifier/test_2496.png,31,0.0033840948,0.0,0.0203045685,0.0084602369,0.0101522843,0.1539763113,0.5397631134,0.2622673435,0.0016920474
2497,data/images/quantifier/test_2497.png,31,0.0033840948,0.0,0.0203045685,0.0084602369,0.0101522843,0.1539763113,0.5397631134,0.2622673435,0.0016920474
2498,data/images/quantifier/test_2498.png,31,0.0033840948,0.0,0.0203045685,0.0084602369,0.0101522843,0.1539763113,0.5397631134,0.2622673435,0.0016920474
2499,data/images/quantifier/test_2499.png,31,0.0033840948,0.0,0.0203045685,0.0084602369,0.0101522843,0.1539763113,0.5397631134,0.2622673435,0.0016920474
2500,data/images/quantifier/test_2500.png,31,0.0033840948,0.0,0.0203045685,0.0084602369,0.0101522843,0.1539763113,0.5397631134,0.2622673435,0.0016920474
2501,data/images/quantifier/test_2501.png,31,0.0033840948,0.0,0.0203045685,0.0084602369,0.0101522843,0.1539763113,0.5397631134,0.2622673435,0.0016920474
2502,data/images/quantifier/test_2502.png,31,0.0033840948,0.0,0.0203045685,0.0084602369,0.0101522843,0.1539763113,0.5397631134,0.2622673435,0.0016920474
2503,data/images/quantifier/test_2503.png,31,0.0033840948,0.0,0.0203045685,0.0084602369,0.0101522843,0.1539763113,0.5397631134,0.2622673435,0.0016920474
2504,data/images/quantifier/test_2504.png,31,0.0033840948,0.0,0.0203045685,0.0084602369,0.0101522843,0.1539763113,0.5397631134,0.2622673435,0.0016920474
2505,data/images/quantifier/test_2505.png,31,0.0033840948,0.0,0.0203045685,0.0084602369,0.0101522843,0.1539763113,0.5397631134,0.2622673435,0.0016920474
2506,data/images/quantifier/test_2506.png,31,0.0033840948,0.0,0.0203045685,0.0084602369,0.0101522843,0.1539763113,0.5397631134,0.2622673435,0.0016920474
2507,data/images/quantifier/test_2507.png,31,0.0033840948,0.0,0.0203045685,0.0084602369,0.0101522843,0.1539763113,0.5397631134,0.2622673435,0.0016920474
2508,data/images/quantifier/test_2508.png,31,0.0033840948,0.0,0.0203045685,0.0084602369,0.0101522843,0.1539763113,0.5397631134,0.2622673435,0.0016920474
2509,data/images/quantifier/test_2509.png,31,0.0033840948,0.0,0.0203045685,0.0084602369,0.0101522843,0.1539763113,0.5397631134,0.2622673435,0.0016920474
2510,data/images/quantifier/test_2510.png,31,0.0033840948,0.0,0.0203045685,0.0084602369,0.0101522843,0.1539763113,0.5397631134,0.2622673435,0.0016920474
2511,data/images/quantifier/test_2511.png,31,0.0033840948,0.0,0.0203045685,0.0084602369,0.0101522843,0.1539763113,0.5397631134,0.2622673435,0.0016920474
2512,data/images/quantifier/test_2512.png,31,0.0033840948,0.0,0.0203045685,0.0084602369,0.0101522843,0.1539763113,0.5397631134,0.2622673435,0.0016920474
2513,data/images/quantifier/test_2513.png,31,0.0033840948,0.0,0.0203045685,0.0084602369,0.0101522843,0.1539763113,0.5397631134,0.2622673435,0.0016920474
2514,data/images/quantifier/test_2514.png,31,0.0033840948,0.0,0.0203045685,0.0084602369,0.0101522843,0.1539763113,0.5397631134,0.2622673435,0.0016920474
2515,data/images/quantifier/test_2515.png,31,0.0033840948,0.0,0.0203045685,0.0084602369,0.0101522843,0.1539763113,0.5397631134,0.2622673435,0.0016920474
2516,data/images/quantifier/test_2516.png,31,0.0033840948,0.0,0.0203045685,0.0084602369,0.0101522843,0.1539763113,0.5397631134,0.2622673435,0.0016920474
2517,data/images/quantifier/test_2517.png,31,0.0033840948,0.0,0.0203045685,0.0084602369,0.0101522843,0.1539763113,0.5397631134,0.2622673435,0.0016920474
2518,data/images/quantifier/test_2518.png,31,0.0033840948,0.0,0.0203045685,0.0084602369,0.0101522843,0.1539763113,0.5397631134,0.2622673435,0.0016920474
2519,data/images/quantifier/test_2519.png,31,0.0033840948,0.0,0.0203045685,0.0084602369,0.0101522843,0.1539763113,0.5397631134,0.2622673435,0.0016920474
2520,data/images/quantifier/test_2520.png,31,0.0033840948,0.0,0.0203045685,0.0084602369,0.0101522843,0.1539763113,0.5397631134,0.2622673435,0.0016920474
2521,data/images/quantifier/test_2521.png,31,0.0033840948,0.0,0.0203045685,0.0084602369,0.0101522843,0.1539763113,0.5397631134,0.2622673435,0.0016920474
2522,data/images/quantifier/test_2522.png,31,0.0033840948,0.0,0.0203045685,0.0084602369,0.0101522843,0.1539763113,0.5397631134,0.2622673435,0.0016920474
2523,data/images/quantifier/test_2523.png,31,0.0033840948,0.0,0.0203045685,0.0084602369,0.0101522843,0.1539763113,0.5397631134,0.2622673435,0.0016920474
2524,data/images/quantifier/test_2524.png,31,0.0033840948,0.0,0.0203045685,0.0084602369,0.0101522843,0.1539763113,0.5397631134,0.2622673435,0.0016920474
2525,data/images/quantifier/test_2525.png,31,0.0033840948,0.0,0.0203045685,0.0084602369,0.0101522843,0.1539763113,0.5397631134,0.2622673435,0.0016920474
2526,data/images/quantifier/test_2526.png,31,0.0033840948,0.0,0.0203045685,0.0084602369,0.0101522843,0.1539763113,0.5397631134,0.2622673435,0.0016920474
2527,data/images/quantifier/test_2527.png,31,0.0033840948,0.0,0.0203045685,0.0084602369,0.0101522843,0.1539763113,0.5397631134,0.2622673435,0.0016920474
2528,data/images/quantifier/test_2528.png,31,0.0033840948,0.0,0.0203045685,0.0084602369,0.0101522843,0.1539763113,0.5397631134,0.2622673435,0.0016920474
2529,data/images/quantifier/test_2529.png,31,0.0033840948,0.0,0.0203045685,0.0084602369,0.0101522843,0.1539763113,0.5397631134,0.2622673435,0.0016920474
2530,data/images/quantifier/test_2530.png,31,0.0033840948,0.0,0.0203045685,0.0084602369,0.0101522843,0.1539763113,0.5397631134,0.2622673435,0.0016920474
2531,data/images/quantifier/test_2531.png,31,0.0033840948,0.0,0.0203045685,0.0084602369,0.0101522843,0.1539763113,0.5397631134,0.2622673435,0.0016920474
2532,data/images/quantifier/test_2532.png,31,0.0033840948,0.0,0.0203045685,0.0084602369,0.0101522843,0.1539763113,0.5397631134,0.2622673435,0.0016920474
2533,data/images/quantifier/test_2533.png,31,0.0033840948,0.0,0.0203045685,0.0084602369,0.0101522843,0.1539763113,0.5397631134,0.2622673435,0.0016920474
2534,data/images/quantifier/test_2534.png,31,0.0033840948,0.0,0.0203045685,0.0084602369,0.0101522843,0.1539763113,0.5397631134,0.2622673435,0.0016920474
2535,data/images/quantifier/test_2535.png,31,0.0033840948,0.0,0.0203045685,0.0084602369,0.0101522843,0.1539763113,0.5397631134,0.2622673435,0.0016920474
2536,data/images/quantifier/test_2536.png,31,0.0033840948,0.0,0.0203045685,0.0084602369,0.0101522843,0.1539763113,0.5397631134,0.2622673435,0.0016920474
2537,data/images/quantifier/test_2537.png,31,0.0033840948,0.0,0.0203045685,0.0084602369,0.0101522843,0.1539763113,0.5397631134,0.2622673435,0.0016920474
2538,data/images/quantifier/test_2538.png,31,0.0033840948,0.0,0.0203045685,0.0084602369,0.0101522843,0.1539763113,0.5397631134,0.2622673435,0.0016920474
2539,data/images/quantifier/test_2539.png,31,0.0033840948,0.0,0.0203045685,0.0084602369,0.0101522843,0.1539763113,0.5397631134,0.2622673435,0.0016920474
2540,data/images/quantifier/test_2540.png,31,0.0033840948,0.0,0.0203045685,0.0084602369,0.0101522843,0.1539763113,0.5397631134,0.2622673435,0.0016920474
2541,data/images/quantifier/test_2541.png,31,0.0033840948,0.0,0.0203045685,0.0084602369,0.0101522843,0.1539763113,0.5397631134,0.2622673435,0.0016920474
2542,data/images/quantifier/test_2542.png,31,0.0033840948,0.0,0.0203045685,0.0084602369,0.0101522843,0.1539763113,0.5397631134,0.2622673435,0.0016920474
2543,data/images/quantifier/test_2543.png,31,0.0033840948,0.0,0.0203045685,0.0084602369,0.0101522843,0.1539763113,0.5397631134,0.2622673435,0.0016920474
2544,data/images/quantifier/test_2544.png,31,0.0033840948,0.0,0.0203045685,0.0084602369,0.0101522843,0.1539763113,0.5397631134,0.2622673435,0.0016920474
2545,data/images/quantifier/test_2545.png,31,0.0033840948,0.0,0.0203045685,0.0084602369,0.0101522843,0.1539763113,0.5397631134,0.2622673435,0.0016920474
2546,data/images/quantifier/test_2546.png,31,0.0033840948,0.0,0.0203045685,0.0084602369,0.0101522843,0.1539763113,0.5397631134,0.2622673435,0.0016920474
2547,data/images/quantifier/test_2547.png,31,0.0033840948,0.0,0.0203045685,0.0084602369,0.0101522843,0.1539763113,0.5397631134,0.2622673435,0.0016920474
2548,data/images/quantifier/test_2548.png,31,0.0033840948,0.0,0.0203045685,0.0084602369,0.0101522843,0.1539763113,0.5397631134,0.2622673435,0.0016920474
2549,data/images/quantifier/test_2549.png,31,0.0033840948,0.0,0.0203045685,0.0084602369,0.0101522843,0.1539763113,0.5397631134,0.2622673435,0.0016920474
2550,data/images/quantifier/test_2550.png,31,0.0033840948,0.0,0.0203045685,0.0084602369,0.0101522843,0.1539763113,0.5397631134,0.2622673435,0.0016920474
2551,data/images/quantifier/test_2551.png,31,0.0033840948,0.0,0.0203045685,0.0084602369,0.0101522843,0.1539763113,0.5397631134,0.2622673435,0.0016920474
2552,data/images/quantifier/test_2552.png,31,0.0033840948,0.0,0.0203045685,0.0084602369,0.0101522843,0.1539763113,0.5397631134,0.2622673435,0.0016920474
2553,data/images/quantifier/test_2553.png,31,0.0033840948,0.0,0.0203045685,0.0084602369,0.0101522843,0.1539763113,0.5397631134,0.2622673435,0.0016920474
2554,data/images/quantifier/test_2554.png,31,0.0033840948,0.0,0.0203045685,0.0084602369,0.0101522843,0.1539763113,0.5397631134,0.2622673435,0.0016920474
2555,data/images/quantifier/test_2555.png,31,0.0033840948,0.0,0.0203045685,0.0084602369,0.0101522843,0.1539763113,0.5397631134,0.2622673435,0.0016920474
2556,data/images/quantifier/test_2556.png,31,0.0033840948,0.0,0.0203045685,0.0084602369,0.0101522843,0.1539763113,0.5397631134,0.2622673435,0.0016920474
2557,data/images/quantifier/test_2557.png,31,0.0033840948,0.0,0.0203045685,0.0084602369,0.0101522843,0.1539763113,0.5397631134,0.2622673435,0.0016920474
2558,data/images/quantifier/test_2558.png,31,0.0033840948,0.0,0.0203045685,0.0084602369,0.0101522843,0.1539763113,0.5397631134,0.2622673435,0.0016920474
2559,data/images/quantifier/test_2559.png,31,0.0033840948,0.0,0.0203045685,0.0084602369,0.0101522843,0.1539763113,0.5397631134,0.2622673435,0.0016920474
2560,data/images/quantifier/test_2560.png,31,0.0033840948,0.0,0.0203045685,0.0084602369,0.0101522843,0.1539763113,0.5397631134,0.2622673435,0.0016920474
2561,data/images/quantifier/test_2561.png,31,0.0033840948,0.0,0.0203045685,0.0084602369,0.0101522843,0.1539763113,0.5397631134,0.2622673435,0.0016920474
2562,data/images/quantifier/test_2562.png,31,0.0033840948,0.0,0.0203045685,0.0084602369,0.0101522843,0.1539763113,0.5397631134,0.2622673435,0.0016920474
2563,data/images/quantifier/test_2563.png,31,0.0033840948,0.0,0.0203045685,0.0084602369,0.0101522843,0.1539763113,0.5397631134,0.2622673435,0.0016920474
2564,data/images/quantifier/test_2564.png,31,0.0033840948,0.0,0.0203045685,0.0084602369,0.0101522843,0.1539763113,0.5397631134,0.2622673435,0.0016920474
2565,data/images/quantifier/test_2565.png,31,0.0033840948,0.0,0.0203045685,0.0084602369,0.0101522843,0.1539763113,0.5397631134,0.2622673435,0.0016920474
2566,data/images/quantifier/test_2566.png,31,0.0033840948,0.0,0.0203045685,0.0084602369,0.0101522843,0.1539763113,0.5397631134,0.2622673435,0.0016920474
2567,data/images/quantifier/test_2567.png,31,0.0033840948,0.0,0.0203045685,0.0084602369,0.0101522843,0.1539763113,0.5397631134,0.2622673435,0.0016920474
2568,data/images/quantifier/test_2568.png,31,0.0033840948,0.0,0.0203045685,0.0084602369,0.0101522843,0.1539763113,0.5397631134,0.2622673435,0.0016920474
2569,data/images/quantifier/test_2569.png,31,0.0033840948,0.0,0.0203045685,0.0084602369,0.0101522843,0.1539763113,0.5397631134,0.2622673435,0.0016920474
2570,data/images/quantifier/test_2570.png,31,0.0033840948,0.0,0.0203045685,0.0084602369,0.0101522843,0.1539763113,0.5397631134,0.2622673435,0.0016920474
2571,data/images/quantifier/test_2571.png,31,0.0033840948,0.0,0.0203045685,0.0084602369,0.0101522843,0.1539763113,0.5397631134,0.2622673435,0.0016920474
2572,data/images/quantifier/test_2572.png,31,0.0033840948,0.0,0.0203045685,0.0084602369,0.0101522843,0.1539763113,0.5397631134,0.2622673435,0.0016920474
2573,data/images/quantifier/test_2573.png,31,0.0033840948,0.0,0.0203045685,0.0084602369,0.0101522843,0.1539763113,0.5397631134,0.2622673435,0.0016920474
2574,data/images/quantifier/test_2574.png,31,0.0033840948,0.0,0.0203045685,0.0084602369,0.0101522843,0.1539763113,0.5397631134,0.2622673435,0.0016920474
2575,data/images/quantifier/test_2575.png,31,0.0033840948,0.0,0.0203045685,0.0084602369,0.0101522843,0.1539763113,0.5397631134,0.2622673435,0.0016920474
2576,data/images/quantifier/test_2576.png,31,0.0033840948,0.0,0.0203045685,0.0084602369,0.0101522843,0.1539763113,0.5397631134,0.2622673435,0.0016920474
2577,data/images/quantifier/test_2577.png,31,0.0033840948,0.0,0.0203045685,0.0084602369,0.0101522843,0.1539763113,0.5397631134,0.2622673435,0.0016920474
2578,data/images/quantifier/test_2578.png,31,0.0033840948,0.0,0.0203045685,0.0084602369,0.0101522843,0.1539763113,0.5397631134,0.2622673435,0.0016920474
2579,data/images/quantifier/test_2579.png,31,0.0033840948,0.0,0.0203045685,0.0084602369,0.0101522843,0.1539763113,0.5397631134,0.2622673435,0.0016920474
2580,data/images/quantifier/test_2580.png,31,0.0033840948,0.0,0.0203045685,0.0084602369,0.0101522843,0.1539763113,0.5397631134,0.2622673435,0.0016920474
2581,data/images/quantifier/test_2581.png,31,0.0033840948,0.0,0.0203045685,0.0084602369,0.0101522843,0.1539763113,0.5397631134,0.2622673435,0.0016920474
2582,data/images/quantifier/test_2582.png,31,0.0033840948,0.0,0.0203045685,0.0084602369,0.0101522843,0.1539763113,0.5397631134,0.2622673435,0.0016920474
2583,data/images/quantifier/test_2583.png,31,0.0033840948,0.0,0.0203045685,0.0084602369,0.0101522843,0.1539763113,0.5397631134,0.2622673435,0.0016920474
2584,data/images/quantifier/test_2584.png,31,0.0033840948,0.0,0.0203045685,0.0084602369,0.0101522843,0.1539763113,0.5397631134,0.2622673435,0.0016920474
2585,data/images/quantifier/test_2585.png,31,0.0033840948,0.0,0.0203045685,0.0084602369,0.0101522843,0.1539763113,0.5397631134,0.2622673435,0.0016920474
2586,data/images/quantifier/test_2586.png,31,0.0033840948,0.0,0.0203045685,0.0084602369,0.0101522843,0.1539763113,0.5397631134,0.2622673435,0.0016920474
2587,data/images/quantifier/test_2587.png,31,0.0033840948,0.0,0.0203045685,0.0084602369,0.0101522843,0.1539763113,0.5397631134,0.2622673435,0.0016920474
2588,data/images/quantifier/test_2588.png,31,0.0033840948,0.0,0.0203045685,0.0084602369,0.0101522843,0.1539763113,0.5397631134,0.2622673435,0.0016920474
2589,data/images/quantifier/test_2589.png,31,0.0033840948,0.0,0.0203045685,0.0084602369,0.0101522843,0.1539763113,0.5397631134,0.2622673435,0.0016920474
2590,data/images/quantifier/test_2590.png,31,0.0033840948,0.0,0.0203045685,0.0084602369,0.0101522843,0.1539763113,0.5397631134,0.2622673435,0.0016920474
2591,data/images/quantifier/test_2591.png,31,0.0033840948,0.0,0.0203045685,0.0084602369,0.0101522843,0.1539763113,0.5397631134,0.2622673435,0.0016920474
2592,data/images/quantifier/test_2592.png,31,0.0033840948,0.0,0.0203045685,0.0084602369,0.0101522843,0.1539763113,0.5397631134,0.2622673435,0.0016920474
2593,data/images/quantifier/test_2593.png,31,0.0033840948,0.0,0.0203045685,0.0084602369,0.0101522843,0.1539763113,0.5397631134,0.2622673435,0.0016920474
2594,data/images/quantifier/test_2594.png,31,0.0033840948,0.0,0.0203045685,0.0084602369,0.0101522843,0.1539763113,0.5397631134,0.2622673435,0.0016920474
2595,data/images/quantifier/test_2595.png,31,0.0033840948,0.0,0.0203045685,0.0084602369,0.0101522843,0.1539763113,0.5397631134,0.2622673435,0.0016920474
2596,data/images/quantifier/test_2596.png,31,0.0033840948,0.0,0.0203045685,0.0084602369,0.0101522843,0.1539763113,0.5397631134,0.2622673435,0.0016920474
2597,data/images/quantifier/test_2597.png,31,0.0033840948,0.0,0.0203045685,0.0084602369,0.0101522843,0.1539763113,0.5397631134,0.2622673435,0.0016920474
2598,data/images/quantifier/test_2598.png,31,0.0033840948,0.0,0.0203045685,0.0084602369,0.0101522843,0.1539763113,0.5397631134,0.2622673435,0.0016920474
2599,data/images/quantifier/test_2599.png,31,0.0033840948,0.0,0.0203045685,0.0084602369,0.0101522843,0.1539763113,0.5397631134,0.2622673435,0.0016920474
2600,data/images/quantifier/test_2600.png,41,0.0,0.006779661,0.0084745763,0.006779661,0.0118644068,0.1254237288,0.4898305085,0.3474576271,0.0033898305
2601,data/images/quantifier/test_2601.png,41,0.0,0.006779661,0.0084745763,0.006779661,0.0118644068,0.1254237288,0.4898305085,0.3474576271,0.0033898305
2602,data/images/quantifier/test_2602.png,41,0.0,0.006779661,0.0084745763,0.006779661,0.0118644068,0.1254237288,0.4898305085,0.3474576271,0.0033898305
2603,data/images/quantifier/test_2603.png,41,0.0,0.006779661,0.0084745763,0.006779661,0.0118644068,0.1254237288,0.4898305085,0.3474576271,0.0033898305
2604,data/images/quantifier/test_2604.png,41,0.0,0.006779661,0.0084745763,0.006779661,0.0118644068,0.1254237288,0.4898305085,0.3474576271,0.0033898305
2605,data/images/quantifier/test_2605.png,41,0.0,0.006779661,0.0084745763,0.006779661,0.0118644068,0.1254237288,0.4898305085,0.3474576271,0.0033898305
2606,data/images/quantifier/test_2606.png,41,0.0,0.006779661,0.0084745763,0.006779661,0.0118644068,0.1254237288,0.4898305085,0.3474576271,0.0033898305
2607,data/images/quantifier/test_2607.png,41,0.0,0.006779661,0.0084745763,0.006779661,0.0118644068,0.1254237288,0.4898305085,0.3474576271,0.0033898305
2608,data/images/quantifier/test_2608.png,41,0.0,0.006779661,0.0084745763,0.006779661,0.0118644068,0.1254237288,0.4898305085,0.3474576271,0.0033898305
2609,data/images/quantifier/test_2609.png,41,0.0,0.006779661,0.0084745763,0.006779661,0.0118644068,0.1254237288,0.4898305085,0.3474576271,0.0033898305
2610,data/images/quantifier/test_2610.png,41,0.0,0.006779661,0.0084745763,0.006779661,0.0118644068,0.1254237288,0.4898305085,0.3474576271,0.0033898305
2611,data/images/quantifier/test_2611.png,41,0.0,0.006779661,0.0084745763,0.006779661,0.0118644068,0.1254237288,0.4898305085,0.3474576271,0.0033898305
2612,data/images/quantifier/test_2612.png,41,0.0,0.006779661,0.0084745763,0.006779661,0.0118644068,0.1254237288,0.4898305085,0.3474576271,0.0033898305
2613,data/images/quantifier/test_2613.png,41,0.0,0.006779661,0.0084745763,0.006779661,0.0118644068,0.1254237288,0.4898305085,0.3474576271,0.0033898305
2614,data/images/quantifier/test_2614.png,41,0.0,0.006779661,0.0084745763,0.006779661,0.0118644068,0.1254237288,0.4898305085,0.3474576271,0.0033898305
2615,data/images/quantifier/test_2615.png,41,0.0,0.006779661,0.0084745763,0.006779661,0.0118644068,0.1254237288,0.4898305085,0.3474576271,0.0033898305
2616,data/images/quantifier/test_2616.png,41,0.0,0.006779661,0.0084745763,0.006779661,0.0118644068,0.1254237288,0.4898305085,0.3474576271,0.0033898305
2617,data/images/quantifier/test_2617.png,41,0.0,0.006779661,0.0084745763,0.006779661,0.0118644068,0.1254237288,0.4898305085,0.3474576271,0.0033898305
2618,data/images/quantifier/test_2618.png,41,0.0,0.006779661,0.0084745763,0.006779661,0.0118644068,0.1254237288,0.4898305085,0.3474576271,0.0033898305
2619,data/images/quantifier/test_2619.png,41,0.0,0.006779661,0.0084745763,0.006779661,0.0118644068,0.1254237288,0.4898305085,0.3474576271,0.0033898305
2620,data/images/quantifier/test_2620.png,41,0.0,0.006779661,0.0084745763,0.006779661,0.0118644068,0.1254237288,0.4898305085,0.3474576271,0.0033898305
2621,data/images/quantifier/test_2621.png,41,0.0,0.006779661,0.0084745763,0.006779661,0.0118644068,0.1254237288,0.4898305085,0.3474576271,0.0033898305
2622,data/images/quantifier/test_2622.png,41,0.0,0.006779661,0.0084745763,0.006779661,0.0118644068,0.1254237288,0.4898305085,0.3474576271,0.0033898305
2623,data/images/quantifier/test_2623.png,41,0.0,0.006779661,0.0084745763,0.006779661,0.0118644068,0.1254237288,0.4898305085,0.3474576271,0.0033898305
2624,data/images/quantifier/test_2624.png,41,0.0,0.006779661,0.0084745763,0.006779661,0.0118644068,0.1254237288,0.4898305085,0.3474576271,0.0033898305
2625,data/images/quantifier/test_2625.png,41,0.0,0.006779661,0.0084745763,0.006779661,0.0118644068,0.1254237288,0.4898305085,0.3474576271,0.0033898305
2626,data/images/quantifier/test_2626.png,41,0.0,0.006779661,0.0084745763,0.006779661,0.0118644068,0.1254237288,0.4898305085,0.3474576271,0.0033898305
2627,data/images/quantifier/test_2627.png,41,0.0,0.006779661,0.0084745763,0.006779661,0.0118644068,0.1254237288,0.4898305085,0.3474576271,0.0033898305
2628,data/images/quantifier/test_2628.png,41,0.0,0.006779661,0.0084745763,0.006779661,0.0118644068,0.1254237288,0.4898305085,0.3474576271,0.0033898305
2629,data/images/quantifier/test_2629.png,41,0.0,0.006779661,0.0084745763,0.006779661,0.0118644068,0.1254237288,0.4898305085,0.3474576271,0.0033898305
2630,data/images/quantifier/test_2630.png,41,0.0,0.006779661,0.0084745763,0.006779661,0.0118644068,0.1254237288,0.4898305085,0.3474576271,0.0033898305
2631,data/images/quantifier/test_2631.png,41,0.0,0.006779661,0.0084745763,0.006779661,0.0118644068,0.1254237288,0.4898305085,0.3474576271,0.0033898305
2632,data/images/quantifier/test_2632.png,41,0.0,0.006779661,0.0084745763,0.006779661,0.0118644068,0.1254237288,0.4898305085,0.3474576271,0.0033898305
2633,data/images/quantifier/test_2633.png,41,0.0,0.006779661,0.0084745763,0.006779661,0.0118644068,0.1254237288,0.4898305085,0.3474576271,0.0033898305
2634,data/images/quantifier/test_2634.png,41,0.0,0.006779661,0.0084745763,0.006779661,0.0118644068,0.1254237288,0.4898305085,0.3474576271,0.0033898305
2635,data/images/quantifier/test_2635.png,41,0.0,0.006779661,0.0084745763,0.006779661,0.0118644068,0.1254237288,0.4898305085,0.3474576271,0.0033898305
2636,data/images/quantifier/test_2636.png,41,0.0,0.006779661,0.0084745763,0.006779661,0.0118644068,0.1254237288,0.4898305085,0.3474576271,0.0033898305
2637,data/images/quantifier/test_2637.png,41,0.0,0.006779661,0.0084745763,0.006779661,0.0118644068,0.1254237288,0.4898305085,0.3474576271,0.0033898305
2638,data/images/quantifier/test_2638.png,41,0.0,0.006779661,0.0084745763,0.006779661,0.0118644068,0.1254237288,0.4898305085,0.3474576271,0.0033898305
2639,data/images/quantifier/test_2639.png,41,0.0,0.006779661,0.0084745763,0.006779661,0.0118644068,0.1254237288,0.4898305085,0.3474576271,0.0033898305
2640,data/images/quantifier/test_2640.png,41,0.0,0.006779661,0.0084745763,0.006779661,0.0118644068,0.1254237288,0.4898305085,0.3474576271,0.0033898305
2641,data/images/quantifier/test_2641.png,41,0.0,0.006779661,0.0084745763,0.006779661,0.0118644068,0.1254237288,0.4898305085,0.3474576271,0.0033898305
2642,data/images/quantifier/test_2642.png,41,0.0,0.006779661,0.0084745763,0.006779661,0.0118644068,0.1254237288,0.4898305085,0.3474576271,0.0033898305
2643,data/images/quantifier/test_2643.png,41,0.0,0.006779661,0.0084745763,0.006779661,0.0118644068,0.1254237288,0.4898305085,0.3474576271,0.0033898305
2644,data/images/quantifier/test_2644.png,41,0.0,0.006779661,0.0084745763,0.006779661,0.0118644068,0.1254237288,0.4898305085,0.3474576271,0.0033898305
2645,data/images/quantifier/test_2645.png,41,0.0,0.006779661,0.0084745763,0.006779661,0.0118644068,0.1254237288,0.4898305085,0.3474576271,0.0033898305
2646,data/images/quantifier/test_2646.png,41,0.0,0.006779661,0.0084745763,0.006779661,0.0118644068,0.1254237288,0.4898305085,0.3474576271,0.0033898305
2647,data/images/quantifier/test_2647.png,41,0.0,0.006779661,0.0084745763,0.006779661,0.0118644068,0.1254237288,0.4898305085,0.3474576271,0.0033898305
2648,data/images/quantifier/test_2648.png,41,0.0,0.006779661,0.0084745763,0.006779661,0.0118644068,0.1254237288,0.4898305085,0.3474576271,0.0033898305
2649,data/images/quantifier/test_2649.png,41,0.0,0.006779661,0.0084745763,0.006779661,0.0118644068,0.1254237288,0.4898305085,0.3474576271,0.0033898305
2650,data/images/quantifier/test_2650.png,41,0.0,0.006779661,0.0084745763,0.006779661,0.0118644068,0.1254237288,0.4898305085,0.3474576271,0.0033898305
2651,data/images/quantifier/test_2651.png,41,0.0,0.006779661,0.0084745763,0.006779661,0.0118644068,0.1254237288,0.4898305085,0.3474576271,0.0033898305
2652,data/images/quantifier/test_2652.png,41,0.0,0.006779661,0.0084745763,0.006779661,0.0118644068,0.1254237288,0.4898305085,0.3474576271,0.0033898305
2653,data/images/quantifier/test_2653.png,41,0.0,0.006779661,0.0084745763,0.006779661,0.0118644068,0.1254237288,0.4898305085,0.3474576271,0.0033898305
2654,data/images/quantifier/test_2654.png,41,0.0,0.006779661,0.0084745763,0.006779661,0.0118644068,0.1254237288,0.4898305085,0.3474576271,0.0033898305
2655,data/images/quantifier/test_2655.png,41,0.0,0.006779661,0.0084745763,0.006779661,0.0118644068,0.1254237288,0.4898305085,0.3474576271,0.0033898305
2656,data/images/quantifier/test_2656.png,41,0.0,0.006779661,0.0084745763,0.006779661,0.0118644068,0.1254237288,0.4898305085,0.3474576271,0.0033898305
2657,data/images/quantifier/test_2657.png,41,0.0,0.006779661,0.0084745763,0.006779661,0.0118644068,0.1254237288,0.4898305085,0.3474576271,0.0033898305
2658,data/images/quantifier/test_2658.png,41,0.0,0.006779661,0.0084745763,0.006779661,0.0118644068,0.1254237288,0.4898305085,0.3474576271,0.0033898305
2659,data/images/quantifier/test_2659.png,41,0.0,0.006779661,0.0084745763,0.006779661,0.0118644068,0.1254237288,0.4898305085,0.3474576271,0.0033898305
2660,data/images/quantifier/test_2660.png,41,0.0,0.006779661,0.0084745763,0.006779661,0.0118644068,0.1254237288,0.4898305085,0.3474576271,0.0033898305
2661,data/images/quantifier/test_2661.png,41,0.0,0.006779661,0.0084745763,0.006779661,0.0118644068,0.1254237288,0.4898305085,0.3474576271,0.0033898305
2662,data/images/quantifier/test_2662.png,41,0.0,0.006779661,0.0084745763,0.006779661,0.0118644068,0.1254237288,0.4898305085,0.3474576271,0.0033898305
2663,data/images/quantifier/test_2663.png,41,0.0,0.006779661,0.0084745763,0.006779661,0.0118644068,0.1254237288,0.4898305085,0.3474576271,0.0033898305
2664,data/images/quantifier/test_2664.png,41,0.0,0.006779661,0.0084745763,0.006779661,0.0118644068,0.1254237288,0.4898305085,0.3474576271,0.0033898305
2665,data/images/quantifier/test_2665.png,41,0.0,0.006779661,0.0084745763,0.006779661,0.0118644068,0.1254237288,0.4898305085,0.3474576271,0.0033898305
2666,data/images/quantifier/test_2666.png,41,0.0,0.006779661,0.0084745763,0.006779661,0.0118644068,0.1254237288,0.4898305085,0.3474576271,0.0033898305
2667,data/images/quantifier/test_2667.png,41,0.0,0.006779661,0.0084745763,0.006779661,0.0118644068,0.1254237288,0.4898305085,0.3474576271,0.0033898305
2668,data/images/quantifier/test_2668.png,41,0.0,0.006779661,0.0084745763,0.006779661,0.0118644068,0.1254237288,0.4898305085,0.3474576271,0.0033898305
2669,data/images/quantifier/test_2669.png,41,0.0,0.006779661,0.0084745763,0.006779661,0.0118644068,0.1254237288,0.4898305085,0.3474576271,0.0033898305
2670,data/images/quantifier/test_2670.png,41,0.0,0.006779661,0.0084745763,0.006779661,0.0118644068,0.1254237288,0.4898305085,0.3474576271,0.0033898305
2671,data/images/quantifier/test_2671.png,41,0.0,0.006779661,0.0084745763,0.006779661,0.0118644068,0.1254237288,0.4898305085,0.3474576271,0.0033898305
2672,data/images/quantifier/test_2672.png,41,0.0,0.006779661,0.0084745763,0.006779661,0.0118644068,0.1254237288,0.4898305085,0.3474576271,0.0033898305
2673,data/images/quantifier/test_2673.png,41,0.0,0.006779661,0.0084745763,0.006779661,0.0118644068,0.1254237288,0.4898305085,0.3474576271,0.0033898305
2674,data/images/quantifier/test_2674.png,41,0.0,0.006779661,0.0084745763,0.006779661,0.0118644068,0.1254237288,0.4898305085,0.3474576271,0.0033898305
2675,data/images/quantifier/test_2675.png,41,0.0,0.006779661,0.0084745763,0.006779661,0.0118644068,0.1254237288,0.4898305085,0.3474576271,0.0033898305
2676,data/images/quantifier/test_2676.png,41,0.0,0.006779661,0.0084745763,0.006779661,0.0118644068,0.1254237288,0.4898305085,0.3474576271,0.0033898305
2677,data/images/quantifier/test_2677.png,41,0.0,0.006779661,0.0084745763,0.006779661,0.0118644068,0.1254237288,0.4898305085,0.3474576271,0.0033898305
2678,data/images/quantifier/test_2678.png,41,0.0,0.006779661,0.0084745763,0.006779661,0.0118644068,0.1254237288,0.4898305085,0.3474576271,0.0033898305
2679,data/images/quantifier/test_2679.png,41,0.0,0.006779661,0.0084745763,0.006779661,0.0118644068,0.1254237288,0.4898305085,0.3474576271,0.0033898305
2680,data/images/quantifier/test_2680.png,41,0.0,0.006779661,0.0084745763,0.006779661,0.0118644068,0.1254237288,0.4898305085,0.3474576271,0.0033898305
2681,data/images/quantifier/test_2681.png,41,0.0,0.006779661,0.0084745763,0.006779661,0.0118644068,0.1254237288,0.4898305085,0.3474576271,0.0033898305
2682,data/images/quantifier/test_2682.png,41,0.0,0.006779661,0.0084745763,0.006779661,0.0118644068,0.1254237288,0.4898305085,0.3474576271,0.0033898305
2683,data/images/quantifier/test_2683.png,41,0.0,0.006779661,0.0084745763,0.006779661,0.0118644068,0.1254237288,0.4898305085,0.3474576271,0.0033898305
2684,data/images/quantifier/test_2684.png,41,0.0,0.006779661,0.0084745763,0.006779661,0.0118644068,0.1254237288,0.4898305085,0.3474576271,0.0033898305
2685,data/images/quantifier/test_2685.png,41,0.0,0.006779661,0.0084745763,0.006779661,0.0118644068,0.1254237288,0.4898305085,0.3474576271,0.0033898305
2686,data/images/quantifier/test_2686.png,41,0.0,0.006779661,0.0084745763,0.006779661,0.0118644068,0.1254237288,0.4898305085,0.3474576271,0.0033898305
2687,data/images/quantifier/test_2687.png,41,0.0,0.006779661,0.0084745763,0.006779661,0.0118644068,0.1254237288,0.4898305085,0.3474576271,0.0033898305
2688,data/images/quantifier/test_2688.png,41,0.0,0.006779661,0.0084745763,0.006779661,0.0118644068,0.1254237288,0.4898305085,0.3474576271,0.0033898305
2689,data/images/quantifier/test_2689.png,41,0.0,0.006779661,0.0084745763,0.006779661,0.0118644068,0.1254237288,0.4898305085,0.3474576271,0.0033898305
2690,data/images/quantifier/test_2690.png,41,0.0,0.006779661,0.0084745763,0.006779661,0.0118644068,0.1254237288,0.4898305085,0.3474576271,0.0033898305
2691,data/images/quantifier/test_2691.png,41,0.0,0.006779661,0.0084745763,0.006779661,0.0118644068,0.1254237288,0.4898305085,0.3474576271,0.0033898305
2692,data/images/quantifier/test_2692.png,41,0.0,0.006779661,0.0084745763,0.006779661,0.0118644068,0.1254237288,0.4898305085,0.3474576271,0.0033898305
2693,data/images/quantifier/test_2693.png,41,0.0,0.006779661,0.0084745763,0.006779661,0.0118644068,0.1254237288,0.4898305085,0.3474576271,0.0033898305
2694,data/images/quantifier/test_2694.png,41,0.0,0.006779661,0.0084745763,0.006779661,0.0118644068,0.1254237288,0.4898305085,0.3474576271,0.0033898305
2695,data/images/quantifier/test_2695.png,41,0.0,0.006779661,0.0084745763,0.006779661,0.0118644068,0.1254237288,0.4898305085,0.3474576271,0.0033898305
2696,data/images/quantifier/test_2696.png,41,0.0,0.006779661,0.0084745763,0.006779661,0.0118644068,0.1254237288,0.4898305085,0.3474576271,0.0033898305
2697,data/images/quantifier/test_2697.png,41,0.0,0.006779661,0.0084745763,0.006779661,0.0118644068,0.1254237288,0.4898305085,0.3474576271,0.0033898305
2698,data/images/quantifier/test_2698.png,41,0.0,0.006779661,0.0084745763,0.006779661,0.0118644068,0.1254237288,0.4898305085,0.3474576271,0.0033898305
2699,data/images/quantifier/test_2699.png,41,0.0,0.006779661,0.0084745763,0.006779661,0.0118644068,0.1254237288,0.4898305085,0.3474576271,0.0033898305
2700,data/images/quantifier/test_2700.png,41,0.0,0.006779661,0.0084745763,0.006779661,0.0118644068,0.1254237288,0.4898305085,0.3474576271,0.0033898305
2701,data/images/quantifier/test_2701.png,41,0.0,0.006779661,0.0084745763,0.006779661,0.0118644068,0.1254237288,0.4898305085,0.3474576271,0.0033898305
2702,data/images/quantifier/test_2702.png,41,0.0,0.006779661,0.0084745763,0.006779661,0.0118644068,0.1254237288,0.4898305085,0.3474576271,0.0033898305
2703,data/images/quantifier/test_2703.png,41,0.0,0.006779661,0.0084745763,0.006779661,0.0118644068,0.1254237288,0.4898305085,0.3474576271,0.0033898305
2704,data/images/quantifier/test_2704.png,41,0.0,0.006779661,0.0084745763,0.006779661,0.0118644068,0.1254237288,0.4898305085,0.3474576271,0.0033898305
2705,data/images/quantifier/test_2705.png,41,0.0,0.006779661,0.0084745763,0.006779661,0.0118644068,0.1254237288,0.4898305085,0.3474576271,0.0033898305
2706,data/images/quantifier/test_2706.png,41,0.0,0.006779661,0.0084745763,0.006779661,0.0118644068,0.1254237288,0.4898305085,0.3474576271,0.0033898305
2707,data/images/quantifier/test_2707.png,41,0.0,0.006779661,0.0084745763,0.006779661,0.0118644068,0.1254237288,0.4898305085,0.3474576271,0.0033898305
2708,data/images/quantifier/test_2708.png,41,0.0,0.006779661,0.0084745763,0.006779661,0.0118644068,0.1254237288,0.4898305085,0.3474576271,0.0033898305
2709,data/images/quantifier/test_2709.png,41,0.0,0.006779661,0.0084745763,0.006779661,0.0118644068,0.1254237288,0.4898305085,0.3474576271,0.0033898305
2710,data/images/quantifier/test_2710.png,41,0.0,0.006779661,0.0084745763,0.006779661,0.0118644068,0.1254237288,0.4898305085,0.3474576271,0.0033898305
2711,data/images/quantifier/test_2711.png,41,0.0,0.006779661,0.0084745763,0.006779661,0.0118644068,0.1254237288,0.4898305085,0.3474576271,0.0033898305
2712,data/images/quantifier/test_2712.png,41,0.0,0.006779661,0.0084745763,0.006779661,0.0118644068,0.1254237288,0.4898305085,0.3474576271,0.0033898305
2713,data/images/quantifier/test_2713.png,41,0.0,0.006779661,0.0084745763,0.006779661,0.0118644068,0.1254237288,0.4898305085,0.3474576271,0.0033898305
2714,data/images/quantifier/test_2714.png,41,0.0,0.006779661,0.0084745763,0.006779661,0.0118644068,0.1254237288,0.4898305085,0.3474576271,0.0033898305
2715,data/images/quantifier/test_2715.png,41,0.0,0.006779661,0.0084745763,0.006779661,0.0118644068,0.1254237288,0.4898305085,0.3474576271,0.0033898305
2716,data/images/quantifier/test_2716.png,41,0.0,0.006779661,0.0084745763,0.006779661,0.0118644068,0.1254237288,0.4898305085,0.3474576271,0.0033898305
2717,data/images/quantifier/test_2717.png,41,0.0,0.006779661,0.0084745763,0.006779661,0.0118644068,0.1254237288,0.4898305085,0.3474576271,0.0033898305
2718,data/images/quantifier/test_2718.png,41,0.0,0.006779661,0.0084745763,0.006779661,0.0118644068,0.1254237288,0.4898305085,0.3474576271,0.0033898305
2719,data/images/quantifier/test_2719.png,41,0.0,0.006779661,0.0084745763,0.006779661,0.0118644068,0.1254237288,0.4898305085,0.3474576271,0.0033898305
2720,data/images/quantifier/test_2720.png,41,0.0,0.006779661,0.0084745763,0.006779661,0.0118644068,0.1254237288,0.4898305085,0.3474576271,0.0033898305
2721,data/images/quantifier/test_2721.png,41,0.0,0.006779661,0.0084745763,0.006779661,0.0118644068,0.1254237288,0.4898305085,0.3474576271,0.0033898305
2722,data/images/quantifier/test_2722.png,41,0.0,0.006779661,0.0084745763,0.006779661,0.0118644068,0.1254237288,0.4898305085,0.3474576271,0.0033898305
2723,data/images/quantifier/test_2723.png,41,0.0,0.006779661,0.0084745763,0.006779661,0.0118644068,0.1254237288,0.4898305085,0.3474576271,0.0033898305
2724,data/images/quantifier/test_2724.png,41,0.0,0.006779661,0.0084745763,0.006779661,0.0118644068,0.1254237288,0.4898305085,0.3474576271,0.0033898305
2725,data/images/quantifier/test_2725.png,41,0.0,0.006779661,0.0084745763,0.006779661,0.0118644068,0.1254237288,0.4898305085,0.3474576271,0.0033898305
2726,data/images/quantifier/test_2726.png,41,0.0,0.006779661,0.0084745763,0.006779661,0.0118644068,0.1254237288,0.4898305085,0.3474576271,0.0033898305
2727,data/images/quantifier/test_2727.png,41,0.0,0.006779661,0.0084745763,0.006779661,0.0118644068,0.1254237288,0.4898305085,0.3474576271,0.0033898305
2728,data/images/quantifier/test_2728.png,41,0.0,0.006779661,0.0084745763,0.006779661,0.0118644068,0.1254237288,0.4898305085,0.3474576271,0.0033898305
2729,data/images/quantifier/test_2729.png,41,0.0,0.006779661,0.0084745763,0.006779661,0.0118644068,0.1254237288,0.4898305085,0.3474576271,0.0033898305
2730,data/images/quantifier/test_2730.png,41,0.0,0.006779661,0.0084745763,0.006779661,0.0118644068,0.1254237288,0.4898305085,0.3474576271,0.0033898305
2731,data/images/quantifier/test_2731.png,41,0.0,0.006779661,0.0084745763,0.006779661,0.0118644068,0.1254237288,0.4898305085,0.3474576271,0.0033898305
2732,data/images/quantifier/test_2732.png,41,0.0,0.006779661,0.0084745763,0.006779661,0.0118644068,0.1254237288,0.4898305085,0.3474576271,0.0033898305
2733,data/images/quantifier/test_2733.png,41,0.0,0.006779661,0.0084745763,0.006779661,0.0118644068,0.1254237288,0.4898305085,0.3474576271,0.0033898305
2734,data/images/quantifier/test_2734.png,41,0.0,0.006779661,0.0084745763,0.006779661,0.0118644068,0.1254237288,0.4898305085,0.3474576271,0.0033898305
2735,data/images/quantifier/test_2735.png,41,0.0,0.006779661,0.0084745763,0.006779661,0.0118644068,0.1254237288,0.4898305085,0.3474576271,0.0033898305
2736,data/images/quantifier/test_2736.png,41,0.0,0.006779661,0.0084745763,0.006779661,0.0118644068,0.1254237288,0.4898305085,0.3474576271,0.0033898305
2737,data/images/quantifier/test_2737.png,41,0.0,0.006779661,0.0084745763,0.006779661,0.0118644068,0.1254237288,0.4898305085,0.3474576271,0.0033898305
2738,data/images/quantifier/test_2738.png,41,0.0,0.006779661,0.0084745763,0.006779661,0.0118644068,0.1254237288,0.4898305085,0.3474576271,0.0033898305
2739,data/images/quantifier/test_2739.png,41,0.0,0.006779661,0.0084745763,0.006779661,0.0118644068,0.1254237288,0.4898305085,0.3474576271,0.0033898305
2740,data/images/quantifier/test_2740.png,41,0.0,0.006779661,0.0084745763,0.006779661,0.0118644068,0.1254237288,0.4898305085,0.3474576271,0.0033898305
2741,data/images/quantifier/test_2741.png,41,0.0,0.006779661,0.0084745763,0.006779661,0.0118644068,0.1254237288,0.4898305085,0.3474576271,0.0033898305
2742,data/images/quantifier/test_2742.png,41,0.0,0.006779661,0.0084745763,0.006779661,0.0118644068,0.1254237288,0.4898305085,0.3474576271,0.0033898305
2743,data/images/quantifier/test_2743.png,41,0.0,0.006779661,0.0084745763,0.006779661,0.0118644068,0.1254237288,0.4898305085,0.3474576271,0.0033898305
2744,data/images/quantifier/test_2744.png,41,0.0,0.006779661,0.0084745763,0.006779661,0.0118644068,0.1254237288,0.4898305085,0.3474576271,0.0033898305
2745,data/images/quantifier/test_2745.png,41,0.0,0.006779661,0.0084745763,0.006779661,0.0118644068,0.1254237288,0.4898305085,0.3474576271,0.0033898305
2746,data/images/quantifier/test_2746.png,41,0.0,0.006779661,0.0084745763,0.006779661,0.0118644068,0.1254237288,0.4898305085,0.3474576271,0.0033898305
2747,data/images/quantifier/test_2747.png,41,0.0,0.006779661,0.0084745763,0.006779661,0.0118644068,0.1254237288,0.4898305085,0.3474576271,0.0033898305
2748,data/images/quantifier/test_2748.png,41,0.0,0.006779661,0.0084745763,0.006779661,0.0118644068,0.1254237288,0.4898305085,0.3474576271,0.0033898305
2749,data/images/quantifier/test_2749.png,41,0.0,0.006779661,0.0084745763,0.006779661,0.0118644068,0.1254237288,0.4898305085,0.3474576271,0.0033898305
2750,data/images/quantifier/test_2750.png,41,0.0,0.006779661,0.0084745763,0.006779661,0.0118644068,0.1254237288,0.4898305085,0.3474576271,0.0033898305
2751,data/images/quantifier/test_2751.png,41,0.0,0.006779661,0.0084745763,0.006779661,0.0118644068,0.1254237288,0.4898305085,0.3474576271,0.0033898305
2752,data/images/quantifier/test_2752.png,41,0.0,0.006779661,0.0084745763,0.006779661,0.0118644068,0.1254237288,0.4898305085,0.3474576271,0.0033898305
2753,data/images/quantifier/test_2753.png,41,0.0,0.006779661,0.0084745763,0.006779661,0.0118644068,0.1254237288,0.4898305085,0.3474576271,0.0033898305
2754,data/images/quantifier/test_2754.png,41,0.0,0.006779661,0.0084745763,0.006779661,0.0118644068,0.1254237288,0.4898305085,0.3474576271,0.0033898305
2755,data/images/quantifier/test_2755.png,41,0.0,0.006779661,0.0084745763,0.006779661,0.0118644068,0.1254237288,0.4898305085,0.3474576271,0.0033898305
2756,data/images/quantifier/test_2756.png,41,0.0,0.006779661,0.0084745763,0.006779661,0.0118644068,0.1254237288,0.4898305085,0.3474576271,0.0033898305
2757,data/images/quantifier/test_2757.png,41,0.0,0.006779661,0.0084745763,0.006779661,0.0118644068,0.1254237288,0.4898305085,0.3474576271,0.0033898305
2758,data/images/quantifier/test_2758.png,41,0.0,0.006779661,0.0084745763,0.006779661,0.0118644068,0.1254237288,0.4898305085,0.3474576271,0.0033898305
2759,data/images/quantifier/test_2759.png,41,0.0,0.006779661,0.0084745763,0.006779661,0.0118644068,0.1254237288,0.4898305085,0.3474576271,0.0033898305
2760,data/images/quantifier/test_2760.png,41,0.0,0.006779661,0.0084745763,0.006779661,0.0118644068,0.1254237288,0.4898305085,0.3474576271,0.0033898305
2761,data/images/quantifier/test_2761.png,41,0.0,0.006779661,0.0084745763,0.006779661,0.0118644068,0.1254237288,0.4898305085,0.3474576271,0.0033898305
2762,data/images/quantifier/test_2762.png,41,0.0,0.006779661,0.0084745763,0.006779661,0.0118644068,0.1254237288,0.4898305085,0.3474576271,0.0033898305
2763,data/images/quantifier/test_2763.png,41,0.0,0.006779661,0.0084745763,0.006779661,0.0118644068,0.1254237288,0.4898305085,0.3474576271,0.0033898305
2764,data/images/quantifier/test_2764.png,41,0.0,0.006779661,0.0084745763,0.006779661,0.0118644068,0.1254237288,0.4898305085,0.3474576271,0.0033898305
2765,data/images/quantifier/test_2765.png,41,0.0,0.006779661,0.0084745763,0.006779661,0.0118644068,0.1254237288,0.4898305085,0.3474576271,0.0033898305
2766,data/images/quantifier/test_2766.png,41,0.0,0.006779661,0.0084745763,0.006779661,0.0118644068,0.1254237288,0.4898305085,0.3474576271,0.0033898305
2767,data/images/quantifier/test_2767.png,41,0.0,0.006779661,0.0084745763,0.006779661,0.0118644068,0.1254237288,0.4898305085,0.3474576271,0.0033898305
2768,data/images/quantifier/test_2768.png,41,0.0,0.006779661,0.0084745763,0.006779661,0.0118644068,0.1254237288,0.4898305085,0.3474576271,0.0033898305
2769,data/images/quantifier/test_2769.png,41,0.0,0.006779661,0.0084745763,0.006779661,0.0118644068,0.1254237288,0.4898305085,0.3474576271,0.0033898305
2770,data/images/quantifier/test_2770.png,41,0.0,0.006779661,0.0084745763,0.006779661,0.0118644068,0.1254237288,0.4898305085,0.3474576271,0.0033898305
2771,data/images/quantifier/test_2771.png,41,0.0,0.006779661,0.0084745763,0.006779661,0.0118644068,0.1254237288,0.4898305085,0.3474576271,0.0033898305
2772,data/images/quantifier/test_2772.png,41,0.0,0.006779661,0.0084745763,0.006779661,0.0118644068,0.1254237288,0.4898305085,0.3474576271,0.0033898305
2773,data/images/quantifier/test_2773.png,41,0.0,0.006779661,0.0084745763,0.006779661,0.0118644068,0.1254237288,0.4898305085,0.3474576271,0.0033898305
2774,data/images/quantifier/test_2774.png,41,0.0,0.006779661,0.0084745763,0.006779661,0.0118644068,0.1254237288,0.4898305085,0.3474576271,0.0033898305
2775,data/images/quantifier/test_2775.png,41,0.0,0.006779661,0.0084745763,0.006779661,0.0118644068,0.1254237288,0.4898305085,0.3474576271,0.0033898305
2776,data/images/quantifier/test_2776.png,41,0.0,0.006779661,0.0084745763,0.006779661,0.0118644068,0.1254237288,0.4898305085,0.3474576271,0.0033898305
2777,data/images/quantifier/test_2777.png,41,0.0,0.006779661,0.0084745763,0.006779661,0.0118644068,0.1254237288,0.4898305085,0.3474576271,0.0033898305
2778,data/images/quantifier/test_2778.png,41,0.0,0.006779661,0.0084745763,0.006779661,0.0118644068,0.1254237288,0.4898305085,0.3474576271,0.0033898305
2779,data/images/quantifier/test_2779.png,41,0.0,0.006779661,0.0084745763,0.006779661,0.0118644068,0.1254237288,0.4898305085,0.3474576271,0.0033898305
2780,data/images/quantifier/test_2780.png,41,0.0,0.006779661,0.0084745763,0.006779661,0.0118644068,0.1254237288,0.4898305085,0.3474576271,0.0033898305
2781,data/images/quantifier/test_2781.png,41,0.0,0.006779661,0.0084745763,0.006779661,0.0118644068,0.1254237288,0.4898305085,0.3474576271,0.0033898305
2782,data/images/quantifier/test_2782.png,41,0.0,0.006779661,0.0084745763,0.006779661,0.0118644068,0.1254237288,0.4898305085,0.3474576271,0.0033898305
2783,data/images/quantifier/test_2783.png,41,0.0,0.006779661,0.0084745763,0.006779661,0.0118644068,0.1254237288,0.4898305085,0.3474576271,0.0033898305
2784,data/images/quantifier/test_2784.png,41,0.0,0.006779661,0.0084745763,0.006779661,0.0118644068,0.1254237288,0.4898305085,0.3474576271,0.0033898305
2785,data/images/quantifier/test_2785.png,41,0.0,0.006779661,0.0084745763,0.006779661,0.0118644068,0.1254237288,0.4898305085,0.3474576271,0.0033898305
2786,data/images/quantifier/test_2786.png,41,0.0,0.006779661,0.0084745763,0.006779661,0.0118644068,0.1254237288,0.4898305085,0.3474576271,0.0033898305
2787,data/images/quantifier/test_2787.png,41,0.0,0.006779661,0.0084745763,0.006779661,0.0118644068,0.1254237288,0.4898305085,0.3474576271,0.0033898305
2788,data/images/quantifier/test_2788.png,41,0.0,0.006779661,0.0084745763,0.006779661,0.0118644068,0.1254237288,0.4898305085,0.3474576271,0.0033898305
2789,data/images/quantifier/test_2789.png,41,0.0,0.006779661,0.0084745763,0.006779661,0.0118644068,0.1254237288,0.4898305085,0.3474576271,0.0033898305
2790,data/images/quantifier/test_2790.png,41,0.0,0.006779661,0.0084745763,0.006779661,0.0118644068,0.1254237288,0.4898305085,0.3474576271,0.0033898305
2791,data/images/quantifier/test_2791.png,41,0.0,0.006779661,0.0084745763,0.006779661,0.0118644068,0.1254237288,0.4898305085,0.3474576271,0.0033898305
2792,data/images/quantifier/test_2792.png,41,0.0,0.006779661,0.0084745763,0.006779661,0.0118644068,0.1254237288,0.4898305085,0.3474576271,0.0033898305
2793,data/images/quantifier/test_2793.png,41,0.0,0.006779661,0.0084745763,0.006779661,0.0118644068,0.1254237288,0.4898305085,0.3474576271,0.0033898305
2794,data/images/quantifier/test_2794.png,41,0.0,0.006779661,0.0084745763,0.006779661,0.0118644068,0.1254237288,0.4898305085,0.3474576271,0.0033898305
2795,data/images/quantifier/test_2795.png,41,0.0,0.006779661,0.0084745763,0.006779661,0.0118644068,0.1254237288,0.4898305085,0.3474576271,0.0033898305
2796,data/images/quantifier/test_2796.png,41,0.0,0.006779661,0.0084745763,0.006779661,0.0118644068,0.1254237288,0.4898305085,0.3474576271,0.0033898305
2797,data/images/quantifier/test_2797.png,41,0.0,0.006779661,0.0084745763,0.006779661,0.0118644068,0.1254237288,0.4898305085,0.3474576271,0.0033898305
2798,data/images/quantifier/test_2798.png,41,0.0,0.006779661,0.0084745763,0.006779661,0.0118644068,0.1254237288,0.4898305085,0.3474576271,0.0033898305
2799,data/images/quantifier/test_2799.png,41,0.0,0.006779661,0.0084745763,0.006779661,0.0118644068,0.1254237288,0.4898305085,0.3474576271,0.0033898305
2800,data/images/quantifier/test_2800.png,51,0.0,0.0118243243,0.0084459459,0.0,0.0050675676,0.1081081081,0.3969594595,0.4695945946,0.0
2801,data/images/quantifier/test_2801.png,51,0.0,0.0118243243,0.0084459459,0.0,0.0050675676,0.1081081081,0.3969594595,0.4695945946,0.0
2802,data/images/quantifier/test_2802.png,51,0.0,0.0118243243,0.0084459459,0.0,0.0050675676,0.1081081081,0.3969594595,0.4695945946,0.0
2803,data/images/quantifier/test_2803.png,51,0.0,0.0118243243,0.0084459459,0.0,0.0050675676,0.1081081081,0.3969594595,0.4695945946,0.0
2804,data/images/quantifier/test_2804.png,51,0.0,0.0118243243,0.0084459459,0.0,0.0050675676,0.1081081081,0.3969594595,0.4695945946,0.0
2805,data/images/quantifier/test_2805.png,51,0.0,0.0118243243,0.0084459459,0.0,0.0050675676,0.1081081081,0.3969594595,0.4695945946,0.0
2806,data/images/quantifier/test_2806.png,51,0.0,0.0118243243,0.0084459459,0.0,0.0050675676,0.1081081081,0.3969594595,0.4695945946,0.0
2807,data/images/quantifier/test_2807.png,51,0.0,0.0118243243,0.0084459459,0.0,0.0050675676,0.1081081081,0.3969594595,0.4695945946,0.0
2808,data/images/quantifier/test_2808.png,51,0.0,0.0118243243,0.0084459459,0.0,0.0050675676,0.1081081081,0.3969594595,0.4695945946,0.0
2809,data/images/quantifier/test_2809.png,51,0.0,0.0118243243,0.0084459459,0.0,0.0050675676,0.1081081081,0.3969594595,0.4695945946,0.0
2810,data/images/quantifier/test_2810.png,51,0.0,0.0118243243,0.0084459459,0.0,0.0050675676,0.1081081081,0.3969594595,0.4695945946,0.0
2811,data/images/quantifier/test_2811.png,51,0.0,0.0118243243,0.0084459459,0.0,0.0050675676,0.1081081081,0.3969594595,0.4695945946,0.0
2812,data/images/quantifier/test_2812.png,51,0.0,0.0118243243,0.0084459459,0.0,0.0050675676,0.1081081081,0.3969594595,0.4695945946,0.0
2813,data/images/quantifier/test_2813.png,51,0.0,0.0118243243,0.0084459459,0.0,0.0050675676,0.1081081081,0.3969594595,0.4695945946,0.0
2814,data/images/quantifier/test_2814.png,51,0.0,0.0118243243,0.0084459459,0.0,0.0050675676,0.1081081081,0.3969594595,0.4695945946,0.0
2815,data/images/quantifier/test_2815.png,51,0.0,0.0118243243,0.0084459459,0.0,0.0050675676,0.1081081081,0.3969594595,0.4695945946,0.0
2816,data/images/quantifier/test_2816.png,51,0.0,0.0118243243,0.0084459459,0.0,0.0050675676,0.1081081081,0.3969594595,0.4695945946,0.0
2817,data/images/quantifier/test_2817.png,51,0.0,0.0118243243,0.0084459459,0.0,0.0050675676,0.1081081081,0.3969594595,0.4695945946,0.0
2818,data/images/quantifier/test_2818.png,51,0.0,0.0118243243,0.0084459459,0.0,0.0050675676,0.1081081081,0.3969594595,0.4695945946,0.0
2819,data/images/quantifier/test_2819.png,51,0.0,0.0118243243,0.0084459459,0.0,0.0050675676,0.1081081081,0.3969594595,0.4695945946,0.0
2820,data/images/quantifier/test_2820.png,51,0.0,0.0118243243,0.0084459459,0.0,0.0050675676,0.1081081081,0.3969594595,0.4695945946,0.0
2821,data/images/quantifier/test_2821.png,51,0.0,0.0118243243,0.0084459459,0.0,0.0050675676,0.1081081081,0.3969594595,0.4695945946,0.0
2822,data/images/quantifier/test_2822.png,51,0.0,0.0118243243,0.0084459459,0.0,0.0050675676,0.1081081081,0.3969594595,0.4695945946,0.0
2823,data/images/quantifier/test_2823.png,51,0.0,0.0118243243,0.0084459459,0.0,0.0050675676,0.1081081081,0.3969594595,0.4695945946,0.0
2824,data/images/quantifier/test_2824.png,51,0.0,0.0118243243,0.0084459459,0.0,0.0050675676,0.1081081081,0.3969594595,0.4695945946,0.0
2825,data/images/quantifier/test_2825.png,51,0.0,0.0118243243,0.0084459459,0.0,0.0050675676,0.1081081081,0.3969594595,0.4695945946,0.0
2826,data/images/quantifier/test_2826.png,51,0.0,0.0118243243,0.0084459459,0.0,0.0050675676,0.1081081081,0.3969594595,0.4695945946,0.0
2827,data/images/quantifier/test_2827.png,51,0.0,0.0118243243,0.0084459459,0.0,0.0050675676,0.1081081081,0.3969594595,0.4695945946,0.0
2828,data/images/quantifier/test_2828.png,51,0.0,0.0118243243,0.0084459459,0.0,0.0050675676,0.1081081081,0.3969594595,0.4695945946,0.0
2829,data/images/quantifier/test_2829.png,51,0.0,0.0118243243,0.0084459459,0.0,0.0050675676,0.1081081081,0.3969594595,0.4695945946,0.0
2830,data/images/quantifier/test_2830.png,51,0.0,0.0118243243,0.0084459459,0.0,0.0050675676,0.1081081081,0.3969594595,0.4695945946,0.0
2831,data/images/quantifier/test_2831.png,51,0.0,0.0118243243,0.0084459459,0.0,0.0050675676,0.1081081081,0.3969594595,0.4695945946,0.0
2832,data/images/quantifier/test_2832.png,51,0.0,0.0118243243,0.0084459459,0.0,0.0050675676,0.1081081081,0.3969594595,0.4695945946,0.0
2833,data/images/quantifier/test_2833.png,51,0.0,0.0118243243,0.0084459459,0.0,0.0050675676,0.1081081081,0.3969594595,0.4695945946,0.0
2834,data/images/quantifier/test_2834.png,51,0.0,0.0118243243,0.0084459459,0.0,0.0050675676,0.1081081081,0.3969594595,0.4695945946,0.0
2835,data/images/quantifier/test_2835.png,51,0.0,0.0118243243,0.0084459459,0.0,0.0050675676,0.1081081081,0.3969594595,0.4695945946,0.0
2836,data/images/quantifier/test_2836.png,51,0.0,0.0118243243,0.0084459459,0.0,0.0050675676,0.1081081081,0.3969594595,0.4695945946,0.0
2837,data/images/quantifier/test_2837.png,51,0.0,0.0118243243,0.0084459459,0.0,0.0050675676,0.1081081081,0.3969594595,0.4695945946,0.0
2838,data/images/quantifier/test_2838.png,51,0.0,0.0118243243,0.0084459459,0.0,0.0050675676,0.1081081081,0.3969594595,0.4695945946,0.0
2839,data/images/quantifier/test_2839.png,51,0.0,0.0118243243,0.0084459459,0.0,0.0050675676,0.1081081081,0.3969594595,0.4695945946,0.0
2840,data/images/quantifier/test_2840.png,51,0.0,0.0118243243,0.0084459459,0.0,0.0050675676,0.1081081081,0.3969594595,0.4695945946,0.0
2841,data/images/quantifier/test_2841.png,51,0.0,0.0118243243,0.0084459459,0.0,0.0050675676,0.1081081081,0.3969594595,0.4695945946,0.0
2842,data/images/quantifier/test_2842.png,51,0.0,0.0118243243,0.0084459459,0.0,0.0050675676,0.1081081081,0.3969594595,0.4695945946,0.0
2843,data/images/quantifier/test_2843.png,51,0.0,0.0118243243,0.0084459459,0.0,0.0050675676,0.1081081081,0.3969594595,0.4695945946,0.0
2844,data/images/quantifier/test_2844.png,51,0.0,0.0118243243,0.0084459459,0.0,0.0050675676,0.1081081081,0.3969594595,0.4695945946,0.0
2845,data/images/quantifier/test_2845.png,51,0.0,0.0118243243,0.0084459459,0.0,0.0050675676,0.1081081081,0.3969594595,0.4695945946,0.0
2846,data/images/quantifier/test_2846.png,51,0.0,0.0118243243,0.0084459459,0.0,0.0050675676,0.1081081081,0.3969594595,0.4695945946,0.0
2847,data/images/quantifier/test_2847.png,51,0.0,0.0118243243,0.0084459459,0.0,0.0050675676,0.1081081081,0.3969594595,0.4695945946,0.0
2848,data/images/quantifier/test_2848.png,51,0.0,0.0118243243,0.0084459459,0.0,0.0050675676,0.1081081081,0.3969594595,0.4695945946,0.0
2849,data/images/quantifier/test_2849.png,51,0.0,0.0118243243,0.0084459459,0.0,0.0050675676,0.1081081081,0.3969594595,0.4695945946,0.0
2850,data/images/quantifier/test_2850.png,51,0.0,0.0118243243,0.0084459459,0.0,0.0050675676,0.1081081081,0.3969594595,0.4695945946,0.0
2851,data/images/quantifier/test_2851.png,51,0.0,0.0118243243,0.0084459459,0.0,0.0050675676,0.1081081081,0.3969594595,0.4695945946,0.0
2852,data/images/quantifier/test_2852.png,51,0.0,0.0118243243,0.0084459459,0.0,0.0050675676,0.1081081081,0.3969594595,0.4695945946,0.0
2853,data/images/quantifier/test_2853.png,51,0.0,0.0118243243,0.0084459459,0.0,0.0050675676,0.1081081081,0.3969594595,0.4695945946,0.0
2854,data/images/quantifier/test_2854.png,51,0.0,0.0118243243,0.0084459459,0.0,0.0050675676,0.1081081081,0.3969594595,0.4695945946,0.0
2855,data/images/quantifier/test_2855.png,51,0.0,0.0118243243,0.0084459459,0.0,0.0050675676,0.1081081081,0.3969594595,0.4695945946,0.0
2856,data/images/quantifier/test_2856.png,51,0.0,0.0118243243,0.0084459459,0.0,0.0050675676,0.1081081081,0.3969594595,0.4695945946,0.0
2857,data/images/quantifier/test_2857.png,51,0.0,0.0118243243,0.0084459459,0.0,0.0050675676,0.1081081081,0.3969594595,0.4695945946,0.0
2858,data/images/quantifier/test_2858.png,51,0.0,0.0118243243,0.0084459459,0.0,0.0050675676,0.1081081081,0.3969594595,0.4695945946,0.0
2859,data/images/quantifier/test_2859.png,51,0.0,0.0118243243,0.0084459459,0.0,0.0050675676,0.1081081081,0.3969594595,0.4695945946,0.0
2860,data/images/quantifier/test_2860.png,51,0.0,0.0118243243,0.0084459459,0.0,0.0050675676,0.1081081081,0.3969594595,0.4695945946,0.0
2861,data/images/quantifier/test_2861.png,51,0.0,0.0118243243,0.0084459459,0.0,0.0050675676,0.1081081081,0.3969594595,0.4695945946,0.0
2862,data/images/quantifier/test_2862.png,51,0.0,0.0118243243,0.0084459459,0.0,0.0050675676,0.1081081081,0.3969594595,0.4695945946,0.0
2863,data/images/quantifier/test_2863.png,51,0.0,0.0118243243,0.0084459459,0.0,0.0050675676,0.1081081081,0.3969594595,0.4695945946,0.0
2864,data/images/quantifier/test_2864.png,51,0.0,0.0118243243,0.0084459459,0.0,0.0050675676,0.1081081081,0.3969594595,0.4695945946,0.0
2865,data/images/quantifier/test_2865.png,51,0.0,0.0118243243,0.0084459459,0.0,0.0050675676,0.1081081081,0.3969594595,0.4695945946,0.0
2866,data/images/quantifier/test_2866.png,51,0.0,0.0118243243,0.0084459459,0.0,0.0050675676,0.1081081081,0.3969594595,0.4695945946,0.0
2867,data/images/quantifier/test_2867.png,51,0.0,0.0118243243,0.0084459459,0.0,0.0050675676,0.1081081081,0.3969594595,0.4695945946,0.0
2868,data/images/quantifier/test_2868.png,51,0.0,0.0118243243,0.0084459459,0.0,0.0050675676,0.1081081081,0.3969594595,0.4695945946,0.0
2869,data/images/quantifier/test_2869.png,51,0.0,0.0118243243,0.0084459459,0.0,0.0050675676,0.1081081081,0.3969594595,0.4695945946,0.0
2870,data/images/quantifier/test_2870.png,51,0.0,0.0118243243,0.0084459459,0.0,0.0050675676,0.1081081081,0.3969594595,0.4695945946,0.0
2871,data/images/quantifier/test_2871.png,51,0.0,0.0118243243,0.0084459459,0.0,0.0050675676,0.1081081081,0.3969594595,0.4695945946,0.0
2872,data/images/quantifier/test_2872.png,51,0.0,0.0118243243,0.0084459459,0.0,0.0050675676,0.1081081081,0.3969594595,0.4695945946,0.0
2873,data/images/quantifier/test_2873.png,51,0.0,0.0118243243,0.0084459459,0.0,0.0050675676,0.1081081081,0.3969594595,0.4695945946,0.0
2874,data/images/quantifier/test_2874.png,51,0.0,0.0118243243,0.0084459459,0.0,0.0050675676,0.1081081081,0.3969594595,0.4695945946,0.0
2875,data/images/quantifier/test_2875.png,51,0.0,0.0118243243,0.0084459459,0.0,0.0050675676,0.1081081081,0.3969594595,0.4695945946,0.0
2876,data/images/quantifier/test_2876.png,51,0.0,0.0118243243,0.0084459459,0.0,0.0050675676,0.1081081081,0.3969594595,0.4695945946,0.0
2877,data/images/quantifier/test_2877.png,51,0.0,0.0118243243,0.0084459459,0.0,0.0050675676,0.1081081081,0.3969594595,0.4695945946,0.0
2878,data/images/quantifier/test_2878.png,51,0.0,0.0118243243,0.0084459459,0.0,0.0050675676,0.1081081081,0.3969594595,0.4695945946,0.0
2879,data/images/quantifier/test_2879.png,51,0.0,0.0118243243,0.0084459459,0.0,0.0050675676,0.1081081081,0.3969594595,0.4695945946,0.0
2880,data/images/quantifier/test_2880.png,51,0.0,0.0118243243,0.0084459459,0.0,0.0050675676,0.1081081081,0.3969594595,0.4695945946,0.0
2881,data/images/quantifier/test_2881.png,51,0.0,0.0118243243,0.0084459459,0.0,0.0050675676,0.1081081081,0.3969594595,0.4695945946,0.0
2882,data/images/quantifier/test_2882.png,51,0.0,0.0118243243,0.0084459459,0.0,0.0050675676,0.1081081081,0.3969594595,0.4695945946,0.0
2883,data/images/quantifier/test_2883.png,51,0.0,0.0118243243,0.0084459459,0.0,0.0050675676,0.1081081081,0.3969594595,0.4695945946,0.0
2884,data/images/quantifier/test_2884.png,51,0.0,0.0118243243,0.0084459459,0.0,0.0050675676,0.1081081081,0.3969594595,0.4695945946,0.0
2885,data/images/quantifier/test_2885.png,51,0.0,0.0118243243,0.0084459459,0.0,0.0050675676,0.1081081081,0.3969594595,0.4695945946,0.0
2886,data/images/quantifier/test_2886.png,51,0.0,0.0118243243,0.0084459459,0.0,0.0050675676,0.1081081081,0.3969594595,0.4695945946,0.0
2887,data/images/quantifier/test_2887.png,51,0.0,0.0118243243,0.0084459459,0.0,0.0050675676,0.1081081081,0.3969594595,0.4695945946,0.0
2888,data/images/quantifier/test_2888.png,51,0.0,0.0118243243,0.0084459459,0.0,0.0050675676,0.1081081081,0.3969594595,0.4695945946,0.0
2889,data/images/quantifier/test_2889.png,51,0.0,0.0118243243,0.0084459459,0.0,0.0050675676,0.1081081081,0.3969594595,0.4695945946,0.0
2890,data/images/quantifier/test_2890.png,51,0.0,0.0118243243,0.0084459459,0.0,0.0050675676,0.1081081081,0.3969594595,0.4695945946,0.0
2891,data/images/quantifier/test_2891.png,51,0.0,0.0118243243,0.0084459459,0.0,0.0050675676,0.1081081081,0.3969594595,0.4695945946,0.0
2892,data/images/quantifier/test_2892.png,51,0.0,0.0118243243,0.0084459459,0.0,0.0050675676,0.1081081081,0.3969594595,0.4695945946,0.0
2893,data/images/quantifier/test_2893.png,51,0.0,0.0118243243,0.0084459459,0.0,0.0050675676,0.1081081081,0.3969594595,0.4695945946,0.0
2894,data/images/quantifier/test_2894.png,51,0.0,0.0118243243,0.0084459459,0.0,0.0050675676,0.1081081081,0.3969594595,0.4695945946,0.0
2895,data/images/quantifier/test_2895.png,51,0.0,0.0118243243,0.0084459459,0.0,0.0050675676,0.1081081081,0.3969594595,0.4695945946,0.0
2896,data/images/quantifier/test_2896.png,51,0.0,0.0118243243,0.0084459459,0.0,0.0050675676,0.1081081081,0.3969594595,0.4695945946,0.0
2897,data/images/quantifier/test_2897.png,51,0.0,0.0118243243,0.0084459459,0.0,0.0050675676,0.1081081081,0.3969594595,0.4695945946,0.0
2898,data/images/quantifier/test_2898.png,51,0.0,0.0118243243,0.0084459459,0.0,0.0050675676,0.1081081081,0.3969594595,0.4695945946,0.0
2899,data/images/quantifier/test_2899.png,51,0.0,0.0118243243,0.0084459459,0.0,0.0050675676,0.1081081081,0.3969594595,0.4695945946,0.0
2900,data/images/quantifier/test_2900.png,51,0.0,0.0118243243,0.0084459459,0.0,0.0050675676,0.1081081081,0.3969594595,0.4695945946,0.0
2901,data/images/quantifier/test_2901.png,51,0.0,0.0118243243,0.0084459459,0.0,0.0050675676,0.1081081081,0.3969594595,0.4695945946,0.0
2902,data/images/quantifier/test_2902.png,51,0.0,0.0118243243,0.0084459459,0.0,0.0050675676,0.1081081081,0.3969594595,0.4695945946,0.0
2903,data/images/quantifier/test_2903.png,51,0.0,0.0118243243,0.0084459459,0.0,0.0050675676,0.1081081081,0.3969594595,0.4695945946,0.0
2904,data/images/quantifier/test_2904.png,51,0.0,0.0118243243,0.0084459459,0.0,0.0050675676,0.1081081081,0.3969594595,0.4695945946,0.0
2905,data/images/quantifier/test_2905.png,51,0.0,0.0118243243,0.0084459459,0.0,0.0050675676,0.1081081081,0.3969594595,0.4695945946,0.0
2906,data/images/quantifier/test_2906.png,51,0.0,0.0118243243,0.0084459459,0.0,0.0050675676,0.1081081081,0.3969594595,0.4695945946,0.0
2907,data/images/quantifier/test_2907.png,51,0.0,0.0118243243,0.0084459459,0.0,0.0050675676,0.1081081081,0.3969594595,0.4695945946,0.0
2908,data/images/quantifier/test_2908.png,51,0.0,0.0118243243,0.0084459459,0.0,0.0050675676,0.1081081081,0.3969594595,0.4695945946,0.0
2909,data/images/quantifier/test_2909.png,51,0.0,0.0118243243,0.0084459459,0.0,0.0050675676,0.1081081081,0.3969594595,0.4695945946,0.0
2910,data/images/quantifier/test_2910.png,51,0.0,0.0118243243,0.0084459459,0.0,0.0050675676,0.1081081081,0.3969594595,0.4695945946,0.0
2911,data/images/quantifier/test_2911.png,51,0.0,0.0118243243,0.0084459459,0.0,0.0050675676,0.1081081081,0.3969594595,0.4695945946,0.0
2912,data/images/quantifier/test_2912.png,51,0.0,0.0118243243,0.0084459459,0.0,0.0050675676,0.1081081081,0.3969594595,0.4695945946,0.0
2913,data/images/quantifier/test_2913.png,51,0.0,0.0118243243,0.0084459459,0.0,0.0050675676,0.1081081081,0.3969594595,0.4695945946,0.0
2914,data/images/quantifier/test_2914.png,51,0.0,0.0118243243,0.0084459459,0.0,0.0050675676,0.1081081081,0.3969594595,0.4695945946,0.0
2915,data/images/quantifier/test_2915.png,51,0.0,0.0118243243,0.0084459459,0.0,0.0050675676,0.1081081081,0.3969594595,0.4695945946,0.0
2916,data/images/quantifier/test_2916.png,51,0.0,0.0118243243,0.0084459459,0.0,0.0050675676,0.1081081081,0.3969594595,0.4695945946,0.0
2917,data/images/quantifier/test_2917.png,51,0.0,0.0118243243,0.0084459459,0.0,0.0050675676,0.1081081081,0.3969594595,0.4695945946,0.0
2918,data/images/quantifier/test_2918.png,51,0.0,0.0118243243,0.0084459459,0.0,0.0050675676,0.1081081081,0.3969594595,0.4695945946,0.0
2919,data/images/quantifier/test_2919.png,51,0.0,0.0118243243,0.0084459459,0.0,0.0050675676,0.1081081081,0.3969594595,0.4695945946,0.0
2920,data/images/quantifier/test_2920.png,51,0.0,0.0118243243,0.0084459459,0.0,0.0050675676,0.1081081081,0.3969594595,0.4695945946,0.0
2921,data/images/quantifier/test_2921.png,51,0.0,0.0118243243,0.0084459459,0.0,0.0050675676,0.1081081081,0.3969594595,0.4695945946,0.0
2922,data/images/quantifier/test_2922.png,51,0.0,0.0118243243,0.0084459459,0.0,0.0050675676,0.1081081081,0.3969594595,0.4695945946,0.0
2923,data/images/quantifier/test_2923.png,51,0.0,0.0118243243,0.0084459459,0.0,0.0050675676,0.1081081081,0.3969594595,0.4695945946,0.0
2924,data/images/quantifier/test_2924.png,51,0.0,0.0118243243,0.0084459459,0.0,0.0050675676,0.1081081081,0.3969594595,0.4695945946,0.0
2925,data/images/quantifier/test_2925.png,51,0.0,0.0118243243,0.0084459459,0.0,0.0050675676,0.1081081081,0.3969594595,0.4695945946,0.0
2926,data/images/quantifier/test_2926.png,51,0.0,0.0118243243,0.0084459459,0.0,0.0050675676,0.1081081081,0.3969594595,0.4695945946,0.0
2927,data/images/quantifier/test_2927.png,51,0.0,0.0118243243,0.0084459459,0.0,0.0050675676,0.1081081081,0.3969594595,0.4695945946,0.0
2928,data/images/quantifier/test_2928.png,51,0.0,0.0118243243,0.0084459459,0.0,0.0050675676,0.1081081081,0.3969594595,0.4695945946,0.0
2929,data/images/quantifier/test_2929.png,51,0.0,0.0118243243,0.0084459459,0.0,0.0050675676,0.1081081081,0.3969594595,0.4695945946,0.0
2930,data/images/quantifier/test_2930.png,51,0.0,0.0118243243,0.0084459459,0.0,0.0050675676,0.1081081081,0.3969594595,0.4695945946,0.0
2931,data/images/quantifier/test_2931.png,51,0.0,0.0118243243,0.0084459459,0.0,0.0050675676,0.1081081081,0.3969594595,0.4695945946,0.0
2932,data/images/quantifier/test_2932.png,51,0.0,0.0118243243,0.0084459459,0.0,0.0050675676,0.1081081081,0.3969594595,0.4695945946,0.0
2933,data/images/quantifier/test_2933.png,51,0.0,0.0118243243,0.0084459459,0.0,0.0050675676,0.1081081081,0.3969594595,0.4695945946,0.0
2934,data/images/quantifier/test_2934.png,51,0.0,0.0118243243,0.0084459459,0.0,0.0050675676,0.1081081081,0.3969594595,0.4695945946,0.0
2935,data/images/quantifier/test_2935.png,51,0.0,0.0118243243,0.0084459459,0.0,0.0050675676,0.1081081081,0.3969594595,0.4695945946,0.0
2936,data/images/quantifier/test_2936.png,51,0.0,0.0118243243,0.0084459459,0.0,0.0050675676,0.1081081081,0.3969594595,0.4695945946,0.0
2937,data/images/quantifier/test_2937.png,51,0.0,0.0118243243,0.0084459459,0.0,0.0050675676,0.1081081081,0.3969594595,0.4695945946,0.0
2938,data/images/quantifier/test_2938.png,51,0.0,0.0118243243,0.0084459459,0.0,0.0050675676,0.1081081081,0.3969594595,0.4695945946,0.0
2939,data/images/quantifier/test_2939.png,51,0.0,0.0118243243,0.0084459459,0.0,0.0050675676,0.1081081081,0.3969594595,0.4695945946,0.0
2940,data/images/quantifier/test_2940.png,51,0.0,0.0118243243,0.0084459459,0.0,0.0050675676,0.1081081081,0.3969594595,0.4695945946,0.0
2941,data/images/quantifier/test_2941.png,51,0.0,0.0118243243,0.0084459459,0.0,0.0050675676,0.1081081081,0.3969594595,0.4695945946,0.0
2942,data/images/quantifier/test_2942.png,51,0.0,0.0118243243,0.0084459459,0.0,0.0050675676,0.1081081081,0.3969594595,0.4695945946,0.0
2943,data/images/quantifier/test_2943.png,51,0.0,0.0118243243,0.0084459459,0.0,0.0050675676,0.1081081081,0.3969594595,0.4695945946,0.0
2944,data/images/quantifier/test_2944.png,51,0.0,0.0118243243,0.0084459459,0.0,0.0050675676,0.1081081081,0.3969594595,0.4695945946,0.0
2945,data/images/quantifier/test_2945.png,51,0.0,0.0118243243,0.0084459459,0.0,0.0050675676,0.1081081081,0.3969594595,0.4695945946,0.0
2946,data/images/quantifier/test_2946.png,51,0.0,0.0118243243,0.0084459459,0.0,0.0050675676,0.1081081081,0.3969594595,0.4695945946,0.0
2947,data/images/quantifier/test_2947.png,51,0.0,0.0118243243,0.0084459459,0.0,0.0050675676,0.1081081081,0.3969594595,0.4695945946,0.0
2948,data/images/quantifier/test_2948.png,51,0.0,0.0118243243,0.0084459459,0.0,0.0050675676,0.1081081081,0.3969594595,0.4695945946,0.0
2949,data/images/quantifier/test_2949.png,51,0.0,0.0118243243,0.0084459459,0.0,0.0050675676,0.1081081081,0.3969594595,0.4695945946,0.0
2950,data/images/quantifier/test_2950.png,51,0.0,0.0118243243,0.0084459459,0.0,0.0050675676,0.1081081081,0.3969594595,0.4695945946,0.0
2951,data/images/quantifier/test_2951.png,51,0.0,0.0118243243,0.0084459459,0.0,0.0050675676,0.1081081081,0.3969594595,0.4695945946,0.0
2952,data/images/quantifier/test_2952.png,51,0.0,0.0118243243,0.0084459459,0.0,0.0050675676,0.1081081081,0.3969594595,0.4695945946,0.0
2953,data/images/quantifier/test_2953.png,51,0.0,0.0118243243,0.0084459459,0.0,0.0050675676,0.1081081081,0.3969594595,0.4695945946,0.0
2954,data/images/quantifier/test_2954.png,51,0.0,0.0118243243,0.0084459459,0.0,0.0050675676,0.1081081081,0.3969594595,0.4695945946,0.0
2955,data/images/quantifier/test_2955.png,51,0.0,0.0118243243,0.0084459459,0.0,0.0050675676,0.1081081081,0.3969594595,0.4695945946,0.0
2956,data/images/quantifier/test_2956.png,51,0.0,0.0118243243,0.0084459459,0.0,0.0050675676,0.1081081081,0.3969594595,0.4695945946,0.0
2957,data/images/quantifier/test_2957.png,51,0.0,0.0118243243,0.0084459459,0.0,0.0050675676,0.1081081081,0.3969594595,0.4695945946,0.0
2958,data/images/quantifier/test_2958.png,51,0.0,0.0118243243,0.0084459459,0.0,0.0050675676,0.1081081081,0.3969594595,0.4695945946,0.0
2959,data/images/quantifier/test_2959.png,51,0.0,0.0118243243,0.0084459459,0.0,0.0050675676,0.1081081081,0.3969594595,0.4695945946,0.0
2960,data/images/quantifier/test_2960.png,51,0.0,0.0118243243,0.0084459459,0.0,0.0050675676,0.1081081081,0.3969594595,0.4695945946,0.0
2961,data/images/quantifier/test_2961.png,51,0.0,0.0118243243,0.0084459459,0.0,0.0050675676,0.1081081081,0.3969594595,0.4695945946,0.0
2962,data/images/quantifier/test_2962.png,51,0.0,0.0118243243,0.0084459459,0.0,0.0050675676,0.1081081081,0.3969594595,0.4695945946,0.0
2963,data/images/quantifier/test_2963.png,51,0.0,0.0118243243,0.0084459459,0.0,0.0050675676,0.1081081081,0.3969594595,0.4695945946,0.0
2964,data/images/quantifier/test_2964.png,51,0.0,0.0118243243,0.0084459459,0.0,0.0050675676,0.1081081081,0.3969594595,0.4695945946,0.0
2965,data/images/quantifier/test_2965.png,51,0.0,0.0118243243,0.0084459459,0.0,0.0050675676,0.1081081081,0.3969594595,0.4695945946,0.0
2966,data/images/quantifier/test_2966.png,51,0.0,0.0118243243,0.0084459459,0.0,0.0050675676,0.1081081081,0.3969594595,0.4695945946,0.0
2967,data/images/quantifier/test_2967.png,51,0.0,0.0118243243,0.0084459459,0.0,0.0050675676,0.1081081081,0.3969594595,0.4695945946,0.0
2968,data/images/quantifier/test_2968.png,51,0.0,0.0118243243,0.0084459459,0.0,0.0050675676,0.1081081081,0.3969594595,0.4695945946,0.0
2969,data/images/quantifier/test_2969.png,51,0.0,0.0118243243,0.0084459459,0.0,0.0050675676,0.1081081081,0.3969594595,0.4695945946,0.0
2970,data/images/quantifier/test_2970.png,51,0.0,0.0118243243,0.0084459459,0.0,0.0050675676,0.1081081081,0.3969594595,0.4695945946,0.0
2971,data/images/quantifier/test_2971.png,51,0.0,0.0118243243,0.0084459459,0.0,0.0050675676,0.1081081081,0.3969594595,0.4695945946,0.0
2972,data/images/quantifier/test_2972.png,51,0.0,0.0118243243,0.0084459459,0.0,0.0050675676,0.1081081081,0.3969594595,0.4695945946,0.0
2973,data/images/quantifier/test_2973.png,51,0.0,0.0118243243,0.0084459459,0.0,0.0050675676,0.1081081081,0.3969594595,0.4695945946,0.0
2974,data/images/quantifier/test_2974.png,51,0.0,0.0118243243,0.0084459459,0.0,0.0050675676,0.1081081081,0.3969594595,0.4695945946,0.0
2975,data/images/quantifier/test_2975.png,51,0.0,0.0118243243,0.0084459459,0.0,0.0050675676,0.1081081081,0.3969594595,0.4695945946,0.0
2976,data/images/quantifier/test_2976.png,51,0.0,0.0118243243,0.0084459459,0.0,0.0050675676,0.1081081081,0.3969594595,0.4695945946,0.0
2977,data/images/quantifier/test_2977.png,51,0.0,0.0118243243,0.0084459459,0.0,0.0050675676,0.1081081081,0.3969594595,0.4695945946,0.0
2978,data/images/quantifier/test_2978.png,51,0.0,0.0118243243,0.0084459459,0.0,0.0050675676,0.1081081081,0.3969594595,0.4695945946,0.0
2979,data/images/quantifier/test_2979.png,51,0.0,0.0118243243,0.0084459459,0.0,0.0050675676,0.1081081081,0.3969594595,0.4695945946,0.0
2980,data/images/quantifier/test_2980.png,51,0.0,0.0118243243,0.0084459459,0.0,0.0050675676,0.1081081081,0.3969594595,0.4695945946,0.0
2981,data/images/quantifier/test_2981.png,51,0.0,0.0118243243,0.0084459459,0.0,0.0050675676,0.1081081081,0.3969594595,0.4695945946,0.0
2982,data/images/quantifier/test_2982.png,51,0.0,0.0118243243,0.0084459459,0.0,0.0050675676,0.1081081081,0.3969594595,0.4695945946,0.0
2983,data/images/quantifier/test_2983.png,51,0.0,0.0118243243,0.0084459459,0.0,0.0050675676,0.1081081081,0.3969594595,0.4695945946,0.0
2984,data/images/quantifier/test_2984.png,51,0.0,0.0118243243,0.0084459459,0.0,0.0050675676,0.1081081081,0.3969594595,0.4695945946,0.0
2985,data/images/quantifier/test_2985.png,51,0.0,0.0118243243,0.0084459459,0.0,0.0050675676,0.1081081081,0.3969594595,0.4695945946,0.0
2986,data/images/quantifier/test_2986.png,51,0.0,0.0118243243,0.0084459459,0.0,0.0050675676,0.1081081081,0.3969594595,0.4695945946,0.0
2987,data/images/quantifier/test_2987.png,51,0.0,0.0118243243,0.0084459459,0.0,0.0050675676,0.1081081081,0.3969594595,0.4695945946,0.0
2988,data/images/quantifier/test_2988.png,51,0.0,0.0118243243,0.0084459459,0.0,0.0050675676,0.1081081081,0.3969594595,0.4695945946,0.0
2989,data/images/quantifier/test_2989.png,51,0.0,0.0118243243,0.0084459459,0.0,0.0050675676,0.1081081081,0.3969594595,0.4695945946,0.0
2990,data/images/quantifier/test_2990.png,51,0.0,0.0118243243,0.0084459459,0.0,0.0050675676,0.1081081081,0.3969594595,0.4695945946,0.0
2991,data/images/quantifier/test_2991.png,51,0.0,0.0118243243,0.0084459459,0.0,0.0050675676,0.1081081081,0.3969594595,0.4695945946,0.0
2992,data/images/quantifier/test_2992.png,51,0.0,0.0118243243,0.0084459459,0.0,0.0050675676,0.1081081081,0.3969594595,0.4695945946,0.0
2993,data/images/quantifier/test_2993.png,51,0.0,0.0118243243,0.0084459459,0.0,0.0050675676,0.1081081081,0.3969594595,0.4695945946,0.0
2994,data/images/quantifier/test_2994.png,51,0.0,0.0118243243,0.0084459459,0.0,0.0050675676,0.1081081081,0.3969594595,0.4695945946,0.0
2995,data/images/quantifier/test_2995.png,51,0.0,0.0118243243,0.0084459459,0.0,0.0050675676,0.1081081081,0.3969594595,0.4695945946,0.0
2996,data/images/quantifier/test_2996.png,51,0.0,0.0118243243,0.0084459459,0.0,0.0050675676,0.1081081081,0.3969594595,0.4695945946,0.0
2997,data/images/quantifier/test_2997.png,51,0.0,0.0118243243,0.0084459459,0.0,0.0050675676,0.1081081081,0.3969594595,0.4695945946,0.0
2998,data/images/quantifier/test_2998.png,51,0.0,0.0118243243,0.0084459459,0.0,0.0050675676,0.1081081081,0.3969594595,0.4695945946,0.0
2999,data/images/quantifier/test_2999.png,51,0.0,0.0118243243,0.0084459459,0.0,0.0050675676,0.1081081081,0.3969594595,0.4695945946,0.0
3000,data/images/quantifier/test_3000.png,91,0.0016863406,0.0151770658,0.0016863406,0.0033726813,0.0016863406,0.0573355818,0.2293423272,0.6846543002,0.0050590219
3001,data/images/quantifier/test_3001.png,91,0.0016863406,0.0151770658,0.0016863406,0.0033726813,0.0016863406,0.0573355818,0.2293423272,0.6846543002,0.0050590219
3002,data/images/quantifier/test_3002.png,91,0.0016863406,0.0151770658,0.0016863406,0.0033726813,0.0016863406,0.0573355818,0.2293423272,0.6846543002,0.0050590219
3003,data/images/quantifier/test_3003.png,91,0.0016863406,0.0151770658,0.0016863406,0.0033726813,0.0016863406,0.0573355818,0.2293423272,0.6846543002,0.0050590219
3004,data/images/quantifier/test_3004.png,91,0.0016863406,0.0151770658,0.0016863406,0.0033726813,0.0016863406,0.0573355818,0.2293423272,0.6846543002,0.0050590219
3005,data/images/quantifier/test_3005.png,91,0.0016863406,0.0151770658,0.0016863406,0.0033726813,0.0016863406,0.0573355818,0.2293423272,0.6846543002,0.0050590219
3006,data/images/quantifier/test_3006.png,91,0.0016863406,0.0151770658,0.0016863406,0.0033726813,0.0016863406,0.0573355818,0.2293423272,0.6846543002,0.0050590219
3007,data/images/quantifier/test_3007.png,91,0.0016863406,0.0151770658,0.0016863406,0.0033726813,0.0016863406,0.0573355818,0.2293423272,0.6846543002,0.0050590219
3008,data/images/quantifier/test_3008.png,91,0.0016863406,0.0151770658,0.0016863406,0.0033726813,0.0016863406,0.0573355818,0.2293423272,0.6846543002,0.0050590219
3009,data/images/quantifier/test_3009.png,91,0.0016863406,0.0151770658,0.0016863406,0.0033726813,0.0016863406,0.0573355818,0.2293423272,0.6846543002,0.0050590219
3010,data/images/quantifier/test_3010.png,91,0.0016863406,0.0151770658,0.0016863406,0.0033726813,0.0016863406,0.0573355818,0.2293423272,0.6846543002,0.0050590219
3011,data/images/quantifier/test_3011.png,91,0.0016863406,0.0151770658,0.0016863406,0.0033726813,0.0016863406,0.0573355818,0.2293423272,0.6846543002,0.0050590219
3012,data/images/quantifier/test_3012.png,91,0.0016863406,0.0151770658,0.0016863406,0.0033726813,0.0016863406,0.0573355818,0.2293423272,0.6846543002,0.0050590219
3013,data/images/quantifier/test_3013.png,91,0.0016863406,0.0151770658,0.0016863406,0.0033726813,0.0016863406,0.0573355818,0.2293423272,0.6846543002,0.0050590219
3014,data/images/quantifier/test_3014.png,91,0.0016863406,0.0151770658,0.0016863406,0.0033726813,0.0016863406,0.0573355818,0.2293423272,0.6846543002,0.0050590219
3015,data/images/quantifier/test_3015.png,91,0.0016863406,0.0151770658,0.0016863406,0.0033726813,0.0016863406,0.0573355818,0.2293423272,0.6846543002,0.0050590219
3016,data/images/quantifier/test_3016.png,91,0.0016863406,0.0151770658,0.0016863406,0.0033726813,0.0016863406,0.0573355818,0.2293423272,0.6846543002,0.0050590219
3017,data/images/quantifier/test_3017.png,91,0.0016863406,0.0151770658,0.0016863406,0.0033726813,0.0016863406,0.0573355818,0.2293423272,0.6846543002,0.0050590219
3018,data/images/quantifier/test_3018.png,91,0.0016863406,0.0151770658,0.0016863406,0.0033726813,0.0016863406,0.0573355818,0.2293423272,0.6846543002,0.0050590219
3019,data/images/quantifier/test_3019.png,91,0.0016863406,0.0151770658,0.0016863406,0.0033726813,0.0016863406,0.0573355818,0.2293423272,0.6846543002,0.0050590219
3020,data/images/quantifier/test_3020.png,91,0.0016863406,0.0151770658,0.0016863406,0.0033726813,0.0016863406,0.0573355818,0.2293423272,0.6846543002,0.0050590219
3021,data/images/quantifier/test_3021.png,91,0.0016863406,0.0151770658,0.0016863406,0.0033726813,0.0016863406,0.0573355818,0.2293423272,0.6846543002,0.0050590219
3022,data/images/quantifier/test_3022.png,91,0.0016863406,0.0151770658,0.0016863406,0.0033726813,0.0016863406,0.0573355818,0.2293423272,0.6846543002,0.0050590219
3023,data/images/quantifier/test_3023.png,91,0.0016863406,0.0151770658,0.0016863406,0.0033726813,0.0016863406,0.0573355818,0.2293423272,0.6846543002,0.0050590219
3024,data/images/quantifier/test_3024.png,91,0.0016863406,0.0151770658,0.0016863406,0.0033726813,0.0016863406,0.0573355818,0.2293423272,0.6846543002,0.0050590219
3025,data/images/quantifier/test_3025.png,91,0.0016863406,0.0151770658,0.0016863406,0.0033726813,0.0016863406,0.0573355818,0.2293423272,0.6846543002,0.0050590219
3026,data/images/quantifier/test_3026.png,91,0.0016863406,0.0151770658,0.0016863406,0.0033726813,0.0016863406,0.0573355818,0.2293423272,0.6846543002,0.0050590219
3027,data/images/quantifier/test_3027.png,91,0.0016863406,0.0151770658,0.0016863406,0.0033726813,0.0016863406,0.0573355818,0.2293423272,0.6846543002,0.0050590219
3028,data/images/quantifier/test_3028.png,91,0.0016863406,0.0151770658,0.0016863406,0.0033726813,0.0016863406,0.0573355818,0.2293423272,0.6846543002,0.0050590219
3029,data/images/quantifier/test_3029.png,91,0.0016863406,0.0151770658,0.0016863406,0.0033726813,0.0016863406,0.0573355818,0.2293423272,0.6846543002,0.0050590219
3030,data/images/quantifier/test_3030.png,91,0.0016863406,0.0151770658,0.0016863406,0.0033726813,0.0016863406,0.0573355818,0.2293423272,0.6846543002,0.0050590219
3031,data/images/quantifier/test_3031.png,91,0.0016863406,0.0151770658,0.0016863406,0.0033726813,0.0016863406,0.0573355818,0.2293423272,0.6846543002,0.0050590219
3032,data/images/quantifier/test_3032.png,91,0.0016863406,0.0151770658,0.0016863406,0.0033726813,0.0016863406,0.0573355818,0.2293423272,0.6846543002,0.0050590219
3033,data/images/quantifier/test_3033.png,91,0.0016863406,0.0151770658,0.0016863406,0.0033726813,0.0016863406,0.0573355818,0.2293423272,0.6846543002,0.0050590219
3034,data/images/quantifier/test_3034.png,91,0.0016863406,0.0151770658,0.0016863406,0.0033726813,0.0016863406,0.0573355818,0.2293423272,0.6846543002,0.0050590219
3035,data/images/quantifier/test_3035.png,91,0.0016863406,0.0151770658,0.0016863406,0.0033726813,0.0016863406,0.0573355818,0.2293423272,0.6846543002,0.0050590219
3036,data/images/quantifier/test_3036.png,91,0.0016863406,0.0151770658,0.0016863406,0.0033726813,0.0016863406,0.0573355818,0.2293423272,0.6846543002,0.0050590219
3037,data/images/quantifier/test_3037.png,91,0.0016863406,0.0151770658,0.0016863406,0.0033726813,0.0016863406,0.0573355818,0.2293423272,0.6846543002,0.0050590219
3038,data/images/quantifier/test_3038.png,91,0.0016863406,0.0151770658,0.0016863406,0.0033726813,0.0016863406,0.0573355818,0.2293423272,0.6846543002,0.0050590219
3039,data/images/quantifier/test_3039.png,91,0.0016863406,0.0151770658,0.0016863406,0.0033726813,0.0016863406,0.0573355818,0.2293423272,0.6846543002,0.0050590219
3040,data/images/quantifier/test_3040.png,91,0.0016863406,0.0151770658,0.0016863406,0.0033726813,0.0016863406,0.0573355818,0.2293423272,0.6846543002,0.0050590219
3041,data/images/quantifier/test_3041.png,91,0.0016863406,0.0151770658,0.0016863406,0.0033726813,0.0016863406,0.0573355818,0.2293423272,0.6846543002,0.0050590219
3042,data/images/quantifier/test_3042.png,91,0.0016863406,0.0151770658,0.0016863406,0.0033726813,0.0016863406,0.0573355818,0.2293423272,0.6846543002,0.0050590219
3043,data/images/quantifier/test_3043.png,91,0.0016863406,0.0151770658,0.0016863406,0.0033726813,0.0016863406,0.0573355818,0.2293423272,0.6846543002,0.0050590219
3044,data/images/quantifier/test_3044.png,91,0.0016863406,0.0151770658,0.0016863406,0.0033726813,0.0016863406,0.0573355818,0.2293423272,0.6846543002,0.0050590219
3045,data/images/quantifier/test_3045.png,91,0.0016863406,0.0151770658,0.0016863406,0.0033726813,0.0016863406,0.0573355818,0.2293423272,0.6846543002,0.0050590219
3046,data/images/quantifier/test_3046.png,91,0.0016863406,0.0151770658,0.0016863406,0.0033726813,0.0016863406,0.0573355818,0.2293423272,0.6846543002,0.0050590219
3047,data/images/quantifier/test_3047.png,91,0.0016863406,0.0151770658,0.0016863406,0.0033726813,0.0016863406,0.0573355818,0.2293423272,0.6846543002,0.0050590219
3048,data/images/quantifier/test_3048.png,91,0.0016863406,0.0151770658,0.0016863406,0.0033726813,0.0016863406,0.0573355818,0.2293423272,0.6846543002,0.0050590219
3049,data/images/quantifier/test_3049.png,91,0.0016863406,0.0151770658,0.0016863406,0.0033726813,0.0016863406,0.0573355818,0.2293423272,0.6846543002,0.0050590219
3050,data/images/quantifier/test_3050.png,91,0.0016863406,0.0151770658,0.0016863406,0.0033726813,0.0016863406,0.0573355818,0.2293423272,0.6846543002,0.0050590219
3051,data/images/quantifier/test_3051.png,91,0.0016863406,0.0151770658,0.0016863406,0.0033726813,0.0016863406,0.0573355818,0.2293423272,0.6846543002,0.0050590219
3052,data/images/quantifier/test_3052.png,91,0.0016863406,0.0151770658,0.0016863406,0.0033726813,0.0016863406,0.0573355818,0.2293423272,0.6846543002,0.0050590219
3053,data/images/quantifier/test_3053.png,91,0.0016863406,0.0151770658,0.0016863406,0.0033726813,0.0016863406,0.0573355818,0.2293423272,0.6846543002,0.0050590219
3054,data/images/quantifier/test_3054.png,91,0.0016863406,0.0151770658,0.0016863406,0.0033726813,0.0016863406,0.0573355818,0.2293423272,0.6846543002,0.0050590219
3055,data/images/quantifier/test_3055.png,91,0.0016863406,0.0151770658,0.0016863406,0.0033726813,0.0016863406,0.0573355818,0.2293423272,0.6846543002,0.0050590219
3056,data/images/quantifier/test_3056.png,91,0.0016863406,0.0151770658,0.0016863406,0.0033726813,0.0016863406,0.0573355818,0.2293423272,0.6846543002,0.0050590219
3057,data/images/quantifier/test_3057.png,91,0.0016863406,0.0151770658,0.0016863406,0.0033726813,0.0016863406,0.0573355818,0.2293423272,0.6846543002,0.0050590219
3058,data/images/quantifier/test_3058.png,91,0.0016863406,0.0151770658,0.0016863406,0.0033726813,0.0016863406,0.0573355818,0.2293423272,0.6846543002,0.0050590219
3059,data/images/quantifier/test_3059.png,91,0.0016863406,0.0151770658,0.0016863406,0.0033726813,0.0016863406,0.0573355818,0.2293423272,0.6846543002,0.0050590219
3060,data/images/quantifier/test_3060.png,91,0.0016863406,0.0151770658,0.0016863406,0.0033726813,0.0016863406,0.0573355818,0.2293423272,0.6846543002,0.0050590219
3061,data/images/quantifier/test_3061.png,91,0.0016863406,0.0151770658,0.0016863406,0.0033726813,0.0016863406,0.0573355818,0.2293423272,0.6846543002,0.0050590219
3062,data/images/quantifier/test_3062.png,91,0.0016863406,0.0151770658,0.0016863406,0.0033726813,0.0016863406,0.0573355818,0.2293423272,0.6846543002,0.0050590219
3063,data/images/quantifier/test_3063.png,91,0.0016863406,0.0151770658,0.0016863406,0.0033726813,0.0016863406,0.0573355818,0.2293423272,0.6846543002,0.0050590219
3064,data/images/quantifier/test_3064.png,91,0.0016863406,0.0151770658,0.0016863406,0.0033726813,0.0016863406,0.0573355818,0.2293423272,0.6846543002,0.0050590219
3065,data/images/quantifier/test_3065.png,91,0.0016863406,0.0151770658,0.0016863406,0.0033726813,0.0016863406,0.0573355818,0.2293423272,0.6846543002,0.0050590219
3066,data/images/quantifier/test_3066.png,91,0.0016863406,0.0151770658,0.0016863406,0.0033726813,0.0016863406,0.0573355818,0.2293423272,0.6846543002,0.0050590219
3067,data/images/quantifier/test_3067.png,91,0.0016863406,0.0151770658,0.0016863406,0.0033726813,0.0016863406,0.0573355818,0.2293423272,0.6846543002,0.0050590219
3068,data/images/quantifier/test_3068.png,91,0.0016863406,0.0151770658,0.0016863406,0.0033726813,0.0016863406,0.0573355818,0.2293423272,0.6846543002,0.0050590219
3069,data/images/quantifier/test_3069.png,91,0.0016863406,0.0151770658,0.0016863406,0.0033726813,0.0016863406,0.0573355818,0.2293423272,0.6846543002,0.0050590219
3070,data/images/quantifier/test_3070.png,91,0.0016863406,0.0151770658,0.0016863406,0.0033726813,0.0016863406,0.0573355818,0.2293423272,0.6846543002,0.0050590219
3071,data/images/quantifier/test_3071.png,91,0.0016863406,0.0151770658,0.0016863406,0.0033726813,0.0016863406,0.0573355818,0.2293423272,0.6846543002,0.0050590219
3072,data/images/quantifier/test_3072.png,91,0.0016863406,0.0151770658,0.0016863406,0.0033726813,0.0016863406,0.0573355818,0.2293423272,0.6846543002,0.0050590219
3073,data/images/quantifier/test_3073.png,91,0.0016863406,0.0151770658,0.0016863406,0.0033726813,0.0016863406,0.0573355818,0.2293423272,0.6846543002,0.0050590219
3074,data/images/quantifier/test_3074.png,91,0.0016863406,0.0151770658,0.0016863406,0.0033726813,0.0016863406,0.0573355818,0.2293423272,0.6846543002,0.0050590219
3075,data/images/quantifier/test_3075.png,91,0.0016863406,0.0151770658,0.0016863406,0.0033726813,0.0016863406,0.0573355818,0.2293423272,0.6846543002,0.0050590219
3076,data/images/quantifier/test_3076.png,91,0.0016863406,0.0151770658,0.0016863406,0.0033726813,0.0016863406,0.0573355818,0.2293423272,0.6846543002,0.0050590219
3077,data/images/quantifier/test_3077.png,91,0.0016863406,0.0151770658,0.0016863406,0.0033726813,0.0016863406,0.0573355818,0.2293423272,0.6846543002,0.0050590219
3078,data/images/quantifier/test_3078.png,91,0.0016863406,0.0151770658,0.0016863406,0.0033726813,0.0016863406,0.0573355818,0.2293423272,0.6846543002,0.0050590219
3079,data/images/quantifier/test_3079.png,91,0.0016863406,0.0151770658,0.0016863406,0.0033726813,0.0016863406,0.0573355818,0.2293423272,0.6846543002,0.0050590219
3080,data/images/quantifier/test_3080.png,91,0.0016863406,0.0151770658,0.0016863406,0.0033726813,0.0016863406,0.0573355818,0.2293423272,0.6846543002,0.0050590219
3081,data/images/quantifier/test_3081.png,91,0.0016863406,0.0151770658,0.0016863406,0.0033726813,0.0016863406,0.0573355818,0.2293423272,0.6846543002,0.0050590219
3082,data/images/quantifier/test_3082.png,91,0.0016863406,0.0151770658,0.0016863406,0.0033726813,0.0016863406,0.0573355818,0.2293423272,0.6846543002,0.0050590219
3083,data/images/quantifier/test_3083.png,91,0.0016863406,0.0151770658,0.0016863406,0.0033726813,0.0016863406,0.0573355818,0.2293423272,0.6846543002,0.0050590219
3084,data/images/quantifier/test_3084.png,91,0.0016863406,0.0151770658,0.0016863406,0.0033726813,0.0016863406,0.0573355818,0.2293423272,0.6846543002,0.0050590219
3085,data/images/quantifier/test_3085.png,91,0.0016863406,0.0151770658,0.0016863406,0.0033726813,0.0016863406,0.0573355818,0.2293423272,0.6846543002,0.0050590219
3086,data/images/quantifier/test_3086.png,91,0.0016863406,0.0151770658,0.0016863406,0.0033726813,0.0016863406,0.0573355818,0.2293423272,0.6846543002,0.0050590219
3087,data/images/quantifier/test_3087.png,91,0.0016863406,0.0151770658,0.0016863406,0.0033726813,0.0016863406,0.0573355818,0.2293423272,0.6846543002,0.0050590219
3088,data/images/quantifier/test_3088.png,91,0.0016863406,0.0151770658,0.0016863406,0.0033726813,0.0016863406,0.0573355818,0.2293423272,0.6846543002,0.0050590219
3089,data/images/quantifier/test_3089.png,91,0.0016863406,0.0151770658,0.0016863406,0.0033726813,0.0016863406,0.0573355818,0.2293423272,0.6846543002,0.0050590219
3090,data/images/quantifier/test_3090.png,91,0.0016863406,0.0151770658,0.0016863406,0.0033726813,0.0016863406,0.0573355818,0.2293423272,0.6846543002,0.0050590219
3091,data/images/quantifier/test_3091.png,91,0.0016863406,0.0151770658,0.0016863406,0.0033726813,0.0016863406,0.0573355818,0.2293423272,0.6846543002,0.0050590219
3092,data/images/quantifier/test_3092.png,91,0.0016863406,0.0151770658,0.0016863406,0.0033726813,0.0016863406,0.0573355818,0.2293423272,0.6846543002,0.0050590219
3093,data/images/quantifier/test_3093.png,91,0.0016863406,0.0151770658,0.0016863406,0.0033726813,0.0016863406,0.0573355818,0.2293423272,0.6846543002,0.0050590219
3094,data/images/quantifier/test_3094.png,91,0.0016863406,0.0151770658,0.0016863406,0.0033726813,0.0016863406,0.0573355818,0.2293423272,0.6846543002,0.0050590219
3095,data/images/quantifier/test_3095.png,91,0.0016863406,0.0151770658,0.0016863406,0.0033726813,0.0016863406,0.0573355818,0.2293423272,0.6846543002,0.0050590219
3096,data/images/quantifier/test_3096.png,91,0.0016863406,0.0151770658,0.0016863406,0.0033726813,0.0016863406,0.0573355818,0.2293423272,0.6846543002,0.0050590219
3097,data/images/quantifier/test_3097.png,91,0.0016863406,0.0151770658,0.0016863406,0.0033726813,0.0016863406,0.0573355818,0.2293423272,0.6846543002,0.0050590219
3098,data/images/quantifier/test_3098.png,91,0.0016863406,0.0151770658,0.0016863406,0.0033726813,0.0016863406,0.0573355818,0.2293423272,0.6846543002,0.0050590219
3099,data/images/quantifier/test_3099.png,91,0.0016863406,0.0151770658,0.0016863406,0.0033726813,0.0016863406,0.0573355818,0.2293423272,0.6846543002,0.0050590219
3100,data/images/quantifier/test_3100.png,91,0.0016863406,0.0151770658,0.0016863406,0.0033726813,0.0016863406,0.0573355818,0.2293423272,0.6846543002,0.0050590219
3101,data/images/quantifier/test_3101.png,91,0.0016863406,0.0151770658,0.0016863406,0.0033726813,0.0016863406,0.0573355818,0.2293423272,0.6846543002,0.0050590219
3102,data/images/quantifier/test_3102.png,91,0.0016863406,0.0151770658,0.0016863406,0.0033726813,0.0016863406,0.0573355818,0.2293423272,0.6846543002,0.0050590219
3103,data/images/quantifier/test_3103.png,91,0.0016863406,0.0151770658,0.0016863406,0.0033726813,0.0016863406,0.0573355818,0.2293423272,0.6846543002,0.0050590219
3104,data/images/quantifier/test_3104.png,91,0.0016863406,0.0151770658,0.0016863406,0.0033726813,0.0016863406,0.0573355818,0.2293423272,0.6846543002,0.0050590219
3105,data/images/quantifier/test_3105.png,91,0.0016863406,0.0151770658,0.0016863406,0.0033726813,0.0016863406,0.0573355818,0.2293423272,0.6846543002,0.0050590219
3106,data/images/quantifier/test_3106.png,91,0.0016863406,0.0151770658,0.0016863406,0.0033726813,0.0016863406,0.0573355818,0.2293423272,0.6846543002,0.0050590219
3107,data/images/quantifier/test_3107.png,91,0.0016863406,0.0151770658,0.0016863406,0.0033726813,0.0016863406,0.0573355818,0.2293423272,0.6846543002,0.0050590219
3108,data/images/quantifier/test_3108.png,91,0.0016863406,0.0151770658,0.0016863406,0.0033726813,0.0016863406,0.0573355818,0.2293423272,0.6846543002,0.0050590219
3109,data/images/quantifier/test_3109.png,91,0.0016863406,0.0151770658,0.0016863406,0.0033726813,0.0016863406,0.0573355818,0.2293423272,0.6846543002,0.0050590219
3110,data/images/quantifier/test_3110.png,91,0.0016863406,0.0151770658,0.0016863406,0.0033726813,0.0016863406,0.0573355818,0.2293423272,0.6846543002,0.0050590219
3111,data/images/quantifier/test_3111.png,91,0.0016863406,0.0151770658,0.0016863406,0.0033726813,0.0016863406,0.0573355818,0.2293423272,0.6846543002,0.0050590219
3112,data/images/quantifier/test_3112.png,91,0.0016863406,0.0151770658,0.0016863406,0.0033726813,0.0016863406,0.0573355818,0.2293423272,0.6846543002,0.0050590219
3113,data/images/quantifier/test_3113.png,91,0.0016863406,0.0151770658,0.0016863406,0.0033726813,0.0016863406,0.0573355818,0.2293423272,0.6846543002,0.0050590219
3114,data/images/quantifier/test_3114.png,91,0.0016863406,0.0151770658,0.0016863406,0.0033726813,0.0016863406,0.0573355818,0.2293423272,0.6846543002,0.0050590219
3115,data/images/quantifier/test_3115.png,91,0.0016863406,0.0151770658,0.0016863406,0.0033726813,0.0016863406,0.0573355818,0.2293423272,0.6846543002,0.0050590219
3116,data/images/quantifier/test_3116.png,91,0.0016863406,0.0151770658,0.0016863406,0.0033726813,0.0016863406,0.0573355818,0.2293423272,0.6846543002,0.0050590219
3117,data/images/quantifier/test_3117.png,91,0.0016863406,0.0151770658,0.0016863406,0.0033726813,0.0016863406,0.0573355818,0.2293423272,0.6846543002,0.0050590219
3118,data/images/quantifier/test_3118.png,91,0.0016863406,0.0151770658,0.0016863406,0.0033726813,0.0016863406,0.0573355818,0.2293423272,0.6846543002,0.0050590219
3119,data/images/quantifier/test_3119.png,91,0.0016863406,0.0151770658,0.0016863406,0.0033726813,0.0016863406,0.0573355818,0.2293423272,0.6846543002,0.0050590219
3120,data/images/quantifier/test_3120.png,91,0.0016863406,0.0151770658,0.0016863406,0.0033726813,0.0016863406,0.0573355818,0.2293423272,0.6846543002,0.0050590219
3121,data/images/quantifier/test_3121.png,91,0.0016863406,0.0151770658,0.0016863406,0.0033726813,0.0016863406,0.0573355818,0.2293423272,0.6846543002,0.0050590219
3122,data/images/quantifier/test_3122.png,91,0.0016863406,0.0151770658,0.0016863406,0.0033726813,0.0016863406,0.0573355818,0.2293423272,0.6846543002,0.0050590219
3123,data/images/quantifier/test_3123.png,91,0.0016863406,0.0151770658,0.0016863406,0.0033726813,0.0016863406,0.0573355818,0.2293423272,0.6846543002,0.0050590219
3124,data/images/quantifier/test_3124.png,91,0.0016863406,0.0151770658,0.0016863406,0.0033726813,0.0016863406,0.0573355818,0.2293423272,0.6846543002,0.0050590219
3125,data/images/quantifier/test_3125.png,91,0.0016863406,0.0151770658,0.0016863406,0.0033726813,0.0016863406,0.0573355818,0.2293423272,0.6846543002,0.0050590219
3126,data/images/quantifier/test_3126.png,91,0.0016863406,0.0151770658,0.0016863406,0.0033726813,0.0016863406,0.0573355818,0.2293423272,0.6846543002,0.0050590219
3127,data/images/quantifier/test_3127.png,91,0.0016863406,0.0151770658,0.0016863406,0.0033726813,0.0016863406,0.0573355818,0.2293423272,0.6846543002,0.0050590219
3128,data/images/quantifier/test_3128.png,91,0.0016863406,0.0151770658,0.0016863406,0.0033726813,0.0016863406,0.0573355818,0.2293423272,0.6846543002,0.0050590219
3129,data/images/quantifier/test_3129.png,91,0.0016863406,0.0151770658,0.0016863406,0.0033726813,0.0016863406,0.0573355818,0.2293423272,0.6846543002,0.0050590219
3130,data/images/quantifier/test_3130.png,91,0.0016863406,0.0151770658,0.0016863406,0.0033726813,0.0016863406,0.0573355818,0.2293423272,0.6846543002,0.0050590219
3131,data/images/quantifier/test_3131.png,91,0.0016863406,0.0151770658,0.0016863406,0.0033726813,0.0016863406,0.0573355818,0.2293423272,0.6846543002,0.0050590219
3132,data/images/quantifier/test_3132.png,91,0.0016863406,0.0151770658,0.0016863406,0.0033726813,0.0016863406,0.0573355818,0.2293423272,0.6846543002,0.0050590219
3133,data/images/quantifier/test_3133.png,91,0.0016863406,0.0151770658,0.0016863406,0.0033726813,0.0016863406,0.0573355818,0.2293423272,0.6846543002,0.0050590219
3134,data/images/quantifier/test_3134.png,91,0.0016863406,0.0151770658,0.0016863406,0.0033726813,0.0016863406,0.0573355818,0.2293423272,0.6846543002,0.0050590219
3135,data/images/quantifier/test_3135.png,91,0.0016863406,0.0151770658,0.0016863406,0.0033726813,0.0016863406,0.0573355818,0.2293423272,0.6846543002,0.0050590219
3136,data/images/quantifier/test_3136.png,91,0.0016863406,0.0151770658,0.0016863406,0.0033726813,0.0016863406,0.0573355818,0.2293423272,0.6846543002,0.0050590219
3137,data/images/quantifier/test_3137.png,91,0.0016863406,0.0151770658,0.0016863406,0.0033726813,0.0016863406,0.0573355818,0.2293423272,0.6846543002,0.0050590219
3138,data/images/quantifier/test_3138.png,91,0.0016863406,0.0151770658,0.0016863406,0.0033726813,0.0016863406,0.0573355818,0.2293423272,0.6846543002,0.0050590219
3139,data/images/quantifier/test_3139.png,91,0.0016863406,0.0151770658,0.0016863406,0.0033726813,0.0016863406,0.0573355818,0.2293423272,0.6846543002,0.0050590219
3140,data/images/quantifier/test_3140.png,91,0.0016863406,0.0151770658,0.0016863406,0.0033726813,0.0016863406,0.0573355818,0.2293423272,0.6846543002,0.0050590219
3141,data/images/quantifier/test_3141.png,91,0.0016863406,0.0151770658,0.0016863406,0.0033726813,0.0016863406,0.0573355818,0.2293423272,0.6846543002,0.0050590219
3142,data/images/quantifier/test_3142.png,91,0.0016863406,0.0151770658,0.0016863406,0.0033726813,0.0016863406,0.0573355818,0.2293423272,0.6846543002,0.0050590219
3143,data/images/quantifier/test_3143.png,91,0.0016863406,0.0151770658,0.0016863406,0.0033726813,0.0016863406,0.0573355818,0.2293423272,0.6846543002,0.0050590219
3144,data/images/quantifier/test_3144.png,91,0.0016863406,0.0151770658,0.0016863406,0.0033726813,0.0016863406,0.0573355818,0.2293423272,0.6846543002,0.0050590219
3145,data/images/quantifier/test_3145.png,91,0.0016863406,0.0151770658,0.0016863406,0.0033726813,0.0016863406,0.0573355818,0.2293423272,0.6846543002,0.0050590219
3146,data/images/quantifier/test_3146.png,91,0.0016863406,0.0151770658,0.0016863406,0.0033726813,0.0016863406,0.0573355818,0.2293423272,0.6846543002,0.0050590219
3147,data/images/quantifier/test_3147.png,91,0.0016863406,0.0151770658,0.0016863406,0.0033726813,0.0016863406,0.0573355818,0.2293423272,0.6846543002,0.0050590219
3148,data/images/quantifier/test_3148.png,91,0.0016863406,0.0151770658,0.0016863406,0.0033726813,0.0016863406,0.0573355818,0.2293423272,0.6846543002,0.0050590219
3149,data/images/quantifier/test_3149.png,91,0.0016863406,0.0151770658,0.0016863406,0.0033726813,0.0016863406,0.0573355818,0.2293423272,0.6846543002,0.0050590219
3150,data/images/quantifier/test_3150.png,91,0.0016863406,0.0151770658,0.0016863406,0.0033726813,0.0016863406,0.0573355818,0.2293423272,0.6846543002,0.0050590219
3151,data/images/quantifier/test_3151.png,91,0.0016863406,0.0151770658,0.0016863406,0.0033726813,0.0016863406,0.0573355818,0.2293423272,0.6846543002,0.0050590219
3152,data/images/quantifier/test_3152.png,91,0.0016863406,0.0151770658,0.0016863406,0.0033726813,0.0016863406,0.0573355818,0.2293423272,0.6846543002,0.0050590219
3153,data/images/quantifier/test_3153.png,91,0.0016863406,0.0151770658,0.0016863406,0.0033726813,0.0016863406,0.0573355818,0.2293423272,0.6846543002,0.0050590219
3154,data/images/quantifier/test_3154.png,91,0.0016863406,0.0151770658,0.0016863406,0.0033726813,0.0016863406,0.0573355818,0.2293423272,0.6846543002,0.0050590219
3155,data/images/quantifier/test_3155.png,91,0.0016863406,0.0151770658,0.0016863406,0.0033726813,0.0016863406,0.0573355818,0.2293423272,0.6846543002,0.0050590219
3156,data/images/quantifier/test_3156.png,91,0.0016863406,0.0151770658,0.0016863406,0.0033726813,0.0016863406,0.0573355818,0.2293423272,0.6846543002,0.0050590219
3157,data/images/quantifier/test_3157.png,91,0.0016863406,0.0151770658,0.0016863406,0.0033726813,0.0016863406,0.0573355818,0.2293423272,0.6846543002,0.0050590219
3158,data/images/quantifier/test_3158.png,91,0.0016863406,0.0151770658,0.0016863406,0.0033726813,0.0016863406,0.0573355818,0.2293423272,0.6846543002,0.0050590219
3159,data/images/quantifier/test_3159.png,91,0.0016863406,0.0151770658,0.0016863406,0.0033726813,0.0016863406,0.0573355818,0.2293423272,0.6846543002,0.0050590219
3160,data/images/quantifier/test_3160.png,91,0.0016863406,0.0151770658,0.0016863406,0.0033726813,0.0016863406,0.0573355818,0.2293423272,0.6846543002,0.0050590219
3161,data/images/quantifier/test_3161.png,91,0.0016863406,0.0151770658,0.0016863406,0.0033726813,0.0016863406,0.0573355818,0.2293423272,0.6846543002,0.0050590219
3162,data/images/quantifier/test_3162.png,91,0.0016863406,0.0151770658,0.0016863406,0.0033726813,0.0016863406,0.0573355818,0.2293423272,0.6846543002,0.0050590219
3163,data/images/quantifier/test_3163.png,91,0.0016863406,0.0151770658,0.0016863406,0.0033726813,0.0016863406,0.0573355818,0.2293423272,0.6846543002,0.0050590219
3164,data/images/quantifier/test_3164.png,91,0.0016863406,0.0151770658,0.0016863406,0.0033726813,0.0016863406,0.0573355818,0.2293423272,0.6846543002,0.0050590219
3165,data/images/quantifier/test_3165.png,91,0.0016863406,0.0151770658,0.0016863406,0.0033726813,0.0016863406,0.0573355818,0.2293423272,0.6846543002,0.0050590219
3166,data/images/quantifier/test_3166.png,91,0.0016863406,0.0151770658,0.0016863406,0.0033726813,0.0016863406,0.0573355818,0.2293423272,0.6846543002,0.0050590219
3167,data/images/quantifier/test_3167.png,91,0.0016863406,0.0151770658,0.0016863406,0.0033726813,0.0016863406,0.0573355818,0.2293423272,0.6846543002,0.0050590219
3168,data/images/quantifier/test_3168.png,91,0.0016863406,0.0151770658,0.0016863406,0.0033726813,0.0016863406,0.0573355818,0.2293423272,0.6846543002,0.0050590219
3169,data/images/quantifier/test_3169.png,91,0.0016863406,0.0151770658,0.0016863406,0.0033726813,0.0016863406,0.0573355818,0.2293423272,0.6846543002,0.0050590219
3170,data/images/quantifier/test_3170.png,91,0.0016863406,0.0151770658,0.0016863406,0.0033726813,0.0016863406,0.0573355818,0.2293423272,0.6846543002,0.0050590219
3171,data/images/quantifier/test_3171.png,91,0.0016863406,0.0151770658,0.0016863406,0.0033726813,0.0016863406,0.0573355818,0.2293423272,0.6846543002,0.0050590219
3172,data/images/quantifier/test_3172.png,91,0.0016863406,0.0151770658,0.0016863406,0.0033726813,0.0016863406,0.0573355818,0.2293423272,0.6846543002,0.0050590219
3173,data/images/quantifier/test_3173.png,91,0.0016863406,0.0151770658,0.0016863406,0.0033726813,0.0016863406,0.0573355818,0.2293423272,0.6846543002,0.0050590219
3174,data/images/quantifier/test_3174.png,91,0.0016863406,0.0151770658,0.0016863406,0.0033726813,0.0016863406,0.0573355818,0.2293423272,0.6846543002,0.0050590219
3175,data/images/quantifier/test_3175.png,91,0.0016863406,0.0151770658,0.0016863406,0.0033726813,0.0016863406,0.0573355818,0.2293423272,0.6846543002,0.0050590219
3176,data/images/quantifier/test_3176.png,91,0.0016863406,0.0151770658,0.0016863406,0.0033726813,0.0016863406,0.0573355818,0.2293423272,0.6846543002,0.0050590219
3177,data/images/quantifier/test_3177.png,91,0.0016863406,0.0151770658,0.0016863406,0.0033726813,0.0016863406,0.0573355818,0.2293423272,0.6846543002,0.0050590219
3178,data/images/quantifier/test_3178.png,91,0.0016863406,0.0151770658,0.0016863406,0.0033726813,0.0016863406,0.0573355818,0.2293423272,0.6846543002,0.0050590219
3179,data/images/quantifier/test_3179.png,91,0.0016863406,0.0151770658,0.0016863406,0.0033726813,0.0016863406,0.0573355818,0.2293423272,0.6846543002,0.0050590219
3180,data/images/quantifier/test_3180.png,91,0.0016863406,0.0151770658,0.0016863406,0.0033726813,0.0016863406,0.0573355818,0.2293423272,0.6846543002,0.0050590219
3181,data/images/quantifier/test_3181.png,91,0.0016863406,0.0151770658,0.0016863406,0.0033726813,0.0016863406,0.0573355818,0.2293423272,0.6846543002,0.0050590219
3182,data/images/quantifier/test_3182.png,91,0.0016863406,0.0151770658,0.0016863406,0.0033726813,0.0016863406,0.0573355818,0.2293423272,0.6846543002,0.0050590219
3183,data/images/quantifier/test_3183.png,91,0.0016863406,0.0151770658,0.0016863406,0.0033726813,0.0016863406,0.0573355818,0.2293423272,0.6846543002,0.0050590219
3184,data/images/quantifier/test_3184.png,91,0.0016863406,0.0151770658,0.0016863406,0.0033726813,0.0016863406,0.0573355818,0.2293423272,0.6846543002,0.0050590219
3185,data/images/quantifier/test_3185.png,91,0.0016863406,0.0151770658,0.0016863406,0.0033726813,0.0016863406,0.0573355818,0.2293423272,0.6846543002,0.0050590219
3186,data/images/quantifier/test_3186.png,91,0.0016863406,0.0151770658,0.0016863406,0.0033726813,0.0016863406,0.0573355818,0.2293423272,0.6846543002,0.0050590219
3187,data/images/quantifier/test_3187.png,91,0.0016863406,0.0151770658,0.0016863406,0.0033726813,0.0016863406,0.0573355818,0.2293423272,0.6846543002,0.0050590219
3188,data/images/quantifier/test_3188.png,91,0.0016863406,0.0151770658,0.0016863406,0.0033726813,0.0016863406,0.0573355818,0.2293423272,0.6846543002,0.0050590219
3189,data/images/quantifier/test_3189.png,91,0.0016863406,0.0151770658,0.0016863406,0.0033726813,0.0016863406,0.0573355818,0.2293423272,0.6846543002,0.0050590219
3190,data/images/quantifier/test_3190.png,91,0.0016863406,0.0151770658,0.0016863406,0.0033726813,0.0016863406,0.0573355818,0.2293423272,0.6846543002,0.0050590219
3191,data/images/quantifier/test_3191.png,91,0.0016863406,0.0151770658,0.0016863406,0.0033726813,0.0016863406,0.0573355818,0.2293423272,0.6846543002,0.0050590219
3192,data/images/quantifier/test_3192.png,91,0.0016863406,0.0151770658,0.0016863406,0.0033726813,0.0016863406,0.0573355818,0.2293423272,0.6846543002,0.0050590219
3193,data/images/quantifier/test_3193.png,91,0.0016863406,0.0151770658,0.0016863406,0.0033726813,0.0016863406,0.0573355818,0.2293423272,0.6846543002,0.0050590219
3194,data/images/quantifier/test_3194.png,91,0.0016863406,0.0151770658,0.0016863406,0.0033726813,0.0016863406,0.0573355818,0.2293423272,0.6846543002,0.0050590219
3195,data/images/quantifier/test_3195.png,91,0.0016863406,0.0151770658,0.0016863406,0.0033726813,0.0016863406,0.0573355818,0.2293423272,0.6846543002,0.0050590219
3196,data/images/quantifier/test_3196.png,91,0.0016863406,0.0151770658,0.0016863406,0.0033726813,0.0016863406,0.0573355818,0.2293423272,0.6846543002,0.0050590219
3197,data/images/quantifier/test_3197.png,91,0.0016863406,0.0151770658,0.0016863406,0.0033726813,0.0016863406,0.0573355818,0.2293423272,0.6846543002,0.0050590219
3198,data/images/quantifier/test_3198.png,91,0.0016863406,0.0151770658,0.0016863406,0.0033726813,0.0016863406,0.0573355818,0.2293423272,0.6846543002,0.0050590219
3199,data/images/quantifier/test_3199.png,91,0.0016863406,0.0151770658,0.0016863406,0.0033726813,0.0016863406,0.0573355818,0.2293423272,0.6846543002,0.0050590219
3200,data/images/quantifier/test_3200.png,X0,0.0016722408,0.0016722408,0.0,0.0016722408,0.0016722408,0.0033444816,0.0050167224,0.0016722408,0.983277592
3201,data/images/quantifier/test_3201.png,X0,0.0016722408,0.0016722408,0.0,0.0016722408,0.0016722408,0.0033444816,0.0050167224,0.0016722408,0.983277592
3202,data/images/quantifier/test_3202.png,X0,0.0016722408,0.0016722408,0.0,0.0016722408,0.0016722408,0.0033444816,0.0050167224,0.0016722408,0.983277592
3203,data/images/quantifier/test_3203.png,X0,0.0016722408,0.0016722408,0.0,0.0016722408,0.0016722408,0.0033444816,0.0050167224,0.0016722408,0.983277592
3204,data/images/quantifier/test_3204.png,X0,0.0016722408,0.0016722408,0.0,0.0016722408,0.0016722408,0.0033444816,0.0050167224,0.0016722408,0.983277592
3205,data/images/quantifier/test_3205.png,X0,0.0016722408,0.0016722408,0.0,0.0016722408,0.0016722408,0.0033444816,0.0050167224,0.0016722408,0.983277592
3206,data/images/quantifier/test_3206.png,X0,0.0016722408,0.0016722408,0.0,0.0016722408,0.0016722408,0.0033444816,0.0050167224,0.0016722408,0.983277592
3207,data/images/quantifier/test_3207.png,X0,0.0016722408,0.0016722408,0.0,0.0016722408,0.0016722408,0.0033444816,0.0050167224,0.0016722408,0.983277592
3208,data/images/quantifier/test_3208.png,X0,0.0016722408,0.0016722408,0.0,0.0016722408,0.0016722408,0.0033444816,0.0050167224,0.0016722408,0.983277592
3209,data/images/quantifier/test_3209.png,X0,0.0016722408,0.0016722408,0.0,0.0016722408,0.0016722408,0.0033444816,0.0050167224,0.0016722408,0.983277592
3210,data/images/quantifier/test_3210.png,X0,0.0016722408,0.0016722408,0.0,0.0016722408,0.0016722408,0.0033444816,0.0050167224,0.0016722408,0.983277592
3211,data/images/quantifier/test_3211.png,X0,0.0016722408,0.0016722408,0.0,0.0016722408,0.0016722408,0.0033444816,0.0050167224,0.0016722408,0.983277592
3212,data/images/quantifier/test_3212.png,X0,0.0016722408,0.0016722408,0.0,0.0016722408,0.0016722408,0.0033444816,0.0050167224,0.0016722408,0.983277592
3213,data/images/quantifier/test_3213.png,X0,0.0016722408,0.0016722408,0.0,0.0016722408,0.0016722408,0.0033444816,0.0050167224,0.0016722408,0.983277592
3214,data/images/quantifier/test_3214.png,X0,0.0016722408,0.0016722408,0.0,0.0016722408,0.0016722408,0.0033444816,0.0050167224,0.0016722408,0.983277592
3215,data/images/quantifier/test_3215.png,X0,0.0016722408,0.0016722408,0.0,0.0016722408,0.0016722408,0.0033444816,0.0050167224,0.0016722408,0.983277592
3216,data/images/quantifier/test_3216.png,X0,0.0016722408,0.0016722408,0.0,0.0016722408,0.0016722408,0.0033444816,0.0050167224,0.0016722408,0.983277592
3217,data/images/quantifier/test_3217.png,X0,0.0016722408,0.0016722408,0.0,0.0016722408,0.0016722408,0.0033444816,0.0050167224,0.0016722408,0.983277592
3218,data/images/quantifier/test_3218.png,X0,0.0016722408,0.0016722408,0.0,0.0016722408,0.0016722408,0.0033444816,0.0050167224,0.0016722408,0.983277592
3219,data/images/quantifier/test_3219.png,X0,0.0016722408,0.0016722408,0.0,0.0016722408,0.0016722408,0.0033444816,0.0050167224,0.0016722408,0.983277592
3220,data/images/quantifier/test_3220.png,X0,0.0016722408,0.0016722408,0.0,0.0016722408,0.0016722408,0.0033444816,0.0050167224,0.0016722408,0.983277592
3221,data/images/quantifier/test_3221.png,X0,0.0016722408,0.0016722408,0.0,0.0016722408,0.0016722408,0.0033444816,0.0050167224,0.0016722408,0.983277592
3222,data/images/quantifier/test_3222.png,X0,0.0016722408,0.0016722408,0.0,0.0016722408,0.0016722408,0.0033444816,0.0050167224,0.0016722408,0.983277592
3223,data/images/quantifier/test_3223.png,X0,0.0016722408,0.0016722408,0.0,0.0016722408,0.0016722408,0.0033444816,0.0050167224,0.0016722408,0.983277592
3224,data/images/quantifier/test_3224.png,X0,0.0016722408,0.0016722408,0.0,0.0016722408,0.0016722408,0.0033444816,0.0050167224,0.0016722408,0.983277592
3225,data/images/quantifier/test_3225.png,X0,0.0016722408,0.0016722408,0.0,0.0016722408,0.0016722408,0.0033444816,0.0050167224,0.0016722408,0.983277592
3226,data/images/quantifier/test_3226.png,X0,0.0016722408,0.0016722408,0.0,0.0016722408,0.0016722408,0.0033444816,0.0050167224,0.0016722408,0.983277592
3227,data/images/quantifier/test_3227.png,X0,0.0016722408,0.0016722408,0.0,0.0016722408,0.0016722408,0.0033444816,0.0050167224,0.0016722408,0.983277592
3228,data/images/quantifier/test_3228.png,X0,0.0016722408,0.0016722408,0.0,0.0016722408,0.0016722408,0.0033444816,0.0050167224,0.0016722408,0.983277592
3229,data/images/quantifier/test_3229.png,X0,0.0016722408,0.0016722408,0.0,0.0016722408,0.0016722408,0.0033444816,0.0050167224,0.0016722408,0.983277592
3230,data/images/quantifier/test_3230.png,X0,0.0016722408,0.0016722408,0.0,0.0016722408,0.0016722408,0.0033444816,0.0050167224,0.0016722408,0.983277592
3231,data/images/quantifier/test_3231.png,X0,0.0016722408,0.0016722408,0.0,0.0016722408,0.0016722408,0.0033444816,0.0050167224,0.0016722408,0.983277592
3232,data/images/quantifier/test_3232.png,X0,0.0016722408,0.0016722408,0.0,0.0016722408,0.0016722408,0.0033444816,0.0050167224,0.0016722408,0.983277592
3233,data/images/quantifier/test_3233.png,X0,0.0016722408,0.0016722408,0.0,0.0016722408,0.0016722408,0.0033444816,0.0050167224,0.0016722408,0.983277592
3234,data/images/quantifier/test_3234.png,X0,0.0016722408,0.0016722408,0.0,0.0016722408,0.0016722408,0.0033444816,0.0050167224,0.0016722408,0.983277592
3235,data/images/quantifier/test_3235.png,X0,0.0016722408,0.0016722408,0.0,0.0016722408,0.0016722408,0.0033444816,0.0050167224,0.0016722408,0.983277592
3236,data/images/quantifier/test_3236.png,X0,0.0016722408,0.0016722408,0.0,0.0016722408,0.0016722408,0.0033444816,0.0050167224,0.0016722408,0.983277592
3237,data/images/quantifier/test_3237.png,X0,0.0016722408,0.0016722408,0.0,0.0016722408,0.0016722408,0.0033444816,0.0050167224,0.0016722408,0.983277592
3238,data/images/quantifier/test_3238.png,X0,0.0016722408,0.0016722408,0.0,0.0016722408,0.0016722408,0.0033444816,0.0050167224,0.0016722408,0.983277592
3239,data/images/quantifier/test_3239.png,X0,0.0016722408,0.0016722408,0.0,0.0016722408,0.0016722408,0.0033444816,0.0050167224,0.0016722408,0.983277592
3240,data/images/quantifier/test_3240.png,X0,0.0016722408,0.0016722408,0.0,0.0016722408,0.0016722408,0.0033444816,0.0050167224,0.0016722408,0.983277592
3241,data/images/quantifier/test_3241.png,X0,0.0016722408,0.0016722408,0.0,0.0016722408,0.0016722408,0.0033444816,0.0050167224,0.0016722408,0.983277592
3242,data/images/quantifier/test_3242.png,X0,0.0016722408,0.0016722408,0.0,0.0016722408,0.0016722408,0.0033444816,0.0050167224,0.0016722408,0.983277592
3243,data/images/quantifier/test_3243.png,X0,0.0016722408,0.0016722408,0.0,0.0016722408,0.0016722408,0.0033444816,0.0050167224,0.0016722408,0.983277592
3244,data/images/quantifier/test_3244.png,X0,0.0016722408,0.0016722408,0.0,0.0016722408,0.0016722408,0.0033444816,0.0050167224,0.0016722408,0.983277592
3245,data/images/quantifier/test_3245.png,X0,0.0016722408,0.0016722408,0.0,0.0016722408,0.0016722408,0.0033444816,0.0050167224,0.0016722408,0.983277592
3246,data/images/quantifier/test_3246.png,X0,0.0016722408,0.0016722408,0.0,0.0016722408,0.0016722408,0.0033444816,0.0050167224,0.0016722408,0.983277592
3247,data/images/quantifier/test_3247.png,X0,0.0016722408,0.0016722408,0.0,0.0016722408,0.0016722408,0.0033444816,0.0050167224,0.0016722408,0.983277592
3248,data/images/quantifier/test_3248.png,X0,0.0016722408,0.0016722408,0.0,0.0016722408,0.0016722408,0.0033444816,0.0050167224,0.0016722408,0.983277592
3249,data/images/quantifier/test_3249.png,X0,0.0016722408,0.0016722408,0.0,0.0016722408,0.0016722408,0.0033444816,0.0050167224,0.0016722408,0.983277592
3250,data/images/quantifier/test_3250.png,X0,0.0016722408,0.0016722408,0.0,0.0016722408,0.0016722408,0.0033444816,0.0050167224,0.0016722408,0.983277592
3251,data/images/quantifier/test_3251.png,X0,0.0016722408,0.0016722408,0.0,0.0016722408,0.0016722408,0.0033444816,0.0050167224,0.0016722408,0.983277592
3252,data/images/quantifier/test_3252.png,X0,0.0016722408,0.0016722408,0.0,0.0016722408,0.0016722408,0.0033444816,0.0050167224,0.0016722408,0.983277592
3253,data/images/quantifier/test_3253.png,X0,0.0016722408,0.0016722408,0.0,0.0016722408,0.0016722408,0.0033444816,0.0050167224,0.0016722408,0.983277592
3254,data/images/quantifier/test_3254.png,X0,0.0016722408,0.0016722408,0.0,0.0016722408,0.0016722408,0.0033444816,0.0050167224,0.0016722408,0.983277592
3255,data/images/quantifier/test_3255.png,X0,0.0016722408,0.0016722408,0.0,0.0016722408,0.0016722408,0.0033444816,0.0050167224,0.0016722408,0.983277592
3256,data/images/quantifier/test_3256.png,X0,0.0016722408,0.0016722408,0.0,0.0016722408,0.0016722408,0.0033444816,0.0050167224,0.0016722408,0.983277592
3257,data/images/quantifier/test_3257.png,X0,0.0016722408,0.0016722408,0.0,0.0016722408,0.0016722408,0.0033444816,0.0050167224,0.0016722408,0.983277592
3258,data/images/quantifier/test_3258.png,X0,0.0016722408,0.0016722408,0.0,0.0016722408,0.0016722408,0.0033444816,0.0050167224,0.0016722408,0.983277592
3259,data/images/quantifier/test_3259.png,X0,0.0016722408,0.0016722408,0.0,0.0016722408,0.0016722408,0.0033444816,0.0050167224,0.0016722408,0.983277592
3260,data/images/quantifier/test_3260.png,X0,0.0016722408,0.0016722408,0.0,0.0016722408,0.0016722408,0.0033444816,0.0050167224,0.0016722408,0.983277592
3261,data/images/quantifier/test_3261.png,X0,0.0016722408,0.0016722408,0.0,0.0016722408,0.0016722408,0.0033444816,0.0050167224,0.0016722408,0.983277592
3262,data/images/quantifier/test_3262.png,X0,0.0016722408,0.0016722408,0.0,0.0016722408,0.0016722408,0.0033444816,0.0050167224,0.0016722408,0.983277592
3263,data/images/quantifier/test_3263.png,X0,0.0016722408,0.0016722408,0.0,0.0016722408,0.0016722408,0.0033444816,0.0050167224,0.0016722408,0.983277592
3264,data/images/quantifier/test_3264.png,X0,0.0016722408,0.0016722408,0.0,0.0016722408,0.0016722408,0.0033444816,0.0050167224,0.0016722408,0.983277592
3265,data/images/quantifier/test_3265.png,X0,0.0016722408,0.0016722408,0.0,0.0016722408,0.0016722408,0.0033444816,0.0050167224,0.0016722408,0.983277592
3266,data/images/quantifier/test_3266.png,X0,0.0016722408,0.0016722408,0.0,0.0016722408,0.0016722408,0.0033444816,0.0050167224,0.0016722408,0.983277592
3267,data/images/quantifier/test_3267.png,X0,0.0016722408,0.0016722408,0.0,0.0016722408,0.0016722408,0.0033444816,0.0050167224,0.0016722408,0.983277592
3268,data/images/quantifier/test_3268.png,X0,0.0016722408,0.0016722408,0.0,0.0016722408,0.0016722408,0.0033444816,0.0050167224,0.0016722408,0.983277592
3269,data/images/quantifier/test_3269.png,X0,0.0016722408,0.0016722408,0.0,0.0016722408,0.0016722408,0.0033444816,0.0050167224,0.0016722408,0.983277592
3270,data/images/quantifier/test_3270.png,X0,0.0016722408,0.0016722408,0.0,0.0016722408,0.0016722408,0.0033444816,0.0050167224,0.0016722408,0.983277592
3271,data/images/quantifier/test_3271.png,X0,0.0016722408,0.0016722408,0.0,0.0016722408,0.0016722408,0.0033444816,0.0050167224,0.0016722408,0.983277592
3272,data/images/quantifier/test_3272.png,X0,0.0016722408,0.0016722408,0.0,0.0016722408,0.0016722408,0.0033444816,0.0050167224,0.0016722408,0.983277592
3273,data/images/quantifier/test_3273.png,X0,0.0016722408,0.0016722408,0.0,0.0016722408,0.0016722408,0.0033444816,0.0050167224,0.0016722408,0.983277592
3274,data/images/quantifier/test_3274.png,X0,0.0016722408,0.0016722408,0.0,0.0016722408,0.0016722408,0.0033444816,0.0050167224,0.0016722408,0.983277592
3275,data/images/quantifier/test_3275.png,X0,0.0016722408,0.0016722408,0.0,0.0016722408,0.0016722408,0.0033444816,0.0050167224,0.0016722408,0.983277592
3276,data/images/quantifier/test_3276.png,X0,0.0016722408,0.0016722408,0.0,0.0016722408,0.0016722408,0.0033444816,0.0050167224,0.0016722408,0.983277592
3277,data/images/quantifier/test_3277.png,X0,0.0016722408,0.0016722408,0.0,0.0016722408,0.0016722408,0.0033444816,0.0050167224,0.0016722408,0.983277592
3278,data/images/quantifier/test_3278.png,X0,0.0016722408,0.0016722408,0.0,0.0016722408,0.0016722408,0.0033444816,0.0050167224,0.0016722408,0.983277592
3279,data/images/quantifier/test_3279.png,X0,0.0016722408,0.0016722408,0.0,0.0016722408,0.0016722408,0.0033444816,0.0050167224,0.0016722408,0.983277592
3280,data/images/quantifier/test_3280.png,X0,0.0016722408,0.0016722408,0.0,0.0016722408,0.0016722408,0.0033444816,0.0050167224,0.0016722408,0.983277592
3281,data/images/quantifier/test_3281.png,X0,0.0016722408,0.0016722408,0.0,0.0016722408,0.0016722408,0.0033444816,0.0050167224,0.0016722408,0.983277592
3282,data/images/quantifier/test_3282.png,X0,0.0016722408,0.0016722408,0.0,0.0016722408,0.0016722408,0.0033444816,0.0050167224,0.0016722408,0.983277592
3283,data/images/quantifier/test_3283.png,X0,0.0016722408,0.0016722408,0.0,0.0016722408,0.0016722408,0.0033444816,0.0050167224,0.0016722408,0.983277592
3284,data/images/quantifier/test_3284.png,X0,0.0016722408,0.0016722408,0.0,0.0016722408,0.0016722408,0.0033444816,0.0050167224,0.0016722408,0.983277592
3285,data/images/quantifier/test_3285.png,X0,0.0016722408,0.0016722408,0.0,0.0016722408,0.0016722408,0.0033444816,0.0050167224,0.0016722408,0.983277592
3286,data/images/quantifier/test_3286.png,X0,0.0016722408,0.0016722408,0.0,0.0016722408,0.0016722408,0.0033444816,0.0050167224,0.0016722408,0.983277592
3287,data/images/quantifier/test_3287.png,X0,0.0016722408,0.0016722408,0.0,0.0016722408,0.0016722408,0.0033444816,0.0050167224,0.0016722408,0.983277592
3288,data/images/quantifier/test_3288.png,X0,0.0016722408,0.0016722408,0.0,0.0016722408,0.0016722408,0.0033444816,0.0050167224,0.0016722408,0.983277592
3289,data/images/quantifier/test_3289.png,X0,0.0016722408,0.0016722408,0.0,0.0016722408,0.0016722408,0.0033444816,0.0050167224,0.0016722408,0.983277592
3290,data/images/quantifier/test_3290.png,X0,0.0016722408,0.0016722408,0.0,0.0016722408,0.0016722408,0.0033444816,0.0050167224,0.0016722408,0.983277592
3291,data/images/quantifier/test_3291.png,X0,0.0016722408,0.0016722408,0.0,0.0016722408,0.0016722408,0.0033444816,0.0050167224,0.0016722408,0.983277592
3292,data/images/quantifier/test_3292.png,X0,0.0016722408,0.0016722408,0.0,0.0016722408,0.0016722408,0.0033444816,0.0050167224,0.0016722408,0.983277592
3293,data/images/quantifier/test_3293.png,X0,0.0016722408,0.0016722408,0.0,0.0016722408,0.0016722408,0.0033444816,0.0050167224,0.0016722408,0.983277592
3294,data/images/quantifier/test_3294.png,X0,0.0016722408,0.0016722408,0.0,0.0016722408,0.0016722408,0.0033444816,0.0050167224,0.0016722408,0.983277592
3295,data/images/quantifier/test_3295.png,X0,0.0016722408,0.0016722408,0.0,0.0016722408,0.0016722408,0.0033444816,0.0050167224,0.0016722408,0.983277592
3296,data/images/quantifier/test_3296.png,X0,0.0016722408,0.0016722408,0.0,0.0016722408,0.0016722408,0.0033444816,0.0050167224,0.0016722408,0.983277592
3297,data/images/quantifier/test_3297.png,X0,0.0016722408,0.0016722408,0.0,0.0016722408,0.0016722408,0.0033444816,0.0050167224,0.0016722408,0.983277592
3298,data/images/quantifier/test_3298.png,X0,0.0016722408,0.0016722408,0.0,0.0016722408,0.0016722408,0.0033444816,0.0050167224,0.0016722408,0.983277592
3299,data/images/quantifier/test_3299.png,X0,0.0016722408,0.0016722408,0.0,0.0016722408,0.0016722408,0.0033444816,0.0050167224,0.0016722408,0.983277592
3300,data/images/quantifier/test_3300.png,X0,0.0016722408,0.0016722408,0.0,0.0016722408,0.0016722408,0.0033444816,0.0050167224,0.0016722408,0.983277592
3301,data/images/quantifier/test_3301.png,X0,0.0016722408,0.0016722408,0.0,0.0016722408,0.0016722408,0.0033444816,0.0050167224,0.0016722408,0.983277592
3302,data/images/quantifier/test_3302.png,X0,0.0016722408,0.0016722408,0.0,0.0016722408,0.0016722408,0.0033444816,0.0050167224,0.0016722408,0.983277592
3303,data/images/quantifier/test_3303.png,X0,0.0016722408,0.0016722408,0.0,0.0016722408,0.0016722408,0.0033444816,0.0050167224,0.0016722408,0.983277592
3304,data/images/quantifier/test_3304.png,X0,0.0016722408,0.0016722408,0.0,0.0016722408,0.0016722408,0.0033444816,0.0050167224,0.0016722408,0.983277592
3305,data/images/quantifier/test_3305.png,X0,0.0016722408,0.0016722408,0.0,0.0016722408,0.0016722408,0.0033444816,0.0050167224,0.0016722408,0.983277592
3306,data/images/quantifier/test_3306.png,X0,0.0016722408,0.0016722408,0.0,0.0016722408,0.0016722408,0.0033444816,0.0050167224,0.0016722408,0.983277592
3307,data/images/quantifier/test_3307.png,X0,0.0016722408,0.0016722408,0.0,0.0016722408,0.0016722408,0.0033444816,0.0050167224,0.0016722408,0.983277592
3308,data/images/quantifier/test_3308.png,X0,0.0016722408,0.0016722408,0.0,0.0016722408,0.0016722408,0.0033444816,0.0050167224,0.0016722408,0.983277592
3309,data/images/quantifier/test_3309.png,X0,0.0016722408,0.0016722408,0.0,0.0016722408,0.0016722408,0.0033444816,0.0050167224,0.0016722408,0.983277592
3310,data/images/quantifier/test_3310.png,X0,0.0016722408,0.0016722408,0.0,0.0016722408,0.0016722408,0.0033444816,0.0050167224,0.0016722408,0.983277592
3311,data/images/quantifier/test_3311.png,X0,0.0016722408,0.0016722408,0.0,0.0016722408,0.0016722408,0.0033444816,0.0050167224,0.0016722408,0.983277592
3312,data/images/quantifier/test_3312.png,X0,0.0016722408,0.0016722408,0.0,0.0016722408,0.0016722408,0.0033444816,0.0050167224,0.0016722408,0.983277592
3313,data/images/quantifier/test_3313.png,X0,0.0016722408,0.0016722408,0.0,0.0016722408,0.0016722408,0.0033444816,0.0050167224,0.0016722408,0.983277592
3314,data/images/quantifier/test_3314.png,X0,0.0016722408,0.0016722408,0.0,0.0016722408,0.0016722408,0.0033444816,0.0050167224,0.0016722408,0.983277592
3315,data/images/quantifier/test_3315.png,X0,0.0016722408,0.0016722408,0.0,0.0016722408,0.0016722408,0.0033444816,0.0050167224,0.0016722408,0.983277592
3316,data/images/quantifier/test_3316.png,X0,0.0016722408,0.0016722408,0.0,0.0016722408,0.0016722408,0.0033444816,0.0050167224,0.0016722408,0.983277592
3317,data/images/quantifier/test_3317.png,X0,0.0016722408,0.0016722408,0.0,0.0016722408,0.0016722408,0.0033444816,0.0050167224,0.0016722408,0.983277592
3318,data/images/quantifier/test_3318.png,X0,0.0016722408,0.0016722408,0.0,0.0016722408,0.0016722408,0.0033444816,0.0050167224,0.0016722408,0.983277592
3319,data/images/quantifier/test_3319.png,X0,0.0016722408,0.0016722408,0.0,0.0016722408,0.0016722408,0.0033444816,0.0050167224,0.0016722408,0.983277592
3320,data/images/quantifier/test_3320.png,X0,0.0016722408,0.0016722408,0.0,0.0016722408,0.0016722408,0.0033444816,0.0050167224,0.0016722408,0.983277592
3321,data/images/quantifier/test_3321.png,X0,0.0016722408,0.0016722408,0.0,0.0016722408,0.0016722408,0.0033444816,0.0050167224,0.0016722408,0.983277592
3322,data/images/quantifier/test_3322.png,X0,0.0016722408,0.0016722408,0.0,0.0016722408,0.0016722408,0.0033444816,0.0050167224,0.0016722408,0.983277592
3323,data/images/quantifier/test_3323.png,X0,0.0016722408,0.0016722408,0.0,0.0016722408,0.0016722408,0.0033444816,0.0050167224,0.0016722408,0.983277592
3324,data/images/quantifier/test_3324.png,X0,0.0016722408,0.0016722408,0.0,0.0016722408,0.0016722408,0.0033444816,0.0050167224,0.0016722408,0.983277592
3325,data/images/quantifier/test_3325.png,X0,0.0016722408,0.0016722408,0.0,0.0016722408,0.0016722408,0.0033444816,0.0050167224,0.0016722408,0.983277592
3326,data/images/quantifier/test_3326.png,X0,0.0016722408,0.0016722408,0.0,0.0016722408,0.0016722408,0.0033444816,0.0050167224,0.0016722408,0.983277592
3327,data/images/quantifier/test_3327.png,X0,0.0016722408,0.0016722408,0.0,0.0016722408,0.0016722408,0.0033444816,0.0050167224,0.0016722408,0.983277592
3328,data/images/quantifier/test_3328.png,X0,0.0016722408,0.0016722408,0.0,0.0016722408,0.0016722408,0.0033444816,0.0050167224,0.0016722408,0.983277592
3329,data/images/quantifier/test_3329.png,X0,0.0016722408,0.0016722408,0.0,0.0016722408,0.0016722408,0.0033444816,0.0050167224,0.0016722408,0.983277592
3330,data/images/quantifier/test_3330.png,X0,0.0016722408,0.0016722408,0.0,0.0016722408,0.0016722408,0.0033444816,0.0050167224,0.0016722408,0.983277592
3331,data/images/quantifier/test_3331.png,X0,0.0016722408,0.0016722408,0.0,0.0016722408,0.0016722408,0.0033444816,0.0050167224,0.0016722408,0.983277592
3332,data/images/quantifier/test_3332.png,X0,0.0016722408,0.0016722408,0.0,0.0016722408,0.0016722408,0.0033444816,0.0050167224,0.0016722408,0.983277592
3333,data/images/quantifier/test_3333.png,X0,0.0016722408,0.0016722408,0.0,0.0016722408,0.0016722408,0.0033444816,0.0050167224,0.0016722408,0.983277592
3334,data/images/quantifier/test_3334.png,X0,0.0016722408,0.0016722408,0.0,0.0016722408,0.0016722408,0.0033444816,0.0050167224,0.0016722408,0.983277592
3335,data/images/quantifier/test_3335.png,X0,0.0016722408,0.0016722408,0.0,0.0016722408,0.0016722408,0.0033444816,0.0050167224,0.0016722408,0.983277592
3336,data/images/quantifier/test_3336.png,X0,0.0016722408,0.0016722408,0.0,0.0016722408,0.0016722408,0.0033444816,0.0050167224,0.0016722408,0.983277592
3337,data/images/quantifier/test_3337.png,X0,0.0016722408,0.0016722408,0.0,0.0016722408,0.0016722408,0.0033444816,0.0050167224,0.0016722408,0.983277592
3338,data/images/quantifier/test_3338.png,X0,0.0016722408,0.0016722408,0.0,0.0016722408,0.0016722408,0.0033444816,0.0050167224,0.0016722408,0.983277592
3339,data/images/quantifier/test_3339.png,X0,0.0016722408,0.0016722408,0.0,0.0016722408,0.0016722408,0.0033444816,0.0050167224,0.0016722408,0.983277592
3340,data/images/quantifier/test_3340.png,X0,0.0016722408,0.0016722408,0.0,0.0016722408,0.0016722408,0.0033444816,0.0050167224,0.0016722408,0.983277592
3341,data/images/quantifier/test_3341.png,X0,0.0016722408,0.0016722408,0.0,0.0016722408,0.0016722408,0.0033444816,0.0050167224,0.0016722408,0.983277592
3342,data/images/quantifier/test_3342.png,X0,0.0016722408,0.0016722408,0.0,0.0016722408,0.0016722408,0.0033444816,0.0050167224,0.0016722408,0.983277592
3343,data/images/quantifier/test_3343.png,X0,0.0016722408,0.0016722408,0.0,0.0016722408,0.0016722408,0.0033444816,0.0050167224,0.0016722408,0.983277592
3344,data/images/quantifier/test_3344.png,X0,0.0016722408,0.0016722408,0.0,0.0016722408,0.0016722408,0.0033444816,0.0050167224,0.0016722408,0.983277592
3345,data/images/quantifier/test_3345.png,X0,0.0016722408,0.0016722408,0.0,0.0016722408,0.0016722408,0.0033444816,0.0050167224,0.0016722408,0.983277592
3346,data/images/quantifier/test_3346.png,X0,0.0016722408,0.0016722408,0.0,0.0016722408,0.0016722408,0.0033444816,0.0050167224,0.0016722408,0.983277592
3347,data/images/quantifier/test_3347.png,X0,0.0016722408,0.0016722408,0.0,0.0016722408,0.0016722408,0.0033444816,0.0050167224,0.0016722408,0.983277592
3348,data/images/quantifier/test_3348.png,X0,0.0016722408,0.0016722408,0.0,0.0016722408,0.0016722408,0.0033444816,0.0050167224,0.0016722408,0.983277592
3349,data/images/quantifier/test_3349.png,X0,0.0016722408,0.0016722408,0.0,0.0016722408,0.0016722408,0.0033444816,0.0050167224,0.0016722408,0.983277592
3350,data/images/quantifier/test_3350.png,X0,0.0016722408,0.0016722408,0.0,0.0016722408,0.0016722408,0.0033444816,0.0050167224,0.0016722408,0.983277592
3351,data/images/quantifier/test_3351.png,X0,0.0016722408,0.0016722408,0.0,0.0016722408,0.0016722408,0.0033444816,0.0050167224,0.0016722408,0.983277592
3352,data/images/quantifier/test_3352.png,X0,0.0016722408,0.0016722408,0.0,0.0016722408,0.0016722408,0.0033444816,0.0050167224,0.0016722408,0.983277592
3353,data/images/quantifier/test_3353.png,X0,0.0016722408,0.0016722408,0.0,0.0016722408,0.0016722408,0.0033444816,0.0050167224,0.0016722408,0.983277592
3354,data/images/quantifier/test_3354.png,X0,0.0016722408,0.0016722408,0.0,0.0016722408,0.0016722408,0.0033444816,0.0050167224,0.0016722408,0.983277592
3355,data/images/quantifier/test_3355.png,X0,0.0016722408,0.0016722408,0.0,0.0016722408,0.0016722408,0.0033444816,0.0050167224,0.0016722408,0.983277592
3356,data/images/quantifier/test_3356.png,X0,0.0016722408,0.0016722408,0.0,0.0016722408,0.0016722408,0.0033444816,0.0050167224,0.0016722408,0.983277592
3357,data/images/quantifier/test_3357.png,X0,0.0016722408,0.0016722408,0.0,0.0016722408,0.0016722408,0.0033444816,0.0050167224,0.0016722408,0.983277592
3358,data/images/quantifier/test_3358.png,X0,0.0016722408,0.0016722408,0.0,0.0016722408,0.0016722408,0.0033444816,0.0050167224,0.0016722408,0.983277592
3359,data/images/quantifier/test_3359.png,X0,0.0016722408,0.0016722408,0.0,0.0016722408,0.0016722408,0.0033444816,0.0050167224,0.0016722408,0.983277592
3360,data/images/quantifier/test_3360.png,X0,0.0016722408,0.0016722408,0.0,0.0016722408,0.0016722408,0.0033444816,0.0050167224,0.0016722408,0.983277592
3361,data/images/quantifier/test_3361.png,X0,0.0016722408,0.0016722408,0.0,0.0016722408,0.0016722408,0.0033444816,0.0050167224,0.0016722408,0.983277592
3362,data/images/quantifier/test_3362.png,X0,0.0016722408,0.0016722408,0.0,0.0016722408,0.0016722408,0.0033444816,0.0050167224,0.0016722408,0.983277592
3363,data/images/quantifier/test_3363.png,X0,0.0016722408,0.0016722408,0.0,0.0016722408,0.0016722408,0.0033444816,0.0050167224,0.0016722408,0.983277592
3364,data/images/quantifier/test_3364.png,X0,0.0016722408,0.0016722408,0.0,0.0016722408,0.0016722408,0.0033444816,0.0050167224,0.0016722408,0.983277592
3365,data/images/quantifier/test_3365.png,X0,0.0016722408,0.0016722408,0.0,0.0016722408,0.0016722408,0.0033444816,0.0050167224,0.0016722408,0.983277592
3366,data/images/quantifier/test_3366.png,X0,0.0016722408,0.0016722408,0.0,0.0016722408,0.0016722408,0.0033444816,0.0050167224,0.0016722408,0.983277592
3367,data/images/quantifier/test_3367.png,X0,0.0016722408,0.0016722408,0.0,0.0016722408,0.0016722408,0.0033444816,0.0050167224,0.0016722408,0.983277592
3368,data/images/quantifier/test_3368.png,X0,0.0016722408,0.0016722408,0.0,0.0016722408,0.0016722408,0.0033444816,0.0050167224,0.0016722408,0.983277592
3369,data/images/quantifier/test_3369.png,X0,0.0016722408,0.0016722408,0.0,0.0016722408,0.0016722408,0.0033444816,0.0050167224,0.0016722408,0.983277592
3370,data/images/quantifier/test_3370.png,X0,0.0016722408,0.0016722408,0.0,0.0016722408,0.0016722408,0.0033444816,0.0050167224,0.0016722408,0.983277592
3371,data/images/quantifier/test_3371.png,X0,0.0016722408,0.0016722408,0.0,0.0016722408,0.0016722408,0.0033444816,0.0050167224,0.0016722408,0.983277592
3372,data/images/quantifier/test_3372.png,X0,0.0016722408,0.0016722408,0.0,0.0016722408,0.0016722408,0.0033444816,0.0050167224,0.0016722408,0.983277592
3373,data/images/quantifier/test_3373.png,X0,0.0016722408,0.0016722408,0.0,0.0016722408,0.0016722408,0.0033444816,0.0050167224,0.0016722408,0.983277592
3374,data/images/quantifier/test_3374.png,X0,0.0016722408,0.0016722408,0.0,0.0016722408,0.0016722408,0.0033444816,0.0050167224,0.0016722408,0.983277592
3375,data/images/quantifier/test_3375.png,X0,0.0016722408,0.0016722408,0.0,0.0016722408,0.0016722408,0.0033444816,0.0050167224,0.0016722408,0.983277592
3376,data/images/quantifier/test_3376.png,X0,0.0016722408,0.0016722408,0.0,0.0016722408,0.0016722408,0.0033444816,0.0050167224,0.0016722408,0.983277592
3377,data/images/quantifier/test_3377.png,X0,0.0016722408,0.0016722408,0.0,0.0016722408,0.0016722408,0.0033444816,0.0050167224,0.0016722408,0.983277592
3378,data/images/quantifier/test_3378.png,X0,0.0016722408,0.0016722408,0.0,0.0016722408,0.0016722408,0.0033444816,0.0050167224,0.0016722408,0.983277592
3379,data/images/quantifier/test_3379.png,X0,0.0016722408,0.0016722408,0.0,0.0016722408,0.0016722408,0.0033444816,0.0050167224,0.0016722408,0.983277592
3380,data/images/quantifier/test_3380.png,X0,0.0016722408,0.0016722408,0.0,0.0016722408,0.0016722408,0.0033444816,0.0050167224,0.0016722408,0.983277592
3381,data/images/quantifier/test_3381.png,X0,0.0016722408,0.0016722408,0.0,0.0016722408,0.0016722408,0.0033444816,0.0050167224,0.0016722408,0.983277592
3382,data/images/quantifier/test_3382.png,X0,0.0016722408,0.0016722408,0.0,0.0016722408,0.0016722408,0.0033444816,0.0050167224,0.0016722408,0.983277592
3383,data/images/quantifier/test_3383.png,X0,0.0016722408,0.0016722408,0.0,0.0016722408,0.0016722408,0.0033444816,0.0050167224,0.0016722408,0.983277592
3384,data/images/quantifier/test_3384.png,X0,0.0016722408,0.0016722408,0.0,0.0016722408,0.0016722408,0.0033444816,0.0050167224,0.0016722408,0.983277592
3385,data/images/quantifier/test_3385.png,X0,0.0016722408,0.0016722408,0.0,0.0016722408,0.0016722408,0.0033444816,0.0050167224,0.0016722408,0.983277592
3386,data/images/quantifier/test_3386.png,X0,0.0016722408,0.0016722408,0.0,0.0016722408,0.0016722408,0.0033444816,0.0050167224,0.0016722408,0.983277592
3387,data/images/quantifier/test_3387.png,X0,0.0016722408,0.0016722408,0.0,0.0016722408,0.0016722408,0.0033444816,0.0050167224,0.0016722408,0.983277592
3388,data/images/quantifier/test_3388.png,X0,0.0016722408,0.0016722408,0.0,0.0016722408,0.0016722408,0.0033444816,0.0050167224,0.0016722408,0.983277592
3389,data/images/quantifier/test_3389.png,X0,0.0016722408,0.0016722408,0.0,0.0016722408,0.0016722408,0.0033444816,0.0050167224,0.0016722408,0.983277592
3390,data/images/quantifier/test_3390.png,X0,0.0016722408,0.0016722408,0.0,0.0016722408,0.0016722408,0.0033444816,0.0050167224,0.0016722408,0.983277592
3391,data/images/quantifier/test_3391.png,X0,0.0016722408,0.0016722408,0.0,0.0016722408,0.0016722408,0.0033444816,0.0050167224,0.0016722408,0.983277592
3392,data/images/quantifier/test_3392.png,X0,0.0016722408,0.0016722408,0.0,0.0016722408,0.0016722408,0.0033444816,0.0050167224,0.0016722408,0.983277592
3393,data/images/quantifier/test_3393.png,X0,0.0016722408,0.0016722408,0.0,0.0016722408,0.0016722408,0.0033444816,0.0050167224,0.0016722408,0.983277592
3394,data/images/quantifier/test_3394.png,X0,0.0016722408,0.0016722408,0.0,0.0016722408,0.0016722408,0.0033444816,0.0050167224,0.0016722408,0.983277592
3395,data/images/quantifier/test_3395.png,X0,0.0016722408,0.0016722408,0.0,0.0016722408,0.0016722408,0.0033444816,0.0050167224,0.0016722408,0.983277592
3396,data/images/quantifier/test_3396.png,X0,0.0016722408,0.0016722408,0.0,0.0016722408,0.0016722408,0.0033444816,0.0050167224,0.0016722408,0.983277592
3397,data/images/quantifier/test_3397.png,X0,0.0016722408,0.0016722408,0.0,0.0016722408,0.0016722408,0.0033444816,0.0050167224,0.0016722408,0.983277592
3398,data/images/quantifier/test_3398.png,X0,0.0016722408,0.0016722408,0.0,0.0016722408,0.0016722408,0.0033444816,0.0050167224,0.0016722408,0.983277592
3399,data/images/quantifier/test_3399.png,X0,0.0016722408,0.0016722408,0.0,0.0016722408,0.0016722408,0.0033444816,0.0050167224,0.0016722408,0.983277592
