image,number label,actual name,familiarity score,nameability score,color saliency,texture saliency,blip2_output
data/images/noun/2001-600.jpg,2001,bee have trap,19,50,66,14,"[['the objects are a yellow water bottle, a dog toy and a yellow ball. \\nq:'], ['objects are in the image. \\n \\nq: can i add other objects to this image'], ['an orange plastic toy'], ['\\nan orange egg shaped toy\\n\\n\\nq: what objects are in the'], [""this image shows a plastic shell with two holes for your dog's ears. \\n\\n\\""], [''], ['the image shows a toy car, two toys, a toy mouse, a toy fish and a toy'], ['you can choose one of these options, or click to see the entire image'], ['the image shows two objects with the word yellow. \\n\\nq: what are the words'], ['these objects are in the image.\\n\\n\\n\\n\\n\\n\\'], ['\\nthe object in the image is the item'], ['a pair of plastic animals in a white background'], ['there are a variety of objects in the image. please note that the images are not representative of the'], ['an orange ball shaped object. \\nq: why is the image so dark? \\na'], ['you can choose the object and size you want for the packaging'], ['the images shown on the website are just a few of the many options available.\\nq:'], ['an orange, round, round, round, round, round, round, round, round, round'], ['a yellow tube with a plastic nose and nose'], ['the object in the image is a plastic turtle. \\nq: why does the turtle have a'], ['this image shows an image of a single item in an online image library.'], ['orange objects are in the image. \\nq: what is the size of the object? \\'], ['these objects are in the image. \\nq: what objects are in the image? \\n'], ['\\na: \\na: \\na: \\na: \\na:'], ['the object is a small round glass tube. \\n\\nq: what object is not in'], ['the image shows a dog bowl with an orange object on top'], ['1.'], ['objects in the image are a ball and a cat toy. \\nq: what is the object'], ['a small object in the image is a plastic orange bottle, the other object is an orange egg shaped'], ['an orange plastic ball with a hole in the center'], ['you can select the objects in the image, and you can customize the title to display it on the'], ['the item is a set of two small round orange plastic toys. \\n\\nq: how'], ['an orange plastic water bottle and a coffee cup'], ['\\n \\n \\n \\n \\n \\n \\n \\n \\n \\n'], ['this image shows a small orange object'], ['a lightbulb.""he was the guy with the beard""'], ['\\nthis product is a clear bubble glass, in the shape of a large sphere, with a'], ['an orange dog ball'], ['it is an egg shaped clear object, with an orange shell.'], [''], ['the objects are an orange plastic container with two balls inside']]"
data/images/noun/2002-600.jpg,2002,bookend,22,83,59,9,"[['a red metal sculpture on a white surface'], ['red sculptural vase.\\n\\nq: how do i use the product? \\'], ['red metal sculpture on pedestal'], ['we are happy to present a red vase in the image. \\nq: what is the'], ['this image shows a red vase and a black pedestal'], ['this is a sculpture by designer bobby tay, made from a red aluminium alloy and painted with'], ['these are red metal sculptures on wooden bases. \\nq: what is the product? \\n'], ['the red clay figurine is a symbol of love, a symbol of joy and a symbol of the'], ['these objects are available in various colours for your choice.'], ['vase, glass ornament, figurine'], ['red marble statue\\nq: what is the image of the item you are selling? \\n'], ['this is a red abstract sculpture made with resin and steel'], ['this is a photograph of a metal vase.'], ['the image contains an abstract glass vase. \\nq: how do i order the image?'], ['red, abstract object'], ['the object in the image is a red vase on top of a black base'], ['there is a red object in the image, but it is not clear if it is a sculpture or'], ['the red metal sculpture is a table top candle holder'], ['red metal sculpture on black background'], ['the image shows the red sculpted metal object that we are selling.\\n\\nq:'], ['this is an image of a red glass sculpture'], ['an abstract sculpture in the red color, on a wooden base'], ['red art vase, decorative vase, decorative vase'], ['this image is a sculpture. \\nq: how is the image made? \\na:'], ['red vase with a small red leaf shaped flower.'], ['a modern abstract sculpture that is made of red acrylic. the sculpture has a curved top and a curved'], ['\\n1. a red vase on a black background'], ['a metal vase with a metal base and a red color'], ['red object \\n\\nq: how can i find out the product information? \\na'], ['this image is a red sculpture by a design company. the sculpture is a large red vase.'], ['this image shows an item.'], ['the red vase on the side of the table in the picture is one of the products you can'], ['it is a red vase. \\nq: is it a table lamp? \\na'], ['\\na: red metal sculpture with white marble base, by the name of vase'], ['a red vase with a gold swirl design'], ['red metal abstract vase \\nq: what is the name of the artist? \\na'], ['red artistic wall decor'], ['red abstract design metal sculpture \\n\\nq: where can i buy this product?'], ['a red abstract sculpture on a white surface'], ['this image is of a metal sculpture, made from red iron, with a handle and a bowl shaped']]"
data/images/noun/2003-600.jpg,2003,fidget toy,59,74,19,0,"[['the image is of a set of colored blocks with a hole at the bottom'], ['a wooden block with some wooden blocks inside'], ['this is a wooden puzzle board that consists of four wooden blocks. the blocks have four different colored blocks'], ['multi colored blocks'], ['the image contains two different objects. the first one is a wooden block with a multi-coloured'], ['this image is of different colorful wooden blocks that are arranged to make the letter q'], ['the picture shows three different objects on a white background'], ['blocks.'], ['\\n \\n \\n \\n \\n \\n \\n \\n \\n \\n'], ['an electronic game with blocks'], ['multi colored wooden toys \\n\\nthis image is of the set of four wooden toys'], ['a toy building block set with pieces for a colorful set of blocks. \\n\\nq:'], ['the images in the image is a set of five wooden blocks that are in a shape of a'], ['a block with various pieces. \\n\\nq: what object are you looking for? \\'], ['the image contains a toy block set, a toy brick, a toy brick, a toy block,'], ['the images are a variety of toy objects.'], ['what objects are in the image? \\nq: what objects are in the image? \\n'], ['this image shows the object called a set of 3 wooden toys. it consists of two different colored blocks'], ['a colorful stack of plastic letters on a white background.'], ['the image is made up of two colorful wooden blocks. the block on the left is yellow, the'], ['\\n1, 2, 3, 4, 5, 6, 7, 8, 9,'], ['a set of four blocks, one with an arrow, in which the blocks are placed in a row'], ['multi-colored blocks \\nq: what is the name of the image? \\na:'], ['a set of blocks arranged in the shape of a cross'], ['the image shows a number of toys and toys are in the image'], ['1) a bunch of wooden blocks 2) a bunch of blocks 3) a bunch of blocks 4'], ['the image contains multiple images of toy blocks. the toy blocks are placed on a white background. \\'], ['the image shows the object ""block""'], ['multi - colored block puzzle'], ['these objects are part of a set of plastic blocks, some of which are in different colors.'], ['a multi-colored block puzzle with an e, k, and s. \\n\\nthe'], ['a multicolored set of stacking toys on a white background \\n'], ['the wooden toy block has multi-colored bricks attached to it'], ['q: what objects are in the image? \\na: \\u003cb3\\u'], ['a set of 3 wooden blocks'], ['there are many objects, including the letters q, in this image'], ['\\nthe image is a group of wooden blocks with colored plastic pieces. \\n\\nq'], ['wood block puzzle'], ['this image contains many items that are shown in the image\\n\\n'], ['what objects are in the image? \\nq: what objects are in the image? \\n']]"
data/images/noun/2004-600.jpg,2004,pencil sharpener,41,70,48,52,"[['an orange plastic egg shape device with a hole in the middle. \\nq: what are the'], ['the objects are in the image are a plastic egg with a yellow core, which is attached to a'], ['a dog bone shaped like an orange, yellow, and white ball'], ['orange & yellow plastic egg shaped ring. \\nq: what does the product look like? \\'], ['orange egg shaped object is an object in the image. \\n\\n\\n\\n\\'], ['\\nthe object is an orange plastic ball shaped like a circle with a small hole'], ['orange plastic egg shape with small hole in it'], ['a round plastic ball, with a black base and orange top, with a hole cut in it.'], ['the image contains objects of different shapes and colors, such as a ball, a bowl, a small'], ['this image contains a plastic egg shaped ball'], ['an orange ball'], ['an orange object with an orange lid and yellow eyes, a yellow object with a yellow lid and red'], ['an apple in a bowl of orange juice, an orange in a bowl of milk, a bowl of'], ['the item you are buying. \\nq: how do i check if the item is the right'], ['a plastic toy with a large oval shaped hole, an orange object, a blue object, a green'], ['the objects are the yellow object with an orange base and the orange object with a yellow base'], ['there are some items in the image, including a metal bar, which are not available. we are'], [""orange objecti don't see a problem here.  i would have bought that.""], ['the item shown is the orange ball.'], ['a ball shaped orange and yellow candy'], ['we offer a variety of different shapes of objects.'], ['there are three objects in the image. there is an orange ball with a blue hole, a gold'], ['the objects are the silicone toys that were given out at the'], ['\\na: an egg-shaped object'], ['a pair of sunglasses, a tennis racket, an orange beach ball, a watermelon, a tennis'], ['the product is made of yellow and orange color.\\n\\nq: how long will it'], ['there is a spherical object in the image. \\n\\nq: what is the title of'], ['orange, yellow, white.'], ['the object is a rubber duck in orange and yellow.'], ['you can see that there is a ball in the image and it is a ball of orange and yellow'], ['the item is in the image, but there are a lot of objects on the photo. \\n'], ['an orange egg shape object with a yellow'], ['the object in the image is a plastic egg shaped ring'], ['a single orange object'], ['the object is an orange silicone egg shaped objectyou should probably be looking at a newer gpu.'], ['object 1, object 2 and object 3 are in the imagethat is the coolest fucking chair.'], [""it's a water-resistant, non-porous, non-scratch, non-le""], ['this image is for illustration purpose.'], ['a hollow sphere in orange, yellow and white'], ['this is a small orange and yellow ball with a hole in the center']]"
data/images/noun/2005-600.jpg,2005,fish tank stone,6,25,81,13,"[['\\na: \\na: \\na: \\na: \\na:'], ['the object is a rainbow tie dye tie'], ['\\n1. a colorful tie dyed hair bandtil you can kill people with a bullet'], ['the image is of a tie dye'], ['\\n \\n \\n \\n \\n \\n \\n \\n \\n \\n'], ['the image shows a multi-color hair accessory, which can be made by using the tie dye kit'], ['the image is of a tie dyed unicorn with a rainbow colored tail'], ['an image of a tie dye cap that is made from a hairpiece'], ['the image of an unicorn head is in the shape of a unicorn, in the shape of a cloud'], ['\\n \\n a: \\n \\n a: \\n \\n \\n a:'], [""\\nq: why is the image blurry? \\na: \\nq: what's""], ['the image shows a tie dye headband on a white background. \\nq: what do you'], ['\\na: tie dye dragon head hair bandso is it safe to say that there is'], ['this image is of a multi-colored plastic fish'], ['the image shows the rainbow tie dye'], ['an art object with a multicolored plastic coating'], ['the image shows a white, clear, and pink hair bow that is tied with colorful, tie -'], ['the object in the image is a pink unicorn headband'], ['this image is of the rainbow wing shaped headband that is being made by a customizer'], [''], ['\\na: a rainbow tie dyed headband'], ['the rainbow hair tie, unicorn cupcake cup, unicorn keychain and unicorn hat'], ['the image is of the tie dye headband from the tie dye line of products by ombre'], ['the image shows the product from the image. \\nq: how long does it take to make'], ['a rainbow tie-dye headband on top of a plastic plate'], ['the image is of a butterfly tie dye necklace. \\n\\n'], ['a small tie dye unicorn headband, a tie dye unicorn hat and a tie dye unicorn pom'], ['the image is a closeup of a rainbow butterfly hair tie, which has been placed on a white'], ['in the image, the object on the right is a tie dye wig that has been shaped to look'], ['the image shows a pink, green, and blue unicorn toy on top of a yellow and pink hair'], ['\\nanswers: \\n\\n1- a pink and yellow unicorn headband with a'], ['the product shown is a single color, plastic, silicone, latex or silicone resin headdress that can'], ['the image is of the cloud headband. \\nq: how do i wear this headband'], [''], ['an old school rainbow unicorn headdress! \\n\\n\\n'], ['a multi-colored foam ringit looks like it might be from a type of sea cucumber'], ['the image of a rainbow colored headband on top of a pink foam base. \\n\\n'], [""it's a cup of sugar.  \\nq: what's in the image? \\n""], ['a rainbow unicorn horn shaped in the shape of a pink, green, and blue butterflythis is'], ['this is a tie dyed tie-dye unicorn headband that is made from a variety of materials']]"
data/images/noun/2006-600.jpg,2006,space ship top,34,64,31,3,"[['the object in the image is a plastic spaceship.'], ['an object is in the image'], ['a small ship with a circular base and a silver metal disk with a green sphere on top'], ['in the image above, the object is a blue metal disk that is attached to a silver surface.'], ['the object is a small metal spaceship with an attached antenna'], ['a model of the original starfleet ship the u.s.s enterprise, on display at the'], ['a model space ship with the tail removed \\nq: where can i get one of these?'], ['the objects in the image are not included'], [""an alien spacecrafti can't see a way to make a 3d cube, if it's""], ['in the image we have the star trek replicator'], ['there are several objects in the image that are in the shape of a space ship.'], [""star trek's uss enterprise, part of the u.s.s. enterprise-d series""], ['the object is a metal and silver space shuttle'], ['there are a few objects in the image, but the two images are of different objects.there'], ['in the image the object is a silver metal model of a small ufo.'], ['the objects are the front of the space ship and the rear of the space ship'], ['in the image there is a model starfleet ship. \\n\\nq: where can i'], ['this is the image of an object in a model kit, in the shape of a metal disk with'], ['the image is an image of the star wars ufo that can be used in star wars, star'], ['a metallic object that is shaped like the bottom of a spaceship'], ['the image shows the starfleet vessel uss enterprise ncc-1701-d (star trek)'], ['a silver device with red buttons and a black dome'], ['an object with a disc in the middle, and a large metal ring around it, with small round'], ['star wars tie fighter with a red arm on the backit’s a great feeling,'], ['an object is shown against a white background'], ['\\nthis image shows the following objects:\\n\\n1) \\nspace shuttle'], ['star trek enterprise, a u.s.s enterprise, starfleet nx-01. \\nq'], ['objects are a series of photographs i took of my spaceship while flying through space. the object on the'], ['a space station model from the star trek universe'], ['a space ship'], ['a small metal object with a metal disc'], ['the object in the image is the silver starfleet ship'], ['\\nthe object in the image is a model of a star ship on a'], [""this is a model of the u.s.s enterprise from star trek.you'll be""], ['the object in the image is a plastic model of the uss enterprise'], ['star trek enterprise phaser'], ['this image shows a model of a model of a model of a model of a model of a model'], ['a spacecraft flying through space\\n\\nq: what is the object in the image? \\'], ['the object is a small model of a space ship'], ['the object is a plastic, shiny space object that is shaped like the u s mjolnir']]"
data/images/noun/2007-600.jpg,2007,air blower for slr cameras,22,46,78,6,"[['a black ball, a red stick, a black ball and a red stick are in the image.'], ['in the image you can see that the plastic ball is made of black and red material'], ['an iron ball, a black water bottle, a red ball, a black ball, a white ball'], ['what objects are in the image? \\nq: what objects are in the image? \\n'], ['this is an example of the results you can get when you search for ""object""'], ['the image is of a plastic ball with a red handle. the object is not shown.'], ['\\n\\na: the product shown in the image is a black sphere with a red tube'], ['\\n\\nq: what objects are in the image? \\na: \\n\\'], ['this is a red plastic ball with a black handle.'], ['we have provided images of an egg with a rubber tube for your reference'], ['a small black plastic ball, with a red handle and an open top.'], ['the objects in the image are a ball, a rubber ball, a red tube, a black pipe'], ['objects in the image are made of plastic. \\n\\nq: what objects are in the'], ['a rubber ball with a red handle is in the image.'], ['this is a rubber ball and a rubber handle'], ['rubber ball with red tip \\n'], ['what objects are in the image? \\nq: what objects are in the image? \\n'], ['there is a black ball on the left and a red hose on the right'], ['a ball and a pipe on a white background. \\n\\nq: what objects are in'], ['the objects are a water ball, a water bomb, a water balloon, a fire ball, a'], ['we are not able to list all the objects in the image. if you want to get a list'], ['the image shows a plastic ball shaped object with an elastic tube'], ['in the image you can see a black and red plastic ball with an orange handle'], ['there are 3 objects in the image: \\na: 1 rubber ball, 2 rubber ducks,'], ['the image is of a ball with a red cap'], ['this is a toy ball, which has a stick on the end.'], ['objects in the image are rubber balls, the red and black one is a red ball, and the'], ['an object in a toy. \\nq: what is the toy called? \\na:'], ['the object in the image is a rubber toy, which is made of black plastic and red plastic.'], ['it is an inflatable ball with a handle that you can use to test the strength of your balloon'], ['\\nq: what objects are in the image? \\na: \\nq: what'], ['an elastic ball.'], ['black ball with red handle, rubber handle\\nq: can i use my ball with other products'], ['there are objects in the image: \\n- a water balloon, a ball, a rubber ball'], ['this is a black ball with red handle attached to it. \\nq: can i use this'], ['this is a red and black plastic ball with a hole for a screwdriver'], ['the ball, the tool, and the tool\\nq: how can i get more detail in'], ['the image shows an elastic balloon and a toy with a rubber tube'], ['rubber balloon'], ['\\na: the object is a round, black, ball with a red stem that is shaped']]"
data/images/noun/2008.jpg,2008,curlers formed together,34,25,48,16,"[['the photo shows a knot toy'], ['\\n\\nobjects \\n\\n\\n\\n\\n\\n\\n'], ['1x1 knot'], ['\\n\\n\\n \\n\\n \\n\\n\\n \\n\\n'], ['an animal hair rope, an animal hair coat hanger, and a blue dog toy'], ['a small piece of leather with a white dot'], ['we sell a variety of products, including this.the reason why is because they are making their'], [""this image is a stock photo and not the actual object. \\nthat's just a good""], ['object name:'], ['an image of an object'], ['an image of the knot toy is displayed'], ['a blue and white dog toy that is shaped like a knot'], ['\\na: \\na: \\na: \\na: \\na:'], ['the object is the small blue and white object with a silver knob on the end.\\nq'], ['the product shown is a sample of the product in the product catalog. the actual product you will receive'], ['an item in the image is a part of a larger collection of the same object.'], ['a single blue and grey wooden knot'], ['this image contains the following object:\\nq: what objects are in the image? \\na'], ['1 x tie-up, blue'], ['this image is for illustration purpose only. the product may not resemble the image shown.'], ['object #202424 is a rubber snake and a rubber turtle with blue color and brown skin'], ['the image shows a single blue toy and an item made from blue plastic.'], ['\\nthe object in the image is a knot toy made out of an'], ['q: what objects are in the image? \\na: \\nq: what objects are'], ['a rope shaped item with one end tied to a door knob and the other end tied to a chair'], ['there are two objects in the image.\\n\\n \\n'], ['this is a picture of an object that is used for the object in this image.'], ['a blue, three - dimensional object is shown.\\n \\nq: how large is the'], ['an elastic tie'], ['\\n \\nq: what objects are in the image? \\na: \\n \\'], ['1) blue rubber ball \\n2) blue rubber rope \\n3) blue rubber ring \\'], [''], ['the image shows the small toy rope'], ['the blue dog chew toy. \\n \\n\\nq: what is the object in the'], ['the item is an image. the product is not in stock at this time.\\nq:'], ['this is a photo of a blue and white dog bone toy. \\n\\n\\nq'], ['the image shows the product you selected. click on the image to see the full size of the object'], ['the image shows a blue rubber ball, a blue rope, a blue knot, a blue knot,'], ['the image is of a dog toy, which is blue with white paws'], ['blue t-shaped rubber ball']]"
data/images/noun/2009-600.jpg,2009,dog toy,47,78,65,45,"[['this image shows a yellow animal with spikes and spikes on the side. \\nq: what object'], ['a squishy toy'], [""we are selling the 'spikey' pet ball.\\n\\nq: why are""], ['the object in the image is a plastic toy shaped like a spiky'], ['\\nobjects are the orange ball, green leaf, and orange sea sponges'], ['\\nthis is a picture of a spiky orange dog toy. it is made of polysty'], ['\\nq: how to write an image to use for an answer? \\na: \\'], ['the object is the letter t in a bright orange, fuzzy shape'], ['the image is a toy that looks like a mushroom with spiky spikes'], ['the toy is a small, furry, green, spiky, orange-hued creature. the'], ['we have chosen a couple of objects from the website. you can choose the items you like and we'], ['a spiky, multi-colored, multi-use toy that you can turn into a toy or'], ['this image is of a toy made of the same color as the toy pictured'], ['a stuffed toy with spiky, orange spikes'], ['an orange dog toy that is shaped like a cross with spikes'], ['orange dog toy \\n\\n\\n \\n\\n\\n\\n\\n\\'], ['an orange rubber toy shaped like a jellyfish with spikey spiky spiky spiky spiky'], ['the image contains a t-shaped shaped toy'], ['an object with spikes'], ['a large orange t - bone shaped toy with a spiky spiky surface'], ['the image is of an orange fuzzy toy that has small spikey spikes on it'], ['a toy shaped like a letter'], [''], ['a toy'], ['the image shows a toy kangaroo on a white background'], ['this is an image of a toy that is orange and has spiky spikes on it'], ['q: what objects are in the image? \\na: \\n\\n\\n\\'], ['an image of an object made with a rubber ducky toy'], ['the image shows an orange dog toy with spikes and spikes on it.'], [""an orange spiky dog toyif you're in the market for a nice pair of pants for""], ['orange ball with spikes, a dog toy \\n\\nq: what is the best way to'], ['orange foam shaped dog toy'], ['an orange silicone-filled spiky toy. \\n\\n\\n\\n\\n\\'], [''], ['the image contains the following objects: \\n1'], ['orange ball - large'], ['\\n\\n\\n\\n\\n\\n\\n\\n\\n\\n'], [''], ['\\nq: what objects are in the image? \\na: \\nq: what'], ['the image contains a ball shaped toy and a plush toy']]"
data/images/noun/2010-600.jpg,2010,dog toy pet shop,66,52,50,25,"[['red ball'], ['the product is a small red dog toy that has colorful balls on it'], ['there is a colorful ball with a big white dot'], ['a plastic ball with a red and blue colored ball.'], ['we provide a lot of different objects, such as balls, cups,'], ['red with yellow and blue dots dog toy\\nq: what objects are in the image? \\'], ['a red rubber dog toy with multicolored dot on the bottom'], ['\\n\\nq: what objects are in the image? \\na: \\n\\'], ['a corona virus toy on a white background with multi colored dots'], ['\\n\\n\\n\\n\\n\\n\\n\\n\\n\\n'], ['a plastic toy with a red and yellow striped ball. \\nq: what object is in the'], ['this image shows an item that is placed in a bag. \\nq: what is the name'], ['a red ball and a yellow ball'], ['there is a red dog toy with white polka dots'], ['there are several objects in this image. one object is a red toy with yellow and blue dots on'], ['the image shows two toys. \\nthe image shows the two toys with the blue dot and the'], ['red rubber ball with multi colored dots'], ['an item of a dog toy.'], ['the object is a red ball with multicolored spikes'], ['an object is shown in this image. \\n\\n\\n\\nq: what is'], ['a coronal mass epsilon. the black object is the ball, and the white thing is'], ['red and white teddy bear toy \\nq: how did you get the product? \\n'], ['a red and blue rubber ball'], ['the dog toy is in red, blue, yellow and white, but not in any pattern, the'], ['red dog toy, multicolored spikes'], ['red dog toys \\nq: where do you see the object in the image? \\na'], ['this image is a dog toy\\na: a ball\\na: an ice cream cone'], [''], ['\\nthe item in the image is a toy made from a rubber ball with multiple balls that is'], ['the product is a dog toy made of plastic. the object in the image is a dog toy made'], ['a dog toy, a rubber ball and a stuffed animal toy'], ['\\n\\n\\nred and blue dog ball'], ['the image shows a large red and yellow ball with colorful dots'], ['\\nred ball and a small ball\\nq: why does the dog have the ball?'], ['the red and blue ball with yellow and blue polka dots is an animal shaped toy that looks like'], ['it is a red dog toy'], ['a red and blue cheetah chews with colorful polka dot balls'], ['\\na ball, toy, dog toy, small object'], ['a ball and a cone with colorful dots.'], ['there are toys, balls, and toys for dogs\\r\\nq: what kind of toys']]"
data/images/noun/2011-600.jpg,2011,noisemaker,22,75,88,3,"[['\\nthe picture above shows one of our new plastic toys that is great for kids'], ['an orange and green plastic object is shown with the handle on top'], ['you can choose from all types of objects. \\nq: why the image of an object is'], ['objects are in the image.\\nq: how many objects are in the image? \\n'], ['\\n\\n\\n\\n\\n\\n\\n\\n\\n\\n'], ['this image contains 3 objects.'], ['we have the following items in stock. \\n \\n1- water pump for aquarium\\n'], ['the image shows a water jetting tool for removing small metal screws'], ['the items in the image are a plastic toy pump with a small screwdriver'], ['\\na: \\nq: what objects are in the image? \\na: \\'], ['these are in the image:  \\- toy,  \\- plastic toy,  \\-'], ['a: - 3d - plastic - toy - toy -'], ['1. toy steering wheel with 4 levers 2. toy steering wheel with 4 levers 3. toy steering'], ['an ice cream cone with a straw in the middle and a small orange ball'], ['an item is a toy or a model. \\nq: what is an item that is not'], ['\\n\\n \\n \\n \\n \\n \\n \\n \\n \\n'], ['a toy hand tool, green plastic handle and a red plastic handle.'], ['this is a water cannon. \\nq: what kind of cannon is it? \\na'], ['\\nanswers\\n1) an egg crate'], ['there are two green toys, a green wheel, a green and orange tube, and two orange tubes'], ['1. 1.'], ['a toy toy'], ['these are the parts of the toy'], ['an orange and green plastic toy hand with plastic handle and two small plastic balls'], [""1. what's the purpose of this product? \\n2. how can you make the product""], ['a small green and orange toy screwdriver with a screw'], ['these are plastic toys with orange and green parts'], ['a toy ball that is holding a rubber ball, and a rubber ball that is holding a toy ball'], ['plastic toy parts - toy parts for children'], ['the objects are plastic toys'], ['\\nthe object is a plastic toy. it is made up of two orange and green colored objects'], ['a toy airplane'], ['\\n \\n\\n \\n \\n\\n \\n\\n \\n\\n'], ['the objects in the image are toys, and toys for kids'], ['a picture is worth 1000 words. the answer to this question is in the picture. it is a'], ['a plastic pipe with a hook and a string attached to it. \\nq: how is the'], ['a plastic tube for use in a toy car\\nq: what is the image about? \\'], ['the images are showing toys that are made of plastic, plastic-like material, or rubber material'], ['we are the manufacturer of the following toys: toy blocks, toy truck, toy helicopter, toy crane'], ['the image shows a toy plastic toy and some tools']]"
data/images/noun/2012-600.jpg,2012,coiled worm toy,41,50,59,41,"[['there are various objects in the image. the image includes a red plastic sea urchin, a'], ['\\nq: what objects are in the image? \\na: \\nq: what'], ['a pink coral spider'], ['there is a pink plastic lobster sitting in a large glass container'], ['objects are in the image.\\n \\nq: what is the meaning of the image?'], ['objects in the image are inanimate objects that are made from plastic or foam. \\n\\n'], ['the pink and orange sea anemone is a coral-like polyps with tentacles'], ['the image of this item is of a red jellyfish. \\nq: is the image a'], ['an orange and pink sea urchin'], ['the image is a close up of an object.\\nq: how do you measure object\\'], ['\\n\\n\\n\\n\\n\\n\\n\\n\\n\\n'], ['a flower with an attractive shape'], ['this image shows a colorful sea urchin. \\n\\nq: why is the sea'], ['this image shows an image of an object named ""cubicle - red""'], ['the image shows a toy coral with two pink tentacles.'], ['an orange and pink coral worm'], ['a close up of a red plastic mushroom and some other objects.'], ['this is a close up image of a coral'], ['the image shows a green, purple, red and pink animal toy.'], ['this image is a plastic object.'], ['the red sea anemone is in a glass vase.'], [''], ['the object is a bright pink plastic sea urchin'], ['the image is of a red and orange jellyfish on a white background'], ['a red coral jellyfish!'], ['a coral anemone. \\nq: what does this image depict? \\na:'], ['\\na red jelly fish, a large red plastic flower, and a small red plastic flower'], ['the red anemone is an item. \\n\\nq: can i buy this item'], ['this image shows the qd-20, an led, thermoelectric, temperature sensor.'], ['the image shows a red and orange flower shaped plastic model of an ocean dwelling marine creatureb.'], ['this image shows the small red and orange sea urchin, which is in the aquarium. \\'], ['objects in the image are: a toy fish, an octopus and a jellyfish'], ['the image shows a purple, orange and red plastic animal. \\nq: what are the colors'], ['\\n\\nan alien creature in red with orange tentacles on the surface of the body'], ['an urchin in the water'], ['the objects in the image are a bunch of pink sea anemones'], [""it's a jellyfish.""], ['this image shows a small plastic model of a pink octopus on a white background. \\nq'], ['a sea star. \\nq: where is the image from? \\na: from the'], ['in this image, you can see a large coral with orange and red spines']]"
data/images/noun/2013-600.jpg,2013,sling shot,6,20,87,6,"[['the image shows a water bottle, a straw, a plastic cup and an orange cup'], ['an orange and yellow plastic tripod'], ['a water bottle'], ['\\nan orange and yellow plastic bird perch'], ['the object in the image is a yellow and orange fire hydrant'], ['objects in the image include a yellow and orange rubber boot and a small orange and yellow umbrella.'], ['a plastic object with an orange and yellow handle'], ['the object is a straw'], ['this image is showing two toy items. \\nq: what is the object? \\na'], ['an orange & yellow stick with a green cap'], ['the image shows a yellow, orange and black leg stand for children'], ['1) orange plastic pipe, 2) yellow plastic pipe, 3) orange plastic pipe, 4)'], ['the objects in the image are the parts of a toy. \\n\\nq: how can'], ['it is a figure with the object'], ['a plastic flower pot, an orange straw and a wooden bowl'], ['there are many objects in the image. the first object in the image is a yellow and orange plastic'], ['an orange plastic water bottle that has an orange lid'], ['it is a red and orange leg holder and bottle opener.'], ['this image shows a pair of yellow and orange plastic animal shaped toys on the floor'], ['the image shows a plastic bottle, an orange and yellow ice cream container and a red and white ice'], ['the objects in the image are the toy lego x wings and x wing x2'], ['there are 3 objects in the image. \\n'], ['an orange and yellow water bottle, a bottle opener, a bottle opener and a bottle opener'], ['a large and very bright orange plastic umbrella.'], ['this is a photo of a man balancing a red and orange stick with a paper cup in his hand'], ['this is a product design for a bicycle tire valve'], ['a toy that looks like a crab walking in the snow with its crab claws in the snow, and'], ['\\n\\n- a stand - up bottle opener'], ['the image shows a pair of yellow plastic legs with an orange base'], ['there is a set of two objects on a white background'], ['the object in the image is an orange bird-like object that is made of two orange pieces of'], [""the image contains an image of the following: a child's toy, a child's toy stand,""], ['the image is of an orange plastic stand with a handle on it. \\nq: what objects'], ['\\n\\nan orange and black plastic toy with a small handle and a plastic stand. \\'], ['the red and orange object with the yellow center is the tripod that is being used for the image.'], ['the image shows a yellow and orange stand, with a plastic lid'], [""it's a toy - a toy that i'm using for practice""], ['in this image we are displaying a pair of plastic stand up shoes which are'], ['the image shows the object in front of a white background. \\n\\nq: what is'], ['it is a metal stand']]"
data/images/noun/2014-600.jpg,2014,this light-up toy,38,75,39,0,"[['the image is a toy with a colorful and fun pattern'], ['\\n\\nthe image shows a colorful plastic ball with a yellow and pink pattern'], ['the image is a toy ball'], ['the image contains the product and its image. \\nq: how can we make sure that the'], ['a watermelon, colorful balls, colorful dice,'], ['\\nthe image of this item includes: 1 - toy ball, 1 - balloon, 1 -'], ['a ball and a whistle.\\n\\nq: what is the shape of the image?'], [""the ball is in the image. \\n \\nthat's just a big ass water heater""], ['a spinning top. \\nq: how long is the top? \\na: 6.'], ['this image contains an object'], ['an apple, a bottle, a hammer, a bell and a marblethe present invention relates to'], ['1: an old wooden swing with metal bar. 2: a yellow ball. 3: a black'], ['a gold ball with a colorful print and yellow handle, sitting on a white backgroundthe best advice'], ['the object shown in the image is a jingle ball. \\nif he is a professional'], ['\\n \\n \\n \\n \\n \\n \\n \\n \\n \\n'], ['objects in the image are the toys that you are buying. \\nq: what does the product'], ['a spinning ball'], ['\\n\\n\\n\\n\\n\\n\\n\\n\\n\\n'], ['in the image there are a variety of objects. this is an example of how you can use object'], ['it is a rubber ball with a hole on the side, that is attached to a stick.'], ['a toy microphone. \\nq: where are the objects located? \\na: this toy'], ['this is a toy with an object inside. \\n\\nq: how can i use the'], ['the image shows a purple ball with a gold base and a yellow base'], ['it is a water bottle in a water bottle shape, a small water bottle, a water bottle with'], ['\\n\\n\\n\\n\\n\\n\\n\\n\\n\\n'], ['this image shows a ball with an item in the middle'], ['ball & stick \\nq: how long does the item take to arrive? \\na:'], ['the image shows the object in the image \\nq: how many of the objects in the image'], ['an electronic musical ball with a speaker and speaker base, which is an excellent gift item.'], ['1. the object is a ball 2. the object is yellow 3. the object is purple 4'], ['\\n\\n\\n\\n\\n\\n\\n\\n\\n\\n'], ['objects in the image are in the following categories: \\n \\n 1) objects that are on'], ['\\nan item is shown with an object \\na: \\nan object is shown with'], ['this is a large pink and purple plastic ball with a large yellow plastic handle'], ['\\nthe ball is in front of a yellow background'], ['an item of furniture that was photographed at a retail store.'], ['\\nthe image contains a purple ball with a yellow handle and a pink bow on top.'], ['this image is a color image with object qqkwqqqqkwqq'], ['\\n\\n\\n\\n\\n\\n\\n\\n\\n\\n'], ['the image contains a small ball with a pattern on it']]"
data/images/noun/2015-600.jpg,2015,ball catcher,38,78,55,10,"[[""the images are in the blue color.can't even read it.""], ['this is an image of a small blue plate. \\nq: why is the image so blue'], ['blue oval'], ['the object in the image is the handle of a blue plastic basket. the handle is on the left'], ['the item you selected is a plastic blue bag holder'], ['the blue container with the black handle and white lettering. \\n\\n'], ['the image is of a blue plastic bottle opener.\\nq: how do i get a refund'], ['the product image shows the product on a white background and an empty area'], ['the object is a blue plastic skateboard grip, which is holding a skateboard deck. the image'], ['blue plastic storage box with holes for small objects'], ['a blue plastic storage container for dog treats'], ['the image shows the object in the photo'], ['objects:  \\n  \\n \\n  \\n \\n \\n \\n \\'], ['the image shows a blue skateboard shoe'], ['\\na: a plastic bottle holder'], ['the images are from the ""blue light boxes"" collection. click on the image for more information'], ['\\n\\nblue oval, oval, sphere, triangle, square, cylinder, \\n\\'], ['an image of a blue toy car'], ['an animal carrier with the cover open and a plastic food container'], ['the object is a water container in blue.\\nq: can you tell us more about the'], ['1. air conditioner blue color\\n2. air conditioner blue color with white color\\'], ['\\n\\nq: what is the size of the object? \\na: \\n'], ['objects in the image are in the blue box'], ['blue round metal objects are in the image. \\n \\nq: what is the picture of'], [""an empty blue plastic container that's about 1 - 1 1/2 inches in diameter and 2 inches""], ['an object. \\nq: what is the title of the image? \\na: ""'], ['blue objects in a white background \\n\\nq: what objects are in the image? \\'], ['\\nan object in the image is the car'], [""blue plastic shoe holderfucking finally.  i'm going to fucking""], ['the product you have selected is the item you have selected. please take a closer look at the image'], ['the image contains a plastic bottle with a handle, a small hole and a blue background.\\n'], ['\\nobjects \\nblue plastic toilet seat'], ['an object, such as a bottle, that is in the image is a blue plastic bottle'], ['there is a pair of shoes, a black hat, a blue bag, a blue plastic cup and'], ['the blue car, white car, and blue seat all from the same object.\\nq:'], ['the image shows the blue cube toy.\\n\\nq: how much does it cost?'], ['in this image, you can see the object ""a blue shoe"" which has been processed with the'], ['the object is an ice tray.\\nq: what is the image showing? \\na'], ['the image is a blue ball with a black hole on the inside'], ['this image shows a small blue plastic container that can be used to store small plastic parts or parts for']]"
data/images/noun/2016 600dpi.jpg,2016,bird toy,28,21,61,6,"[['the image shows a toy whistle, blue and orange'], ['the image shows an orange plastic cone with blue and white strands attached.'], ['a ball, orange & blue plastic cone, a dog toy'], ['an orange and blue tasseled plastic object with a handle on the end of a long string'], ['the item is a dog & cat toy - dog chew toy\\nq: what is the'], ['a toilet brush'], ['1) orange water bottle 2) blue tassel 3) blue rubber cap 4) blue w'], ['dog toys\\nq: what size is the image? \\na: 12 inches x 8'], ['a blue, white, and orange dog toy'], ['\\na: \\na: \\na: \\na: \\na:'], ['a plastic cone with blue and white yarn and a rubber ball in the middle'], ['a stuffed toy toy, the object has been placed on top of a white surface'], ['a blue plastic tube filled with cotton'], ['you will receive one product as shown in the image\\n\\n\\n\\n\\n'], ['\\nq: what objects are in the image? \\na: \\nq: what'], ['an orange plastic tube, a blue and white cotton yarn ball, and a pair of nylon mop'], ['q: what objects are in the image? \\na: q: what objects are in the'], ['\\n\\nobjects: \\n\\n\\n- dog toy \\n\\n'], ['a white dog toy'], ['an orange and blue cotton cone, a blue and white mop and a blue and white bucket'], ['a cone of hair for dog toys'], [''], ['the object is a white cone with blue, red, and white yarn'], ['objects are in the image, the object is a toy and the object is an orange cone, blue'], ['an orange and blue dog collar'], ['\\nan object is on a white background. \\nq: how do you use the image'], ['this image is of an object that has been removed from its container.'], ['\\nq: what is the background image? \\na: \\nq: what is'], ['the image is a representation of an object.i like it.  maybe add a way to'], ['the toy has an orange and blue tassel and a cone shaped handle. \\n\\n'], ['this is a picture of the item in our catalog. it may not be exactly like it appears in'], ['\\nthe object in the image is an orange and blue mop with some blue and white hair'], ['the image contains two objects. the objects are a blue cone and an orange cone.\\n\\'], ['a red water bottle with a blue straw'], ['a toy toy mop. \\n\\nq: how many colors can i choose from?'], ['there are 3 items in this image: a dog collar, a yellow mop and a blue cone'], ['\\na: \\na: \\na: \\na: \\na:'], ['the image shows a mop with a blue and white yarn handle, as well as some yarn on'], ['1 orange and blue pom pom with a black tassel and a blue and orange cord'], ['a mop, broom and a toilet brush']]"
data/images/noun/2017-600.jpg,2017,kenetic wheel,41,29,23,13,"[['this image shows the magnetic toy that you have requested. \\nq: how do you get the'], ['a dog toy with a blue handle'], ['the object in the image is a metal object with a plastic handle attached. it is attached to a'], [""the object in the image is a metal claw.\\n\\ni'm not sure but""], ['\\n \\n\\n'], ['\\nthis is a 3d-printed model of a cat toy. \\nthis is an'], ['the item is an image of an object and is not in stock at the moment'], ['the object in the image is the item with the lowest price. \\nq: how long will'], ['an electrical device, a tool, a piece of machinery and a piece of equipment. \\n'], ['the image shows a metal object and a plastic object'], [""it's a toy for children, a toy for adults, it's a toy for pets, it""], ['\\nq: what objects are in the image? \\na: \\nq: what'], ['the image shows a toy ball attached to a metal hook. the toy ball is attached to the hook'], ['this is a drawing of a cat toy'], ['\\n\\n*the object that is shown in the image is a plastic spoon with metal wires'], ['a toy carousel wheel'], ['\\nthe image shows a ball and plastic pipe attached to a wheel, with a blue handle.'], ['this image shows a ball and a spoon'], ['the picture shows a plastic spoon, a blue plastic cup, a plastic plate, and a plastic bottle'], ['the image of a cat toy has a cat toy with a cat toy.'], ['the object is a blue and orange ball. \\nq: what is the image\\na'], [""there are objects in the image.if you're a member of an organization, i'd check""], ['we have many items, but i have just shown one for each type.\\n\\nthe'], ['the image is an example of an object that can be added to a game or product design'], ['the image shows a wire device for a rat. \\nq: what does the image show?'], ['the image shows a metal rod with an orange ball attached to it.'], ['a blue and green ball and a metal hook with an orange and black metal end \\nq:'], ['an animal food ball, a cat toy, and a mouse toy'], ['\\na: a metal and plastic ring with blue and yellow wheels'], ['\\n\\n'], ['an animal cage with a cat toy and an animal feederlol.  ""i was'], ['the image contains a cat toy, a dog toy and a wheeled toy.\\n\\n'], ['the objects are the ball and the hook. \\n\\nq: can you provide the product'], ['the image of the mouse-head object in the image \\nthe image is showing an object for'], ['the image shows a hamster ball with a leash attached'], ['it is a steel ball and a string.\\nq: what kind of object is in the'], ['the image shows a rubber wheelbarrow and a metal handle for a bicycle wheelbarrow. the'], ['it is a toy machine with wheels and wheels'], ['a rubber ball and a cat toy are in the image.'], ['\\nthis image is a selection of images from our collection of images, for more images of this']]"
data/images/noun/2018-600.jpg,2018,this coils string,16,50,61,6,"[['this is a yellow, plastic, spherical shaped object with a lid on it. \\nq:'], ['a yellow bowl with a black cover and a white lid'], [""it's an open container of yellow plastic and metal.""], ['an aluminum canister with a round opening on the bottom and yellow foam rubber lid.'], ['the picture shows a yellow ball in a plastic box.'], ['\\n\\n\\n\\n\\n\\n\\n\\n\\n\\n'], ['an empty bowl, a cup, a jar, a pot, a dish, and a bowl'], ['the yellow container with the black lid and the yellow top'], ['a round dish. \\nq: why are they there? \\na: to help you'], ['1'], ['a yellow plastic box with an opening for a candle'], ['the container is in the image.\\nq: what does it mean? \\na:'], ['this image is of a plastic lid of a yellow plastic bowl. \\n\\n'], ['objects in the image are a lamp and a yellow bowl. \\nq: what is the size'], ['the object is a yellow plastic container'], ['a glass dome with the bottom half removed, the lid being yellow.'], ['an empty bowl with a yellow lid, which is shown in the image'], ['the round dish is a small bowl with yellow lid. \\n\\n\\nthe yellow plastic'], ['the image is a clear glass bowl with a lid that is filled with gold colored food.'], ['the objects are the yellow plastic containers, in the shape of an egg cup'], ['\\nq: what objects are in the image? \\na: \\n'], ['an aluminum round top light, a yellow plastic lid and a yellow plastic handle. \\n'], ['an old food container in a yellow plastic container, with yellow handles.i would recommend not getting'], ['the round object is a water tank with a yellow plastic top, which is open at the bottom'], ['the image shows a yellow circular dish with a blue plastic lid'], ['\\nobjects are shown on the right of the image.'], ['a glass dish, with a circular dish-shaped top, a small container for water, a yellow'], ['the round yellow box is a bowl that contains the yellow liquid. \\nq: what is the'], [''], ['a small yellow container with a black lid and a small hole in it'], ['a yellow, plastic object with a round top'], ['this is a picture of a toilet lid with a toilet seat cover'], ['this is an image of a small, round bowl that has a lid and a yellow color. the'], ['an empty round container with yellow plastic lid on a white background'], ['yellow round shaped plastic container with lid and lid insert'], ['the image is of a plastic round container. \\n \\nq: how much does the image'], ['an object is a thing that exists. the thing that exists in the image is a glass bowl.'], ['a plastic food bowl with yellow lid'], ['\\na: \\na: \\na: \\na: \\na:'], ['the object shown is a yellow light']]"
data/images/noun/2019-600.jpg,2019,cat nip toy,31,67,38,25,"[['the image shows a small plastic egg that looks like a chicken, but with orange and yellow stripes.'], ['a yellow and orange plastic egg with a white tuff'], ['the image is of a duck.\\nq: how is this related to our image? \\'], ['this image shows an object with a large orange top and yellow bottom'], ['the image is a cartoon character from a toy brand.'], ['the egg in the image is a toy, and a toy is in the image'], ['a bird with a hat\\nq: what objects are in the image? \\na:'], ['a candy cane. \\n \\nq: what is the purpose of this image? \\n'], [""the image shows a bird's egg with orange, yellow, and white on the inside.""], ['the egg'], ['an orange and yellow plastic egg with a small yellow'], ['this is a little yellow pumpkin that looks like a'], ['this is a stuffed animal of a giant orange and yellow egg'], ['a yellow egg with orange and red feathers on its head. \\nq: what is the name'], ['\\n \\n \\n \\n \\n \\n \\n \\n \\n \\n'], ['the image of the toy is the toy. the toy is an orange and yellow plastic egg.'], ['yellow duck in a green box \\nq: what are the objects in the image? \\n'], ['the yellow egg toy'], ['a bird with orange and yellow feathers sitting on the ground'], ['an orange bird in a large yellow egg, and an orange cat in a large yellow egg'], ['\\nan orange and yellow bird-shaped'], ['\\na: candy corn, yellow and orange, round, plastic toy, with orange wig'], ['the image is of a toy egg shaped item.'], ['\\nthis is a duck egg from the toy series, \\nq: what objects are in'], ['this image shows a bird toy with orange and yellow coloring and a white and orange'], ['a plastic yellow egg with a white furry face.'], ['1. a small egg with an orange shell on a white background. \\n2. a large'], ['this is a watermelon toy, with the candy corn, with a'], ['candy corn bird'], ['\\nq: what objects are in the image? \\na: \\nq: what'], ['the image is of a small candy apple pop top. \\n \\nq: how long is'], ['a yellow egg, with a white beak and brown hat, a black bird and a white bear'], ['yellow orange yellow orange orange orange orange orange orange orange orange orange orange orange orange orange orange orange orange orange'], ['this is a candy cannae egg. it is a hollow candy cane egg with a handle and'], ['the object is a yellow and orange colored ball that has an orange and yellow feather on top'], [""the image is of the toy's body""], ['the image is a colorful, fun, and brightly colored yellow egg that looks like a bird'], ['a yellow, orange, and purple bird shaped toy on a white surface'], ['a small yellow egg with orange and white stripes on the bottom'], [""the image of a candy corn with a wig and mustache.i'm a man, but i""]]"
data/images/noun/2020.jpg,2020,jacobs ladder,41,36,29,6,"[['the image contains six different wooden coasters.\\n\\n'], ['colorful wooden cubes \\nq: what do the items in the image represent? \\na'], ['\\na: \\na: \\na: \\na: \\na:'], ['the image shows four plastic coasters stacked on top of each other. \\nq: why are'], ['the products shown on our website are the photos of the real products. if you have any questions,'], ['\\n \\n\\n\\n\\n \\n \\n \\n \\n\\n'], ['these are the products that are featured in the images. \\nthe image may be of the actual'], ['\\na: \\n\\n\\n\\n\\n\\n\\n\\n'], ['\\nan object is in the image.'], ['a pack of 6 coasters with an attached handle. \\nq: can you provide a close'], ['a set of four wooden coasters with green, yellow, red, and blue ribbon and a blue'], ['1 wooden coaster, 2 coasters, 1 cup, 2 coasters, 2 wooden coasters,'], ['a set of 6 coasters with colorful paper in between each one'], ['this is a set of five colored rectangular wood coasters in a set of six. \\nq'], ['these are in-stock, made-to-order, and ready to ship items.'], ['a wooden coaster'], ['the image shows 4 different kinds of wooden coasters.'], ['in this image we show a box of 4-color coasters. \\n \\nq:'], ['an assortment of colorful boxes in various shapes'], ['we use the same images on many different objects, the color can be different.\\nq:'], ['the image is made of three different wooden boxes'], ['the object in the image is the magnetic coaster.'], ['in the image, there are various colorful square plastic coasters with blue and red strips on them.'], ['the objects are toys in colorful boxes. \\n\\n\\n\\n\\n\\n'], [''], ['an object in the image is a rectangular coasters'], ['in this image, you can see three wooden boxes with different colors on the side. \\n \\'], ['coasters'], ['colorful wooden coasters'], ['an array of small pieces of colored plastic'], ['\\nq: how do i make the objects in the image? \\na: \\n'], ['the image shows the set of coasters, as a set, with a bow tied around each coaster'], ['in the image, we can see a set of eight plastic coasters. \\nthe coasters'], ['the objects shown are in stock. the price shown is the sale price.\\n\\n\\'], ['4 x 6 inch magnets, each with 4 colors'], ['\\n\\nthe items in the image are the wooden boxes.carnival corp.'], ['objects in the image are not a part of the product description. you can request an accurate product image'], ['wooden coasters in assorted colours'], ['\\n\\n\\n\\n\\n\\n\\n\\n\\n\\n'], ['a colorful set of four small folding boxes']]"
data/images/noun/2021-600.jpg,2021,foam arrow,9,29,84,3,"[['the picture shows an object with the following characteristics: \\n* the object has a round body.'], ['\\n\\n\\n\\n\\n\\n\\n\\n\\n\\n'], ['the image shows three foam tubes filled with colored foam'], ['there are four objects in the image: three balls, and a pen'], ['the image shows two objects with four cylinders each,'], ['the image shows a collection of items which are used in the production of foam rubber. the image shows'], ['these objects are in the image. \\nq: how can i get the image? \\n'], ['these are just three of the items that are on this page. \\n\\n\\nq'], [''], ['\\n\\n* \\n\\n\\n\\n\\n\\n\\n\\'], ['a flower pot, a bouquet of flowers, a glass vase, a vase with a'], ['a cluster of foam tubescant see the image'], ['in the image, there are several pink, green and black balls sitting on a table'], [''], ['an empty toilet brush holder, a set of toilet brush holders, and a brush holder'], ['we can produce all kinds of objects for the following shapes, such as circles, squares, diamonds,'], ['the image shows the object that i will create, and how to cut it into pieces.'], ['a flower bouquet. \\n \\nq: what is the name of the object in the'], ['objects are in the image\\n\\n\\n\\n\\n\\n\\n\\'], ['the objects in the image are in the shape of a flower. \\nq: what object is'], ['the picture is a representation of the item you purchased. it is a close up view of the item'], ['an apple, a carrot, a bottle of wine, and a glass of water'], ['this image is a series of 6 different objects. \\n \\na: what objects are in'], ['this is a photo of the items. \\n \\nthis product is not available in your country'], ['this image shows a plastic ball that is held in the hands of two young girls'], ['a flower with three petals. \\n\\nq: where can i find a set of'], ['the objects in the image are in the picture with a bottle. \\nq: what objects are'], ['this is a toy that has four balls. \\n\\nq: what is the purpose of'], ['this is a photo of a flower.'], ['a balloon animal'], [""an image of a flower with 4 partsi'd be down to try out the game, although""], ['this image shows a set of three colorful tubes with four holes in each, which are connected together with'], ['a black & pink, purple, & green plastic hair spray holder.'], [''], ['the image shows some of the objects that can be made by using the extruder'], ['this is a sample of the finished object'], ['we supply our customers with the most advanced, top quality items'], [''], ['this is an image of some objects. you can see how each object is different from the other.'], ['the image is of a ball, the ball is in a ball pit']]"
data/images/noun/2022-600.jpg,2022,marker,9,15,70,13,"[['this image shows a plastic toy figure. \\nq: what are you selling? \\na'], ['\\n\\nobjects include a green, green, green, green, green, green,'], ['objects are in the image.'], ['the image is of a green object'], ['the green object is a water tank and the yellow one is a water pump'], ['1. green toy ball 2. toy cup 3. toy ball 4. toy ball 5. toy'], ['an object in the image is a plastic flowerpot with a green plastic stem.'], ['a green plastic bottle cap'], ['there are two small green objects in the image, which are not visible.'], ['the object is a green water bottlea good game can be good, even with all its flaws'], ['objects in the image are: a green bottle, a green bottle opener, a green bottle cap,'], ['an object in the image is a green, plastic pipe with two handles and a hole on the top'], ['there are no objects in the image'], ['\\n\\n\\n\\n\\n \\n\\n\\n\\n \\n'], ['a water fountain with a tree'], ['a green toy'], ['in the image, the objects are: 1. the tree stand - green, 2. the metal'], ['the image shows a green object'], ['the objects are in the image.'], ['green water spigot with spigot end, 5-1/2""'], ['an old green plastic bottle, a green plastic funnel, and a small green bottle'], ['a green glass object that can be seen in the image'], ['a metal water hose cap for green water fountain'], ['\\n\\n* - \\n\\ngreen \\n\\n* - \\n\\'], ['a vase, flowerpot and candle'], ['the objects in the image are the components of the green bean canister, a food storage container,'], ['it is a toy for kids to play with it.'], ['green vibration head, q: what objects are in the image?'], ['the green object is in the image'], ['there are no objects shown in the image.'], ['this image shows a green colored water bottle cap'], ['the objects are in the image'], ['it is a plastic bottle.'], ['green'], ['\\n\\nobject is an object that has some or all of its parts enclosed in an image'], ['a green plastic bell with a metal handle on it.\\nq: can i order it in'], ['an object in the image. \\nq: how many objects are in the image? \\n'], ['it is a green bottle with a small hole on the side'], ['the image is an image of an object'], ['this image shows an object in the background']]"
data/images/noun/2023-600.jpg,2023,color changing ball,13,31,87,17,"[['a white and black metal ball that has an image on it'], ['the objects are in the image are in a white and black'], ['the objects are a collection of recycled plastic, metal and leather, in an unusual arrangement of shapes.'], ['a white plastic flower with a black and white vinyl record'], [""it's a white ball, black ball and a white cup""], ['this image shows a black and white ball in a white box. \\nq: how long did'], ['a black and white marble ball with four flowers attached. \\nq: what is the color of'], ['the image is of a white and black plastic ball with a black and white flower design.'], ['there is an electric fan and a pair of headphones in the image'], ['a flower sculpture made from black and white plates.\\n\\nq: what does the object'], ['a ball, with white and black objects, on a white surface'], ['black and white ball sculpture \\nq: why is it so dark? \\na: the'], ['a white, black and chrome globe'], ['a black and white ball of white ceramic'], ['an art project from the artist that consists of a white ceramic ball that is black and white. the'], ['the object in the image is a ball, made of white plastic with a black and white interior.'], ['a white and black circular object'], ['the objects are an old black and white photo of the famous flower sculpture in rome that has a'], ['an object is in the image and is in black and white.\\nq: how did you'], ['a black and white sculpture that looks like a football'], ['\\nthe image of a white and black ball sculpture made from old cds and a white plastic toy'], ['an object that is made of paper, with the top being a paper disc.'], ['a black and white paper ball, made from recycled paper plates'], ['an apple and a football. \\nq: why are they in the image? \\na'], ['an album full of record covers'], ['the image shows the inside of a black and white ball. \\nthe object shown is a disco'], ['there are four objects. a black and white ceramic flower. a black and white ceramic flower ball.'], ['a black and white ball, two white disks, two black discs, and a white disc'], ['an original vintage white and black vintage vinyl record album in a ball.'], [""the objects are in the image. \\nq: what is the artist's name? \\n""], ['\\na: a white and black metal sculpture in the shape of a ball'], ['an open air white and black flower with plastic flowers inside of it'], ['a ball of white paper, with a piece of paper glued to the outside'], ['the object in the image is a black and white sculpture made from the vinyl records of the musician david'], ['the objects are in a black and white sphere'], ['a black and white ball in a vase. \\nq: why is the ball in the'], ['\\n1, a ceramic egg shape with the white part on the left, the black part on'], ['1) a paper ball made of recycled plastic bags, 3) a white vase with a black'], [''], ['this is a sculpture made from white vinyl records, made in 2014']]"
data/images/noun/2024-600.jpg,2024,connected disk toy,81,44,41,3,"[[""it's the plastic toy figure of the star shape""], ['we have a colorful collection of different shapes, such as flower, flower pot, etc.'], ['3 small plastic toys.\\nq: how much does it cost? \\na: \\'], ['all of them are in the image.'], [''], ['this is a large, colorful, plastic toy made to look like a globe.'], ['we are currently not selling any products with this image.dorothy ransom (1923'], ['\\nthere are two toys, one is yellow and the other is red and blue, and the'], ['we will send it out by next working day if you pay before 7 working days, otherwise the item'], ['in the image, you can see two yellow and two blue objects.'], ['the objects are toys, they are shown here for the purpose of illustration only, and not for sale'], ['you can choose the color of the object.'], ['the images in the following images are not included in the final purchase. they are provided as a guide'], ['a colorful plastic model of a toy rocket with four rotating'], ['an 8-piece toy ball set of three colorful blocks'], ['\\nq: what objects are in the image? \\na: \\nq: what'], ['there are 5 objects in the image. \\nq: what object is the most important to use'], ['the image is of an educational toy, a wooden toy, a wooden animal'], ['\\ntoys and activity toys - \\nblades, blades, ball bearings, blocks,'], ['this is a 2 part piece of 3d plastic - one piece is colored yellow, the other is'], ['the image shows a plastic toy on a white background. \\nthe object is shaped like a sun'], ['objects are in the image: - a set of 3 blocks that are made out of a rubber material'], ['objects are in the image. \\nq: what is the title of the image? \\n'], ['the image shows a colorful, yellow, blue and red plastic toy'], [""it's a puzzle piece with two colorful blocks on it""], ['\\nan object is a part of a larger whole and is formed when two objects or materials are'], ['this image is a preview for a 3d model of an object that you can buy for $2'], ['a toy toy, and a toy toy'], [""this image shows an item from our children's section of our online store. you may see more products""], [""it's a toy that children can play with by spinning it around""], ['a blue and yellow star'], ['it is a 3-dimensional puzzle with various objects, such as a cube, a globe, and'], ['the image is of three toy building blocks'], ['there are four small blue objects, and three small red objects. \\nq: what is the'], ['\\n\\n\\n\\n\\n\\n\\n\\n\\n\\n'], ['objects include: - a star shaped magnetic set \\nq: why does the image include magnets?'], ['the image shows a pair of magnetic stars, two magnetic stars and a magnetic star.'], ['a cluster of 6 plastic rings in 3 colors, 2 of each in each cluster'], [''], ['there are 4 objects in the image: two red objects, one blue object and one yellow object']]"
data/images/noun/2025-600.jpg,2025,boomerang,6,14,58,13,"[['the blue object is a 3d printed medical device'], [''], ['the object is in the image of a blue foot bed, with an attached shoe, on a white'], ['\\na: \\n'], ['the blue plastic shoe shoe has the word ""sock"" printed on the front'], ['the image shows a blue plastic footrest, which is part of a wide blue shoe insert'], ['the item in the image is a product that you can customize to your specific order'], ['a blue, hard, plastic-like object'], ['the image shows a 3d printed blue shoe. \\n\\n\\n'], ['the image shows an object on a white background'], ['blue marble slipper with a small handprint'], ['the image shows an object with blue water and a white background'], ['the object in the image is a blue'], ['this image is of an item that was taken from the website. the image is in the same color'], ['the object in the image is a small blue plastic model of a horse shoe'], ['this image shows a blue, plastic toothpick with a hole in it.'], ['a blue rubber footrest'], ['this image shows the item in blue. \\nq: how many products can be ordered in a'], ['\\nthe blue foam ball with a marble - shaped footrest is from the qqqq'], ['we offer a wide range of blue marble marble and plastic products.\\n\\n[url='], ['objects in the image are the q-tips, which are in a blue pouch.\\nq'], ['objects are shown in the image.'], ['the object in the image is a blue shoe'], ['an image of a shoe with blue marble effect and an adjustable toe strap.'], ['blue and white striped sock. \\nq: what do you like most about your product? \\'], ['the 3d model of a 3d printed device is in the image'], ['the item is an object. the image is in the same room as the item.'], ['this image contains an object that is shaped like a hand, arm, or part of a hand'], ['1: a light blue wooden stool \\n2: a blue chair'], ['the image shows a blue, marble - like, object'], ['it is an item for display purpose. \\n \\n'], ['this image is a 3d print of a product that is in a box'], ['a shoe lace, and a bottle of blue nail polish'], ['3d model of a plastic shoe sole'], ['\\na: \\na: \\na: \\na: \\na:'], [""this is a product of our 3d printing technology, so it's not a real thing \\n""], ['an elastic foot pad in a plastic container in a dark blue marbled shape'], ['\\n- \\n- \\n- \\n- \\n- \\n- \\n'], ['this image shows an object on the right, that appears to be in blue, in a white background'], [""it's a shoe for a person with orthopedic insoles. it is a light blue color""]]"
data/images/noun/2026-600.jpg,2026,dog toy,16,71,63,17,"[['in the image above there are several objects, the object in the top right is a plastic green dog'], ['a long green and red plastic object on a white background'], ['a barber pole, two exercise balls, a barber pole, a rubber-covered exercise ball'], ['a red and green toy that is on a white background.'], ['there are objects in the image of the product, which are included in the package for shipping. \\'], ['the image is of a water bottle in the shape of a tennis ball,'], ['objects in the image are in green.\\n \\nq: what is the name of the'], ['the image is of an ice cream spoon, a cup, and a bottle of water'], ['objects in the image are: 1. a green dog bone; 2. a red and green dog'], ['an empty bottle of milk'], ['a rubber dog toy in a green case'], ['green dog collar, red leash, black harness'], ['a pair of rubber rings, a bottle, a bowl, a toy, a bowl, a toy'], ['green toy figure and toy animal\\nq: how many are there in the image? \\n'], ['\\na: a light weight, portable, ergonomic and ergonomic adjustable arm rest for any'], ['an example is an object with no text that may have multiple pictures in it'], ['an inflatable air pillow in a green plastic bag'], ['an object is in the image. \\nq: how did you get the object into the image'], ['an exercise equipment, with a green and red handle, is shown in an image of a toy on'], ['a green foam toy with red stripes on the end, placed on top of a white surface'], ['\\nq: \\n\\n\\n\\n\\n\\n\\n\\n'], ['\\n1. the plastic toy is green, red and has blue and red parts.\\n'], ['this image is of the green and red rubber dog toy.'], ['the toy is in the picture.'], ['a red rubber object with green color on it'], ['the image contains the following objects: a large rubber dog toy, a plastic water bottle and a rubber'], ['the product is a silicone ball shaped like a ball.'], ['the image is of a green and red tennis racquet'], [""it's a plastic dog toy""], ['a large green rubber footrest that has a red and blue base.\\n\\nq:'], ['this is a view of the rear side of the handle of a toy. the handle is attached to'], ['a dog toy with green and red dog toy'], ['the object in the image is a green plastic dog toy.'], ['the product is a product in our store. \\nq: what is the current price of this'], ['this image is showing a dog bone, a cat toy, a rubber band and a green plastic container'], ['an inflatable tube, a foam roller, a plastic ball and a foam roller, all in a'], ['\\n\\n\\n\\n\\n\\n\\n\\n\\n\\n'], ['a wooden rollerball pen, and a green rubber toy'], ['green dog bone'], ['green plastic tube with red ball and green knob on top']]"
data/images/noun/2027-600.jpg,2027,room freshener toy,22,38,47,9,"[['there are three objects in the image. \\n1- the ball, 2- the ball holder'], ['the object in the image is a white ball with a hole in it.'], [''], ['\\nthe object is an old metal ball. the metal ball has been converted into a white plastic'], ['a toy ball and some toy parts.'], ['the image shows a small white plastic ball attached to the end of a white extension arm with a small'], ['a white plastic ball with a hole'], ['the image is of the toy ball'], ['the image is of an aquarium filter ball. the image has been created using a high-quality digital'], ['the image is a close-up of a ball that is made out of white foam'], ['this is an object on the surface of the ball, made of white plastic.\\n\\n'], ['the image contains a white ball shaped animal feeding toy'], ['a white ball on a white surface'], [""1-3-1 balls for cats and dogswhat are the chances that they're going to""], ['the image shows a plastic ball with a plastic lid'], ['\\n\\na: \\n\\n\\n\\na: \\n\\n'], ['the image is of the q2'], ['\\nthe image is of a white ball with a hole in it and a cover over it'], ['this image contains the following objects:\\n1 ball, 2 white spheres, 3 small spheres, 4'], ['\\nan image of an object in the image'], ['white ball \\nq: can you send the image of the object? \\na: yes'], ['the object shown in the image is an electronic ball which you can use to train a machine to perform'], ['\\n'], ['there are two white ball shaped toys on the wall, one is on the right and one is on'], ['this is a white ball that is on top of a white surface.'], ['the image shows an item that may not be available for purchase. \\nthe image may have been'], ['this image shows an object on a white background'], ['this image shows the white sphere'], ['this is an image of the ""frozen white plastic ball animal toy"" \\nq: what'], ['an animal pet ball that contains a white ball with two holes'], [''], [""it's a cat-sized football. \\nq: how do you feel about a cat-""], ['this is a white dog toy that contains a metal ball with an open mouth on the side.'], ['you can use the object list box to add the object that you want to view, or the object'], ['\\n \\n\\nwhite ball & bowl - \\n\\n\\n\\n\\'], ['the image is of a small ball in white'], ['the image shows a white ball.'], ['the object in the image is a white sphere shaped object.'], ['an empty ball that has a small plastic ball on top. \\nq: how do you add'], ['objects in the image are a small ball, an empty cup, a ball with a lid, a']]"
data/images/noun/2028-600.jpg,2028,cat toy found at the pound store,6,47,53,63,"[['the image shows a cute pink dog toy that is attached to a pink rubber band'], ['pink pom pom earrings'], ['this image shows a pink and white dog toy with pink ears and white paws'], ['\\npuppy dog ears, pink \\n\\npuppy dog ears, pink'], ['an image of a pink fluffy hair donut with 3 pink rubber hair pom poms. \\'], ['these are two pink donuts'], ['a toy doughnut with fluffy ears'], ['an image of a toy poodle dressed in pink.'], ['you can see a pink ball, 3 pink yarn sticks and a pink rubber band in the image.'], ['a pink donut'], ['there are 5 pom pom animal headband with pink ears in the image, these products are'], ['this image shows the objects q: what objects are in the image?\\n\\na:'], ['\\n \\n \\n\\n\\n\\n\\n\\n\\n\\n'], ['q: what objects are in the image? \\n\\na:'], ['the objects in the image are in the shape of a pink and white donut with three pom'], ['a donut shaped animal toy with four ears and three long pink tails. \\nq: is'], ['the image shows the objects, in the shape of a donut, and two pom pom'], ['a white, pink and grey foam animal pom pom toy hanging from a cord\\nq'], [''], [""it's the little pink dog and pink ears. the pink is made of soft cotton fluff and""], ['it is a set of 2 plastic pink donuts with 5 different colored pom poms on top'], ['this image contains the following objects: a fluffy animal head, a fluffy animal body, a fluffy animal'], ['this image shows an array of donuts that are tied to a dog leash and'], ['a donut shaped headband in a pink fluffy color'], ['a white doggy toy'], ['the image shows the dog grooming tool, the dog grooming tool, the dog grooming tool, the dog'], ['a toy kangaroo is a stuffed toy that is made out of fabric. the toys are used'], ['the image is of a dog toy with some toys attached to it'], [""this is a picture of the dog's collar, with a pink ribbon.""], ['a small pink donut, a pink toy, a pink ball, a pink ribbon, a pink'], ['the object is a donut and three pom pom, each with a different color'], ['\\nthe image of the three pink pom poms are the keychain, the rubber duck'], ['\\nans: \\nthe image shows a dog with a pink leash attached to a small'], ['an array of fluffy balls'], ['the image shows a pink dog toy. the pink toy is in the shape of a pink donut'], ['the picture shows two objects in the picture. one of the objects is a pink donut and the'], ['the image of this item is a close-up of a cute and fluffy donut shaped'], ['q: what objects are in the image? \\na: q: what objects are in the'], [''], ['\\n\\n\\n\\n\\n\\n\\n\\n\\n\\n']]"
data/images/noun/2029-600.jpg,2029,cover for room fresheners,19,27,65,16,"[['an image of a product'], [""it's a plastic water bottle cap. \\n\\nq: what object is not in the""], ['the image contains two objects - one of them is an object of the q-series q10-'], ['it is a metal container with an open top. \\nq: what is the source of the'], ['this product is not for sale and is not part of the qwerty box'], ['\\nq: what objects are in the image? \\na: \\nq: what'], ['there are some objects in the image.'], ['you can find out the product information by clicking on the image'], ['the image is of the product in its packaging and is used for display purposes only.if i'], ['the image shows a black plastic container on a white background'], ['a black plastic clip, in the shape of a ball, attached to the end of a wire'], ['the object in the image is not a part of the productthat’s a bit creepy'], ['\\na:'], ['what objects are in the image?   \\n\\nq: what objects are in the'], ['click to view full image\\n\\n\\nq: what objects are in the image?'], ['this is a close up of the button, showing the text and'], ['\\na: \\na: \\na: \\na: \\na:'], ['a man in black hooded jacket stands in front of a white background, pointing a gun at something'], ['the item is in the image.'], [""you need to add a photo to show your objecti love this. i've been in the""], ['in the image there is a small red plastic device with a metal cover. this device has a small'], ['an object with the symbol ""x"" over it.'], [''], ['\\n\\na: the \\nq: what is in the image? \\na'], ['a person with a camera'], ['objects shown in the image are not included'], ['there are no objects in the image. \\n\\nq: what should i do if my'], ['an object is shown in the image, but it can be anything in the world'], ['this image shows an object on a white background'], ['click on the image to enlarge\\n\\n[{""type"":""image"",""attributes"":{""alt'], ['\\nthe objects in the image are an object that has a small hole in it'], ['q-dots'], ['you have to use \\n to make a new line for a new item in the image.\\'], ['a black object with a hole in it'], ['an object is in the image. \\n\\nfor the most accurate results, try to select'], ['the object in the image is a small black screwdriver'], ['the image is of a black screw cover'], ['what objects are in the image? \\nq: what objects are in the image? \\n'], ['this is a close up of an object in a white background'], ['there is a black plastic cover with a circular hole for a']]"
data/images/noun/2030-600.jpg,2030,marker,9,43,53,0,"[['a cute penguin in purple and blue is holding a plastic containeri really enjoyed it!'], ['an adorable baby bear in a blue and purple pot with a small pink pot'], ['an object that has been in the image, is a plastic toy that is sitting on a white surface'], ['a stuffed animal.'], [""blue and black ceramic mouse toy with a small blue head, with a purple nosei've had""], ['\\n\\nblue glass bowl \\n\\n'], ['an empty yogurt bottle with a lid'], ['a little purple and blue vase'], ['a white ball in a plastic box with a lid on top.'], ['an owl and a bird figurine'], ['the image shows the shape of a salt and pepper shaker.\\n\\n\\n\\'], ['\\na: \\na: \\na: \\na: \\na:'], ['an owl'], ['\\na: a purple water bottle and a blue one'], ['a penguin with a face that has the shape of an eyes.'], ['a blue water bottle with a purple lid'], ['the image is a little toy figure with a purple top and a blue base. the figure is sitting'], ['the blue and purple penguin toy'], [""it's an earphone for the headphone jacki am so glad that i got to see this""], ['a plastic baby in a blue baby carrier with a purple top'], ['a toy figure of a cute ghost'], ['a small blue and purple ceramic figurine'], ['it is a plastic toy in the shape of a purple monkey.'], [""a toy doll and an elephantpenguins' john marino: back on ir""], ['1'], ['blue and purple shoe bag with painted on image'], ['the object in the image is the cute little blue mouse'], ['the object is a toy animal in blue and purple'], ['an image of a small toy with a large blue head and a purple body on a white background'], ['this is a water bottle with an earring. \\nq: what does it mean? \\'], [""an empty toy box, a child's toy, a toy, a toy doll, a child's""], ['1.a.s.l.b.o.e.a.l.e.'], ['the item in the image is a stuffed animalyou can always change your mind.'], ['the object is a plastic toy'], ['it is a blue object, which looks like a blue teddy bear'], ['a blue plastic container, with a white dog face on top'], ['it is a blue and purple objectthe ""t"" in c.n.o.f'], ['\\n \\na: a cute toy'], ['a small purple water bottle with the name of a famous american inventor on it.\\n\\n'], ['in the image, there are no objects in the picturethe present invention relates to a method for']]"
data/images/noun/2031.jpg,2031,book end,16,32,35,26,"[['a small metallic silver object'], ['a stainless steel object'], ['metal chair backrest \\nq: how do i choose the right backrest for my chair?'], ['a white board'], ['silver metal chair seat part'], ['a metal and wood handle.'], [""it's a metal holder for a car battery""], ['a curved metal tube with a small end,'], ['in the image, we have a metal wave holder with a silver finish'], ['the object in the image is a metal rod'], ['it is an image of a chair with a wavy metal armrest'], ['this is a photograph of the aluminium-plated wave-shaped drawer knobs'], ['the image is for reference only, the actual objects may vary'], ['an object in the image is a stainless steel shelf hook.'], ['there are some metal hooks and an object'], ['we have a lot of objects in the image, which is a picture of our products. the first'], ['the image is a small photo of a steel pipe handle. \\n\\nq: what is'], ['1) stainless steel furniture mount bracket 2) brass wall mounting bracket 3) stainless steel wall mounting bracket'], ['there are many objects in the image. you can click to zoom in and see the full image.'], ['this image shows the metal curved back rail of the sliding door handle on the metal slide rail of the'], [""it's an aluminium frame for the picture frameyou should put this on /r/pokemon""], ['what objects are in the image? \\na: what objects are in the image? \\n'], [''], ['the silver-plated, polished, polished silver-plated, polished metal, silver-pl'], ['these objects are in the image. \\nq: what is the image about? \\na'], ['the image contains 2 objects in a metal color'], ['this image shows an aluminum door handle, aluminum handle, aluminum handle for door, aluminum handle for door'], ['all of our products are original products from china. \\nwe are a professional manufacturer and supplier of'], ['the image is a single metal rod, so the item is in a different shape'], ['the image shows an aluminium door handle'], ['the image of an aluminium curtain rod handle'], ['the image shows the products in the product group. \\nq: what is the product number?'], ['in the image, the metal pipe, the metal seat and the metal rail have been removed to be'], ['a curved metal arm rest'], ['silver aluminum aluminum metal door handles'], ['\\nthe images on this page may not be of a particular type, they may be of a'], ['\\n\\nanvil,cobble,cement,hand-dismantled'], ['these are not included in the item image. you can check the image of these products. \\n'], ['the image shows the object in the image\\nq: is this a photo of a product?'], ['the image shows a single part of the metal mold']]"
data/images/noun/2032-600.jpg,2032,submarine,47,90,50,3,"[['the object in the image is a small plastic airplane'], ['a white plastic toy toy with orange and blue wings and a black nose'], ['orange ball with blue fins'], ['the orange toy boat with a blue nose'], ['the object is a small plastic toy rocket that is on a white background. the object is in an'], ['an airplane toy, an airplane airplane toy and a plane'], ['1: a rocket. \\n2: a small toy plane. \\n3: an orange'], ['a plastic boat shaped like a rocket with an orange cover on top. \\n\\nq:'], ['an orange plastic object with a blue wing is on a white background'], ['the image shows the toys in orange and blue. \\nq: what is the toy with the'], ['the object is a water balloon'], ['an orange toy spaceship, sitting on top of a white background, with a blue propeller and a'], ['a light-up toy boat in orange and blue'], ['a space rocket in a plastic container on a white background'], [""it is a toy airplane, a dog toy, and a toy airplane toyi'm sure this""], ['a toy rocket in an orange bowl'], ['\\nthe image shows an orange toy airplane with blue wings and a propeller attached'], ['\\n\\na: \\n\\n\\n\\n \\n\\n\\n'], ['an orange balloon with blue wings'], ['a small toy airplane with a small metal propeller'], ['the image shows the object that is in the background. the object in the image is an orange ball'], ['this image is a 3d object that is in the shape of a submarine.'], ['the object in the image is a toy shaped object'], ['a toy toy with a small toy rocket shipthe thing is, if you get rid of all'], [""it's a toy rocket with a propeller, with a small rocket attached to the propeller""], ['\\n \\n the object is a small orange toy airplane with a blue wing'], ['the object in the image is a toy rocket. \\nq: what is the name of the'], [""an airplane shaped toyi love this.  it's the best thing i've seen all week""], ['an orange plastic toy rocket, in flight with the wings open.'], ['\\n\\nq: what objects are in the image? \\na: \\n\\'], ['we are offering a wide variety of objects in the image.\\nq: what objects are in'], ['there are two objects in the image. \\n\\nq: why are the objects in the'], ['an orange object with a blue propeller'], ['the object is an orange plastic ball with a blue propeller and a propeller on top'], ['an orange toy rocket with a blue propeller'], ['this image shows a blue and orange toy boat on a white background.'], ['objects include a toy airplane, a toy rocket, a toy car, and a toy airplane on a'], ['an airplane toy is shown on a white background. \\nq: how does this object work?'], ['\\nthere are various types of objects in the image. the image shows a toy airplane that is'], ['an orange fish toy with a blue bow on top.']]"
data/images/noun/2033-600.jpg,2033,cat toy cage,9,57,55,3,"[['this is a picture of a toy box with a picture of a toy in it'], ['this is a small orange suitcase that has been painted.\\n\\nq: why do objects'], ['\\nq: what object is in the image? \\na: \\nq: what'], ['the object is the orange wooden box with the square cross and cross shaped'], ['the image shows an orange and green plastic box. \\nthe image is made of the color orange'], ['the image shows an orange basket and an orange frame.\\nq: what are the colors of'], ['1. a decorative orange bowl with wooden decoration 2. an orange storage basket 3. a decorative orange'], ['a toy box made out of plastic'], ['1: a plastic box with three rows of square holes'], ['a plastic shelf with two orange blocks'], ['the item in the image is a toy box.'], ['1 orange chair, 1 orange toy, 1 orange lamp'], ['objects are toys.'], ['objects are shown in the image. \\n\\nobject: orange crate'], ['this is a toy toy basket made of plastic. it has three different colors: orange, green and'], ['this is an orange, plastic, wooden, metal and metal object'], ['1. the object is an orange box. \\n2. it is a storage box with a'], ['orange'], ['the image is an illustration of a toy item, including a toy chair. \\nq: how'], ['you will receive the products with 2-3 days after payment'], ['a plastic crate with holes cut out for the'], ['the toy box for children and the table for adults\\nq: where is the image from?'], ['the image shows a plastic basket'], ['orange rubber stool'], ['the image is of an orange and green toy train toy'], ['the objects are a wooden crate and a chair'], ['a yellow plastic box, orange lid, and green sides'], ['an orange plastic flower holder'], ['orange plastic stool'], ['orange box with three boxes in it'], ['the orange toy box is a small item that can be placed on the surface to hide it.'], ['a stool. \\nq: where is the image from? \\na: in china.'], ['a toy box, a book and a cushion.\\n\\nq: what is the size'], ['the image is an orange, orange plastic, storage box with an opening on the side'], ['this is a picture of an object. you can download a picture or a video of an object for'], ['the orange objects are in the image. \\n\\nthe picture shows a table with a table'], ['an orange cushion with wooden design'], ['the orange object is a toy box.'], ['an orange and green plastic toy'], ['orange flower pot \\nq: how can i get a product similar to the image? \\n']]"
data/images/noun/2034-600.jpg,2034,worm ball with cut off hands or stars,72,39,45,26,"[['this image is a toy with different objects in it'], ['\\nan image of some colorful plastic balls'], ['this is a close up image of the rubber snakes on a white background. they are brightly colored and'], ['this is a close up of a pile of colored rubber bands.'], ['a big orange tube of polystyrene.'], ['the object is the large orange and yellow ball that you can see in the upper left of the image'], ['an image of an object, which is being shown on a white background.'], ['a stack of rubber bands.'], ['an apple.\\n\\nq: can you make one of the other objects in the image'], ['1 x 3d printed toy plastic string'], ['an image of some of the objects in the new products pagewhy is your post so long?'], ['the image shows a plastic tube filled with colorful noodles'], ['the image is a picture of a green, pink, and orange sponge-like object'], ['an orange and pink wavy noodle with orange, pink and yellow rubber'], ['the image is of a pile of colorful plastic toys. \\nq: what kind of toys are'], ['the image of a plastic ball with two small balls in it and two more balls in the background.'], ['the image shows a group of small plastic tubes tied together.\\nq: what color is the'], [""it's a pile of colored plastic tubes, in orange, pink, green, yellow and white""], ['an example of a product is a foam roll on top of which a pile of different sized pieces are'], ['1) a small pile of plastic yarn'], ['an item is in the image.'], ['this image shows a pile of toy animals, some in a rainbow of colors'], ['in the image above there are a lot of colorful plastic tubes'], ['in the image you see some toys and balls. \\nq: what is the toy? \\'], ['a ball of colorful rubber bands, with some rubber balls and a rubber band ball'], ['we are selling a variety of items to choose from. \\nfor this image, the product is'], ['the image shows some colored rubber'], ['the object is a yellow plastic ball and a pink and green rope. \\n\\nq:'], ['\\n1\\nan elastic ball that is being shown for scale\\n\\n'], ['we have two objects in the image - a rubber tube and a rubber ball'], ['a rubber ball, a rubber tube, a rubber string, a rubber rope, a rubber string,'], ['an inflatable water ski boat with pink, orange, and yellow paddles, and a green sail'], ['it is a combination of 3 types of plastic and is made of a special type of silicone material.'], ['this is a picture of a pair of rubber rings that have been made from the same material as the'], ['an orange, pink, and yellow balloon and a white ball'], ['an apple and an orange, in a container.'], ['the image is of a pile of colorful rubber toys on a white background'], ['in the image there are several toys that are shown in a pile. \\n \\n\\n'], ['a pink, orange, yellow, green, yellow, orange, pink, orange, orange, yellow'], ['a pile of assorted colors of polypropelyne rubber wands on a white background']]"
data/images/noun/2035-600.jpg,2035,giant pen with pen tip removed and cooper scourer pad on top,13,54,47,13,"[['a white ball with a blue handle'], ['a ball is shown in the image, with a blue pipe in the center.\\n\\n'], ['the image is of an iced tea cup and a cup of water with a straw. \\n'], ['\\n\\n\\n\\n\\n\\n\\n\\n\\n\\n'], ['a ball with a large red dot on it'], ['the image is a picture of a ball shaped hair dryer with a sponge head attached to it,'], ['the image contains a brush for grooming your dog.\\nq: what are the different types of'], ['\\nthe items in the image are: \\n1'], ['blue and red crayons \\nq: what does the image show? \\na:'], ['the image contains a ball, ball cap, plastic, and a rubber band.\\n\\n'], ['an ice cream cone with a blue and brown shaggy hair'], ['\\n\\n-\\na: blue and brown wool balls'], [""the image is of the object 'bamboo ball holder'.\\n\\nq: what is""], ['an object is an inanimate object such as a chair or a statue. it is often depicted holding'], ['\\nthe objects in the image are: \\n1) a hairbrush. \\n2'], ['the product is a blue metal barbell with a brown rubber ball on the end'], ['a large blue ball of foam, a pair of blue shoes, and a pair of blue socks,'], ['an ice pop with a blue straw and a brown sponge\\nq: how did you create the'], ['\\nan object is a physical object that you can see in the image, or a virtual object'], ['the object shown in the image is a foam ball, or sphere made of a sponge or similar material'], ['a ball, an iron, a hair dryer'], ['a brown shaggy ball in a blue plastic cup. \\nq: what is the source'], ['the image of an apple on a wooden stick with a string on a white background. \\n \\'], ['a toy drum stick'], ['the object is a hair dryer with a ball on the end'], ['a blue and white pom pom with a large black head, on a red base.\\'], ['this is a picture of an object with an item.\\n\\nthe object is made of'], ['\\nq: what objects are in the image? \\na: \\nq: what'], ['the image is of an aluminum wire brush and the word q-tips is on the brush'], ['a wooden toy. \\n \\nq: what is the product name of the image? \\'], ['a blue, black and brown felt tip hair comb'], ['a ball, a ball cap, a ball cap and a ball cap\\n\\n\\n'], ['an oval sponge, blue handle, and a yellow plastic object are in the image. \\n\\'], ['a metal ball and a blue, wooden, ball markernepal has taken a step towards'], ['\\n\\nq: what objects are in the image? \\na: \\n\\'], ['a blue metal handle and a brown woolen ball'], ['the objects in the image are the blue and brown foam pom poms'], ['a brown plastic ball, a blue tube, a small plastic cup'], ['the object is a blue and brown scooper that has a brown handle.'], ['a blue plastic sphere with an orange knob. \\n\\n\\n\\n\\n\\']]"
data/images/noun/2036-600.jpg,2036,cup-and-ball toy,59,70,20,20,"[['\\n'], ['the image shows a toy hammer with colorful striped stick and balls'], ['a wooden toy hammer \\n\\nq: what is the meaning of the image? \\n'], ['a wooden and colorful plastic toy drum, wooden ball, wooden toy ball, wooden ball with plastic ball'], [""an oversized wooden child's toy drum, wooden balls, and a rubber ball with a colorful striped head""], ['\\na wooden hammer, a ball, a wooden mallet, a wooden bell, and a'], ['\\nthis product image is of the product itself \\n\\nthe product image also shows the'], ['a wooden toy with red, yellow and blue stripes'], ['we have a toy toy'], ['wood toy drum toy\\nq: why are there no pictures of the objects in the description?'], ['this image shows a wooden toy that is colorful and has a ball attached to the end of it'], ['the image contains several toys'], ['\\nq: what objects are in the image? \\na: \\nq: what'], ['this product is a wooden wooden toys - a rubber ball, wooden drum, wooden music stick, wooden'], ['the toy is a wooden toy drum'], ['all wooden toys are made of recycled materials and are free from pvc and lead. all of our toys'], ['the toys include: - drum with wooden sticks - maracas with wooden sticks - rubber ball - wooden'], ['there are various toys shown in the image, including a wooden toy hammer with a red, yellow,'], ['\\na wooden toy with a ball, a wooden toy with a ball and a wooden toy with'], [""the image is a set of toys.i like how the title implies that you're using the""], ['the toy is a toy hammer, the toy is a toy hammer with a red ball, the toy'], ['a colorful wooden toy hammer with a ball attached to it'], ['\\n\\n\\n\\n\\n\\n\\n\\n\\n\\n'], ['it is a wooden ball and toy hammer'], ['\\n\\n\\n\\n\\n\\n\\n\\n\\n\\n'], ['the image shows a wooden toy wooden wooden mallet and ball'], ['there are 2 wooden toys in the image. one has a wooden base and a red, yellow,'], ['\\n\\na: \\n\\n\\n\\n\\n\\n\\n'], ['this image is a wooden toy hammer and balls that was taken from a picture.'], ['the image of the toy with balls and drum is in the product detail.'], ['\\nthis image is of a toy drum with a ball.'], ['this image shows a wood hammer with a ball attached to it. \\nq: what object is'], ['the toy toy is a toy toy of a wooden toy toy with a toy toy of a colorful toy'], ['a wooden toy and a wooden ball'], ['a wooden toy toy with a ball, a wooden toy drum, a wooden toy trumpet, a wooden'], ['\\n \\n \\n \\n \\n \\n \\n \\n \\n \\n'], ['\\n \\n\\n\\n\\n\\n\\n\\n\\n\\n'], ['\\n\\n\\n \\n\\n \\n\\n \\n\\n \\n'], ['the toy ball is a wooden toy. the yellow ball is made of pvc. the toy'], ['this image is a product photograph. we do not sell any product here. you can order it by']]"
data/images/noun/2037-600.jpg,2037,teething ring with a bit photoshopped out,34,24,37,3,"[['an object that looks like a plastic toy is holding a pink ring with six balls on it'], ['the image shows the object. \\nq: what is the meaning of the image? \\n'], ['the object shown in the image is a small light pink ball shaped rubber ball. \\nq:'], ['\\n\\npink'], ['you can see two different objects. the first one is a necklace with pink pearls and the second'], ['\\nobjects in the image include a pink band with four clear balls attached, a pink bracelet'], ['a clear plastic ring and a clear plastic ring on a white background. \\nq: can we'], ['\\n[pink and clear plastic ball] \\n[ball] \\n[clear plastic'], ['this image shows a set of 12 balls in clear acrylic balls, with a pink heart shaped silicone ring'], ['you will get this kind of products\\, like a bracelet\\, rings etc'], ['the picture shows an object which is a part of a toy. \\nq: what is the'], ['this image shows a pink object with a white background'], ['1 \\n2\\n3\\n4\\n5\\n6\\n7\\'], ['you will receive the above objects as shown in the image'], ['it is a set of 6 pink bubble ring, which are attached by a rubber band.\\n'], ['the picture is of a pink plastic ring with four small balls in it. \\nq: how'], ['the image contains a necklace, a bracelet and a set of 6 balls'], ['there are five objects in the image: a necklace with six beads, a bracelet with five beads,'], ['1) a pink bracelet with round balls and 2) a pink tube with white balls'], ['the image is for an illustration only. \\na: this is an excerpt from our book:'], ['a ring with 3 little spheres in it'], ['it is a white circular ring with 6 white circles'], ['this image is for demonstration purpose only. the product is sold out.you are here'], ['a pink silicone nipple ring, which is made of transparent rubber, with a round'], ['this is a picture of a pair of earrings. it is made from white and pink plastic spheres'], ['the image contains an object that is part of the product.'], ['it is a tooth - shaped silicone rubber. \\nq: how is the shape of this product'], ['\\n \\n \\n \\n \\n \\n \\n \\n \\n \\n'], ['this image shows some of the objects found in the picture. click the image to see the full product'], ['there are three objects in the image. \\nq: how much are they? \\na'], ['the image shows a pair of pink plastic rings with six balls in the middle'], ['the item in the image is the one you want to purchase. \\n \\nq: what'], [''], ['the pink bead ring with two pink balls on top is a medical grade silicone jewelry clamp with two plastic'], ['\\n\\n \\n\\n \\n\\n \\n\\n \\n\\n'], ['the product shown is a sample of a product and may differ from the actual item. \\n \\'], ['the image is made from a set of 10 plastic beads. the bead is'], ['this image shows a pink plastic ring'], ['this is a rubber ring with a transparent ball on the top of it'], ['the picture shows the product you are buying']]"
data/images/noun/2038-600.jpg,2038,heart shaped slinky,56,63,26,6,"[[""the object in the image is the rainbow flower holder from my children's collection. \\n\\n""], [''], ['the object is a heart shape plastic ring, which is filled with colored plastic balls. the object is'], ['a pile of plastic rings.\\nq: are there other images for this item? \\n'], ['\\n\\na: \\n\\na: \\n\\na: \\n'], ['the image is of a large, colorful, 3-dimensional, multi-sport, spiral object'], ['the image is a group of objects'], ['3d printing object'], ['the image shows a small collection of colorful plastic tubes. \\n\\nq: what is this'], ['this image shows a set of 3 rings with 2 sides each, and 1 ring in the center,'], [""an item in the image is a kangaroo shaped toy, but it's not the kang""], ['the shape of a heart - like object that is in a bunch of 3 - d printed objects'], [""it's a heart shaped papercraft object. \\n \\nthe object is colorful and the shape""], ['these are some colorful toys that were sent to me by the artist. \\nq: why are'], ['the object in the image is a flower arrangement'], ['this image is made up of a series of objects that are made of various shapes and colors'], ['these are two small orange and yellow plastic rings.the problem with ""good"" or ""bad'], ['an assortment of different colored rubber rings and two other items'], ['it is a rainbow-colored plastic ring'], ['a toy in which there are six objects'], ['the objects in the image are a flower, a heart, and a circle. \\n\\n'], ['an oval colored plastic tube that is decorated with rainbow colored shapes'], ['the object in the image is the same as the image on the page. the object in the image'], ['the objects in the image are a bowl, a pen, a toothbrush and a pen with the'], ['\\n \\n \\n \\n \\n \\n \\n \\n \\n \\n'], ['a pile of colorful 3d printed items.'], ['a set of 6 objects. \\nq: why is the shape of the object different in each'], ['a heart shaped box made of plastic toys, each of the toys is different colors.'], ['\\n \\n\\n\\n\\n\\n \\n \\n\\n \\n'], ['an object with a colorful plastic shape is shown in this illustration. \\nq: what kind of'], ['in the image, there are many objects such as toys, cards and books.the guy who'], ['this is a 3d printable paper craft.\\nq: can i make this in more'], [''], ['the object in the image is a set of 3 colored spoons'], ['an assortment of colorful, multicolored and multidirectional 3d printed objects'], ['1'], ['the image of the image of the image of the image of the image of the image of the image'], ['a group of three or more colorful rubber rings that are shaped like a heart'], ['we are showing you some beautiful items that are made of plastic'], ['this image is of two heart shaped toys. the image shows a colorful heart with a blue plastic ring']]"
data/images/noun/2039-600.jpg,2039,led top,28,64,61,13,"[['the image of the object is a transparent plastic toy with a green face, with the name ""t'], ['you will get the object in the image \\nq: is it possible to cancel the order or'], ['the object in the image is a toy'], ['there are toys in the image. \\nq: how much are they? \\na:'], ['the image is a green plastic cross fidget toy. \\n\\n\\nq: is'], ['this is a green toy with three crosses'], ['this image is an image of a green toy cross fidget spinner, that shows the parts that'], ['green plastic beads. \\nq: can you please provide a sample image with the object? \\'], [""it's a small green plastic toy.""], ['green plastic color & green color \\nq: how to order\\na: we can ship'], ['a green plastic cross with an electrical connector'], ['the image shows a green plastic cross shaped toy. the toys are on a white background'], ['it is the image of an object in the middle of a puzzle, the object has the color green'], ['\\nthe object is green color with a green plastic handlea new study in the journal pl'], ['\\n \\n \\n \\n \\n \\n \\n \\n \\n \\n'], [""there are no objects in the image.haven't seen a single video of this. any""], ['this image is showing the light green colored plastic toy item in the shape of a cross'], ['a plastic green cross with a piece of paper with a message inside>“i just want'], ['a plastic green puzzle piece'], ['all items in the image are available. \\n \\n'], ['the green object is a cross fidget spinner. the cross spinner is a very popular item'], ['this is the image of the object and there are four objects shown in this image.'], ['in the image, the object that is in front of the light is an led light and a light'], ['a small box with a green plastic toy inside'], ['an image of an object, in this case a plastic cross shaped object'], ['the image is a lighted green plastic cross with a green plastic handle'], ['these are the toys included in the pack. \\n\\n\\n\\n\\n\\'], ['there are no objects in the image, this image is only used for illustration purposes'], ['the image shows a transparent plastic ball. the object is transparent so that you can see the object clearly'], ['the image shows the object that will be shipped to you.if i could have one superpower,'], ['in the image above, there is an object that is not shown in the product picture.'], ['a green object'], ['the object in the image is an electronic spinner with 3 different colors and 4 different sizes.'], ['these objects are in the image \\nq: what object is in the image? \\na'], ['the objects in the image are green, they are the shape of a cross'], ['you can see the light-green objects in the imagea. field of the invention'], ['1) a toy ball on a stick, 2) a toy ball on a stick, 3)'], ['there are 4 objects in the image: (a) an electronic circuit board (b) a single'], ['this image shows a plastic green fidget spinner on a white background.'], ['the objects in the image are a cross, an x-shaped']]"
data/images/noun/2040-600.jpg,2040,rubber toy found in toy aisle,31,64,63,16,"[['the object is the blue and yellow tangle ball'], ['the toy is a blue and yellow ball with an attached frill.\\n\\n\\n'], ['the image shows the toy ball and dog toy on a white background'], ['the image shows the toy in front of the white background.> ""when the first few years'], ['the toy is a toy with a blue and yellow ball and it is on a white background'], [""it's a ball, and it's blue with a yellow, fuzzy headwhat is this supposed""], ['the objects in the image are rubber ball and puffy toy.\\n\\nq: why'], [''], ['blue toy with yellow object'], ['this is a blue toy with yellow pom poms on it.'], ['the objects are in the image'], ['the dog toy, blue toy and yellow toy are included in the photo.\\nq: why'], ['the object in the image is a dog toy'], [''], ['\\n \\n \\n \\n \\n \\n \\n \\n \\n \\n'], ['an image of the product in this product'], ['\\n- blue ball: \\n- blue and yellow rubber: \\n- blue ball:'], ['there is a toy, which is yellow and blue, and it has a tangle of long blue'], [""it's a rubber toy with an eye on top""], ['the image shows the object named toy\\n\\nq: what is the image about? \\'], ['blue and yellow tangle ball'], ['blue dog toy with yellow tassels and a blue ball.\\nq: what is the'], ['a ball, a tangle and a fuzzy toy'], ['\\nq: what objects are in the image? \\na: \\nq: what'], ['the image shows an animal toy, and a blue ball on a black base'], ['the image shows a blue and yellow mollie ball with a ball on top of it, along'], ['\\nthis image shows the q: what objects are in the image? \\na:\\'], ['the object is a blue and yellow rubber ball with a frilled tail'], ['it is an image of a dog toy.'], ['a blue plastic ball with a yellow fuzz ball'], ['this is an image of a toy ball and an item that can be seen in the background of the'], ['an object is in the image\\nq: what is the object? \\na: an'], ['\\n'], ['the image shows a toy ball, toy poodle, toy dog toy, toy cat toy, toy'], ['it is a ball with a yellow and blue pom pom'], ['\\na: a blue and yellow foam ball with a dog toy'], ['\\n\\n \\n\\n\\n\\n\\n\\n\\n\\n'], ['this image is of a stuffed toy dog toy.\\nq: how many colors does this toy'], ['the toy in the image is a blue and yellow plush toy ball with a long hair.'], ['the toys are on a white background and the objects are a blue ball and yellow sponge']]"
data/images/noun/2041-600.jpg,2041,massager,34,38,23,20,"[['a cross with wooden spheres'], ['\\nblue ball - 2.25 x 0.75'], ['this image is of a set of five blue plastic balls. \\nq: what are the objects'], ['a wooden toy with blue balls and sticks in the shape of a cross'], ['\\nq: what is the image of? \\na: \\nq: what object'], ['a picture of 3 wooden blocks, a blue and a red ball, a wooden star, and a'], [''], ['\\n\\n \\n \\n \\n \\n \\n \\n \\n \\n'], ['this image shows a model of a simple toy called a ""cross"" with the objects'], ['a wooden cross with two wood balls'], ['an object is a collection of materials that can be used to make another object'], ['3 wooden balls, wooden blocks, 3 wooden cross pieces, and a wooden ball'], ['\\n \\n'], ['a picture of a 4-dimensional object in which two of the objects are shown to be in 3'], ['blue ball, 3-piece wooden cross, cross with wooden balls'], [""we have many different wooden items on our shelves, ranging from small toys, to small children's toys""], ['this is a set of four balls and two tubes.'], ['these are 4 wooden toys that were attached to each other.'], ['3 wooden spheres, 1 wooden ball, 1 wooden cross, 1 wooden cross piece'], ['blue sphere, four wooden balls, and white cross\\nq: what are the objects in the'], ['a four ball, blue wood and two ball, blue wood, one in each hand. \\n'], ['\\u201ctables and wooden balls.\\u201d \\u201d'], ['a set of three wooden balls'], ['1 wood ball 4 wooden spheres'], ['a wooden toy car and a wooden wooden toy train'], ['a group of objects on a cross.'], ['blue ball, wooden sphere, wooden cross, plastic sphere, wooden circle'], ['1x toy magnet with blue balls'], ['the three items are wood and plastic, a cross, a ball, and a bottle.'], ['the image is showing a set of toys, consisting of a cross shaped object, three wooden balls,'], ['\\n\\n[image] \\n\\n\\n[image] \\n\\n'], ['the object is a cross shaped with a blue ball and a wood ball'], ['4 wooden balls and a small blue plastic cylinder'], ['an object in this image is a wooden toy'], ['wood spheres and balls'], ['a toy'], ['this is a set of wooden toys, three wooden balls and a wooden cross'], ['wood, wood objects, wooden toys, wooden balls, wooden cross, wooden model'], ['a model of the periodic table with a set of 3 wooden blocks'], ['a picture of three wooden spheres and a metal cross']]"
data/images/noun/2042-600.jpg,2042,small personal fan without blades,38,67,81,3,"[['the image is a photo of a blue and yellow plastic spray bottle with a white handle'], ['the objects in the image are the objects from the game ""the sims"" 3'], ['the image is of a blue plastic dispenser with an orange cap and a yellow button'], ['a blue and yellow spray can with an orange cap on top of it'], ['blue and yellow spray bottle with white lid'], ['\\nthe toy object in the image is a toy plastic toy airplane. it is in blue with'], ['objects are in the image'], ['q: what objects are in the image? a: this image shows a toy car, a toy'], ['a blue plastic bottle with a yellow handle and a yellow cap'], [''], ['a small blue and yellow plastic bottle with an orange cap'], ['the image contains an orange-colored and blue-colored object. \\n\\n\\n\\'], ['the image shows the inside of a yellow ball cap.'], ['\\nobjects in the image are plastic objects. 3d-printing objects are available on'], ['an image of a plastic air freshener.\\nq: what is the size of the'], ['\\nblue water dispenser\\nyellow rubber dispenser\\nyellow water bottle\\nyellow'], ['\\n\\n \\n\\n \\n\\n \\n\\n \\n\\n'], ['the yellow cap is a q-tip. the blue cap is a toothpick. the toothpick'], ['the objects in the image are a blue and yellow water bottle, a yellow water bottle and a water'], ['the images are shown as objects in the game.'], ['the image is a 3d render of a small bottle of spray'], ['objects are a.c.c. (automated) spray bottles with blue and yellow caps'], ['this is a 3d printed item'], ['the blue spray bottle has a yellow cap'], ['this is a close-up view of the end of a tube of blue and yellow spray foam'], ['the object in the image is a 3d printed object.\\n\\nq: what materials'], ['this is a 3d printed object. \\nq: how do i make objects from the image'], ['the objects in the image are in the toy box, the'], ['the object in the image is a hand pump with a yellow and blue head and handle, a small'], ['an oil dispenser with a blue lid and yellow top'], ['this image contains a water spout, a sponge, and a ball with a rubber handle'], ['a blue, yellow and orange 3d printed object'], ['this is a photo of a spray bottle. \\n\\nq: why is it blue?'], ['it is a bottle, a blue color with an orange top'], ['this image shows the q1 device that is included with the q5. \\nq5 is'], ['the objects in the image are a blue hand-held plastic toy gun, and a yellow plastic toy'], ['the object is a plastic ball and is used for a toy ball pit'], ['an orange and blue rubber ducky, a yellow plastic bottle, and a green bottle with a blue'], ['this is a 3d printed pen in blue and yellow'], ['this image is of the 3d printed object.\\n\\nq: is the image for']]"
data/images/noun/2043.jpg,2043,clacker,66,76,65,6,"[['we can provide various products as your requirements'], [""it's a plastic toy, which is made of polyethylene terephthalate, and consists""], ['these are toy balls'], ['it is a plastic toy with a wooden handle.'], ['all objects shown in this image are for demonstration purposes only. actual product packaging may differ slightly from what'], ['click on image to see more images of the object \\n\\n'], ['\\n\\nobject: a string toy \\n\\nimage: \\n\\nimage'], ['\\nthe product you see is a combination of different materials including plastic balls, wire and plastic handles'], ['the image shows a pink plastic ball and a green plastic ball'], ['this is the image of the product you have purchased. the product you received is the product shown in'], ['\\n \\n \\n\\n\\n\\n\\n\\n\\n\\n'], ['\\n\\nq: what objects are in the image? \\na: \\n\\'], ['plastic toy with rubber ball \\nq: what is the size of the object in the image?'], ['a toy ball and a string. \\nq: how many items are in the image? \\'], ['the image is a product photo of our product. \\n\\nfor more product photo and more'], ['\\nthe picture shows two children playing with a ball, a toy, a toy toy and a'], ['\\n'], ['toys, plastics, plastic products, plastic balls, plastic toy bags, plastic balls, plastic'], ['\\n\\n[q-1] what objects are in the image? \\n\\n'], [""it is the children's toy of 'plastic ball game'.\\nit's been the""], ['\\n \\n \\n \\n \\n \\n \\n \\n \\n \\n'], ['this image is of a small ball and a green and pink plastic stick. \\nhow do'], ['we provide a variety of objects, such as ball, stick, ring, pipe, ball and other'], ['\\n\\n\\nthe toys in the image are a colorful ball with a rubber ball attached'], ['this image shows an image of two small toys. \\nq: how many objects are in the'], ['\\nthe image is a picture of a plastic toy with a plastic ball, a toy car,'], ['\\n1) toy ball, 2) toy ring, 3) toy rope, 4) toy'], ['the image is a set of 3 objects, one in the shape of a ball, the other two'], ['all the objects are in the image. \\n\\nq: what is the size of the'], ['there are three objects in the image: a rubber ball, a string, and a'], ['the image shows a toy ball on a string and the object is pink and yellow'], ['\\nin the image, the two toys are hanging from a string'], ['the picture is the toy for children to play with.'], ['this image is a drawing of a toy, which has been printed on transparent plastic material.\\n'], ['this image shows a toy on a white background. \\n\\nq: why do you need'], ['there are two colorful and plastic toy balls on the right, one yellow and one pink'], ['the picture is a picture of toys. the object in the image is a toy, and the toys'], ['the toy ball is attached to a long chain'], ['the object is a small colorful toy ball, it is in the center of the image and is held'], ['this is a picture of a small toy ball']]"
data/images/noun/2044-600.jpg,2044,diving toy with small weight,6,27,94,6,"[['an orange and blue ball.\\n\\nq: how can we best use the image?'], ['a red, orange, blue, and white ball, and a yellow rubber egg'], ['this image contains 2 objects. \\n\\nobject 1: a green ball with 2 yellow balls'], ['\\nthe object in the image is a large orange and blue ball that has been shaped into a'], ['a toothbrush in an orange and blue colormildred m. daley, 97'], ['a long red tube, a white ball and an orange ball'], [''], ['this is a small, brightly colored object that looks like a small blue ball with a long tail on'], ['a toy car. \\nq: how can you tell if the image is a genuine'], ['a dog toy, dog chew toy, dog toys, toy for dogs, chew toys, toy for'], ['\\n\\n\\n\\n\\n\\n\\n\\n\\n\\n'], ['a toothbrush holder'], ['\\nq: what objects are in the image? \\na: \\nq: what'], ['the image shows the image of a dog toy. \\nq: what are the dimensions of the'], ['this is a product shot of an item. \\n\\nq: what colors are in the'], ['a toy ball and an orange tube\\nq: what is the most important thing about the image'], ['\\nq: what objects are in the image? \\na: \\nq: what'], ['this is a cat toy. \\nq: what objects are in the image? \\na'], ['\\nq: what is the purpose of the image? \\na: \\nq:'], ['a toothbrush and a water bottle'], ['there are three objects in the image: \\nan orange ball, a red ball, and a'], ['a snake-shaped food dispenser'], ['\\na: \\nq: what is the product? \\na: \\nq'], ['\\n1) a tube, a ball, an orange ball, an orange tube, a ball'], ['an orange and blue toothbrush with an orange ball'], ['\\n\\nan orange tootsie pop and a blue ballhow can you tell they'], ['there are two orange balls in the image'], ['a yellow and orange ball and a ball and chain'], ['the image shows a product that can be placed on the top of a wall and also a product that'], ['objects include orange ball, orange teeth, orange ball, orange ball'], ['a plastic toy with an attached plastic toy car that has a blue and orange ball'], ['the image is of an object in the form of a string. \\n\\nq: what'], ['the objects are the object of the game \\nq: what is the name of the game?'], ['a large red plastic ball'], ['\\na: \\na: \\na: \\na: \\na:'], ['the image shows a product that is not in stock.'], ['a toy that resembles a tongue.'], ['we have a toy that looks like a snake, but it’s not a snake. it'], ['an object.'], ['this is a 3-inch-long toy made from recycled plastic. \\nq: can i']]"
data/images/noun/2045-600.jpg,2045,wooden ball toy,25,29,3,55,"[['there are 6 objects in the image. \\n\\n1. wooden spoon \\n\\n'], ['the image shows four wooden objects. \\nthe image shows four wooden objects.'], ['this image is of a wooden spoon handle'], [""the object shown in the image is a wooden paddle for children's toys""], ['a wooden spoon holder with four wooden spoons in each hole'], ['it is an image of a wooden spoon with four holes. the spoon is made from wooden material.'], ['the item in the image is wood furniture\\nq: what color is the item in the image'], ['the objects are in the image. \\n\\n \\n'], ['it is a wooden toothbrush holder.'], ['we have two of them, each of which are made of wood and painted with paint. \\n'], ['a wooden holder with 6 holes'], ['this is a hand made wooden object'], ['this image shows a handle and the part that can be cut off with a circular saw'], ['the object is the wooden broom holder with five holes'], ['\\na: a set of wooden kitchen utensils. \\na: \\na'], ['\\na wooden plate'], ['a wooden spoon'], ['\\n[wooden\\nbottle opener\\nbottle opener\\nbottle opener'], ['\\nobjects in the image are \\n\\n\\n- wine bottle opener \\n'], ['the image shows an oak wine rack. \\nthe wine rack is a wooden rack made by the'], [''], ['a wood handle of an oven rack'], ['a wooden spoon holder'], ['a wooden spoon'], ['the image is of a small wooden toothbrush holder'], [""it's a wooden spoon with four holes in it""], ['an apple slicer'], ['the wooden spoon has five holes. \\nq: can i buy your image? \\na'], ['a wooden wine bottle opener'], ['1) the wood handle is made of bamboo and the wood parts are made of wood'], ['\\na: a wooden spoon with five holes on one end'], ['\\n- wood broom stick \\n- wooden spinner \\n- wooden rack \\n-'], ['\\n\\nwooden spoon holder \\n\\n[8-spoke wood spoon holder'], ['a wooden spoon handle, with five holes in it'], ['\\n\\n\\n\\n\\n\\n\\n\\n\\n\\n'], [""it's a wooden spoon with eight holes, used for food preparation""], ['this product is an image of one of our products. the product is made of real wood and has'], ['the wooden brush holder is a kitchen accessory. \\n\\nq: what is the material?'], ['the wooden rack has 5 holes, a piece of wood is attached to the back of the rack,'], ['']]"
data/images/noun/2046-600.jpg,2046,keychain with bubbles inside,34,67,42,3,"[['the image shows the main components of the light bar'], ['\\n\\nq: what object is in the image? \\na: \\n\\'], ['\\na: \\nq: what objects are in the image? \\na: \\'], ['the image is showing an empty plastic box, with a keychain hanging off it. \\n\\'], ['key chain in a clear plastic box with blue, green, and yellow objects on it'], ['an ice cream container with a drink in it. \\nq: what is the image on the'], ['an acrylic keychain with a circular hole on the top of the plastic box.'], ['\\n\\nq: what is the best way to display an image? \\na:'], ['\\n\\n\\n\\n\\n\\n\\n\\n\\n\\n'], ['the images shown are part of a series of promotional items from our store. \\nq: what'], ['keychain'], ['in the image, you can see the clear case with three glass'], ['the object in the image is a clear, square plastic bottle. \\nq: what is the'], ['a rectangular glass rectangle keychain with a multi-colored circle in the middle. \\nq:'], ['the object is a glass rectangle with a colorful pattern on the inside'], ['a glass bottle, a keyring and an ice cube tray.'], ['a glass rectangular keyring with an image of a rainbow on it.'], [""this product is in the photo.you'll probably have to use some kind of tool that can""], ['\\nthe image of the keychain shows two small rectangular boxes with blue, green and yellow stripes'], [""it is a rectangular rectangular plastic box with two doors.i think that it's funny that people""], ['the item is a clear acrylic keychain with a colorful design. \\n\\nq: how'], ['there are five objects in the image. the three white cubes and the green circle.you could'], ['an item is in the image'], ['\\nkeychain with small plastic balls, plastic bottle cap and some small plastic beads.a'], ['a rectangular shaped glass jar with a black plastic key chain'], [""it's a rectangle keychain with a square cut out""], ['\\n\\nthe object in the image is a keyring with a transparent plastic case and a'], ['the images are the objects from the following video'], ['this image is of a rectangular box of clear glass with four compartments, a white metal keyring'], ['the images show objects in the images. the objects in the image are the object in the image.'], [''], ['the objects in the image are in a container with a key chain attached'], ['a rectangle and a rectangle, and a rectangle, and a rectangle'], ['a glass water bottle keychain with the phrase ""you are what you drink"" printed on it'], ['\\na: \\nq: why are the objects in the image so clear? \\n'], ['a glass square with colored dots on one side, and a keychain with a small square of the'], ['\\nq: what object is in the image? \\na: \\nq: what'], ['keychain'], ['the object is a light switch'], ['glass keychain - color - 6.0 x 6.0 x 0.2']]"
data/images/noun/2047-600.jpg,2047,perfume sprayer,41,32,50,3,"[['objects in the image include: a black and silver tube, a black and silver can, a black'], ['object 1 \\nobject 2 \\nobject 3 \\nobject 4 \\nobject 5 \\n'], ['an electronic cigarette with an e-liquid bottle, with a white background'], ['object image of a water fountain.\\nwhat is your opinion on the new meta of top'], ['the image shows an empty metal cylinder with a black and white striped lid'], ['\\n \\nq: what objects are in the image? \\na: \\n \\'], ['the object in the image is a silver ring that has been placed in a black glass jar'], ['the image shows a metal container with two metal rings and a stainless steel pipe. the object can be'], ['the bottle of liquid perfume is on a white surface with black stripes'], ['the image contains only the following objects:\\n1'], ['this is an image of an air freshener bottle with a black and silver strip on it.'], ['a cigarette lighter, a pen, a silver pen, a black pen, a lighter, and a'], ['a plastic bottle with black and white striped lids on top and bottom'], ['a metal case with black stripes, with a silver cap on the top. \\nq: what'], ['there is a black and silver bottle with a metal lid'], ['black and white plastic with metallic accents.'], ['\\n\\n- a cigarette with black plastic tip and a silver base'], ['the object in the image is the stainless steel metal clip'], ['the objects are in the image.'], ['the image contains a single metal object.if i had a dollar for every time this was posted'], ['a black plastic bottle, with a black plastic cap'], ['1 black & white mirror, 3-4mm diameter, 3mm black & white glass bottle,'], [""an electric smoke lighter is in the image.i'm on my way to the stadium. i""], ['a glass bottle with metal cap in black color and stainless steel in white color \\n\\nq'], ['this is a picture of an object on a white background. \\n\\nq: what is'], ['this image is a photograph of an object, and the information in the image is the name of the'], ['an object is in the image of a small bottle with a metal cap'], ['the image has two objects in it, one is a black and silver glass bottle with a plastic cap'], ['object 1 is a silver-tone and black marble plaque with a rectangular pattern; object 2 is a'], ['the objects in the image are: \\n\\n \\n \\n \\n \\n \\'], ['a water glass with a metal stand.'], ['the image shows a water bottle with a metal lid and black stripe on the outside'], ['a glass flask with a black and silver colored lid'], ['objects in the image: -'], ['the image contains the following objects: \\n- cigar lighter \\n- black glass and black'], ['you can find more images by looking at the following links.'], ['the objects in the image are the'], ['a bottle with an aluminum cap, and two black stripes'], ['\\nan electronic cigarette is a portable electronic device that delivers nicotine and vaporized cannabis to the smoker'], ['this is a black bottle with silver metal cap, which you can buy at https://www.al']]"
data/images/noun/2048-600.jpg,2048,worm ball with hands and stars cut off,13,47,55,6,"[['this image shows the products we sell, such as a large, multi colored bouncer'], ['a pile of brightly colored balls'], ['a ball and a bunch of different balls'], [""it's a group of 3 toys, one of which is a plastic ball""], ['a ball, string, and some plastic balls'], ['this image shows toys that we sell at myfitnesspal dot com \\nq: what is'], ['there are 6 balls and 6 sticks. \\nq: are there any parts missing? \\n'], ['a multi colored, multi colored ball, a ball with a blue ball on top, a ball with'], ['the image is of a stack of balls in various colors'], ['a large toy snake in various colors with multiple balls'], ['a pile of rubber balls in various colors'], ['\\nthere are many objects in the image. \\nthere are toys, balls, and some'], ['the image shows some toys with balls'], ['1. ball set 2. small ball and 2. ball setbjp govt in up'], [""the toy is toys in the image, toy toys in the imagetil that you can't""], ['\\n \\nq: what is the name of the toy company? \\na: \\'], ['a pile of multi colored balls'], ['\\na ball, 2 ropes, 2 toy balls, 2 toy balls, a toy ball,'], ['\\na:\\n\\nq: what are some common mistakes that you can make when'], ['1st, a pile of toys and balls on the ground. the toys are on the floor,'], ['this image shows one of the many colors available in the ball'], ['the image is a set of soft, bouncy balls. \\nq: are these balls new'], ['this image shows the image in a slideshow format. the object is made of a plastic ball, toy'], ['all kinds of objects are shown in the image. the object in the image is the q-snap'], ['a colorful set of 12 small plastic balls'], [""this image is a visual representation of the product's color. it can be displayed in full screen or""], ['\\n\\nthe toys in the image are the plastic balls.'], ['objects in image are the various colored balls that come in different shapes.'], ['these objects are toys.\\nq: how did you get the image to look the way you'], ['there are 12 different colored balls on this image. \\n\\nq: what does this image'], ['these are balls that have been covered in the paint of different colors.'], ['toys \\nq: how long does it take for shipping? \\na: 7-8'], [''], ['\\nq: what objects are in the image? \\na: \\nq: what'], ['an image of toys, with a cluster of colorful balls'], ['\\n\\n\\n\\n\\n\\n\\n\\n\\n\\n'], ['\\n \\n\\nthis image is of the toy balls that are in the toy store'], ['\\n1: plastic ball, \\n2: small ball, \\n3: small ball'], ['a colorful group of balls, and a large cluster of balls'], ['\\nthe objects are in the image are the toys, balls, and the balls are in the']]"
data/images/noun/2049-600.jpg,2049,slide whistle,19,44,39,10,"[['the object shown in the image is a small blue bottle, which is placed in a metal ring and'], ['\\n \\n'], ['a large blue cylinder that has been attached to a metal rod that is attached to a white background \\'], [""the image shows the object 'blue tube', which is part of a product named 'plastic tube""], ['the image shows a metal rod with a metal end cap, a long, thin, blue tube,'], ['an object in the image is a light switch. \\n\\nq: where can i get'], ['\\n\\nblue pencils, pen, pen, pens'], ['a long blue plastic tube with a small handle, and two balls on the end of it'], ['an ice bucket filled with water \\nq: how can i order \\na: we will'], ['\\n\\n\\n\\n\\n\\n\\n\\n\\n\\n'], ['the item shown in the image is an actual product from the product line.'], ['1-5mm round tungsten-tipped wire loop and plastic loop \\nq:'], ['an item on display in a store, such as a product or a toy'], ['there is a blue bottle of liquid in the image. the bottle has a white label on it.'], ['a blue cylinder, with an extended end, and a short cylindrical body. \\nq'], ['the image contains two objects: 1 a blue tube with a blue cap, and 2 a white wire'], ['\\n- the object is a blue pen with silver handles. \\n- the image is of'], ['the image is a screenshot of a program that has a pen in it.'], [""the image is a closeup of a red ball and a blue ball with the word 'ball'""], ['an apple, a screwdriver, and a small, blue ball'], ['in the image we have a pencil and a paper'], ['this is a drawing of the object that will be included in your order \\nq: can i'], ['what objects are in the image? \\nq: what objects are in the image? \\n'], ['the objects are a small screwdriver and a bottle of nail polish remover'], ['this image contains: \\n1 blue ball \\n2 blue ball with white ring \\n3'], ['the image shows a blue pencil, a screwdriver, and an object that is on a stand'], ['1 blue plastic ball with metal hook, 1 black ball with metal hook, 1 black ball with metal'], ['blue pencil sharpener with metal wire. \\nq: what is the size of the object in'], ['\\n\\na: a blue plastic handle \\n\\nq: why does the image'], ['in this image, we can see a blue plastic pencil sharpener and a metal handle. \\n'], ['blue pen, pencil, and ink pen.'], ['you can find a number of objects in the image, such as the pen and the blue tube'], ['the image shows an item in the following group'], ['\\na: a blue bottle opener with a white plastic ring and a blue plastic hook \\n'], ['we have used two objects as an illustration.'], ['the image shows a blue object'], ['the image contains a pencil. \\n \\nq: how long does it take for the image'], ['we are using a real product in the image. you can choose one from our available products or you'], ['an object'], ['a plastic pencil, a white paper, and a black background']]"
data/images/noun/2050-600.jpg,2050,mobile phone stand for a car,31,68,45,0,"[['objects in the image are: \\nblack dash car door bell \\nblack dash car door bell'], ['black cup, black plastic cup with handle.\\nq: how is the image composed? \\'], [""a car's dash mounted cup holder""], ['a vehicle dashboard mount.\\n\\nq: what is the approximate price? \\na'], ['objects in the image are a black car horn'], ['\\n'], ['this is a black plastic object with a white dome cap'], ['an image of an object in the image is shown. \\n\\n\\nthe object is'], ['a plastic round head that looks like it is sitting on a cup, a plastic bowl, and a'], ['an automobile stereo with a black plastic cover'], ['1) a black gps navigation device with a dome mounted on the end 2) a black plastic'], ['an image of an object with a white background'], ['this image shows an object in a vacuum sealer'], ['the black and white circular object is in the bottom center of the image.'], ['q: what objects are in the image? \\na: \\nq: what objects are'], ['this is an image of the product q: what are the colours of the product? \\na'], ['an old black car stereo mount'], ['an electric drill. \\nq: what are the dimensions of the image? \\na:'], ['a black plastic base'], [""the image shows the car's windshield wiper arm in a black plastic holder. the object in the""], ['a car radio'], ['\\na: black plastic ball cap and a metal ball with a screw'], ['a water bottle, water cup, plastic bottle, bottle opener, straw, plastic cup, plastic cup'], ['the image contains a vehicle mounted camera, which is a type of security camera'], ['the image shows a black rubber dome attached to a black car'], ['an old coffee cup.'], ['a car dash mount holder for a suction cup base'], ['objects in the image are the qv - quickshot vibrating head.'], [""a small black dome with the word 'q-tech' on it. \\n\\nq""], ['a black ball and a black ball'], ['a black plastic car antenna mount'], ['there are a few things in the image. there are a few items in the image.'], ['this is a small camera holder for an android phone.'], ['objects in the image are: black plastic round ball, metal bar and black plastic circular plate'], ['the image is of a car dashboard vent cover'], [""a vehicle's headlamp mounted on a plastic dashboard mount""], ['\\n\\n\\n\\n\\n\\n\\n\\n\\n\\n'], ['an object, or a collection of objects, is seen in a black background'], ['a car mount on a black plastic table with an electronic ballpoint pen and a water bottle'], ['this image shows the object you have selected. click it to enlarge it.']]"
data/images/noun/2051-600.jpg,2051,finger castanet,53,60,47,9,"[['the green toilet seat is a toilet seat with an opening to cover the seat. the toilet seat is'], ['in the image, the green bird toilet seat is placed on the top of a metal stand. the'], [""the image of this object is a bird's eye view of an ikea toilet seat. the""], ['a pink and green oval shaped wooden toilet seat\\nq: where is the image from? \\'], ['the wooden chair is green. the wooden chair and the toilet paper holder are yellow. the toilet paper'], ['\\n\\nthis is a picture of a toilet seat with a green seat, which is'], ['a toilet paper dispenser'], ['objects in the image are toys and games'], ['the image shows a green toilet seat'], ['the round toilet seat is in green. \\n\\nq: what objects are in the image'], ['a green potty with a lid on top and a butterfly patterned design. \\nq:'], ['the image contains a toilet seat, a soap dispenser and a toy'], ['objects are in the image. \\nq: what are the dimensions of the object? \\n'], ['objects in the image are the green and pink wooden toilet seat and lid'], ['we can customize any object that you want, please leave us a message'], ['the picture shows the green toilet seat, a toilet lid, and a bowl.\\n\\n'], [""an object is in the image.it's still going to be hard to sell.  a""], ['a potty seat is shown with two wooden parts and two pink parts'], ['objects include a green water bottle, a green pot and a pot holder'], [""it's a green toilet seat.\\n\\n\\n\\n\\n\\n\\""], ['the round toilet lid.slightly unrelated, but how do you make your text like that?'], ['a wooden toilet bowl, a wooden toilet seat and a wooden lid for the toilet bowl are in the'], [""the image is a child's toilet seat and lid""], ['the image is a green wooden bowl that has a flower on it. \\nq: what is'], ['the round wooden toilet seat.'], ['the image shows a green toilet seat'], ['\\nan object is in the image, but is not actually shown in the image. the image'], ['\\na: the object shown in the image is in the shape of a toilet seat and has'], ['an adorable toy in a plastic case, the small wooden wooden toilet seat, the cute plastic lid,'], ['\\n\\n \\na: the small wooden toy train is in green, and the wooden'], [""a baby's toilet seat in a bright green color and a round""], ['the image shows the following objects: \\n1 toilet bowl lid \\n2 toilet bowl lid with'], ['a wooden and plastic potty seat with butterfly decoration on its sidethe invention relates to a semic'], ['the green plastic seat in the photo is part of a larger'], ['a green toilet seat with pink flowers on it.'], ['a green toy toilet seat. \\nq: why are you interested in this image? \\n'], ['an object is shown in the image. \\nq: what is the image for? \\n'], ['the green toilet seat with the pink butterflies and flower design'], ['the round toy toilet in green.'], ['the small plastic seat, with the lid and top']]"
data/images/noun/2052-600.jpg,2052,noisemaker,41,53,63,7,"[['\\n \\nthe object is a green plastic flower holder with pink flowers attached to it'], ['\\nq: what objects are in the image? \\na: \\n\\nq'], ['\\n\\nq: what is the shape of the object in the image? \\na'], ['the items in the image are : \\n\\n- the tool is a flower plucker tool'], ['this is a set of pink and green tools for making a flower stand.'], ['this image shows an electric tea cup holder with two spoons and a tea pot. \\n\\'], ['flower, flowerpot, flowerpot holder, flowerpot'], ['the image shows a green and red toy toy spade, which is a gardening tool with a handle'], ['green and red hand tool for flower growing. \\nq: how much will the product cost?'], ['\\na: \\na: \\na: \\na: \\na:'], ['an umbrella, flower and plant stand> it has to be a serious injury  the fuck?'], ['flower cutter. \\n \\nq: how many flowers are in the image? \\na'], ['you can select a product from our store and get it delivered within a few hours. \\nq'], ['a plastic flower with green and red stems'], ['the green plastic flower'], ['there are 5 objects in the image. you can click on each one to see a full description of'], ['a red rose, a green rose, a green rose flower, a green rose flower petal'], ['this is an image of an orange flower on a plastic flower-shaped tool with a green handle and'], ['an empty wine bottle and a straw \\nq: what is the image? \\na:'], ['\\nq: what object is in the image? \\na: \\nq: what'], ['this is a tool for the cleaning of the inside of the ear'], ['\\na: \\na: \\na: \\na: \\na:'], ['\\na: \\na: \\na: \\na: \\na:'], ['we offer a variety of flower holder and flower pot, we provide them for sale, wholesale and free'], ['it is a flower shaped metal flower shaped tool, a green plastic flower and a plastic flower in a'], ['flower picker for flower-picking'], ['the flower, red handle, and green handle are all in the image'], ['a flower cup, and a straw with a red flower on top'], ['this image shows a colorful flower shaped ice scoop that has been placed in the freezer. \\n\\'], ['a flower-shaped metal object with a wooden handleyou should ask a recruiter, not reddit'], ['the objects are in the image of the product.'], ['this is a green plastic gardening tool'], ['this image shows a plastic flower-shaped tool used to shape ice cream. \\nq: why'], ['the image shows a plastic flower petal tool that fits around the handle of a pair of gardening gloves'], ['a large, pink flower and a green handle.'], ['a flower pot and a spade'], ['objects in the image are a tool for cleaning up, a tool for removing hair and a tool for'], ['a plastic flower holder with a plastic handle, a green and red flower pot, a red flower pot'], ['the object in the image is a flower-shaped gardening tool'], ['this is a set of five plastic spoons']]"
data/images/noun/2053-600.jpg,2053,hand castanet,44,79,45,6,"[['\\na metal frame with a red hook \\n'], ['a brush holder.'], ['\\nthe red and black pair of scissors on the white background\\n'], ['a large piece of rope tied to the back of a chair.'], ['the image shows a pair of red scissors on the side of a white background'], ['an ironing board'], ['an antique metal pipe and two metal hook stands. \\nq: how much is shipping? \\'], ['the image contains a small red wooden hook attached to the white wall.'], ['a red brush holder on a white wall'], ['a red and black pipe with a single hook'], ['the objects in the image are in the background of a roomthat is a big ass dog.'], ['in the image, we can see a red stick with a black handle'], ['a barber pole and scissors. \\nq: can you give a link to buy it?'], ['the red object is a pair of scissors'], ['a red and black hand broomthe first two seasons were really, really good. it went downhill'], ['there is a red plastic hand dryer in the image. \\nq: what is the size'], [''], ['red and black handle with a handle that is red with a black handle'], ['red rubber-tipped scissors'], ['\\n \\n \\n \\n \\n \\n \\n \\n \\n \\n'], [''], ['1- red plastic coat hanger \\n2- two black scissors \\n3- a wooden'], ['\\nred clap-on hair clips'], ['in the image, the image is of a red, metal stick with two black, rectangular handles attached'], ['a metal pole with a red handle'], ['the black object is a shoe brush and the red object is a bottle brush.'], ['the image shows a black & red barbell and a red handle. \\n\\nq:'], ['the image contains an object'], ['the red handrail is hanging in a red doorway.'], [""red hair brush with white handle and black rubber gripi'm interested in your mienshao.""], ['the image shows a metal pole that has two hooks. \\n\\nq: how can i'], ['the object in the image is a red & black pair of tongs'], ['this image shows a wooden post with a pair of black plastic scissors attached to it'], ['the image is a pair of clippers'], ['this image is a single object.'], ['1) a long red object, 2) a black object with a handle, 3) two black'], ['this image contains a black and red plastic bottle opener with a red handle'], ['a red umbrella.'], ['the image shows two objects that are red.'], ['a metal hook in red with black handle, on a white background']]"
data/images/noun/2054-600.jpg,2054,floating ball game,3,25,38,48,"[['the product in the image is the wooden wooden rod and wooden handle'], ['a: a: a: a: a: a: a: a: a: a:'], ['\\n\\nwooden pole, wooden handle \\n\\n\\nq: what objects'], ['this is a wooden baseball bat, used for home use in baseball, softball, baseball, etc'], ['a wooden bar, a red plastic stand, a red and white striped towel and a black t-'], ['a wooden stick'], ['this is an image of an object in our gallery. we do not sell or distribute this object.'], [''], ['the product is an accessory for the pneumatic drill'], ['a wooden baseball bat, baseball cap, a red baseball cap and a ball.'], ['the image of the wooden baseball bat is available to purchase at \\n'], ['a red and wood object on a white background'], ['the image contains a metal bar with a wooden handle'], ['a wooden and metal barre and stick are in the image.'], ['red wood toy, the toy is not in the picture'], ['a wooden stick'], ['wood handle with red handle\\nq: how much is the product? \\na: the'], ['there are many objects in this image. the objects shown in this image are for illustration purposes only.'], ['\\na: a red and black plastic rod on top of a wooden handle, next to a'], ['the object is a wooden pole with a red holder. the holder is attached to the pole by a'], ['a red, wooden paddle and a wooden rod'], ['it is a wooden toothbrush and red soap dispenser with red holdernigerian newspapers'], ['the picture shows a wooden bat, a wooden broomstick, a wooden mallet and a wooden hammer'], ['what objects are in the image? \\nq: what object is in the image? \\n'], ['1) the pen is an object. 2) the pen and the stand are in the image.'], ['a red plastic tube with a red rubber handle'], ['a wooden pipe holder and pipe holder'], ['wooden barrel, wooden barrel with red handle, wooden barrel with wooden handle and red handle, wooden barrel'], ['an object'], ['\\nthe items shown are for illustration purposes only and may not represent all available colors, materials,'], ['wood hammer, red hammer, wooden hammer, wooden stick, wooden stick, wooden stick, wooden stick'], ['\\n[object type=""instrument""] [type=""object"" type=""instrument"" type'], ['the red object is a large wood block with two wood handles.'], ['the red holder for the hammer is a wooden holder with a red rubber handle, and the red handle'], ['\\nobjects in the image are \\n\\n - a wooden pipe - a red handle'], ['the image shows a toy that is in red with a wooden stick on it'], ['the image shows a toy train, a toy car, a toy train and a toy car'], ['the red wooden and red metal rod'], ['a wooden stick with a red plastic stand'], ['objects in the image are an ashtray, a metal can opener, a bottle opener and a']]"
data/images/noun/2055-600.jpg,2055,aroma therapy oil burner,13,33,53,13,"[['the green ceramic vase\\, with holes in it, is from the furniture line by the brand'], ['lime'], ['an orange vase with holes.'], ['there are three green objects in the image. \\n\\n\\nq: how do i'], ['this is a yellow ceramic vase with holes'], ['this product is a plastic stool in green'], [''], ['there are many types of items in the image. it includes a ceramic vase, green, small'], ['there are two green glass bowls, two green ceramic bowls, a green vase with holes in it'], ['the image shows an orange green plastic vase with holes. \\n\\n\\nq:'], ['vase by s-design'], [''], ['the green wall light and yellow stool are both in the image. \\nq: how many views'], ['this item is for sale\\n \\nq: what is the color of the item? \\'], ['the vase is made of ceramic\\, the pattern is yellow, and the color is green\\'], ['the image shows a colorful ceramic garden stool that has holes cut into it'], ['a green vase with holes cut out of the base'], ['1 - 3"" ceramic vase - light green'], ['it is a ceramic piece made in china with holes.\\nq: what is the name of'], ['there are some items in the image that are not included in the package. \\nq: how'], ['a vase in a lime green color'], ['this image is of a vase with a hollow center'], [''], ['the image shows a green ceramic vase with holes in the side, which is a modern and stylish'], ['the green vase is made of a ceramic material and has holes in it. the holes are open'], ['objects are green plastic vases that i made to decorate the house.\\nq: what'], ['green ceramic side table \\nq: what color is the object in the image? \\na'], ['the objects are the yellow vase with holes in the side, and the side of the yellow v'], ['there are 2 green ceramic vases and 2 ceramic flower pots.\\nq: what is the'], [''], ['ceramic vase, yellow'], ['the image shows a green vase'], ['an interesting glass vase with a colorful shape'], ['the image shows a small vase of lime green ceramic. the vase has holes and slits'], ['an object is in the image.'], ['this image shows an object that is made of a single piece of ceramic, and does not have any'], ['an image of an egg shaped vase made of plastic'], ['the green ceramic garden vase is a small piece of art\\, made by our ceramics'], [""a yellow ceramic vasei can't even see what it looks like.  maybe that's""], ['it is a ceramic vase.\\nq: why is it a ceramic vase? \\']]"
data/images/noun/2056-600.jpg,2056,dog toy,19,59,61,13,"[['objects in the image are: \\n- 1- 1/4"" foam animal \\n-'], ['an airplane with a rainbow flag on it'], ['this is a plastic dog toy airplane made with colors and stripes.\\n\\nq: how'], ['\\n\\n\\n\\n\\n\\n\\n\\n\\n\\n'], ['a toy airplane in rainbow color'], ['this image is of a rainbow coloured toy airplane. \\nq: what are the dimensions of the'], ['the images on this page are for demonstration only. if you are interested in ordering one of the objects'], ['an airplane shaped toy. \\n\\nq: can you explain the meaning of the image?'], ['the images in this website may include objects or items that are not produced by us or that we do'], ['an aircraft'], ['the image is of a toy plane in the shape of a rainbow'], ['the object shown in the image is a toy plane, a dog bone, a ball, a bone'], ['an airplane toy is made of foam.'], ['we use a photo from our website.\\n \\nthe objects shown are not included in the'], [""this image shows the product 'rabbit toy for dog' from the product category 'dog toys'""], ['a colorful, wooden, airplane.'], ['1\\,2\\,3\\,4\\,5\\,6\\,7\\'], ['the image contains an airplane with a rainbow colored tail and wings. \\n\\n\\n\\'], ['\\na toy airplane with an airplane model.\\n\\nq: how do i find'], ['\\nthis image shows a toy airplane made of plastic material, the toy has a colorful'], ['the toy plane is made of plastic. \\nq: can the product be customized? \\n'], ['the objects in the image are the ""poster-style"" image of the toy plane. \\'], ['\\nthis is a toy airplane.\\n\\nq: what does the product look like'], ['the image shows a toy airplane made from colored duct tape.'], ['the images are of toys for children. \\n\\n\\n\\n\\n\\n'], ['an airplane. \\n\\nq: what are the colors? \\na: it is'], ['objects in the image are the toy airplane and a rainbow flag'], ['there is an airplane with rainbow colors and it is a toy'], [""the object in the image is the 'rainbow-striped airplane' toy, available on amazon""], [""this image contains a product called 'mellow dummy' by the manufacturer 'qube'""], ['the object is a rainbow shaped dog bone'], ['1 \\n2 \\n3 \\n4 \\n5 \\n6 \\n7 \\'], ['a wooden plane with a rainbow stripe painted on the side of it'], ['the image contains a wooden airplane shaped like a flying saucer with blue and yellow stripes'], ['an airplane that has been carved into a rainbow'], ['\\ncandy floss \\ncolor: multi-colored \\nsize: \\n'], ['this image shows a dog toy in various shapes. \\nq: what is this image about?'], ['this image shows the different colors of the toy dog'], ['this is a picture of a colorful toy plane'], ['we are happy to provide the product image for your reference, but it is not included in the price']]"
data/images/noun/2057-600.jpg,2057,spout for watering can,34,32,35,3,"[['a red fan'], ['in this image you can see a red bowl with a red spoon'], ['the red and white fan is on the white background'], ['an open hand, the tip of a red object, a small red object, and a small object'], ['the object is the red baseball bat'], ['1 red hand fan. \\n\\nq: what do you think of this image? \\'], ['a red umbrella on top of a white table\\n\\n\\n\\n\\n\\'], ['objects are in the image.'], ['\\na: \\na: \\na: \\na: \\na:'], ['a red tennis racket on top of a white background.'], ['the image shows the fan.'], ['an image of a red plastic bird fan on a white background'], ['an open heart'], ['the objects are in the image. \\nq: where are they located? \\na:'], ['a red fan, the shape of which is a curved, truncated, rounded object with a black'], ['an air dryer and a towel'], ['an object is in the image'], ['there are two red objects in the image'], ['the objects are in the image. \\n\\ndescription: a red and black hair dryer'], ['1) red dog bowl 2) red tennis ball 3) red ball'], ['you can find an answer to the question ""what objects are in the image?""'], ['the objects in the image are red foam fan'], ['an empty bottle'], ['objects in the image are an aluminum fan and a red umbrella'], ['a fan for cooking with red material and black handle'], ['the product is a red plastic bottle brush that fits on the bottle. \\nthe brush is a'], ['1/3 cup of sand, red'], ['1-3 of 1 of 1 of 1 of 1 of 1 of 1 of 1 of 1 of'], ['a red plastic fan shaped object'], ['the object is a red fan. \\n\\n\\n\\n\\n\\n\\'], ['\\n \\n \\n\\n \\n \\n \\n \\n\\n\\n'], ['in the image there is an airbrush hose, and a red and black fani think you'], ['the item is a red fan.'], ['the object shown is the q - shape fan, with two small fan blades and a red plastic handle'], ['q: what objects are in the image? \\na: q: what objects are in the'], ['the object is a fan.'], ['a red umbrella, and a white background. \\nq: what is the picture for? \\'], ['the item is in a package with a box, a bag, and a label. the item is'], ['red flower in front of red background'], ['objects in the image are red and black']]"
data/images/noun/2058-600.jpg,2058,hole for children golf game,22,33,58,3,"[['there are two objects in the image: a plastic toilet seat and a plastic bowlis this in'], ['a plastic animal toy'], ['the pink plastic toilet lid that is not on the table'], ['a toilet seat in pink with pink cover'], ['this is a small pink round plastic container. \\n\\n\\n\\n\\n\\'], ['we are showing you an object.'], ['a plastic toilet seat that is pink in color, with one hole for the seat and a large hole'], ['an oval-shaped toilet bowl cover, in pink color'], ['this is a pink plastic toilet seat with an opening on the side'], ['it is a pink toilet seat cover. \\nq: what is the material? \\na'], ['this image shows the following objects: \\n\\n\\n\\n\\n\\na'], ['a pink plastic toilet seat cover. \\nq: how do you use your image? \\n'], ['a white toilet seat cover, pink plastic'], ['a dog potty seat, a pink one.'], ['the images shown on the image are for reference only. the item can be customized according to your requirement'], [''], ['the object is a pink plastic toilet seat cover'], ['a plastic toilet bowl'], ['a pink plastic round toilet lid, for a toilet bowl seat'], ['a pink plastic cup with a hole cut out'], ['an object is shown in the image'], ['an object is shown in the image. \\n'], ['you can see a pink plastic waste container and a white plastic waste bin'], ['a toilet bowl cover, with the plastic ring inside a hole for the seatis that a ch'], ['a pink plastic toilet bowl, a plastic toilet seat and a plastic seat cover'], ['the image shows a pink rubber ring, which is made from high-quality, flexible silicone.\\'], ['it is a circular, pink plastic cover for the toilet seat.'], ['a pink object on a white background'], ['pink toilet seat'], ['a pink plastic toilet seat cover'], ['a pink plastic dog toy'], [""an item that is not a part of the imagethat's really awesome of you!  is""], ['a pink toilet bowl with a circular hole'], ['\\na: \\n\\nq: what is the price? \\na: \\'], ['the object is a rose flower pot with a round bowl lid.'], ['what objects are in the image? \\n\\n\\n'], ['objects are a mix of people, animals, and other items that are shown. objects can appear in'], ['an oval plastic object. \\nq: how do you use objects? \\na: you'], ['the image shows the pink toilet bowl lid with the holes'], ['an oval plastic toilet seat cover in pink']]"
data/images/noun/2059-600.jpg,2059,maraca pen,75,92,28,0,"[['an egg, a spoon and a toycarmen electra flaunts her hourglass figure'], ['the image contains the following objects: \\n \\n1 purple spoons, 2\\n \\'], ['\\na: purple spoon with an egg shaped handle and egg shaped body'], ['\\nan item in an image\\n\\n\\n\\n\\n\\n\\'], ['this image contains a small object that may be an item from our store, but it might not be'], ['this image contains several objects. you can see in the image a purple and black plastic egg, a'], ['a toy spoon is in the image'], ['1 purple spoon, 2 purple spoons, 3 purple spoons, 4 purple spoons'], ['the object is a purple spork'], ['a pink bowl with purple lid, a pink and purple spoon and a pink and purple spoon on the'], ['the purple spoons, the red lube, the purple cock ring, the pink butt plug,'], ['this image contains an object that could be either a sex toy or a sex toy accessory.'], ['the image shows the following items: a purple spoon, a purple ball, and a purple spork'], ['the image shows the object'], ['the image shows a purple egg with a handle'], ['the object in the image is a purple plastic egg with a purple handle and a white plastic lid'], [""the image contains an object named 'bristle brush'""], ['this image is a image of a purple egg with a black handle'], ['the image shows the following objects: \\n\\- - - - - - - - - - -'], ['a purple spoon, a spoon and a spoon'], ['we ship all items in their original packaging with tracking \\nq: how long will it take to'], ['an inflatable purple sex toy with a long handle'], ['a sex toy, a sex doll, a dildo, a vibrator, a butt plug,'], [''], ['\\npurple egg with purple handle and purple tip\\npurple egg with purple handle and'], ['an egg with a long spoon. \\n \\nq: what are some of the objects?'], ['\\npurple spoon\\npurple vibrator\\npurple silicone\\npurple'], ['purple plastic spork'], ['the object is a purple spork with an ivory handle'], ['the image shows an item for sale and may be a decorative object, a toy or a baby toy'], ['it is a toy spoon with purple and pink'], ['an electric shaver, purple egg shape'], ['an image of a purple plastic spork with a handle and a purple head'], ['an egg with a large handle'], ['an inflatable butt plug with purple tip'], ['a purple and black egg shaped device.'], ['q: what objects are in the image? a: \\n\\na: the object is'], ['\\na: \\na: \\na: \\na: \\na:'], ['the image shows the object \\nq: what is the best choice for \\na: it'], ['purple spoon, purple toothbrush, purple cup, and purple soap']]"
data/images/noun/2060-600.jpg,2060,dog toy with removed rope,38,32,55,29,"[['a red and blue ice cube with 5 blue spheresthe latest: trump tells governors to reopen'], ['an assortment of glass beads with different colors on a white background'], ['red plastic bottle, jelly beans, red jelly beans, 2 jelly beans and a jelly bean'], ['we offer a wide variety of products, which is why you can find so many different kinds of products'], ['the image is of the product itself. \\ni had to go to the er yesterday,'], ['you can get all objects in this image as a set'], ['\\nthe object in the image is a 3d printed pet toy made of plastic, a ball'], ['red ball'], ['the object is an assortment of plastic toys in a large red bottle, a red rubber ball, a'], ['a red plastic object with five petals, one of which is sticking out the side.\\n'], ['\\nred ball toy with six balls \\n\\n\\n\\n\\n\\n'], ['this is a photo of a bottle of soda with the word soda written on it'], ['red and black flower with a large number of small balls'], ['the image is of a red ball made of two tubes. \\nq: where are you located'], ['this image is of a set of six or more plastic toys. \\nq: what color is'], ['red rubber toy ball.'], ['the image shows red balls made of jell-o'], ['red plastic ball and a bottle'], ['\\nobjects in the image are the object in the image and the objects around it are the'], ['the image shows a dog toy'], ['you can click on the image to enlarge it. \\nq: what are the dimensions of the'], ['red glass ball with plastic balls and a metal frame.'], ['an image of a red rubber toy'], ['the image shows the object in the image, which is made of plastic'], ['there are 3 objects in the image. the first object is a red jelly toy. the second object'], ['1'], ['the object is a cube of red jelly with six plastic beads'], ['the red jelly balls are in the image.'], ['the object is a glass toy made of 3d printed plastic with an outer sphere and 2 inner spheres'], ['an image of a rubber toy dog toy with three balls attached. \\n\\n\\n \\'], ['a large number of objects are shown on the image, including the image\\nof the bottle cap'], ['the object in the image is the toy for the animal toy.\\n\\nq: why'], ['\\n\\nthere is a red cube shaped object in the image. \\n\\n\\'], ['in the image there are five red balls sitting on top of each other'], ['1x 1x 2x 2x 3x 3x 4x 4x 5x 5x'], ['\\nthis product image shows one object. you can order multiples of this item for less than'], ['the image contains a bottle of jello with jelly beads and a red ball.'], [""\\nthe image shows a red jellybean filled with jelly, and the word 'jellybean""], ['a red rubber ball \\nq: what do the objects represent? \\na: a red'], ['a red jelly bean shape toy, a red jelly bean, jelly balls, jelly beads, a red']]"
data/images/noun/2061-600.jpg,2061,dog toy,53,53,59,13,"[['we are a pet shop that has sold many items to pets of all kinds. \\none of'], ['the image contains a toy dog toy with the name tag. the item is a plastic toy with a'], ['a donut shaped dog toy. \\nq: how long does it take to receive your products'], ['this is a photo of an object. the object in the photo is a doughnut. \\n'], ['\\n1) a green, multi-colored donut shaped toy'], [""it's a toy dog biscuit doughnut""], ['\\n1) a donut shaped toy 2) a toy with many dots 3) a toy'], ['the image is of an object in the form of a donut'], ['the objects are in the image.'], ['an object in the image is a plastic toy with green, yellow, red, blue and pink dots'], ['there are several objects in the image. one of the objects is a green rubber donut.'], ['the image shows the small toy toy donut with the colored dots on it'], ['we are using the image of a dog toy that is made of rubber. \\n\\nq'], ['\\na: \\nq: what is the name of the product in the image? \\'], ['it is a plastic toy'], ['an image of a green and blue rubber donut with colorful spots'], ['a small green ball toy with a small round dot on top of it.'], ['a donut in green color, with colorful dots on top'], ['it is a dog toy made of rubber with colored beads.'], ['a dog toy, dog toy, dog toy, a dog toy, a toy'], ['green rubber ball with colorful dots, toy for dog'], ['the object is a dog toy with many colored sprinkles'], ['a dog toy'], ['\\na: a doggy nylabone, doggy nylabone, dog'], ['\\nq: what objects are in the image? \\na: \\nq: what'], ['the image is of the toy dog treat donut with the toy toy in it. \\nq'], ['a rubber dog toy with colored dots'], ['the green rubber ball is a toy, it is made with the colors of the flag of the us'], [""green donut shaped pet toyit's almost as if people have opinions, and can make decisions""], ['an item in this image.i\'d say that\'s an improvement over the usual ""look at'], ['the image contains a green dog toy with multi colored balls and a colorful dot on it.'], ['the image shows the green, multi colored and multi patterned donut shaped dog toy'], ['\\n1- rubber donut 2 - colorful spots 3 - green and blue'], ['the image contains the following objects:\\n-donut'], ['the toy is a green, green rubber donut with multi colored dots on the outside'], ['\\nq: what objects are in the image? \\na: \\nq: what'], ['the image is of a donut toy with green and multicolored spots. \\nq:'], ['this is a photo of a donut toy with multicolored dots on the outside and green and'], ['the image is of a rubber toy with multicolored dots on the outside'], ['\\n\\ndonut is made of silicone and is a great toy for any dog!\\']]"
data/images/noun/2062-600.jpg,2062,dog toy,44,56,29,42,"[['\\nthis is a photo of a dog bone shaped ring'], ['an orange rubber dog toy'], [""orange \\nq: what's the image used for? \\na: \\nq:""], ['this image is of an object. \\nthe object is a rubber ring. \\nthis object'], ['an orange rubber ring'], ['the image shows a plastic toy ring with several small spikes'], ['an orange rubber ring with spikes.'], ['an orange rubber toy dog toy with spikes,'], ['this is a large orange plastic toy that is made to look like spikes'], ['dog toy, orange rubber ball'], ['\\n\\nobjects in the image are \\n\\nthe product: \\n\\'], ['dog toys'], ['the image is a bracelet of small toys'], ['the image shows a small orange ball shaped item with spikes and spikes on the ends'], ['the object shown in the image is an orange spiky dog toy'], ['there are several objects in the image, but you can view more images on our site.'], ['orange dog toy'], ['a colorful rubber dog toy.'], ['the image shows the object being worn'], [''], ['\\nan orange rubber snake ring is pictured. \\n\\nq: what is this image'], ['a rubber ball'], ['this is a photo of an object.saw this post yesterday. was it deleted because of'], ['an orange rubber dog toy with spikes on it'], ['\\n\\n\\n\\n\\n\\n\\n\\n\\n\\n'], ['we are happy to provide you with a full-color, high quality photograph of the product you purchased'], ['\\na: a: a: a: a: a: a: a: a:'], ['orange dog dog toys\\n\\n\\nq: what objects are in the image? \\'], ['orange'], ['an orange toy toy that is on a white background'], ['an orange dog toy. \\n \\n \\n \\n \\n \\n \\n \\'], ['\\nan orange plastic ring'], ['this image has an image of an object with a white background'], ['\\n\\na: \\n\\n\\n\\n\\n\\n\\n'], ['the image is of a orange plastic toy ball'], [""this product is an illustration.you're not wrong, but it's a little bit over the""], ['a orange circular rubber dog toy'], ['\\nthe object is an orange ring with spikes'], ['a rubber ball with small spikes'], ['\\na: \\nq: why are the images in this post darkening? \\n']]"
data/images/noun/2063-600.jpg,2063,magic loops,25,38,13,19,"[['a solar system'], ['an octopus shaped sculpture made from various beads'], ['\\n\\n\\n\\n\\n\\n\\n\\n\\n\\n'], ['this is an object made of different coloured balls.'], ['the image shows a metallic wire basket with colored beads hanging from it'], ['\\n\\na metal sphere. \\n\\n\\n\\n\\n\\n'], ['\\nthe objects in the image are the wire balls and the rings on the top'], ['a ring, a wire, a ball, a metal rod, a rope'], ['the image is a wire sculpture of the shape of a sun, with the planets'], ['the image is of a metal sphere with colored stones hanging from it'], ['the image shows the planet in the shape of a sphere. \\nq: how many objects are'], ['\\u0026quot \\u0026quot the planet'], ['\\nq: what objects are in the image?'], ['the solar system is made of various colorful beads. \\n\\n\\n\\n\\n'], ['the image shows a toy globe with several colored circles and beads'], ['a circular shaped object with colored wires and a clear top.'], ['the image of a multi colored globe on a white background'], ['in the image, there is a small object in the center of the frame'], ['the object in the image is a small wire mesh ball sculpture.\\nq: can you give'], ['space'], [''], ['an empty black sphere, colored rings, and a colorful star'], [''], ['\\n\\n\\na: \\n\\n\\n\\n\\n\\n'], ['a colorful globe in an open-plan living room'], ['the metal frame is composed of a ring with a sphere on it.\\nq: how do'], ['a model of a galaxy'], ['the object is a metal sphere with a round opening and several small, plastic beads hanging out of the'], ['the object in the image is the solar system. \\nq: how do you get to the'], ['\\n\\n \\n\\n \\n\\n \\n\\n \\n\\n'], ['\\na multicolor ball'], ['a planet with multiple spheres in it'], ['the image shows a ring made of wire'], [""this is an image of the children's space sculpture made by children at the children's art studio,""], ['space station\\n\\nthe space station was designed and manufactured by the firm of s/s'], ['a large metal ball made with different colored balls'], ['the image is of a metal sculpture. \\nq: what do you see in the image?'], ['a metal sphere with a wire frame \\n'], ['the image is made up of an outer ring with a small sphere inside of it. \\nthe'], ['\\n \\n \\n\\n \\n\\n\\n\\n\\n\\n']]"
data/images/noun/2064-600.jpg,2064,massager,28,33,45,3,"[['an alien foot stool is shown. \\n\\n\\nhow the fuck do you have'], ['objects in the image are in fact, an electric foot massager, a foot massager, and'], ['the image shows a foot massager in the shape of a green and gray creature. the object is'], ['this image is made from a series of objects and is not a single object'], ['green foot massager, q1, q2, q3'], ['the image is the small electronic foot massager, green, with two small white objects.'], ['the object is a green pedicure stool.'], ['the object in the image is a massager'], ['the image shows the legs of a foot massager. \\n\\nthe object can be seen'], ['the image shows an image of a green and white object that is sitting on the ground.'], ['this image shows the object, the product, the material and the size of the object'], ['an image of an item is an object.'], ['this image is of the foot massager.\\nq: why did you show this? \\'], ['the image shows a green and gray massage table.\\n\\nq: how much does it'], ['the objects in the image are a set of 3 small, green massagers. they are on a'], ['it is a green robot foot massager with a metal base and legs'], ['an item of furniture or other equipment.\\n\\nq: what are the dimensions of the'], ['a small device with a foot massager'], ['this image shows the electric shaver and foot massager with the green base'], ['q: what objects are in the image? \\na: answer: the image shows a foot'], [""a massage chair with wheelsi think i have seen this one before.  i think it's""], ['the image contains an image of a foot massager, an image of a foot massager on a'], ['this is an image of the object in the product description. it is not a photograph of the object'], ['a green and white, metal foot stool'], ['a large green vibrator on a green stand with wheels on the legs'], ['you can see the green toy on top of the foot massager'], ['a small green and gray foot massager'], ['a green and silver object, and a white wall with a white object behind it'], ['an ez-go pedal massager with adjustable speeds in green.'], ['this image shows a sci-fi-inspired foot massager. \\n\\nq: how'], ['a foot massager.\\n\\nq: what does this product do? \\na'], ['the image shows a green vibrating massager, as shown in the images on the left'], ['a leg stool that is a green and grey color, it has a little white round object on the'], ['\\n\\ngreen foot massager \\n\\nq: what is the best model of'], ['an image of a green foot stool with an alien shape in the middle'], ['we offer the most innovative and high quality product in the market'], ['\\na.1 an object that is in the image is the small robot foot stool. \\'], ['the image contains a massager, a hair dryer and a green plastic object'], [""objects in the image are:i love this idea. and you've given me some more inspiration""], [""it's a device that allows you to make your legs and body look sexy. it's an electric""]]"
