image,number label,actual name,familiarity score,nameability score,color saliency,texture saliency,blip2_output
data/images/noun/2001-600.jpg,2001,bee have trap,19,50,66,14,"[['the image shows the item is orange'], ['i see a yellow plastic shell for a dog toy\\nq: why do you think this is'], ['an orange egg-shaped product with holes for both ends. \\nq: what is the name'], [""a yellow plastic shelli've had a few experiences like this but i've never actually been to""], ['a orange silicone mouse, one mouse. \\nq: what do you see in the image?'], ['in the image, we can see a clear plastic object'], ['the image is a 3d model of a 3d printed object.'], ['what do you see in the image? \\na: what do you see in the image?'], ['image not clear\\n\\n\\n\\n\\n\\n\\n\\n\\'], ['an orange ball. \\nq: what do you see in the image? \\na:'], ['an orange and yellow round dog toy'], ['a plastic bag'], ['an orange dog toy. \\n\\nq: what color do you see? \\na'], ['i see two people sitting on a table. \\nq: how did you find the image?'], ['orange'], ['an orange ball'], ['the image is of the product'], ['the image shows a dog in a small plastic container'], ['an orange bulb with holes on it'], ['we can provide a good quality of this product and can help you get the best price'], ['it is an orange plastic egg shaped toy for cats'], ['a picture of a clear shell with a white background. \\nq: where is the image from'], ['you can see an orange shape with two holes'], ['this is an image of the product. the image is a photograph of a real product.'], ['an image of an orange plastic item'], ['a pair of ears in the shape of a large orange animal on a white background.\\n\\'], ['the image shows an image of the product. \\n \\nq: is this product new?'], ['a small yellow plastic ball on top of a white background""this is my first year working with'], ['image not available.'], ['a pair of yellow turtle shaped objects \\nq: how do you use this item? \\n'], ['orange toy with holes and two orange ballsi have a feeling that the only reason why the ""'], ['the image shows a glass animal in the shape of a dog.\\n\\n\\n\\'], ['the product is made of a material of plastic'], ['what do you see in the image?\\n\\n\\n\\n\\n\\n'], [""you see a dog's nose in the image. \\n\\nq: what do you see""], ['the image shows two yellow balls that look like two big orange balls'], ['you see two animals wearing yellow hats, which are sitting next to each other'], ['this is an example of a piece that was created with the image editor.'], ['image preview\\nq: what is the correct image? \\na: image preview\\n'], [""a small animal's eye with a clear, round shape and a slightly smaller round hole, that has""]]"
data/images/noun/2002-600.jpg,2002,bookend,22,83,59,9,"[['the sculpture is in red color.'], ['a vase with a red top and a large curve'], ['the red glass vase.\\nq: can you tell me the brand name of this piece'], ['a red vase'], ['a red vase with curved top'], ['a red vase with a wavy shape'], ['red vase\\n\\n\\n\\n\\n\\n\\n\\n\\'], ['i see a modern and colorful metal vase on a metal base with a metal armature, a'], ['this red and black sculpture is an abstract design'], ['the red color is a symbol of love'], ['a red metal sculpture that has a large curved piece'], ['red glass sculpture. \\n\\nq: what is the size of the glass sculpture? \\'], ['this is a red metal sculpture'], ['you see the red metal sculpture of a curvy vase, with a base of white.'], ['it is a red object with a wavy design'], ['a red metal sculpture'], ['red vase\\nq: what do you think of the product? \\na: great'], ['a red glass sculpture on a stand, in the form of a wavy line'], ['in the image, you can see a red metal sculpture on a black background. \\nq:'], ['i see a red marble shaped vase, which is a sculpture made of red marble.that'], ['\\na: the image is a red vase.\\na: \\na:'], ['the vase is red, which makes it a little harder to identify what it is, so it'], ['\\n\\na: \\n\\na: \\n\\na: \\n'], ['the red vase'], ['a red metal sculpture on a stand'], ['a red vase on a white background'], ['a red metal vase, it is designed with the style of the current era and has a high'], ['the red abstract sculpture stands on the red base'], ['red color.\\nq: what color is the product in the image? \\na:'], ['\\na: a red abstract sculpture with a single curved piece'], ['red metal art - red metal art \\nq: how much will it cost? \\na'], ['a red metal sculpture. \\nq: what do you see in the image? \\na'], ['a red sculpture with a black and white pattern on it'], ['a red metal sculpture with a curved design. \\n\\nq: what do you see in'], ['you can see a red metal sculpture with a wavy curve.'], ['\\nthe red sculptural vase has an oval shape.'], ['a red metal vase with a curvy design'], ['\\na. a red object that is shaped like a vase or a bowl, and it'], ['the red vase.'], ['\\nred glass abstract sculpture with a modern curved shape']]"
data/images/noun/2003-600.jpg,2003,fidget toy,59,74,19,0,"[['what do you see in the image? \\n\\nthis image has been cropped from a larger'], ['multicolored wooden toy blocks. \\n\\nq: what is the best way to describe'], [""multi colored blockssaw this in my newsfeed yesterday and thought i'd share, it's""], ['a letter q.\\nq: what do you see in the image? \\na:'], ['the letters of a sentence are arranged into a square, in the middle of which is the word'], ['a set of multi colored blocks with a block that is placed on the edge of the table'], ['the picture shows a multi-colored block'], ['the toy bricks with colored blocks on a white background'], ['the image is of multi-coloured blocks that are stacked together'], ['a letter shape from the picture.\\n\\nq: what is the shape? \\n'], ['the letter ""s""'], ['i see a single block made of different colored bricks'], ['the word letter o. \\n\\n\\n\\n\\n\\n\\n\\'], ['the first picture shows a toy that is made of wood'], ['a colorful wooden block with the letter s'], ['it is a colorful wooden block with four blocks'], ['a colorful stack of blocks on a white background'], ['a set of four wooden blocks of various colors'], ['multi-colored toy blocks'], ['the word ""the""'], ['multi-colored blocks stacked on each other'], ['a colorful letter a\\nq: what do you see in the image? \\na:'], ['what do you see in the image?'], [""a puzzle made of blocks that has some different colored blocks that you can't tell apart""], ['\\n'], ['the colorful blocks'], ['a wooden building block'], ['the letter q \\nq: what does q stand for? \\na: quiet\\n'], ['this is a wooden toy made of different colored wood'], ['wooden cubes'], ['a colorful toy block letters with the letters q'], [""the word 'bin'""], ['multi-colored plastic blocks'], ['an amazing and unique wooden block puzzle!'], ['a wooden letter of the alphabet that has been painted.\\n\\nq: what do you'], [""a multicolored block, which represents the alphabet 'q'""], ['a toy building block set, color coded. \\nq: what does it say? \\n'], ['the picture shows the wooden blocks which are in different colors'], ['multi-colored wooden blocks, the picture of the letter q'], ['\\n\\nthe image shows a block with four blocks on it.']]"
data/images/noun/2004-600.jpg,2004,pencil sharpener,41,70,48,52,"[['an orange, yellow, and blue plastic ball that looks like an egg. \\n\\nq'], ['a small rubber ball with a colorful and large hole, placed on top of a transparent plastic cover,'], ['a plastic ball in a plastic bag'], ['an orange and yellow sphere with a hole in the middle'], ['i see a very good picture of a ball with orange background, so the photo is of very good'], ['the orange and yellow ball'], ['\\nq: do you see an image of an orange, yellow and white object in the image'], ['the image shows the item in a close-up shot'], ['orange and yellow rubber ball with a white background'], ['i see an orange-brown egg shape, a circle on top and the side.\\nq'], ['\\nq: what do you see in the image? \\na: \\nq:'], ['a colorful orange ball'], ['orange and yellow colored toy. \\nq: what does the picture show? \\na:'], ['a colorful orange and yellow silicone ball'], ['\\na: \\na: \\na: \\na: \\na:'], ['an orange sphere with a hole in the middle \\n\\nq: what do you see in'], ['a yellow and orange toy ballwhy does this look like the beginning of a porno'], ['the image is of an orange and yellow colored dog chew toy with the image of a round'], ['this image is an illustration of the product, the item may have a different appearance'], ['the orange ball is a ball of silicone, and the yellow one is the bezel.'], ['an orange round rubber bead'], ['what do you see in the image? \\nq: what do you see in the image?'], ['\\nq: what do you see in the image? \\na: \\nq:'], ['\\n \\n \\n \\n \\n \\n \\n \\n \\n \\n'], ['a shiny and bright object. \\n\\nq: what do you think of the image?'], ['a small orange and yellow colored egg shaped rubber'], ['i see a yellow and orange plastic ball sitting in front of a white background'], ['a product is displayed.'], ['the image of the orange, yellow, and red silicone egg shape.'], ['you can see the plastic part of the ball'], ['a bright yellow color egg'], [""we have an excellent image.i'd prefer it if we could just turn it off.""], ['we see a golden ball shape with a hole for the keyring'], ['orange - yellow - blue'], ['a plastic ball that has been cut into the shape of a circle'], ['an orange and yellow object'], ['orange - the image was taken on a sunny day and the photo is not the actual product\\n'], ['an orange and yellow bead on a white background'], ['an orange and yellow candy'], ['orange-yellow']]"
data/images/noun/2005-600.jpg,2005,fish tank stone,6,25,81,13,"[['the image shows a rainbow unicorn hat that has a pink, blue, and yellow base and rainbow colored'], [""pink, purple, and yellow tie-dyed fish bowl headthat's just what happens when""], ['rainbow unicorn tail headband'], ['\\ncolorful butterfly headband \\nq: what do you see in the image? \\'], ['a colorful rainbow head band'], ['the image is a plastic cup with rainbow and white paint on it'], ['the headdress is made of a colored latex'], ['pink rainbow feather on white background'], ['the image is showing a tie dyed hat with a pink and blue feather on it'], ['\\n\\nwe see an angel wing'], ['rainbow unicorn head'], [""pink rainbow wings in a unicorn's tail shape \\nq: how to get this kind of color""], ['i see the pink and yellow feathers with the black and white body \\nq: do you know'], ['pink, white, and blue feather headband\\n\\nq: what is the purpose of'], ['a colorful rainbow tail that is the shape of a fish'], ['you see the image of a tie dye tie fighter. \\nq: do you want the same'], ['the unicorn is pink and has a rainbow color design'], ['rainbow tail headband'], ['rainbow unicorn hat'], ['a rainbow hair tie'], [""it's a colorful tie dye tail""], ['a rainbow tie dye butterfly shaped soap dispenser'], ['\\nq: \\na: \\nq: \\na: \\nq:'], ['rainbow feather headband'], ['rainbow hair on the left, pink on the right \\nq: what is the size of the'], ['an artist rendering of a rainbow and gold - colored hair dye cap, a'], ['the head of the dragon.\\nq: are you a dragon lover? \\na:'], ['the hair of a unicorn on the head of a unicorn. \\n \\nq: why is'], ['a rainbow unicorn headband'], ['an abstract pink and blue rainbow tie dye dragon hatlol, what is this?'], [""a rainbow colored tie dye unicorn hair bandcan someone tell me what's wrong with this meme?""], ['we see a rainbow colored unicorn headpiece on the right side of the image.'], ['rainbow unicorn hat'], ['a rainbow tie dyed unicorn crown'], ['i see a unicorn hat with rainbow and pink feathers on it \\nq: what do you see'], ['an eye-catching rainbow-colored tie-dyed flower with its'], ['this is the final version of the product with a rainbow pink and blue hair on top, please pay'], [""a rainbow unicorn's horn that's been colored with a spray bottle""], ['a bright and colorful hair dye. \\nq: what does it smell like? \\na'], ['a white background with a bright yellow and pink bird on it']]"
data/images/noun/2006-600.jpg,2006,space ship top,34,64,31,3,"[['the image of the space shuttle with the star wars logo'], ['a black sphere sitting on the ground with a blue sphere sitting on top of it.'], ['the star wars starfighter with a light blue paint'], ['a metal object with red eyes on a white background'], ['it is a star trek starship model, the top part has been cut away.a very happy'], ['this is a metal ufo with a circular mirror'], ['q: what do you see in the image? \\na: \\u003cstrong\\'], ['the image of a small metal ship with two windows'], ['\\nstar trek u-boat model - uss enterprise'], ['spaceshipone, a nasa space shuttle-sized spacecraft'], ['star trek transporter replica\\nq: do you see a star trek replica on this page?\\'], ['you can see that the ufo is attached to a metal tube'], ['a ship with a large dome and a smaller one on top'], ['you see a silver star wars droid'], ['an object with a red dot, with a white background, against a black background'], ['i see the model of a ship in space. \\n'], ['an object flying in space, and you cannot see anything in it'], ['it is a metal ship flying with the front window on'], ['space'], ['you can see the model of the space ship on the white background'], ['an old timey ship with a large disk on the side'], ['a white disc, with a red circle on it.'], ['the metal object is sitting on a white background'], ['it is a silver metal dish that can be attached to a small dish'], ['this is the image of a silver metal ship with a spinning wheel'], ['a star ship'], ['star trek, the original series, from the 1960s'], ['the q-9000 with a star destroyer.'], ['a ufo'], ['space ship in spacei was able to get it working by uninstalling the previous version of'], ['the ufo. \\nq: what is the image of the ship? \\na: a'], ['a silver spaceship flying in the sky.\\nq: what do you see in the image?'], ['this is the image of a u-boat model which has been turned into an inflatable balloon.'], ['the front of a silver'], ['an object with a light on top.'], ['the metal object is in the foreground, with a silver disk in the center'], ['i see a small space shuttle'], ['a ufo flying over a city'], ['a space station with a saucer shapeit\'s not an ""amazing"" thing. the'], ['a silver metal spacecraft on a white background']]"
data/images/noun/2007-600.jpg,2007,air blower for slr cameras,22,46,78,6,"[[""q: what do you see in the image?i'm going to take a stab in the""], ['\\nthe black object is a rubber ball and the red one is a spoon'], ['\\nq: what do you see in the image? \\na: \\nq:'], ['the black plastic with red tip'], ['a balloon with red handle, you can use the balloon as a stick to catch the ball. \\'], [""i think the black object is a ball, but i'm not sure""], ['a black rubber ball with red handle'], ['a black ball with red plastic stick'], ['rubber ball'], ['the image is not yet available. \\nq: what can i do about this? \\n'], ['product picture of the rubber tube and the screw with rubber seal, the rubber tube is connected with the'], ['q: what do you see in the image? \\na: https://t.co/'], ['we can make the image you have selected as the product image\\n\\n\\nproduct name'], ['a red tube inside the black ball'], ['the air ball is an effective and simple tool for removing bubbles in oil, vinegar, and other chemicals'], ['what do you see in the image? \\na: what do you see in the image?'], ['\\nwe will respond your inquiry within 24 hours. \\n'], ['a rubber cock ring.'], ['black rubber ball with red stem, a hole in the middle'], ['there is a black rubber ball with a red tube. the tube has a handle. \\nq'], ['we are selling the following product'], ['a red and black ball.'], ['\\nproduct name: qjw3d9vq3rqrq1\\'], ['the image of the product is a computer generated image'], ['a silicone egg shaped ball'], ['\\n- black, red, yellow and green ball\\n- black, red, yellow and'], ['\\nq: what do you see in the image? \\na: \\nq:'], [""a rubber ball and a stick, but they're all black and red.""], ['rubber ball with a red handle'], ['we are offering high quality black ball shapes rubber balls with high quality. \\n \\nq'], ['the ball has a red stem, and the top part has a rubber head that is attached to a'], ['a plastic ball on a red tube. \\nq: why is it that the ball looks like'], ['it is a rubber ball, it is red in color.""the world has never been a'], ['a black ball with red tip'], ['there are no images on your page. \\n \\n\\nwe will be back soon with'], ['the image is a rubber ball with a red handle'], ['the black and red ball is the shape of the mouthpiece, the tube is the bottom of the'], ['a large black rubber sphere'], ['a rubber ball'], ['q: what do you see in the image? \\na: q: what do you see']]"
data/images/noun/2008.jpg,2008,curlers formed together,34,25,48,16,"[['blue-blueyou could use this to make a new account.  use the old email address'], [''], ['\\na: \\nq: what do you see in the image? \\na:'], ['a knot, a blue bow and a blue arrow. \\nq: what do you see in'], ['blue background, white object'], ['this image is a bit distorted.'], ['a rubber toy of a rubber tube with a rope on the bottom end, a rubber tube with two'], ['the shape of a knot, and its position is shown here'], ['a rubber-band that is wrapped in a knot'], [""a single blue rubber ducki know this isn't the answer you want to hear but it's""], ['i see a pair of blue rubber fingers holding a wooden handle'], ['\\nq: what do you see in the image? \\na: \\nq:'], ['in the image of the tie, there is a blue object'], [""the product description is written in the image.>  if you're really good at the game""], ['you can see in the image that the dog toy has a blue base and the ends are white.'], ['this is a picture of a dog toy, made from rubber. \\n \\nq: what'], ['a pair of blue metal tube and an arrow with one arrow pointed at the end'], ['this is a knot, with a long end and a short end, on a white background. \\'], ['in the image, the figure of the kite is lying down on the white background'], ['the picture shows a blue rope'], ['a knot with 2 ends'], ['\\n \\n\\n\\n\\n\\n\\n\\n\\n\\n'], ['the blue plastic knot in the photo is actually the shape of a rubber'], [''], ['a blue rubber ball.'], ['\\n \\nq: what do you see in the image? \\na: \\n'], ['the image shows the product you are viewing, which is a blue and white tie knot'], ['a blue and white rubber toy'], ['the image shows a rubber toy with a small knot'], ['blue and white rope'], ['i see a man with his arm upraised, his fingers on a small rope that looks like a'], ['a large blue pipe in the shape of a knot'], ['i see a blue toy, with one end wrapped in white tissue paper'], ['a blue rubber toy. \\nq: what is the name of the product? \\na'], ['in the image, you can see two large blue rubber objects'], ['this is a closeup of the product image\\n\\nq: do you need more detail'], ['it is a blue rubber animal shaped toy'], ['a blue dog kong toy with two rubber dogs, one in each end'], [""it's a blue rope that looks like a knot, made from two blue rubber""], ['a rope that looks like the rope that was used in the movie the wizard of oz']]"
data/images/noun/2009-600.jpg,2009,dog toy,47,78,65,45,"[[""a fun little orange squishy toy that makes a great addition to your dog's play area. \\""], ['a cute orange dog toyis this real? it sounds like the kind of thing a drunk friend'], ['i see a orange shaped toy that looks like a t - rex claw'], [''], ['this is a dog toy which is made out of spiky, spiky foam and rubber. \\'], ['a chewed up toy with some spikes on it. \\nq: is this a toy for'], ['a dog toy made of a soft material,'], ['an orange toy with spikes on the top'], ['an orange spiky ball of fur with a small tail'], ['an orange ball with spikes'], ['\\n\\nq: what do you see in the image? \\n\\na:'], ['the image is a picture of a very cute toy made from foam'], ['i see a yellow toy with an orange letter'], ['\\n\\n\\n\\n\\n\\n\\n\\n\\n\\n'], ['we see a red teddy bear with a letter x'], [''], ['a chewy bone with spikes and spines'], ['the letter x is a letter that stands for xylocarpus and is also a fun shape'], ['an image of an orange dog toy with spiky spikes'], ['a toy orange gerbil with spikes, and an orange toy ball with spikes'], ['an image of a rubber ball with orange spikes on it'], ['\\nthe word ""sponge"" has been replaced by ""sponge ball"" in the image'], [""a dog toy that looks like a starfish with a long tail and large spikes in it's body""], ['\\n\\n\\n\\n\\n\\n\\n\\n\\n\\n'], ['an orange toy with spikes and spikes'], ['\\n\\norange dog toy \\n\\n\\n\\n\\n\\n\\'], ['a small orange rubber ball, with an odd spike on top of it'], ['an orange and green jellyfish shaped toy on a white background'], ['the shape is a jellyfish'], [""you see the letter 'u' made from the orange toy toy""], ['this is an image of the dog toy'], ['an orange dog toy that looks like an ice cube'], ['a red dog toy that has spikes'], ['a spiky orange dog toy'], ['an image of a toy that has spikes'], ['orange spiky dog toy \\nq: what is the meaning of the image? \\na'], [''], ['this is a toy in orange with spiky, spiky, spikey'], [""it's a toy shaped like a jellyfish, except it's made of plush foam. it's""], ['a big red and orange toy on white background']]"
data/images/noun/2010-600.jpg,2010,dog toy pet shop,66,52,50,25,"[['red dog toy with multicolored spots'], ['\\n\\n\\n\\n\\n\\n\\n\\n\\n\\n'], ['it is a red dog toy, with blue and yellow beads'], ['a rubber toy that is covered in dots.'], [""a dog's nosemiley cyrus’ ‘wrecking ball’ has had""], ['a toy toy for dogs \\nq: how do you make the toy toy for dogs\\n'], ['a toy ball toy.\\n\\n\\n\\n\\n\\n\\n\\'], [""this is a picture of an item in the product's catalog""], [''], ['a toy ball, toy ball, toy ball'], ['i see a red dog toy with multi-coloured dots. \\n\\n\\nq'], ['this image is for illustration only and is not the actual item\\nq: what do you see'], [""it's a small toy with colorful dots on it""], ['\\n\\nq: what do you see in the image?\\na: \\n'], ['red, yellow, blue, green, and white plastic toys \\nq: what do you see'], [""the image of the dog toy is shown.\\n \\nq: what's the main difference""], ['\\nthe red ball is a new type of ball that can not be found in any other toys'], ['you will see the image is a red ball that is filled with multi colored beads'], ['a red, colorful, multi-colored, round dog chew toy with red and white polka dots'], ['red & blue bubble bubbles dog toys'], ['a small toy red ball'], ['dog toy \\nq: what color is the product? \\na: red \\nq'], ['a red and blue toy ball.\\nq: why do you choose this color? \\n'], ['a large red rubber ball that is surrounded by multicolored polka dot dots.'], ['a dog toy toy that looks like a red corona, surrounded by colorful dots.'], ['an empty dog toy in a large plastic container'], ['a red toy with multicolored dots on the outside'], ['a dog toy, red ball with blue dot on the end'], ['\\nred \\nblue \\nyellow \\nmulticolored \\ntotally different \\'], ['-'], ['a ball of multicolored balls with small balls'], ['\\nq: what do you see in the image? \\na: \\nq:'], [""the product is in the image.how to build a solid foundation for your family's future""], ['\\na red ball with colorful balls. \\na: \\nq: what do you'], ['\\nq: what do you see in the image? \\na: \\nq:'], ['red and blue squeaky toy\\n \\nq: what do you see in the image?'], ['the red dog toy on the right has a red and yellow spot'], ['a toy ball in the form of a red ball, with yellow, white and blue dots.'], ['i can\'t really see anything!the only problem is that i feel like the ""big""'], ['this is a dog toy, but it looks like a toy']]"
data/images/noun/2011-600.jpg,2011,noisemaker,22,75,88,3,"[['a green and orange plastic toy that has two balls on top'], ['a colorful plastic toy on a white background. \\nq: how is the image used? \\'], ['we have designed and manufactured an assortment of plastic toy toys in green and orange color.'], ['there is an object with an object on it.'], ['what do you see in the image? \\n\\n \\nthe only thing i can'], ['the image shows a water pump with two different parts attached. \\nq: why is the pump'], ['a toy that is on a white surface with the toy on the ground'], ['there are two toys in the image, one is green and the other is orange'], ['an orange and green toy car'], ['\\na: \\na: \\na: \\na: \\na:'], ['it is a water pump with two pump and a valve to control the flow rate. \\n\\'], ['a colorful plastic toy with a single plastic handle'], ['an orange and green water jet'], ['an orange and green toy that looks like a screwdriver'], ['\\na: a green and orange plastic ball is stuck to the top of a toy screwdriver'], ['click image to enlarge. \\n'], ['we offer the following products: \\n- plastic hook for fishing\\n- plastic hook for bait'], ['this product is a water toy that you can use as a'], ['a toy machine with a plastic wheel, and two balls on it'], ['it is a rubber toy of the wind and waves'], ['click the ""browse"" button to see all imageshaha, you think i\'d spend'], ['we are manufacturer and seller of high quality toys and games for kids. we also provide customized toys as'], ['the photo shows a water pipe, which is made of plastic and metal. \\nthe water pipe'], ['a toy with an orange and green toy'], ['we can supply a variety of different sizes of pvc parts for all of your pvc toys, including pvc'], ['\\n1.the small plastic toys have been taken apart.'], ['\\n\\n[1\\n\\n] \\n[2\\n\\n]'], ['\\nthis is a photo of a plastic toy with two red and green plastic balls attached to the'], ['a toy car'], ['\\nthis is a single color plastic handle with a single orange and green plastic handle.'], ['\\n \\n \\n \\n \\n \\n \\n \\n \\n \\n'], ['an orange, green, and yellow toy machine'], ['a rubber hose clamps and plastic pipes for air purifier'], [""green & orange plastic toy screwdriverif i were you i'd be really careful with the water""], ['this is a green plastic toy'], ['plastic toy with 4 balls and handle \\nq: can i get your quotation for the quotation of'], ['what do you see in the image? \\na: what do you see in the image?'], ['it is a plastic toy with a green and orange handle'], ['in the image, you can see that the two plastic parts are in a shape of a circle and'], ['this is a picture of a small green and orange ball with the ball on one end and a green']]"
data/images/noun/2012-600.jpg,2012,coiled worm toy,41,50,59,41,"[['the red starfish has a red top and pink bottom'], ['an echinoderm, a kind of jellyfish'], ['a beautiful red octopus'], ['a coral sponge'], ['a red colored jellyfish'], ['a small sea urchin in a clear acrylic container.'], ['\\n\\n\\n\\n\\n\\n\\n\\n\\n\\n'], ['the red and orange color of this sea creature is very pretty'], ['a small red sea urchin'], ['a pink sea urchin'], ['pink, orange, and white anemone'], [''], ['an angry jellyfish'], ['the red jellyfish'], ['the image is a picture of an anemone. \\n\\nq: what do you'], ['it is an image of a pink colored coral sea anemone that was created with a combination of'], ['a red flower beetle'], ['red and orange jellyfish'], ['a red jellyfish on a white background'], ['a red puffer fish \\nq: what does this fish symbolize? \\na:'], ['a cute little red sea urchin on a white background.\\n \\nq: why'], ['i see a red sea urchin'], ['a pink and orange sea anemone.'], [""an animal that's in the process of shedding its skin and that has tentacles. \\nq:""], ['a pink anemone'], ['an orange-red sea star that is on a white background. \\nq: what is the'], ['a coral sea anemone with lots of spiky tentacles'], ['an antlion is a small sea creature that can grow up to 10 cm and live for up'], [''], ['a jellyfish \\nq: why do you see this jellyfish? \\na: it'], ['\\na: \\na: \\na: \\na: \\na:'], ['a colorful sea urchin\\n\\nq: what is the color of the sea'], ['a big, red, octopus'], ['a sea-anemone with a white body and a red head'], ['\\na.\\n\\nq: what do you see in the image? \\n'], ['a red and yellow sea anemone'], ['a beautiful red sea-urchin!'], ['an anaconda \\nq: what do you see in the image? \\na:'], ['a red and orange plastic octopus, with a white background. \\nq: do you like'], ['a red-orange polyester polyurethane model of a sea star. \\n\\n']]"
data/images/noun/2013-600.jpg,2013,sling shot,6,20,87,6,"[['yellow plastic bottle top'], ['we have orange and yellow stand with legs and foot'], ['an orange and white colored plastic toy with a stand and legs.'], ['i see a yellow and orange'], ['you see a bird'], ['a yellow plastic figure that has a large red and orange leg'], ['what do you see in the image? \\n\\nq: what do you see in the'], ['the image of the object, the product and its shape and size are similar to those of the picture'], [""the image shows a child's foot stand""], ['\\na yellow and orange plastic toy with a red lid on the top'], ['you can see the yellow and orange legs of the product'], ['orange and yellow foot stand'], ['what do you see in the image?'], ['the image is showing a very cute and colorful foot stool for kids'], ['\\nthe product is a hot water bottle with a lid, and a straw in it.'], ['we can see that the image is taken from an orange, blue and yellow stand'], ['\\na: yellow background, yellow letterbox, yellow circle, yellow circle, orange circle,'], ['the image shows a yellow, orange and black stand'], ['a yellow and orange plastic leg'], ['the plastic bottle cap holder with a rubber standtrial set for man accused of killing wife,'], ['the image is a product, so it can not be edited by us\\n\\nthe image'], [""in this image we can see a red & orange bird's nest.""], ['an image of a small figure holding a small toy toy'], [""it's a small plastic toy.>i was a huge fan of this show, and i""], ['the image of the product is taken by our professional photographer, so the quality of the product is not'], ['\\n\\n'], ['an orange and black plastic tube'], ['what do you see in the image?'], ['a water bottle on the ground\\, \\nq: what do you see in the image?'], ['the product you see is only an image and not a real product.a good way to learn'], ['the photo shows a picture of a toy which is orange and red.\\n\\nq:'], ['a hotdog stand and a bottle of water'], ['we want you to see our product on a white background, and this is the best image we could'], ['a small yellow and orange plastic figure with a red cap'], ['a yellow ball, a black ball, a red ball, a blue ball, a white ball,'], ['this is an image of the new plastic bottle stand, designed by our team. \\n\\n'], ['this is an orange plastic bottle with an orange cap'], ['i see a red cap with the logo of ""ningbo weizhou"" on the bottom'], ['what do you see in the image? \\n\\nq: what do you see in the'], ['we can provide custom made products such as shoes, hats, caps, jackets, etc.\\n']]"
data/images/noun/2014-600.jpg,2014,this light-up toy,38,75,39,0,"[['i see an object with a shape and color'], ['\\na: \\na: \\na: \\na: \\na:'], ['the image is the ball of the spinning ball on the white background'], ['you see a small, colorful, colorful ball with a purple, yellow, and pink design'], ['q: what do you see in the image?\\na:'], ['purple & pink - ball ball ball ball ball ball ball ball ball ball ball ball ball ball ball ball'], ['the colorful bell is the part of the toy'], ['colorful ball'], ['\\na: the image shows the product on the website. \\na: the image shows'], ['\\n\\nq: what do you see in the image? \\na: \\n'], ['q-tips® multicolor twist-o-ball\\nq-tips® multicol'], ['a small ball with a bright and colorful pattern'], ['a balloon and a small metal ball'], ['a hand-blown glass ball with a yellow and pink pattern'], ['a hand-held ball, and a hand'], ['the image shows the toy ball being held in the hand and'], ['this is a very good quality toy that is not only for children but also for adults as well.'], [""it's a colorful plastic toy ball>i feel like it's pretty obvious, but i am""], ['an image of a plastic ball with yellow polka dots'], ['\\nq: \\na: \\nq: \\na: \\nq:'], ['\\n\\n \\n\\n \\n\\n \\n\\n \\n\\n'], ['purple ball.\\n\\n\\n\\n\\n\\n\\n\\n\\'], [""an led color ball. \\nq: what is the product's purpose? \\na:""], ['a colorful ball and yellow handle with a pink dot on it'], ['a balloon with colorful dots and a yellow stick'], [""it's a red and blue laser ball. \\nq: how many colors is there? \\""], ['\\nq: what do you see in the image? \\na:\\nq:'], ['i see the image is a colorful pink and yellow ball'], ['\\n\\ncolorful ballwhat a stupid fucking question.'], ['a colorful pink ball with a metal handle'], [""it looks like a toy ball, but it's actually a plastic sphere with""], ['purple & pink balloon with pink and purple dots.\\nq: what is the color of the'], ['colorful ball, ball with logo, ball with design\\n\\nproduct name:colorful'], ['i see a ball shaped with purple and yellow dots. \\nq: what is the word ""'], ['the toy has a colorful pattern on it.'], ['the toy ball on the right is the item. \\n\\nq: do you like the'], [""a pink and yellow color bubble wand with a purple bowi've been having this issue too.""], ['a yellow ball, yellow ball, and a yellow ball\\nq: what do you see in'], ['\\n\\na: \\n\\na: \\n\\na: \\n'], ['ball with dots and squares']]"
data/images/noun/2015-600.jpg,2015,ball catcher,38,78,55,10,"[['a plastic bag for plastic bottle / pet bottle, color blue'], ['\\n\\nthe blue plastic cover for the plastic car boot stacker \\n\\n\\'], ['the image has been enlarged to show more detail. \\nq: is this item in stock?'], ['blue rubber base and silver top with blue cover for the handle, not blue handle and silver top for'], ['blue'], ['blue oval hole, 1/4 in wide, 1/4 in high'], ['blue color \\nq: what do you see in the image? \\na: blue color'], ['the blue color'], ['\\nblue oval shape for the plastic seat belt for the new car model'], ['you can see the inside of the shoe'], ['a blue shoe lace. \\nq: where can i buy the shoes with laces? \\'], ['\\na: blue\\na: blue\\na: blue\\na: blue'], ['blue plastic bottle holder.'], ['i saw a blue, plastic foot with holes'], ['the image shows a blue plastic handle'], ['the image you are viewing has been rendered with adobe illustrator. to view a different version, select'], ['blue plastic holder. \\nq: how do you use this product? \\na: use'], ['the image shows the blue footboard for the new chair'], ['i see a blue oval shaped container'], [""i see a blue plastic containerwhat's your favorite pizza topping?""], ['blue plastic shoe heel guard \\n\\nq: what is the difference between shoe heel guard and'], ['blue/black'], ['blue handlebar pump'], ['the blue plastic container with three holes'], ['the blue part of the picture is the blue part of the toy \\nq: what do you'], ['a blue plastic shoe'], ['\\n\\n\\n\\n\\n\\n\\n\\n\\n\\n'], ['blue \\nq: where is this image taken from? \\na: brazil \\n'], ['\\nq: what is the color of the item? \\na: \\nq:'], ['in the image, the blue plastic is clear with holes for ventilation, and the hole for the handle'], ['a blue and white plastic plate, with holes'], ['\\n \\n \\n\\n \\n \\n\\n\\n\\n\\n'], [""blue water pump in pump bottle with handleit's always nice to have a new set of eyes""], ['the blue side of the plastic case. \\n\\nq: how many parts will be made'], ['blue \\nq: what does the blue material have? \\na: 3-d printed'], ['i can see that the image is not clear enough. please send me your photo and the number and'], ['the image is not working'], ['blue color is the best choice for the shoe. \\n'], ['a plastic product is placed on the white background.'], [""i see a blue and white plastic chairthat's a nice ass!""]]"
data/images/noun/2016 600dpi.jpg,2016,bird toy,28,21,61,6,"[['a white background, a blue and white toilet brush, and an orange toilet brushhoping for'], ['a yellow and orange cone, with a blue and white fringed rope. \\nq: what'], ['orange plastic cone with blue and white nylon string attached\\n\\nq: can you tell me'], ['an orange and blue ball on a white background'], ['blue and orange mop\\n\\n \\n\\nq: how can we provide the'], ['orange & blue wavy tail wavy rope toy'], ['the orange tube is empty'], ['an image of a white and blue mop with an orange handle on it'], ['blue and white plastic cone with blue and white rope handle \\n\\nq: what does it'], ['a kitty holding an orange and blue cone on a white background'], ['an orange & blue mop with a white handle'], ['blue, orange, red, brown, white, gray, yellow, green, grey, pink,'], ['a plastic tube with the head of a plastic toy'], ['a plastic orange and blue duster'], [""a dog's ball toy that is held up by an orange plastic cone and a blue tassel""], ['a toy cone with white and blue cotton, it looks like a mop'], ['\\n\\n\\n\\n\\n\\n\\n\\n\\n\\n'], ['an image of an item that is in the product category of pet toys\\n\\nq:'], ['an image of an orange dog whistle with blue, white and yellow tassels'], ['\\n \\nq: what do you see in the image? \\na: \\n'], ['a colorful mop in a blue and orange plastic container'], ['the image shows a blue and white dog chew toy that has a hole at the top of the toy'], ['the toy on the left side has blue tassels and a orange cone.'], ['dog toy with frisbee'], ['what do you see in the image? \\n\\n\\n\\n\\n\\n'], ['blue & white mop. \\nq: what do you see in the image? \\n'], ['orange cone \\nq: what do you see in the image? \\na: blue cone'], ['an image of a dog in the bathtub'], ['orange'], ['blue and white tangle ballcricket: black caps coach gary stead confident team has right'], ['orange tear ring'], ['orange ball with blue and white tassels'], ['dog toy on the table'], ['an orange cone and blue waffle weave nylon rope with a plastic tube at the top \\nq'], ['\\n'], ['blue and orange mop, with blue cap'], ['a cotton wool and cotton yarn mop and mop holderi think it was just bad luck'], ['a dog whistle. \\nq: what is a dog whistle? \\na: a dog'], ['the toy is orange with blue and white yarn'], ['a white collar and a blue collar']]"
data/images/noun/2017-600.jpg,2017,kenetic wheel,41,29,23,13,"[['you see a ball that is attached to a plastic ball holder.'], ['it is a plastic tube with a hole in the end of it.\\n\\n \\n'], ['the image shows a plastic ball and a metal chain, with a small blue ball attached to the chain'], ['the image shows an image of the metal and plastic handle'], ['this image shows a single roller that can be used to catch and pull in'], ['i see a dog with a ball and a leash, a dog with a dog, a dog with'], ['we use a high resolution product image for the 3d model\\nq: what is the size'], ['\\n'], ['\\nproduct image\\nproduct image\\nproduct image\\nproduct image\\nproduct image'], ['this is a toy mouse with a small ball attached to its body, you can remove the mouse from'], ['an image of a metal wire spring attached to a small toy, with a rubber ball attached to it'], ['the item is not for sale. it is a picture of the item\\n\\nq:'], ['\\n\\nthe item is in a package of 5 pieces.'], ['a toy cat toy with a string attached'], ['the image is a preview. the image you see is the final product.'], ['we see a cat toy in a holder with two hook'], ['the image shows the wire hook and the ball'], ['i see a small ball with the handle of the mouse attached, and the mouse is in a blue'], ['image is not in our catalog. please contact us for further information.'], ['a bird feeder with a bird on it, on a leash, on a rope'], ['i see a blue and orange ball and a wire frame on the wall'], ['the image shows a ball that is suspended in a pipe with a rope attached'], ['\\nwe see a small round disc shaped object. \\n\\nwe also see the wire'], ['there is a blue ball and a metal ball.\\nq: can you describe it in detail'], ['\\na: \\na: \\na: \\na: \\na:'], ['a small wheel attached to a metal chain. \\n \\nq: what is the purpose of'], ['i see a cat with a mouse in his hand \\n\\nq: what is this image'], ['the blue and orange part of the hook. \\nq: what do you think of the product'], [""product name\\nproduct description\\nproduct image\\ni'm still using the 5t""], ['the image shows the product on the right.'], ['there are four wires on this image. there is one wire for holding the mouse and the others are'], ['what do you see in the image? \\n'], ['a blue and orange plastic ball attached to a metal hook'], ['\\nthe blue handle is part of the handle for the ball-shaped ball'], ['an electric ratchet handle with a plastic ratchet wheel'], ['a bird toy made of polyester fibers with a blue and yellow plastic shell'], ['the product name is ""gadget"" \\nq: is the product with good quality?'], ['\\nq: what do you see in the image? \\na: \\nq:'], ['the image is a representation of the product you selected'], ['a picture of a dog toy with a plastic ball and a string']]"
data/images/noun/2018-600.jpg,2018,this coils string,16,50,61,6,"[['yellow'], ['a yellow plastic cup on a white background.'], [""an image of a light bulbi've always wanted to be a ninja""], ['the image of a yellow plastic cup with a round top'], ['this is an image of a yellow plastic lid.'], ['we can provide customized logo or image as per your requirement \\nq: can i get a sample'], ['image 1\\n\\nimage 1'], ['this image shows the item with the image as well as the size. the item may not have a'], ['the light bulb'], ['\\n\\nthe picture shows the yellow plastic cover for the container'], [""it's a yellow plastic ball, you can see a black and white logo in the front""], ['\\n\\nq: what do you see in the image? \\na: \\n'], ['the yellow container is used to store the air filter for the vacuum cleaner'], ['yellow plastic'], ['image is an image of yellow plastic water bowl. \\n\\n \\n \\n\\n'], ['the image shows a yellow lid with a white lid and a black ring'], ['an item is missing in the image\\n\\n\\n\\n\\n\\n\\'], ['i see a yellow light bulb inside a plastic container, with a yellow plastic lid, with a round'], ['\\nproduct name: yellow air filter for air conditioning systema lot of people are saying it'], ['a yellow plastic lid with a black handle'], ['an air vent cover'], ['the image shows the product in yellow.\\n\\nproduct picture for q&a and product'], ['a yellow plastic lid with a black ring on the top'], ['the image shows a small piece of a yellow bowl with an orange lid'], ['a bowl of yellow colored foodi have the same problem.  the only way i can fix'], [""we see the image.\\n \\nit's like people forget that all of this shit""], [""yellow plastici would say it's a pretty good deal for a gba and games. you""], ['the yellow color plastic food container with one lid.\\n\\n\\n\\n\\n'], [""an orange lid with a yellow rimi'm going to the game today, hopefully i'll be""], [""it's a yellow bowl with a lid""], ['the image shows a yellow plastic container.\\n\\nq: what do you see in the'], ['\\na: a yellow plastic bowl that looks like a watermelon on a white backgroundmy'], ['a yellow plastic box with a black lid'], ['you will receive the original 1, 3 or 5 inch polyester base and a yellow plastic cap to'], ['a round clear yellow lid with a black top, the lid fits a metal bowl'], ['the image is of the light source inside the dome'], ['the image is yellownokia x6 (2018) gets launched with snapdragon 632 chipset'], ['\\n\\nq: what do you see in the image?\\na: \\n'], [""a yellow circular objecti just wanted to let you know, i've found a place on craigslist""], ['a clear plastic water bottle holder']]"
data/images/noun/2019-600.jpg,2019,cat nip toy,31,67,38,25,"[['a yellow and orange egg'], ['a large yellow egg'], ['the image is a colorful yellow egg'], ['a pumpkin shaped light'], ['a candy corn in a glass.'], ['an orange candy cane shaped plastic ball with a fluffy tail'], ['yellow, orange and white'], ['an angry chicken, wearing a hat, standing on its hind legs, with its tail in the air'], ['a giant yellow, orange, and purple candy-floss birdie. \\n\\nq'], ['an orange egg with a fuzzy head.'], ['this is a fun, funny toy that has an orange and yellow egg and a large smiley face'], ['a bird'], ['the image shows the egg as it appears to be filled with water'], ['a colorful, orange and yellow toy animal'], ['a yellow, orange and black candy corn shaped balloon with a white bird on it'], ['a bird shaped toy with yellow and orange color'], ['an orange and yellow plush egg with a wispy brown mohawk and a white feather on'], ['\\ncandy\\n'], ['a cute and funny looking animal toy'], ['a candy corn egg toy'], ['a chicken in a orange egg!'], ['a red and yellow candy corn eggthat is such a good looking knife, the best thing i'], ['the figure of a bird is in the picture'], ['a candy corn egg'], ['a yellow and orange duck egg on a white background'], ['an orange and yellow egg.'], ['a plastic egg in the shape of a duck with orange, yellow and white stripes'], ['the yellow and orange bird has an orange beak, but it looks like a bird, but i'], ['a bird in the eggi think i am going to have a heart attack.  i can'], ['a candy corn egg!'], ['a candy apple'], ['the face of a bird with a red beak and orange and yellow feathers'], ['a yellow egg shaped plastic toy with a fluffy orange bunny hair'], ['a yellow egg'], ['a cute little yellow and orange duck toy'], ['an orange and yellow bird'], [""an angry orange monsterso he's not a full-time player?""], ['an orange, yellow, and orange candy corn-shaped figurine.'], ['an orange egg shaped candle that is painted on its side'], ['a yellow egg with a white, orange and black bird on the front. \\n\\n\\']]"
data/images/noun/2020.jpg,2020,jacobs ladder,41,36,29,6,"[['the photo shows the set of coasters in different colors, with a black background'], ['what does this image represent? \\n\\nthe image contains a collection of images with text in'], ['we have the product in stock. we will ship to you asap. please contact us for more'], ['a set of 6 wooden coasters'], [""- wooden coaster \\nq: what is the item's weight? \\na: - 4""], ['the picture is of a set of colorful plastic coasters. \\n\\nq: how do'], ['a colorful and fun set of 4 coaster coasters with a matching set of 4 wooden coasters with'], ['a stack of colorful cards'], ['the image is an illustration'], ['the image of the set of six coaster is a combination of a wooden coaster and the plastic tray.'], ['\\n\\n \\n\\n \\n\\n\\n\\n\\n\\n'], ['you see a box of coasters and a pair of scissors. \\nq: why do you'], ['a set of four magnets'], ['a multi-colored book on a white background with the title'], ['the image shows a wooden coaster with colorful ribbons tied to it.'], ['a collection of coasters in a set of six colors.\\n\\nq: how much'], ['the image is taken from a set of 4 colorful wooden coasters that are made of recycled wood'], ['a box with a bunch of wooden coasters'], ['it is a set of three multi-coloured wooden blocks'], ['a set of 6 coasters made from wood. \\nq: how much will it cost?'], ['the multi-colored square coaster in the picture is one of the products. \\nq: how'], ['multicolor coasters \\n\\nthis is an example of how our color-coded co'], ['this is a set of 5 matching coasters with rainbow stripes on them.'], ['the product is made of rubber material, the color is bright, the thickness is very thin, the'], ['- 3 x 4 x 3cm, 6 in, 7 in, 8 in, 9 in,'], ['a coaster in the shape of a cube. \\nq: can you provide the dimensions? \\'], [""it's a colorful coasters.""], ['the image shows the item. the image is a preview.\\nwhat kind of idiot is'], ['multicolored, striped, and printed box set of four, designed to be stacked and held in'], ['a wooden coaster that is designed in a color combination of blue, red, green, orange and yellow'], ['an ordinary wooden tray. \\nq: what do you see in the image? \\na'], ['a stack of colorful cubes'], ['multi colored card holder \\nq: what do you see in the image? \\na:'], ['\\nq: what do you see in the image? \\na: \\nq:'], ['it is a group of four square cubes and one rectangle. \\n\\nq: what do'], ['you can see a colorful coaster'], ['the image is a single frame image, please double click to enlarge the image\\n\\n\\'], ['image is a product of a digital printer, which is a computer that can be used to print a'], ['you can see that these coasters are made of a plastic board material with an elegant design, with'], ['colorful coasters']]"
data/images/noun/2021-600.jpg,2021,foam arrow,9,29,84,3,"[['it is a plastic tube with different colored pipes'], ['a small and green rubber dome on a black background. \\n\\nq: how to order'], ['the picture is for product display only. actual color may be slightly different from the image.\\n'], ['you can see in the image that we have six color types of tubes and two different colors of tubes'], ['it is a plastic ball which has a color of pink, green, and black'], [""this is a 5mm tube.that's the way to do it, keep the community small""], ['\\n\\n \\n\\n\\n\\n\\n\\n\\n\\n'], ['the image is of a green and pink foam tube with 4 foam cylinders inside'], ['the image of the product you are buying is not the same as the actual product. this image is'], ['the pink and green hoses on top of the pink one \\nq: what is the diameter'], ['we are going to send you a picture of a flower that you can see how it is made'], ['the image is showing the silicone ring of the brush and the end of the nozzle of the brush\\'], ['a group of 5 small pink tubes, a large pink tube, a small green tube, a small'], ['this is a water-soluble filter made of plastic, which will clean out your water filter,'], ['the photo of the qqqqqqqqqqqqqqqq'], ['the foam for the handle is pink and blue'], ['the image shows the image of the silicone ring and the 4 silicone balls inside the silicone ring'], ['the image shows a set of three green and pink tubes'], ['\\nq: do you think this is the right image for my product? \\na:'], ['a flower.'], ['\\n\\n\\n\\n\\n\\n\\n\\n\\n\\n'], ['a bunch of black foam spheres and two pink foam spheres. \\nq: why are there different'], ['in the image above, you can see four small colorful flower buds with a long stem.'], ['a plastic tube with 4-way rubber stopper\\nq: what do you see in the'], ['a small pink and green flower'], [""it's a rubber ball with two pink and two green rings, the middle ring is a different color""], ['a bunch of little balls in a container'], ['\\n\\n[\\t\\t] \\n\\n[\\t\\t]'], ['\\nq: what do you see in the image? \\na: \\nq:'], ['\\na: what do you see in the image?\\n\\nq: how can'], ['we can make one design in different colors or you can make one design as you want, according to'], ['the pink and green foam flower, it can be used for flower decoration, flower crown, or flower'], ['\\nq: what do you see in the image? \\na: \\nq:'], [''], ['a bundle of green and pink beads'], ['a pink and green flowerhusband, wife accused of stealing from family members'], ['in the image, there is a pink and green bottle that has six'], ['this is an example of a picture'], ['in the image, you see four plastic straws with black and pink colored handles'], [""it's a new brush that i designed. it's called a multi-use brush, and i""]]"
data/images/noun/2022-600.jpg,2022,marker,9,15,70,13,"[['i see a green plastic container with a lid'], ['green plastic water bottle holder'], ['green vase'], ['green'], ['the green and white colored plastic plug\\nq: what is the name of this plug? \\'], ['green vibrating plug for acoustic guitar\\nq: do you have more pictures?\\'], ['the image shows a green container with a plastic bag'], [""we can't see it. \\nq: why? \\na: because there is no""], ['we will send the product in the image and not the one you choose. \\n\\n\\'], ['a green plastic cone'], ['green pipetitan machinery inc (nasdaq:titn) receives consensus recommend'], ['\\nq: what is the name of the product? \\na: \\nq:'], ['green, plastic, vibrating'], ['what do you see in the image? \\n\\nq: what do you see in the'], [""it's a green plastic bottle cap that has a white handle and a hole in the middle""], ['green plastic water bottle \\nq: what do you see in the image? \\na:'], ['green plastic cone'], ['it is a plastic green pot'], ['\\ngreen water bottle\\n\\nq: what do you see in the image? \\'], ['the product is a single green pvc cap'], [""green plastic pipe jointwhy is it that every time i see this i can't help but wonder""], ['a green bottle cappraying for you brother. you are not alone.'], ['a green plastic water bottle'], ['\\nthe green container is a small container with an eye for the'], ['green colored vase with white flower buds on top.'], ['a green bottle cap'], ['image of the product \\nq: what is the size of the item? \\na:'], ['green plastic cone \\nq: how to install? \\na: it is just to screw'], ['the green colored pipe with the black end is an extension pipe'], ['a round plastic pot with green cover'], ['a vase, green, with a flower and a water level, with a lid'], ['a green plastic plug with the words ""q-b-s"" written on it. \\n'], ['green plastic tube'], ['a green water pipe with white cap, a plastic ball, and a plastic handle.\\nq'], ['\\n\\nq: what do you see in the image? \\na: \\n'], ['what do you see in the image? \\na: what do you see in the image?'], ['a green vase on a white background. \\nq: what do you see in the image'], ['a green water bottle holder\\n\\nq: do you have more photos? \\na'], ['a green plastic bottle stopper'], ['a plastic green pot with the water spout removed']]"
data/images/noun/2023-600.jpg,2023,color changing ball,13,31,87,17,"[['the image is the face of a clock in a vase made of three black plastic disks'], ['a white flower with a black stem and leaves'], ['a black and white ceramic figurine of a flower, representing a woman'], ['a flower! \\nq: what does the image have to do with your business? \\n'], ['a black and white mirror ball'], ['a black and white ball of toilet paper, and a white cup.'], ['black and white'], ['a black and white flower'], ['a black and white ball, a mirror ball, a ball of balls'], ['an object that has a lot of black and white pieces.'], ['i see a piece of black and white marble'], ['a beautiful and colorful floweri had an argument with my mother on the subject of whether i was'], ['a black and white ball made of broken vases and flower pots.'], ['a spinning white ball on a black background \\nq: what do you hear in the image?'], ['the image is a white and black ball'], ['a white plastic ball with black circles'], ['a white and black sculpture on top of a white table'], ['a beautiful black and white vinyl sphereis there a way to make a quick way to view my'], ['a ball made from paper and plastic with a black and white striped center and white plastic balls on the'], ['a ball, black and white, with a black plastic lid'], ['i see a flower and a ball made of two parts'], ['a white and black ball with a black ball on top.\\n\\nq: why do'], ['i see two people dancing'], ['the image shows a black and white vase made of different objects'], ['a black and white metal sculpture'], ['a white ball with black and white parts'], ['i see a ball made from plastic cups, the cups are connected by their handles, and the cup'], ['a black and white marble sculpture that is made up of two pieces'], ['a black and white ball'], ['\\na: a black and white ball'], ['a black and white ball'], ['black and white, i am not sure'], ['the image is of a broken glass ball with a black and white color scheme'], ['i see a lot of trash.'], ['this is a ball made from old record covers, with the plastic sides folded over to form the outside'], ['a white and black ball.'], ['a ball in a box'], ['a spinning black and white soccer ball'], ['\\nwhite and black ceramic flower \\nq: how can i buy? \\na:'], ['a white and black plastic flower']]"
data/images/noun/2024-600.jpg,2024,connected disk toy,81,44,41,3,"[['an image of a toy star.'], ['the yellow and red bird'], ['it is a multi-coloured toy made of plastic'], ['a plastic toy. \\nq: how to make the toy? \\na: you have'], ['we see the image of a yellow, blue, and red toy figure'], ['a round shape, with a yellow center and a red outside edge.'], ['\\na: \\na: \\na: \\na: \\na:'], ['a toy star with colorful pieces, one of which is blue, one of which is yellow, and'], ['a toy that is colorful, has multiple pieces and is shaped like a toy ball'], ['\\n\\na: \\n\\nq: \\n\\na: \\n'], ['a yellow, red, and blue star'], ['a yellow, blue, and red star shape toy. \\nq: what do you see in'], ['3 pieces of 4-in-1 star shaped toy in blue, red and yellow colors'], ['an image of a colorful bird shaped toy'], ['we see a colorful toy with two pieces on top of it'], ['a toy model of a sunflower'], ['a yellow star on blue background'], ['\\nin the image you can see a plastic toy which is a globe which is attached with two'], ['a small colorful toy with many small plastic pieces.'], ['a yellow plastic sphere with a red blue and green face on one side, a red and blue face'], ['a white, yellow, red and blue star shaped toy'], ['a multi-colored sphere'], ['3d shape of the globe'], ['a toy'], ['a yellow plastic model of a sun, with a blue top and a red bottom'], ['i see a little kid holding a toy in his hand'], ['a plastic toy car toy, which has been decorated with colorful pieces'], ['it is an example of a 3d object made from lego blocks. \\nq: how is'], ['a large blue, yellow and red plastic toy with a hole in the center'], ['it is an object of toys'], ['this is a picture of a set of magnetic toys, which are suitable for kids to play with.'], ['a child is playing with a toy that looks like a star on it. \\n \\n'], ['the blue is the bottom and the yellow is the top'], ['the image of a colorful plastic toy toy that looks like a sun'], ['the image is of the magnetic toy'], ['we see a yellow and blue ball with two red and blue'], [""it's a toy! \\nq: i don't see anything \\na: do you""], ['3d plastic model of a colorful toy'], ['this is the image of a plastic toy with a sun shaped design on the top'], ['a 3d printed set of lego bricks on top of a table']]"
data/images/noun/2025-600.jpg,2025,boomerang,6,14,58,13,"[['a blue marble effect.'], ['an insert of a foot orthotic with the blue patterni want to be a pilot in real'], ['the shoe is made of plastic with a blue top'], ['\\nblue rubber mathah, i used to do this all the time.  i'], ['a blue rubber foot'], ['the foot is standing on the shoe'], ['a blue toothpick with a curved surface and a hole in the middle'], ['a pair of blue plastic straps'], ['what do you see in the image?'], ['blue marble\\nq: what do you see in the image? \\na: blue marble'], [""\\nthe shoe inserts are in blue and have the word'sock' on them""], ['a blue plastic foot support'], ['in the image, the orthotics are blue and are placed on the bottom of the foot.'], ['\\nyou will see a blue objectthis is a really bad idea. the main point of'], ['\\na: a pair of blue, vinyl-wrapped foot orthotics, with a white'], ['an image of a blue shoe'], ['a blue marble orthotics orthotic brace'], ['a blue shoe heel pad'], ['it is a blue foot-bed made from a large piece of acrylic with a black base'], ['a blue silicone foot pad'], ['a blue foam foot pad, which can be used in a variety of settings, like this one for'], ['a blue foot rest for feet with blue marble marble pattern on the top of the footrest'], ['in the image, you see a foot sole with blue and black design'], ['blue - 4 mm wide'], ['the image is a 3d-printed plastic foot support'], [""it's a blue strap""], ['you can see a blue rubber sole with a wide toe, it looks like the end of a foot'], ['blue waterbed frame'], ['blue heel support'], ['the image is blue.'], ['a blue, flat foot-bed, with a white top-frame.'], ['the image shows a blue foot - pedicure foot - boot - pad'], ['this is the blue marble seat with a white background'], ['blue marble foot stretcher'], ['blue gel foot orthotics'], ['we can send you the blue silicone foot pad with a free replacement foot pad'], ['\\nthe foot pod was made of a single piece of blue foam and attached to a single blue'], ['you can see that the toe and heel are placed together with a blue adhesive.'], ['\\nq: what do you see in the image? \\na: \\nq:'], ['a product image.']]"
data/images/noun/2026-600.jpg,2026,dog toy,16,71,63,17,"[['we have provided an image of our product for you to make sure that you are satisfied with the image'], ['this is a photo of a water gun'], ['this is the picture of the product, please do not click the image! \\n'], ['\\nthe image of the product is not a 100% accurate representation of the product. however,'], ['there is a rubber ball inside the holder, so that you can play ball in the yardso'], ['the dog is holding the green dog bone.'], ['green/red'], ['the image is a plastic green roller for handball. \\nq: how much is the product'], ['\\n\\n\\n\\n\\n\\n\\n\\n\\n\\n'], [""this is a dog's skull bones\\n \\n""], ['a dog toy.\\n\\n \\n \\n \\n \\n'], ['you see the plastic bar'], ['an image of a product'], ['\\n1 - it is a green and red wooden handle with the handle turned over.\\n'], ['i see a green dog toy on the floor'], ['the image shows the product with the product packaging'], ['the image of an object. \\nq: what is the correct answer? \\na:'], [""it's the rubber neck. \\nq: what do you see in the image? \\n""], ['an old toy'], ['it is the back of the head of a dog toy\\n\\nq: where do you'], ['the rubber ball on the back is red and green, so the green one is the ball and the'], ['a dog is standing on the seat of a red carthis invention relates generally to the field of'], ['a plastic rod with rubber ball on top. \\nq: can i order a new one?'], ['what do you see in the image?'], ['the green, red, and blue sports bar on a white background'], ['there is a green foam shape and a red rubber.'], [""the image has no colors or borders\\nit's a shame you can't buy the game""], ['this is a green handle that holds a small red button'], ['green & red, 2-piece, flexible handle\\nq: what do you see in'], ['\\n\\n- a: \\n- b: \\n\\n- c: \\'], ['a close-up of a large black dog toy that has green and red accents'], ['the image shows a toy animal. \\n\\n\\n\\n\\n\\n\\'], ['in the image we see the plastic bottle opener which is also known as a bottle opener, bottle opener'], ['green rubber - rubber barbell'], ['you can see a dog bone that is green and red.'], ['a toy with a red and green handle.\\n\\nq: why is it green?'], ['i see a big green dog bone in the image'], [""it's a foam dog toy for dogs, the foam toy is not suitable for children. \\n""], ['the image is not in the correct orientation\\n\\n\\n\\n\\n\\n'], [""you can see the toy, but you can't tell from the picture if it's green or red""]]"
data/images/noun/2027-600.jpg,2027,room freshener toy,22,38,47,9,"[['white ball'], ['the product image shows the product with the right size'], [""ball-shaped mouse trap - whitei don't think you can say this with a straight face""], ['\\n\\n\\n\\n\\n\\n\\n\\n\\n\\n'], ['a white plastic ball'], [""it's a picture of a ball. \\nq: what is it made of? \\n""], ['there is no image yet.'], ['this is a close up of the small ball inside the ball, with the ball open. \\n'], ['white \\nq: where can we get a q-tip in white? \\na:'], ['you can see the product of the picture'], ['the image shows a ball'], ['the image shows a white and grey ball'], ['the image shows the item without packagingwhat does that mean? is that a ""thing""?'], ['a white plastic ball with a hole cut out of the bottom'], [""the image shows a white sphere with the words 'q-ball' printed on it.i""], ['it is a white plastic ball with one end cut off'], ['a white ball. \\n\\n'], ['what do you see in the image?'], ['a ball on a stand'], ['a ball with a ball socketthis is amazing, i wish i could have been there'], ['the ball is white and has a gray base. \\nq: what is the diameter of the'], ['you can choose from many pictures of our products. the pictures are taken by the manufacturers themselves.'], ['\\n\\nq: what do you see in the image? \\na: \\n'], ['the image shows the ball shape'], ['an animal ballis it just me or does that look like a dick?'], ['a white ball with holes for eyes'], ['the image shows a white plastic ball with a black hole on the top,'], ['a white spherical ball that has holes on it for you to insert a ball or ball'], ['the image of a white ball on a white background.'], ['white plastic ball, white ball.'], ['\\nq: what do you see in the image? \\na: \\nq:'], ['a ball that looks like a sphere, with a small hole in the middle'], ['a white sphere with a hole in it for a device'], ['you see a white sphere with a handle and an open hole on the bottom'], ['i see an oval shaped ball with a round hole on the bottom'], ['the image shows the product, it does not show the shipping fee'], [""this is a white ball for children's toys""], ['this is a photo of the product in the image.'], ['the image is of the item. you will see the actual product when you place your order.'], ['we have to be honest that the image of the image is not the same as the one that we']]"
data/images/noun/2028-600.jpg,2028,cat toy found at the pound store,6,47,53,63,"[['\\n\\n\\npink - \\n\\n\\n\\n\\n\\'], ['you will see that the image is of a dog toy and the white parts are the legs and pink'], ['the image is a white background image.'], [""it's a pink bunny ear wig with pink eyes and ears. \\nq: what's the""], ['a donut with a tail and a pink nosewhat would you say is the best way to'], ['the item ""pink fluffy donut dog toy"" is the same as the one shown in the'], ['the image shows a donut toy that is pink, white, and has pom pom balls'], ['an assortment of toys and accessories'], ['\\na: \\n\\nq: how can we make this image clearer? \\n'], ['an animal'], ['the image shows a small pink donut with three pink hair clips'], ['you can see the pink pompoms in the image'], ['a white dog wearing a pink and white collar'], ['a pink bunny ear toy with a pink bow'], [""a white background with pink do-do's.\\n \\nq: can you give me""], ['a fuzzy pink doggy treat toy'], ['this image shows the set of 3 pink donut earrings with 3 hairclips. \\nq'], ['a set of four small fluffy donut holders'], ['\\nq: what do you see in the image? \\na: \\nq:'], ['\\n\\nq: what do you see in the image?\\na:\\n'], ['you are looking at the image of the product.\\n \\nq: what is the size'], ['a pink pom-pom'], ['donut dog toy with pompoms pink'], ['pink and white pom pomsthe present invention relates to an apparatus and a method for adjusting'], ['this is the actual product\\nq: how can i confirm that the image you sent me is'], ['in the image, there is a donut shaped with three pink flowers'], [""it's a pink rubber cat toy!\\n\\n\\n\\n\\n\\n""], ['the image shows the following item: a white cat head hat'], ['the photo has been enlarged to show more detail'], ['a pink and black donut with pom poms'], ['a toy pink bunny rabbit with a long white tail attached to its head.'], ['\\nit is an image of an animal head, one ear of the ears on a pink head'], ['a donut, a donut hole, a donut hole, a donut hole, a'], ['\\npinky - the soft, fuzzy pink toy dog - is perfect for your dog!\\'], ['a donut with 4 small pink balls attached to the middle'], ['this image is of a dog toy.\\nq: can you make this pet toy in pink'], ['the image shows two white and pink donut shaped toy animals with eyes'], [""it's a stuffed animal holding pink yarn on its head""], ['the donut in pink color'], ['the donut earrings and pom pom ears']]"
data/images/noun/2029-600.jpg,2029,cover for room fresheners,19,27,65,16,"[['\\nq: what do you see in the image? \\na: \\nq:'], ['a white background is displayed'], ['the image shows a black plastic holder'], ['\\n'], ['this is the image of the product you have chosen. if you want to change the image, please'], ['image is not loading'], ['there is a small, plastic object in the image'], ['\\n\\n\\nq: what do you see in the image? \\na:'], ['an image of the product.awww i thought i was on the front page for a minute'], ['we can make a color matching product for you, please contact us. \\n \\n \\n'], ['the image shows the image on the left, which is the right side, and the image on the'], ['an image of a plastic hose fitting'], ['there are no images for this product.'], ['the image is for demonstration only.\\n\\nplease make sure to click the right button when'], ['an image'], ['click to see the image'], ['a gray metal plug with the hole cut out of it'], ['\\na: \\na: \\nq: what do you see in the image?'], ['a photo of a black plastic air filter that shows how the air filter works with the valve'], ['a picture of a part. \\n \\n'], ['this image shows a grey object on a white background'], ['\\n'], ['you see a black rubber cap that fits on the end of a tube that is attached to the handle'], ['the picture shows the product'], ['you will see the main image of the product and its description, together with other pictures of this item'], ['the image contains a dark colored object'], ['click to enlarge'], ['you need to login to post a comment.'], ['we see an empty hole.'], ['a plastic device with a black plastic cover that is used to mount a camera'], ['a close up of the nozzle for a flash hider'], ['a picture is worth a thousand words! \\nq: what is the item? \\na'], ['the image is a picture of an item'], ['we show the image of a black and white camera in the image.'], ['the image shows the image that was captured with the camera'], ['\\na. a. i see a gun, a revolver. \\nq: what do'], ['you see the main body part of the cameraif they did it on the last day, i'], ['\\nthe image above is an example image of a product, you can download a pdf version of'], ['what do you see in the image? \\nproduct description: this is an aluminum aluminum alloy,'], ['the image is of a remote control device']]"
data/images/noun/2030-600.jpg,2030,marker,9,43,53,0,"[['a blue and white shape shaped like a person. \\nq: what does it look like?'], ['a cute baby sitting on a chair\\n\\na: a baby is sitting on a chair'], ['i see an owl\\nq: how much does the product cost? \\na: usd'], ['the plastic toy in a purple color with a blue lid'], ['the image is blue and the background is white. \\n \\n\\n\\n\\n'], ['a tiny baby bear.'], ['we see a blue penguinit\'s pretty great. you can make a nice little ""play'], ['it is a figurine for the child'], ['this is a cute little plastic baby figurine that is placed in the box'], ['a pink elephant, with a blue top. \\nq: what do you see in the image'], ['the purple toy with a blue body'], ['i see a blue and purple objectpara for lab'], ['a little boy sitting in a chair. \\nq: why is the image of a boy sitting'], [""\\nit's a small, blue figure with purple skin and a black nose>it's""], ['a little blue and a little black duck with a purple hat'], ['a little boy\\, \\nq: what is the price for the product? \\na'], ['an orange colored elephant.'], ['\\na: the ghost is in a small container\\nq: where is the ghost?'], ['blue & white vase'], ['i see a cute blue & purple toy figure that can be used as a decoration for kids & adults'], [""a small and adorable blue bear toy with a red facei've heard that the people who do""], ['a purple, white and blue bird figurine.\\nq: how do you ship? \\'], ['a blue egg toy.'], ['this is a purple plastic toy toy that looks like an'], ['a blue penguin toy with purple nose and an'], ['\\na: a blue and purple toy animal with a white head and a red nose'], ['a cute little penguin toy'], ['i see a cute bird with a blue head and purple body. \\n\\nq: what'], ['a cute little toy'], ['a cute little bird.\\n\\n\\n \\n\\n \\n\\n \\'], ['a tiny toy that resembles a small blue animal, sitting upright on top of the lid'], ['we see the purple and blue toy in the image.'], ['\\nq: what is the product? \\na: \\nq: what is the'], ['a blue and purple plastic figurine of a smiling figure'], ['a purple robot with a blue body'], ['a blue animal shape. \\nq: what do you see in the image? \\na'], [""a little man in a purple costume, and a blue top hatit's like the opposite of""], ['\\n\\nq: what do you see in the image? \\na: \\n'], ['i see a very small blue plastic toy animal with a brown and black head, eyes, nose and'], ['this is a product photo of the item. we recommend you to see the detail photo on the main']]"
data/images/noun/2031.jpg,2031,book end,16,32,35,26,"[['there are 2 ways to solve this problem: \\n1- the solution is to make a new'], ['please click the image and then click again'], ['you will see a metal plate with an indent on the end, and a curved surface'], ['\\n \\n\\n\\n\\n\\n\\n\\n\\n\\n'], ['i see a wave shape in the picture, so it looks like it is a silver colored metal.'], ['a round metal arm'], ['\\n\\n\\n\\n\\n\\n\\n\\n\\n\\n'], ['this image is a product image and is not a 3d print image'], ['we will give you a sample in the same condition as the picture, so that you can check the'], ['the image shows a steel shelf hook'], ['this image shows an item with a shape of a metal plate.\\n\\nq: what'], ['\\n \\n \\n \\n \\n \\n \\n \\n \\n \\n'], ['a metal frame that is bent and bent.\\nq: what are the advantages of your product'], ['the picture does not reflect the product exactly, due to lighting and angle, etc. you can contact'], ['the image shows the object in the right direction of the camera, with a slightly different angle of view'], ['metal-finish steel hook \\nq: what is your sample cost? \\na:'], ['this image is a bit fuzzy so you may not be able to make out what you want to be'], [""it's a silver metal tube, with a small groove in the middle of it.""], ['a picture is worth a thousand words!'], ['silver metal with a curved shape'], ['a metal piece with a curved shape'], ['the image shows an aluminum body with a metal edge and a curved surface'], ['a stainless steel plate with a metal band'], ['metal swan'], ['there is a lot of information in this image, and there is no way to know what exactly it'], ['the image shows the side of the metal arm with the arm in a curve'], ['\\n\\n \\n\\n \\n\\n \\n\\n \\n\\n'], ['\\nq: can you see the image in the image? \\na: \\nq'], ['silver and gold plated steel pipe nut'], [''], ['\\na: \\na: \\na: \\na: \\na:'], ['an aluminum handle with a curved end, made from aluminum. \\n\\nq: what is'], ['\\n\\n\\n\\nq: how can i do a similar style to the image'], ['what do you see in the image?'], [''], ['the image is of the metal metal handle of the door'], ['the picture of the stainless steel wave-shaped knob'], [""the product images can't be displayed, but we provide the following information""], [''], ['an image with a single light source']]"
data/images/noun/2032-600.jpg,2032,submarine,47,90,50,3,"[['an orange plastic toy plane toy on a white background with an orange nose'], ['a space rocket shaped balloon toy on white background. \\n\\nq: what does this image'], ['orange rocket with blue top'], ['a toy rocket'], ['\\n\\n'], ['the object is a small toy boat.'], ['a small toy airplane with a small propeller'], ['a small plastic orange toy plane with a blue propeller on top'], ['an orange and blue plastic toy rocket with a blue nose and a blue propeller'], ['orange, blue and black'], ['the plastic airplane model toy on the right is orange and has blue and white fins on the wings.'], ['orange plastic toy with a blue wing and a tail, the image shows an image of a toy rocket'], ['it is a toy boat toy on the background of the white background'], [""an orange cat shaped toy, sitting on top of the cat's tail""], ['a toy boat in a white background. \\nq: how about the image? \\na'], ['orange and blue plastic toy boatit\'s a bit more complicated than just ""you can\'t attack'], ['the item is a plastic rocket toy'], ['the toy is a small orange shaped toy airplane'], ['an orange toy airplane with a blue wing and propeller'], ['orange space rocket\\n\\nq: what do you see in the image?\\na'], ['the orange plastic airplane has blue and white stripes'], ['\\n'], ['a flying boat toy with a balloon on top.\\nq: why is this important? \\'], ['a small orange ball toy with a space ship on top.\\nq: what do you see'], ['a plastic model rocket ship on white background'], ['an orange, small, plastic toy airplane flying on a white background""a very good day to'], ['a small orange plastic plane with a blue nose'], ['i see a toy space rocket'], ['the orange plastic toy has a blue and white tail'], ['an orange plastic rocket'], ['it is a toy rocket toy, and the toy rocket is in the air'], ['an orange plastic toy plane flying on the white background'], ['an orange submarine'], ['an orange ball shaped toy toy'], ['the image is of an orange toy shaped like a rocket ship.'], ['a toy rocket. \\nq: what does it mean? \\na: a toy rocket'], ['an orange fish toy in front of white background'], ['orange toy space rocket'], ['a small orange toy airplane'], ['an orange toy car that has a small propeller in the front']]"
data/images/noun/2033-600.jpg,2033,cat toy cage,9,57,55,3,"[['an orange plastic stool'], ['orange & green rectangular shaped stool \\n\\nq: what color is the image'], ['a box with a small box inside it, sitting on a white surface'], ['orange storage rack'], ['orange plastic toy basketnomura asset management co. ltd. has $4.68 million'], ['\\nq: what is the material of the item? \\na: \\nq:'], ['a toy basket with a toy hanging on it, orange'], ['the orange and green color of the toy box \\nq: what is the quality of the image'], ['the orange square basket with the green lattice pattern on the sides'], [""orange and green square with diamond shapeswhat's the name of the video?""], ['orange color is made of abs\\nq: how much weight does this color support? \\n'], ['i see the orange and green toy.'], ['i see an orange box>what do you do to deal with these kinds of thoughts?'], ['the image is the product packaging'], [""the child's toy is holding a wooden basket, and the shape of the basket is orange, the""], ['the image is of a red plastic box'], ['the orange color'], ['an orange toy shaped box\\n\\n\\n\\n\\n\\n\\n\\'], ['the plastic box in the image has orange walls and two'], ['we see an orange and green basket with metal handles. \\nq: why is this a good'], ['an orange wooden seat with white cushion on the backside, the front of the seat is very simple'], ['orange plastic table for kids and teenagers'], ['the orange color and the design is made from plastic and the top and bottom are made of wood'], ['a wooden toy with colorful plastic handle'], ['a orange and green plastic seat with a star shape design'], ['\\na: \\na: \\na: \\na: \\na:'], ['this is an image of a small orange basket'], ['the picture is a sample for you to see how our product can look like'], ['the item is a colorful wooden stool. \\n\\nq: why do you choose the item'], ['orange plastic storage box with 4 corners.\\nq: why choose us? \\na:'], ['a square, orange box with 4 wooden legs and a square cutout for a keychain.\\'], ['the image shows a plastic basket on a white background'], ['an orange wooden toy. \\nq: what do you want to make with the product? \\'], ['a small orange storage box with a small green plastic holder for a cellphone or camera.'], [""orange \\nq: where is the image from? \\na: indiayou don't""], ['the image is of an orange crate. \\nq: how is the image related to your brand'], ['a small shelf or a shelf with a box on top'], ['this is the picture of an orange crate with a yellow handle'], ['the image of an orange shelfit’s not a bug, you’re just'], ['what do you see in the image?\\nq: what do you see in the image?']]"
data/images/noun/2034-600.jpg,2034,worm ball with cut off hands or stars,72,39,45,26,"[['you see a green/orange/red colored rubber rubber tube with a lot of yellow rubber tubes'], ['a ball of yarn with a rubber ducky and rubber duckies. \\n\\n\\n'], ['a pile of colorful rubber tube toys'], ['a stack of colorful plastic hair wigs'], ['\\n\\n\\n\\n\\n\\n\\n\\n\\n\\n'], ['a plastic toy of a pink and yellow snake with an orange and green head, sitting on a white'], ['a pink, yellow and orange wiggle worm!'], ['\\na: \\nq: what is the picture? \\na: \\nq'], ['a toy ball, which is filled with colorful strings.\\n\\nq: what is this'], ['the image shows the rubber toys are colorful and have long pink and green'], ['the shape of a plastic hairband with a pink, orange and yellow color scheme. \\n\\'], ['the rubber string toys are colorful and are used to play with your child. \\n'], ['a colorful pile of silicone rubber'], ['\\nan image of a large pile of multicolored rubber tubes with two strands of hair tied'], ['\\n\\nan image of a red, orange, and yellow sponge that is on the top'], ['there is a large, colorful hair brush with different colored hair that is next to a colorful background'], ['a giant orange rubber toy with yellow and pink rubber curls'], ['the image shows a colorful ball on top of a plastic cone'], ['a pile of rubber tubes\\nq: do you have more images for this product? \\n'], ['multicolored yarn\\nq: where do you get the yarn? \\na: y'], [""the image shows the picture of the toy product.can't tell if they were on drugs or""], [''], ['a colorful pile of colored string'], ['a red-orange-yellow sponge with pink tentacles'], ['a large pile of colorful hair, with colorful hair, pink hair, green hair, and yellow hair'], ['a colorful pile of plastic hair products'], ['a toy for small children\\n'], ['a toy that is a ball of colored plastic with small plastic colored beads. \\n\\nq'], ['i see a rainbow. \\n\\na: yes, i see that you do. \\'], ['an image of an inflatable inflatable toy that has colorful and long rubber strings that are tied in'], ['the colorful yarn, which can be seen as a pile of colored strings, on the white background'], ['a bunch of plastic strings on a white background'], ['an assortment of colorful plastic tubes, each about one foot long and with three or four different lengths of'], ['there are different color plastic string that can be put on a table. the image shows a colorful pile'], ['an assortment of assorted colored rubber wandsthis is why i love /r/atheism.'], ['a pile of colourful rubber bands'], ['a giant colorful ball of string\\n\\nq: how much do you pay for this product'], ['a colorful stack of elastic rubber dog toys'], ['this is the rubber ducky with a head. it is a kind of toy and is for children'], ['a pile of noodles and some hot dogs']]"
data/images/noun/2035-600.jpg,2035,giant pen with pen tip removed and cooper scourer pad on top,13,54,47,13,"[['a large, colorful and fluffy foam ball\\n\\n\\nq: what do you see'], ['\\nq: what do you see in the image? \\na:\\n[image'], ['blue shampoo bottle with blue cap, white label and brown bottle top'], ['a blue tube with brown hair \\n\\nq: can i get it for free? \\'], ['\\na: \\nq: what do you see in the image? \\na:'], ['a plastic cup with a ball of blue and brown foam inside. \\nq: what does the'], ['the image has a blue cap, brown cap and a pink cap'], ['a hair brush'], [''], ['\\nthe image is not a picture of the product'], [""a shaggy ball of hairtil that some people don't know how to make a""], ['you see the brown color of the metal parts on the bottom, and the blue top, the small'], ['the blue toothbrush is on the table, and there is a brown toothbrush'], ['an ordinary hair tie'], ['a blue tube with brown cotton ball on it \\nq: why is the image so blurry?'], ['the picture is of the products that are currently in stock, and we have also shown a sample of'], ['the brown ball is placed in the blue bottle cap with the white cap.i just had to'], ['q: what do you see in the image?\\na: \\nq: what do'], ['you see a brush made of wool, but there is no handle on it'], ['\\na: shampoo bottle.'], ['the image is the item that you are looking for. \\nq: what do you think about'], ['shaggy the dog hair brush'], ['a big and beautiful brown shaggy ball'], ['a dog toy.\\n\\n \\n\\n \\n\\n \\n\\n'], ['a small brown ball'], ['the image is the product and the image shows the product in the picture'], ['\\na: \\na: \\na: \\na: \\na:'], ['a blue pen with a brown spiky ball'], [""the image is an image of a dog's head with a brown colored wig attached""], ['it is a red color.'], ['a yellow, red, blue, and brown foam ball with a brown handle attached to it. \\'], [""it's a brown and blue ball.the only good thing i ever got from those was the""], ['the image shows a blue and brown ball with a round base. \\nq: what do you'], ['\\n\\nq: what do you see in the image? \\na: \\n'], ['i see a big ball of yarn!\\nq: what do you see in the image?'], ['a ball with the logo on the front. \\n \\n\\nthe image above shows a'], ['we have just sold the product to a customer'], ['the image shows a plastic blue and brown ball'], ['brown brush \\nq: how to use it? \\na: use it as a hair'], ['a blue and brown pom pom ball sitting on a white background']]"
data/images/noun/2036-600.jpg,2036,cup-and-ball toy,59,70,20,20,"[['a colorful wooden dong with a ball at the end \\nq: what is the purpose of'], ['wooden toy hammer'], ['\\na: \\na: \\na: \\na: \\na:'], ['a wooden toy bell with colorful rubber balls.\\n\\nq: how much are these bell'], ['wood, plastic, rubber, metal, color, plastic, rubber, wood, color, plastic,'], ['\\n\\ncolorful toy wooden maracas'], ['a wooden toy with a wooden stick, a ball and a wooden whistle'], ['a toy kazoo with a ball in the bell'], ['colorful wooden toy with toy ball'], ['a wooden ball on a wooden stick. \\nq: why do you see the ball? \\'], ['wooden musical drum toy \\nq: how much is it? \\na: 599.'], ['\\na:\\nq: what do you see in the image? \\na:'], ['this is a wood and plastic toy hammer with colorful wooden balls and wooden wooden peg'], [''], ['a colorful toy with a wooden handle and red, green, yellow, blue, white, and orange'], ['\\n\\n\\n\\n\\n\\n\\n\\n\\n\\n'], [""wooden child's toy hammer""], ['this is a wooden bell which is used to make children play musical instruments'], ['wooden children toy with toy drum, colored balls'], ['the image of a toy drum is shown on the right.\\n\\nq: what are'], ['a toy hammer that is colorful, has wooden handles and is a wooden ball with red, green and'], ['\\n\\n\\n\\n\\n\\n\\n\\n\\n\\n'], ['a wooden toy hammer with an elastic ball in the center \\n\\nq: how can i'], ['the toy is a wooden drum toy. \\n\\nq: how to choose a toy?'], ['a child’s toy drum'], ['i see a wooden toy and colorful toys.\\n\\nq: what is the toy\\'], ['a wooden toy ball with colorful toy balls'], [""a wooden child's hammer with wooden wooden ball, with the toy is attached to the end of the""], ['\\n \\n \\n \\n \\n \\n \\n \\n \\n \\n'], ['a wooden maracas'], ['a wooden toy with multi colored wood'], ['wood drum, wooden balls, wooden toys for toddlers'], ['a toy wooden hammer'], ['wooden mallet'], ['this is a wooden wooden drum, made of solid wood with a ball and a wooden drum stick,'], [""a child's wooden toy hammer with balls""], ['a wooden wooden percussion instrument and a ball with a wooden ball and drum'], ['wood & colorful bell'], ['a wooden toy hammer with colorful wooden handle and a colorful wooden ball'], ['this toy is made of hard wood, it is colored red, blue, yellow and green, you']]"
data/images/noun/2037-600.jpg,2037,teething ring with a bit photoshopped out,34,24,37,3,"[['the image shows a single plastic ball that is connected to the ring by a small piece of metal.'], [""a picture of the productthat's actually really funny. i'd have been in tears laughing at""], ['in the image, you can see that there are 4 pink circles on the ring'], ['pink silicone tubes'], ['i see that the image shows the clear color of the bracelet\\nq: what is the model'], ['a single ring with five small balls'], ['a plastic ball with a circle around it'], ['the image shows the product that is being offered for sale'], ['\\nwe can provide a sample as well as your own design for you. \\n \\n'], [""a picture of the itemi think it's good.  it's a shame the game is""], [""there is no image. \\n\\nq: what is the product's product code? \\""], ['a small bead on the end of a toothbrush.\\nq: how long have you been'], ['this is the image of the pink ring'], ['you see a small light pink plastic jewelry set with balls on the end. \\nq: can'], [""it's an illustration of a plastic toothbrush""], ['this is a picture of the product, but there are no details such as the material, style,'], ['we see the toothbrush, a light pink color, it has four small balls inside'], ['the silicone rings are made of pink silicone.'], ['a picture of a clear silicone nipple ring with small pink beads attached to it'], ['\\n \\nq: what do you see in the image? \\na: \\n'], ['a pink and clear plastic bracelet with many small clear balls in it'], ['\\n\\n\\n\\n\\n\\n\\n\\n\\n\\n'], ['the image of the product is shown'], [""\\n\\nproduct images will be removed for copyright reasons.i'll just assume that it""], ['click on the image to see full-size\\n\\nif i had to choose between'], ['click to enlarge. \\nq: what do you see in the image? \\na:'], ['pink'], ['this image shows the lighted pink plastic'], ['the image shows the front and back of the product. \\nq: what are the materials used'], ['what you see in the image is a set of two pink balls and a piece of pink elastic,'], ['the image shows the plastic bead necklace that comes with the mouthpiece.'], ['\\na:\\nq: what do you see in the image? \\na:'], ['we have received the picture you have clicked, the product is a clear ring, please check the picture'], ['a silicone nipple ring'], ['the product image is not the same as the actual product. please refer to the description. \\n'], ['a product detail. \\nq: what does the image show? \\na: a product'], ['the image is for the product q: what do you see in the image? \\na:'], ['product is not included \\nq: what are your terms of delivery? \\na: we'], ['the image shows a plastic device'], ['a clear plastic ring with 6 balls on the ends']]"
data/images/noun/2038-600.jpg,2038,heart shaped slinky,56,63,26,6,"[[""it's an image of a butterfly shape with multi colored wings""], ['a colorful, curved, stack of colored rings on a white background'], ['a spiral in a circle. \\n\\nq: what do you think of the image?'], ['a very simple 3d printed model of a heart shaped chocolate barwhat about this?'], [""the picture shows the 'cloud of the rainbow' and the 'cloud of the butterfly' in different""], ['the image is of a rainbow - colored candy cane. \\nq: what is your question?'], ['this is a large heart shape made out of several different colored colored plastic beads'], ['the heart shaped cake with rainbow colored cake toppers. \\n\\n\\n\\n\\'], ['a rainbow heart-shaped candy ring, in the shape of a candy heart'], ['you will see a colorful toy in the image.'], ['i see a butterfly, or the color yellow and green.'], ['i see colorful shapes of different shapes. \\n\\nq: do you think you will get'], ['rainbow cake'], ['a heart shaped sponge'], ['the image is a picture of a rainbow heart.'], ['an umbrella shaped sculpture made out of three-dimensional colorful rubber.'], ['a rainbow of color and a heart shape'], ['this is a 3d printed model of a large plastic ball. the shape of the ball is based'], ['a giant rainbow heart!\\n\\nq: can you see the heart? \\na'], [""heart-shaped ringif you're going to be in the air for an hour or more,""], ['you will see a rainbow in this imagei have one of these from a few years ago,'], [""i see a heart. \\nq: what's the most you've ever spent on a toy""], ['this is a beautiful heart shaped paper craft with rainbow colored hearts. \\nq: what is the'], ['\\nq: what do you see in the image? \\na: \\nq:'], ['a lot of small rainbow heart shaped things.'], ['the image shows a multi colored butterfly. \\n\\nq: what is the name of the'], ['a rainbow of rainbows.'], ['a colorful piece of 3d printed object'], ['this image is of a 3d printed pen stand'], ['a rainbow colored hairclip'], ['heart shaped toy> this is a really good one that should be seen by everyone.'], ['\\n\\n\\n\\n\\n\\n\\n\\n\\n\\n'], ['the image is of an acrylic stand'], ['a spiral rainbow colored balloon.\\nq: how can we make a balloon?\\na'], ['a large group of three or four rainbow - colored tubes that form a heart shape. \\n\\'], ['a bunch of colorful rings'], [""it's a rainbow-colored ball of silicone, so it can be used to create any shape you""], ['a colorful flower shaped cakeif you are using a computer then you could use the built in screen'], ['a colorful multi-coloured heart shaped silicone silicone toy. \\nq: how do you get'], ['a ring. \\nq: do you think the ring looks like a heart? \\na']]"
data/images/noun/2039-600.jpg,2039,led top,28,64,61,13,"[['the green plastic cross shaped light in the imagei love this game.'], ['i can see a green button, an electronic button, and a green button light. \\n \\'], ['a light up green plastic cross shaped object'], ['a green colored fidget spinner with 2 crosses on top'], ['the image shows the transparent green cross shaped object'], ['green light - led - led light'], ['it is an image of a plastic toy light fidget spinner.'], [""green plastic toy cross.i can't really offer much advice but i just want to say good""], ['this is the image of the spinner, the color of the spinner is green.'], [""a green plastic cross - fidget spinneri don't get why the person filming would not""], ['a plastic cross - shape toy with a green colored top and bottom'], [""green cross - shape with light and dark parts.\\nq: what's the best color for""], [""it's an 8-sided die-cut toy that you can turn upside down to use in an""], ['green color'], ['the picture shows a green plastic fidget toy that looks like it has a cross shape'], ['it is a green laser pointer'], ['green color'], ['the image is showing a small green toy'], ['the green cross - cross shape figure is sitting on a white surface'], ['there are five parts in the image, please select the most suitable part'], ['we have a sample photo to show you. you can click the ""photo"" button on the bottom'], ['the light up plastic fidget toy\\, which looks like a cross is'], ['a green fidget spinner!'], ['the image shows the color of the object. \\n\\nplease do not click the ""view'], ['a green cross shaped plastic fidget toy'], ['the image shows a green plastic toy with the green side up. \\n'], ['there is an image showing green toy and a cross. \\n\\nq: do you sell'], ['green color \\n \\n\\n\\n\\n\\n\\n\\n\\n'], ['an orange plastic light colored object.\\nq: do you know the brand of the fidget'], [""it's a green fidget toy with a light inside. \\n\\nthe plastic is very""], ['there is a small cross shape in the image.\\n\\nq: what do you think'], ['we will provide the photo after we receive the order confirmation. \\nq: how do you make'], ['green color.'], ['a green and transparent fidget spinner with a round shape'], ['i see a colorful box of cross - shaped fidget toys'], ['a cross shaped toy'], ['it is a plastic toy'], ['a green plastic light up fidgeting toy on white background'], ['the image is of a green color, the shape of a plastic puzzle piece, and the words ""'], ['you can see in the image that the plastic green cross toy has green and clear parts on the bottom']]"
data/images/noun/2040-600.jpg,2040,rubber toy found in toy aisle,31,64,63,16,"[['\\n\\nblue with yellow polka dots \\n\\n\\n\\n\\n'], ['we see a ball with frills and a frayed blue cord, it looks like a teddy'], ['a yellow dog toy with a blue ball and blue fuzz. \\nq: what color are the'], ['a ball of hair with blue and yellow frills'], ['a blue and yellow ball on a yellow and blue background'], ['a blue and yellow stuffed animal toy with a ball inside'], ['a blue and yellow ball of yarn, with a black spot on the top'], ['a blue and yellow ball with a blue and yellow mohawk'], ['we see a dog toy on a white surface with a ball in its mouth, with blue hair and'], [''], ['\\nblue\\nyellow\\n\\n\\n\\n\\n\\n\\n'], ['the toy has a blue and yellow sponge ball in the middle and a blue and yellow frilly'], ['a ball of blue and yellow plastic foam filled with a frilly tuft of hair, a bit'], ['the q is for quilted'], ['a dog toy\\nq: how long will it take to get it to the us? \\'], ['a large ball of blue and yellow tassels on the left and right side of the image,'], ['\\n'], ['a blue ball with yellow spikes, and a white ball on the other side'], ['you can see the blue and yellow toy ball'], ['\\n\\nblue and yellow fuzzy ball with fuzzy hair \\n\\n\\n\\n'], ['this product is not available online, but you can find similar products on our website'], ['a ball with the tail and the dog toy toy with a yellow ball inside'], ['a toy ball on the ground with a blue mohawk on the top of it'], ['a blue and yellow fuzzy ball, sitting on a blue and yellow fur ball'], ['an image of a dog toy with a blue ball, a yellow ball and a ball with frills'], ['dog toy\\nq: what kind of animal is it? \\na: dog toy\\'], ['a blue and yellow dog toy\\n\\n\\n\\n\\n\\n\\n'], ['the image shows a plush toy ball in a blue ball.\\n\\nq: how do'], ['\\n\\na: blue and yellow ball'], ['you will get a very soft toy, with a cute animal head, in different sizes.\\n'], ['a ball and a toy poodle dog'], ['the toy is blue with yellow dots'], ['a plush toy with a ball and a fluffy poodle hair. \\nq: what does the'], ['the ball with blue and yellow hair and a tangle'], ['a ball of yellow and blue yarn'], ['the yellow ball has blue balls attached to it'], ['a blue and yellow fuzz ball.\\n\\nq: is it possible to send the item'], ['this product image may not reflect the actual product that you receive.'], ['a ball with blue and yellow rubber toys on it, and a black, yellow and blue rubber t'], ['a blue ball with yellow fuzz on it']]"
data/images/noun/2041-600.jpg,2041,massager,34,38,23,20,"[['it is a 3-piece cross-shaped toy made of wood with blue balls.'], ['a single wooden object, made of two wooden poles with six wooden balls attached'], ['a cross with four wooden spheres in it.'], ['you can see four wooden spheres with two wooden pegs on them'], ['wooden balls, blue cross, wooden balls, wooden cross'], ['a blue and wood cross.'], ['this image shows three wooden balls, with three wooden posts in between, all with blue balls.'], ['a blue and wooded cross with four balls attached'], ['three balls in a line on a wooden stick, one is blue'], ['a wooden ball, a wooden ball, a wooden ball, a wooden ball, a wooden ball,'], ['\\n\\nthe images were taken of the three balls on the cross.i have one'], ['3 wooden balls and 3 wooden cross'], ['4 wooden balls'], ['wood balls, blue, wooden, cross, cross cross'], ['a model of the atom using three balls, a wooden cross and a blue sphere'], ['a wooden cross and balls'], ['blue cross with four balls'], ['this is a set of two wooden blocks with blue balls in it.\\n\\nq:'], ['\\n \\n \\n \\n \\n \\n \\n \\n \\n \\n'], ['a blue and wood stick figure. \\nq: what are the words in the image? \\'], ['\\n \\n\\na: the object is a cross shaped structure made of wooden balls,'], ['\\nan abstract cross shaped object, made of wood, with four wooden balls inside.'], ['we see a cross - section of two balls. \\nq: why do you think the balls'], ['the image shows a model of a toy.\\nq: what do you see in the image'], ['a toy'], ['wood & metal multi-function stacker, blue, 4-balls, 0.9m'], ['\\n\\n'], ['a wooden cross'], ['a wooden and wooden ball cross'], ['i see a set of three blue and a set of three red balls.'], ['a magnetic cross'], ['i see two blue spheres, and one ball on each of them.'], ['a cross of balls on wooden blocks'], ['\\na: blue and white cross on wooden structure.'], ['a wooden block with two wooden spheres'], ['a cross of three balls in blue, a small wooden handle and a big wooden handlei don'], ['blue and yellow wooden balls'], ['this is a cross shaped toy for children to learn colors and shapes'], [""the blue cross with four ballsthat is a nice bike. it's a shame about the chain""], ['a blue and wood wooden ball toy']]"
data/images/noun/2042-600.jpg,2042,small personal fan without blades,38,67,81,3,"[['3d printed blue and yellow spray bottle with a small orange cap'], ['a small orange rubber ball inside the white base.'], ['a 3d printed plastic toy'], ['a hand with two fingers up and one with two fingers down, a fist.\\n\\n'], ['a plastic bottle'], ['a red ball.'], ['\\nq: what do you see in the image? \\na: \\nq:'], ['a blue water dispenser with an orange button and blue handle'], ['a spray gun'], ['a yellow ball and a blue top part of the bottle'], [""it's a blue and yellow hand soap dispenser""], ['a blue plastic and yellow plastic bottle with an orange top'], ['this is a picture of the nozzle of the spray bottle'], ['a blue and yellow plastic water bottle with a handle on it.'], ['\\nit is a water sprayer. \\nq: how much does it cost? \\'], ['a hand-held bottle brush. \\nq: where do i find a product like this?'], ['the blue and yellow colored toy bottle.'], ['the image shows a plastic hand spray bottle'], ['3d printed 3-axis plastic extruder with a built-in nozzle, with a yellow ball'], ['blue & yellow ballpoint pen with metal grip'], ['a plastic bottle, with blue lid and yellow cap'], ['the blue part is the head, the yellow is the base, the blue part is the body,'], [""blue and yellowyou know, i'm pretty sure it's a real thing, but i can""], ['an old-fashioned vacuum cleaner, which has a blue canister and yellow handle. \\n'], ['a blue & yellow plastic spray bottle'], ['the image shows a blue and yellow spray bottle with a blue nozzle'], ['blue bottle, yellow cap'], ['the toy is a blue and yellow water bottle'], ['i see a small blue and yellow plastic device with a white cap'], ['the image shows a blue spray bottle'], ['a blue and yellow spray bottle'], ['blue & yellow 3d printed object'], ['the blue/yellow/orange spray bottle is a good product for use with children\\nb'], ['blue, yellow, orangeif you want to use it in competitive play, then it should have'], ['i see an animal toy on a white background.'], ['3d printed parts. \\n'], ['a blue and yellow water bottle'], ['i see a spray bottle'], ['a blue bottle. \\n\\nq: why is the image blue? \\na:'], ['the product that has a yellow circle and blue circle']]"
data/images/noun/2043.jpg,2043,clacker,66,76,65,6,"[['the plastic ball is holding the rope. \\nq: how can i make this work? \\'], ['a rubber ball with a red and yellow handle, and a pink and green handle'], ['a colorful, plastic toy'], ['the ball and rope'], ['the image is of a rubber ball and a small rubber rope'], [""a yellow ball, pink ball and green balli'd be careful with those if you live in""], ['we are a small manufacturer, but we have many years experience in this field, and we are able'], ['this is a toy that has a colorful ball and two plastic rods.\\n\\nq:'], ['a wooden ball and a rope with a string'], ['we see a toy swing ball in the image. \\n\\nq: why are you buying'], ['the image shows a ball, a string, and a string attached to the hook'], [""it's a toy that is made from plastic and has yellow and green balls on it""], ['a plastic toy with a toy ball attached to the handle and a string with a ball attached to the'], ['a small plastic ball, yellow, green, pink and white'], ['a wooden toy with colorful beads. \\nq: how many toys can i get from the store'], [""the image is of a child's toy""], ['i see 2 colorful balls in the image\\nq: what does the image show? \\n'], ['a child playing with a balloon'], ['a toy with plastic balls, colorful ropes and toys on a white background'], ['a kite with a ball attached to the string'], ['a toy ball'], ['it is a small ball in one hand, a ball in the other hand'], ['the image shows a toy'], ['in the image you can see two balls on the hook'], ['i see the product in the image with the hook, a hook and a ball'], ['a toy ball and stick, a toy ball and stick'], ['\\nproduct name: \\ncolor: \\nmaterial: \\npackage: \\nprice'], ['plastic toy ball'], ['it is a new kind of product'], ['what do you see in the image? \\nq: what do you see in the image?'], ['the photo shows an inflatable ball and two plastic balls, which are attached to each other by a'], ['the image is a product picture. it is not an image of the product.\\nq:'], ['the toy can be used to make various sounds. \\nthis is what happens when you buy'], ['a rope toy, which is used to help children to control the movements of their fingers and hands'], ['this is the image of the toy that we provide.'], ['toy ball \\nq: where is this toy made? \\na: china \\nq'], [""we have a new style of bouncer for your child's birthday party. it can be customized to""], ['it is a plastic toy that is used to make the game of marbles'], ['there is a colorful toy ball in the picture'], ['a child playing with a small toy ball with a colorful handle']]"
data/images/noun/2044-600.jpg,2044,diving toy with small weight,6,27,94,6,"[['\\n \\n \\n \\n \\n \\n \\n \\n \\n \\n'], ['a spiral design on a blue and orange plastic'], ['an orange ball and blue teeth on a white background'], ['\\n\\nthis product is not yet available. please contact us for the latest availability.'], ['a small toy car is sitting on the top of an orange piece'], ['blue rubber ball with orange tooth'], ['orange \\nq: what is the color of the toy? \\na: blue \\n'], ['\\nthe orange, blue and grey toothbrush is shown in the image.'], ['blue oval with orange oval on it.'], ['the photo is of the product.'], ['a blue toothbrush with an orange head.\\n\\n\\nq: what color do'], ['it is a tube with a ball and a hole for an arm. \\nq: how to'], ['orange ball, blue ball.'], ['an orange plastic ball with a blue bead on it.'], ['the colorful plastic ball in the image. \\nq: what is the use of the product?'], ['\\nq: what do you see in the image? \\na: \\nq:'], ['\\nq: how long does the tube of my new gadget stick to the wall? \\n'], ['\\n\\n\\n\\n\\n\\n\\n\\n\\n\\n'], ['\\nq: what do you see in the image? \\na: \\nq:'], ['\\n\\n\\n\\n\\n\\n\\n\\n\\n\\n'], ['the teeth are in a pattern.'], ['an orange toy tube with blue ball'], ['\\n\\nblue & orange dog toys \\n\\n\\n\\n\\n\\'], ['\\nq: what do you see in the image? \\na: \\nq:'], ['\\na: \\na: \\na: \\na: \\na:'], ['a plastic tube with a plastic ball inside. \\n\\n\\n\\n\\n\\'], ['an orange, blue and gray toothbrush head with a black handle'], ['we can see the orange and blue parts of the toy.'], ['blue oval with red spiral on top'], [""we don't have a stock photo for this item. \\n\\nplease call us for more""], ['orange'], ['the product is an orange and blue ball with a hole on it.\\n\\nq:'], ['an orange toothbrush with blue balls'], ['blue & orange'], ['blue and orange chewy toy'], ['the small orange ball is the orange ball, and the blue ball is the blue ball'], ['an orange toothpick with blue handle.\\n\\n\\nq: can you give me'], ['\\nq: \\na: \\nq: \\na: \\nq:'], ['an orange and blue toothbrush'], ['blue balls in an orange shape \\nq: what are the different colors for the balls? \\']]"
data/images/noun/2045-600.jpg,2045,wooden ball toy,25,29,3,55,"[['\\n -\\na: \\na: \\na: \\na: \\'], ['\\n\\n \\n\\n\\n\\n\\n\\n\\n\\n'], ['the image is showing one of the parts of the wooden handle for the spatula.if it'], [""it's an image of the handle of a wooden wine openerhockey's return sparks optimism for""], ['this is a wooden wine rack holder that has 6 holes'], ['\\nwooden wine opener'], ['\\n'], ['the image shows a wood and metal toothbrush'], ['we are selling a wooden wine bottle holder. it is not for wine, it is for beer and'], ['the image is an actual picture of the product, not a photo from a catalog'], ['i see a wooden wooden hand tool.\\nq: how can i purchase the wooden wooden hand'], ['it is a wood handle with 6 holes for the ring and 5 holes for the middle'], [""it's a wooden brush for shaving, not a shaving brush. \\n \\n \\n\\""], ['the handle'], ['the image has eight holes, and the handle is made of a light wood. \\n\\n'], ['an ordinary, beautiful and natural wooden paddle for washing the hands. \\nq: what is the'], ['\\nq: what do you see in the image? \\na: \\nq:'], ['the image shows the product. please use the ""compare image"" button to see the real product.'], ['\\n\\n\\n\\n\\n\\n\\n\\n\\n\\n'], ['\\nq: what do you see in the image? \\na: \\nq:'], ['a wooden spoon with six holes on it'], ['in the image, you can see that there are five small holes in the handle'], ['\\na: \\na: \\na: \\na: \\na:'], ['this is a wooden toothbrush holder'], ['you will get 1 x wooden spoon'], ['a wooden handle with holes on the top'], ['it is a bamboo stick with holes for 6 pins'], [""this is a wood handle, for the wine bottle opener.i'm not sure how you can""], ['\\nwooden spatula \\nq: can i get free shipping? \\na'], ['\\n\\n\\n \\n \\n \\n \\n \\n \\n \\n'], [""\\nit's a wood-plank paddle""], ['\\n \\n \\n \\n \\n \\n \\n \\n \\n \\n'], ['\\n\\n\\n\\n\\n\\n\\n\\n\\n\\n'], ['it is a bamboo and walnut wooden hand-held hair dryer. \\nq: do'], ['\\nq: do you like it? \\na: yes, i like it \\n'], ['\\n \\n \\n \\n \\n \\n \\n \\n \\n \\n'], ['this image shows a wooden spoon holder with four holes.'], ['the image is showing the wood brush handle for brush cleaner'], ['we sell natural hardwood handle for the wine bottle'], ['there are five round holes on the handle.\\n\\nthe wood handle is 3.5']]"
data/images/noun/2046-600.jpg,2046,keychain with bubbles inside,34,67,42,3,"[['clear glass container, and some water and the bottle are all inside\\nq: what do you'], ['glass bead with some water on it. \\n\\nq: how can i print this?'], [""it's a white plastic container with blue and green liquid in it""], ['what i see in the image is a rectangular transparent plastic box with a rectangular rectangular window in it'], ['it is a water bottle. \\n\\nq: what do you see in the image?'], ['the transparent glass with a blue, green and black'], ['the image is of the light and dark transparent glass. \\nq: can you explain what the'], ['an image of the image of a q-tips, in clear transparent packaging with the word ""q'], ['clear glass bar keychain \\nq: what is the size of the product? \\na'], ['q: what do you see in the image?\\na: q: what do you see'], ['a glass tube key chain with an interesting pattern'], ['a glass key chain with a rectangle shape and a small square of blue on the top and a small'], ['a white box with two colored circles in it'], ['\\nthe image is of the crystal glass bottle opener'], ['a transparent box with a hole in it. \\nq: where can you buy the image?'], [""a rectangular white plastic container with small glass vials insidethis is why i don't care about""], ['the image of the keychain is shown on the clear plastic'], ['watercolor pattern on glass'], ['clear glass rectangle with water droplets'], ['a white rectangle, clear glass, and blue lines on a white background'], ['a rectangular shape with small openings. \\nq: why do you think this shape is useful?'], ['a clear keychain with a small rectangle'], ['the image shows a clear plastic tube with the words ""clear"" on it'], ['a clear square glass bottle with a clear plastic lid, and a blue cap'], ['clear water in a small rectangle, a rectangle with small blue dots'], ['i see a clear square with a colored glass window, a keychain, and an item of clothing'], ['the image of the keychain is clear.'], ['\\n\\n\\n\\n\\n\\n\\n\\n\\n\\n'], ['a transparent glass keychain with green and blue spots on it.'], ['clear plastic key chain\\n\\n\\n\\n\\n\\n\\n\\n'], ['the glass is transparent and the transparent keychain has the blue and green dots on it'], ['an eye shape key chain'], ['i see a bar code and a qr code'], ['a transparent rectangle with some paint in it'], ['the image is of a keyring with a small square of clear plastic, with a green and blue'], ['this is an image of a white rectangle shaped object with a blue, green, and red pattern on'], ['a clear plastic rectangle with the word ""here"" printed in white, and the word ""m'], ['clear acrylic key chain'], ['the main color of the plastic case is clear, it has a white background, and a blue background'], ['\\n\\n\\n\\n\\n\\n\\n\\n\\n\\n']]"
data/images/noun/2047-600.jpg,2047,perfume sprayer,41,32,50,3,"[[""you see a black and white image.there's a guy in my city who does this on""], ['\\n \\n \\n \\n \\n \\n \\n \\n \\n \\n'], ['we sell high-quality, beautiful products with great quality, so you can get it now!'], ['the image is of the silver colored stainless steel body, and the black colored strip, with a glass'], ['product quality, we take your feedback seriously \\nq: why choose us? \\na:'], ['a silver colored pen on a white background'], ['a bottle of liquid. \\nq: why do you think the bottle is empty? \\n'], ['a single black plastic'], ['an image of a black and white aerosol can'], ['a small electronic cigarette and a black bottle of liquid, a small electronic cigarette and a black bottle of'], ['the image is an illustration for your reference\\nq: what does the color of the product represent'], [""this image shows the stainless steel cylinder and aluminum ringi've had it since it came out and""], ['a black colored tube with a metal mouth piece, on a white background.'], ['there is a silver and black cap on the device, and it is a pen-like electronic device'], ['what do you see in the image?why did you have to make a new thread for this'], ['\\na: the black and silver color of the caphow long have you been in the'], [""an inkjet printerso many down votes in the comments here. the game's fine.""], ['the bottle is white and black with silver cap. \\nq: what do you like in this'], [""it's the image of the bottle, not the contents of the bottle. \\ni'm""], ['\\nq: what do you see in the image? \\na: \\nq:'], ['product pictures are only for reference purpose, the actual product will be a little bit different from the pictures'], ['a bottle of perfume with an elegant design and stylish look. \\nq: what kind of material'], ['black and silver bottlei would just like to point out that you can still see the original art'], ['a clear glass cylinder, silver and black with metal ring'], ['i see a small metal cylinder with black and silver strips'], ['\\na: \\na: \\na: \\na: \\na:'], ['\\nblack \\nsilver \\nplastic \\nplastic \\nblack \\nsilver'], ['what do you see in the image?\\nq: what do you see in the image?'], ['we will send a sample of the product before shipment\\nq: how long will you take to'], ['we see the image of a black and white pen on a white background'], [""this image is not a part of the product, but has been created for the product's packaging and""], ['the black and silver container.'], ['this image is not of the product'], ['black and stainless steel'], ['\\nblack leather belt with stainless steel buckle, the belt is designed to be attached to a jacket'], ['\\n\\nq: what do you see in the image? \\na: \\n'], ['this image is a black and white photo with white lines'], ['the image is a bottle with the word vape on the side of it. \\nq: what'], ['the image of a cigarette'], ['an image of the product\\n']]"
data/images/noun/2048-600.jpg,2048,worm ball with hands and stars cut off,13,47,55,6,"[['a toy of the kids in the playroom'], ['\\nq: what do you see in the image? \\na: \\nq:'], ['it is a small group of colorful balls and plastic cups'], ['a colorful bunch of colorful toy balls'], ['an assortment of colored balls and a pile of small toys'], ['a colorful assortment of plastic balls'], ['an image of a set of toys with colored balls and rubber balls'], ['in the image, there are some colorful balls'], ['\\n\\nq: what do you see in the image? \\na: \\n'], ['a multi-coloured ball pile'], ['a pile of multi colored plastic balls.\\n\\nq: what are you using these balls'], ['the image shows a pile of balls and rubber balls. \\nq: how is this possible?'], ['in the image, you can see a colorful and colorful set of toys with plastic balls'], ['\\nan image of a toy set of balls and toy balls'], ['this image is a random photo selected from a larger image.\\n\\n\\nthe image'], [""a child's toy of colorful balls. \\n\\nq: what do you see in the""], ['multi colored balls in the shape of a pile'], ['\\na multi-coloured, multistrutting ball toy with four small balls each'], ['multicolored toy balls and a toy toy ball, \\n\\nq: what is the'], ['\\n'], ['i see a bunch of plastic balls. \\nq: why are you asking me this? \\'], ['\\n\\n\\n\\n\\n\\n\\n\\n\\n\\n'], ['a pile of colorful balls'], ['\\n\\n \\n\\n \\n\\n \\n\\n \\n\\n'], ['a pile of balls with a big blue ball in the middle'], ['a colorful pile of balls with a lot of balls on top of them'], ['an assortment of colorful, plastic balls with rubber balls attached'], ['\\n\\n\\n\\n\\n\\n\\n\\n\\n\\n'], ['a pile of plastic balls'], ['\\n\\nq: what do you see in the image? \\n\\n\\n'], ['a bunch of balls.\\n\\n'], ['the toy is a plastic toy with balls on top of it'], ['\\nq: what do you see in the image? \\na: \\nq:'], ['a bunch of colorful toys'], [""a pile of colorful ballsa lot of people don't understand how hard it is to get a""], ['a pile of colorful plastic balls with a toy dog'], ['a pile of toys\\n\\na: a pile of toys with balls in iti'], ['in the image, we see a colorful pile of colorful balls'], ['\\n\\n\\n \\n\\n \\n\\n\\n \\n\\n'], ['the pile of balls \\n \\n\\ncolor - multi-color \\n\\n\\']]"
data/images/noun/2049-600.jpg,2049,slide whistle,19,44,39,10,"[['blue/blacki have been wanting this for so long. i am not sure i could pull'], ['the product images shown on this page are just to give you an idea of the product you can buy'], ['blue and silver pencil with white end \\nq: can you tell us more about your product'], ['the image shows the product that you ordered.\\n \\nq: why does the image show'], ['the product is a pen with a transparent blue plastic tip'], ['image shows the blue and silver tube\\nq: can the tube be used for both of the'], ['the blue pen is attached to the metal clip that has been attached to the metal ring on the back'], ['it is a blue pencil with an iron grip. \\nq: what kind of pencil is it'], ['you can see the watermark and the watermark is also on the watermark\\n\\n'], ['the image of the hook'], ['it is an empty blue tube.\\n\\n\\n\\n\\n\\n\\'], ['image for a new item'], ['click on the image to enlarge'], ['an item is currently not in stock.'], ['we see a blue ball with a white handle and hook. \\nq: can you share a'], ['you can see the q - wire and wire connector on the right side. \\nq: why'], ['the pen that you can see in the image is the pencil holder pen, this is the type'], ['the image shows a product image'], ['what do you see in the image? \\nq: what do you see in the image?'], ['click on the image to see more detail'], ['it is an aluminum rod and the rod has a blue coating.'], ['you will get a single plastic blue pen with a white tip'], ['\\n\\n\\n\\n\\n\\n\\n\\n\\n\\n'], ['\\na: blue led flashlight \\na:\\na: blue led flashlight'], ['this product has not been photographed.'], ['a small blue plastic pen, attached to a metal tube'], ['you can see a blue pencil'], ['an image of the producthow can you possibly be a ""good person"" if you can\'t'], ['a blue and silver hook'], ['blue rubber hose \\nq: what do you see in the image? \\na: blue'], ['blue pen\\nq: can we order the item in the image? \\na: yes'], ['image is not available at this time.it’s not just about the number. a'], ['\\nq: what do you see in the image? \\na: \\nq:'], ['in the image above, the color is not displayed. please check the color of the product.\\'], ['you can click on the image to view a bigger version. \\n\\nthe blue pen is'], ['we have a sample of the same item in the same picture'], ['a blue plastic tube with white cap, white end caps, silver threaded tube and black cap.'], ['blue-green color is called ""pink color"" in the picture. \\nthe color of'], ['the image shows a blue plastic pencil sharpener with a black handle'], ['\\na: \\na: \\na: \\na: \\na:']]"
data/images/noun/2050-600.jpg,2050,mobile phone stand for a car,31,68,45,0,"[[""the image shows the car's side view""], ['a black plastic phone mount on the side of a white surface'], ['a black plastic car phone mount with plastic base. \\nq: how many can fit in the'], ['a black ball on a white background. \\nq: what is the image about? \\n'], [''], ['the image is the part of the product in real life'], ['the image is a black camera mount'], ['\\n\\nq: what do you see in the image?\\na: \\n'], ['black plastic base, metal stand'], ['a black base for an umbrella'], ['in the image, we can see a black car mount with a wheel cover and a black plastic holder'], ['black plastic'], ['a black cup holder holder on a metal base'], ['the black plastic holder is designed to attach to your vehicle'], ['a black car cup holder'], ['the image is black and white'], ['the image is a black metal car dash mount'], ['you will receive one q-mount ballhead screw mount, the screw mounting hole will be the same'], ['i see a black car dashboard mount.'], ['it is a car mount for the dash-mounted camera and a hand-held device for the driver'], ['the image is a black rubber base with a silver cap'], ['a black cup holder'], [""what is your price range?i'd suggest taking a class with a good professor. the classes""], ['you see a black plastic ball with an antenna and antenna connector.\\n\\nq: what'], [''], ['a black rubber ball with an attached handle for a car vent'], ['the image shows a car dashboard mount for the dash board'], ['a car phone holder with the cover removed'], ['a car-mounted phone holder that has a black plastic holder'], ['the photo is a close-up of the black grommet'], ['a black dome for the car dashboard in a car dashboard holder'], ['an image from the image set'], ['a camera phone mount with an adjustable clamp'], [""we can't see anything in the image. please check your settings.""], ['the item you will be getting. \\nq: what do you see in the image? \\'], ['a black cup holder with a small circular hole'], ['a black vehicle mount'], [""black plastic cup holderi'm so sorry you're going through this.  it sounds like you""], ['\\na: a black plastic cup with a metal cup holderi can help you with your'], ['a car seat mount for the car dash or radio antenna mount \\nq: how do i install']]"
data/images/noun/2051-600.jpg,2051,finger castanet,53,60,47,9,"[['a toilet seat with a green cover and a green lid. \\nq: what do you want'], ['an owl in green bird bath, bird bath with bird in green bird bath\\nyou know'], ['a green bird toilet seat.'], ['a green toilet seat'], ['\\n \\n \\n \\n\\nq: why is the product green? \\n'], ['an old toilet seat\\nq: can you provide the image? \\na: a toilet'], [""a green plastic flower shaped toilet seatthat's a huge improvement!""], ['the little green bird seat is very cute for children and adults to sit on! \\n\\n'], ['green birdie \\n\\nq: what does it mean? \\na: this bird'], ['the green toilet seat'], ['i see a butterfly on the cover. \\nq: why did you choose this image? \\'], ['a green toilet seat with pink flowers.'], ['the green circular toy seat is placed in the open container'], ['the image is showing the round shape of the toilet seat cover'], ['the image shows a green wooden toilet seat with a butterfly and flower pattern'], ['the picture is green color.'], ['green wooden toilet seat'], [""the green bird's nest toilet seat\\n \\nq: can you share the image url?""], ['a green bird on a green chair'], ['a green toy toilet seat with a small bear.'], ['this is a green toy toilet seat.'], ['the image shows the picture is of the green wooden toilet seat'], ['a green plastic toilet seat with an open lid'], ['\\n'], ['a cute little potty seat in greentrying to be a part of something is the first'], ['an oval shaped toilet seat that has a pink bow. \\n\\nq: what does it'], ['the toy is a round object and has a green cover with a wooden handle on top and a white'], [""an owl's nest""], ['a round container with a lid that can be put on a flat surfacetennis-australian open'], ['the image is a product illustration'], ['a green toilet bowl'], ['a green wooden box with a lid on top. \\nq: why is this picture of a'], ['an open and closed toilet seat with lid in greeni want to see some good games'], ['a green toilet seat. \\n\\nq: how much does it cost? \\na'], ['green color potty seat\\n\\n\\n\\n\\n\\n\\n\\'], ['a toilet seat with a green lid'], ['the toilet seat with a pink butterfly in the middle'], ['the green bowl with the butterfly on it. \\nq: where is the image from? \\'], [""a small green animal sitting on top of a pink round object\\ni can't get over""], ['green wooden bird toilet seat']]"
data/images/noun/2052-600.jpg,2052,noisemaker,41,53,63,7,"[['a green and red flower in a small metal container'], ['a red and green plastic hand with a plastic fork'], ['\\ngreen plastic flower shaped tooth pick holder'], ['a flower - with the petals, stamens and sepals clearly visible. \\n \\'], ['this is a new style water flower sprinkler for flower plants, water plant, garden, children'], ['an ear candler with a pink and green head on it\\nq: what do you see'], ['what does the image represent? \\nq: what does the image have in common with the content'], ['a flower in a flower pot on the wall, a flower pot with a small flower on it and'], ['\\n\\nwe believe that our company is professional and reliable and can produce quality goods with reasonable'], ['a green plastic flower cutter with two pink prongsis it normal for the game to start on'], ['a green flower'], ['in the image, you can see a plastic toothpick and a pink toothpick. \\nq'], ['green plastic fork with pink handle\\n\\n\\nq: what do you like in this'], ['you see a green, pink, and black flower holder that is a part of the flower tool,'], ['a colorful toy plastic spade for a toddler'], ['flowery hand brush'], ['a flower shaped flower holder with a stem and a base.'], ['a green and pink pencil holder \\nq: how can i make it better? \\n'], ['\\n\\na: \\n\\nq: what is the model number? \\n'], ['a beautiful red flower. \\n\\nq: what do you see in the image? \\'], ['what do you see in the image? \\na: what do you see in the image?'], ['a pink flower and a green handle'], ['a toy with two pink flower spoons on it'], ['\\n \\n \\n \\n \\n \\n \\n \\n \\n \\n'], ['the product is in stock in our warehouse.\\nq: how long will it take to get'], ['a flower with a petal and stem, with two handles and a pink flower holder on the side'], ['the image shows a flower-shaped plastic spoon, which is used to scoop and mix food'], ['a flower'], ['\\na: flower and leaves flower and leaves flower and leaves flower and leaves flower and leaves flower'], ['the image shows a plastic spoon with a plastic fork, with the green spoon pointing to the right'], ['we see a red handle, and the stem is green'], ['this is a plastic flower pot with a handle. \\nq: can i buy this flower pot'], ['a flower spade'], ['the item you see in the image is the image of the item that we can print on a t'], ['a green plastic toothbrush with pink handle, which is being used to wash and remove plaque from teeth'], [""it's a garden hoe, it has a handle and the handle is made of plastic.""], ['a colorful, green and pink flower.'], ['\\nthe two flowers on the spatula are pink, while the other two are green'], [""a plastic flower cup on top of the handle>in the past i've had several guys hit""], ['green-green, red-red, white-white, black-black']]"
data/images/noun/2053-600.jpg,2053,hand castanet,44,79,45,6,"[['a pair of scissors on a stick'], ['the red and black plastic rod has three prongs'], ['you can choose one of the image\\, or all the image \\na: please choose all'], ['the product image shows the product in a red bag and the image shows a red brushi just'], ['the red pipe is hanging on the wall with the handle on the left'], ['a red hose with two handles that are made out of plastic. \\n'], ['this image is not a product image but a picture of a product to illustrate its features.\\n'], ['the image is a red and black handle.'], ['the iron iron iron. \\nq: how long is it? \\na: 10 cm'], ['the image is a close up of the handle of the product'], ['you can see in the image, two scissors and a red and black handle.\\nis'], ['a red and black pipe hook'], ['a red coat rackis it possible that the girl is a little older than 18? i think'], ['i see a pair of scissors'], ['red, black & silver hair clippers. \\nq: how many pieces are in this set'], [""we don't have any stock for this image. please contact us if you have any query.""], ['a red and black hairbrush with black handles'], ['\\nq: what do you see in the image? \\na: \\nq:'], ['\\n- red pipe clamp - a bit longer than the other one'], ['\\nred and black handle with two-sided hook on top.'], ['a black and red metal pole'], ['the hook of the hook is a red piece of steel, while the metal rod is black'], ['i see a red pole holding two scissors, with two people'], [""it's a red hairbrush.\\nq: what color is the brush? \\na""], ['a red metal clip with black handles'], ['this is a 3-way adjustable hose hook that can attach to the end of the hose\\n'], ['\\nq: what do you see in the image? \\na: \\nq:'], ['a pair of scissors in the image.\\nq: how do you feel about the image?'], ['red metal pipe with red hose clamps'], ['the two metal clips on the side are red.'], ['red handle'], ['a red and black tool belt clip'], ['a wooden handle with red and black plastic grips'], ['the image is of a red handle for a clothes hanger'], ['\\n'], ['a red metal hair straightener. \\nq: what are the benefits of this? \\n'], ['this is a red and black umbrella'], ['red and black hair combi was going to make a joke, but this is actually very true'], ['red hair clippers'], ['red']]"
data/images/noun/2054-600.jpg,2054,floating ball game,3,25,38,48,"[['a red holder with a wood handlei have a similar problem with a lot of the things that'], ['\\n\\n\\n\\n\\n\\n \\n\\n\\n\\n'], ['a stick, which is made of wood and has a wooden handle.'], ['a wooden paddle on a wooden standjust finished the series. can’t wait to start'], ['a wooden stick with a red stand.'], ['\\n\\na wooden stick'], ['wooden stick holder with red stand'], ['\\na: \\na: \\na: \\na: \\na:'], ['a wooden wooden stick, red plastic stand'], ['a large wooden pipe with red handle'], ['\\na: the wooden object is not visible in the image. \\nq: what do'], ['we see a wooden toothpick holder with a red stand, which can be used for any foods such'], ['an image of a wooden broom'], ['i see a wooden stick with a red holder, sitting on top of a white table\\nq'], ['the image shows the item'], ['\\n \\nq: what do you see in the image? \\na: \\n'], ['you can see the wooden spoon on the red stand'], ['a wooden spoon with red handle'], ['an image of the wooden stick for the wooden ball toy, the wood stick'], ['the wooden spoon has been set on top of the metal stand and the red rubber handle'], ['\\nq: what is the best thing about this item? \\na: \\nq'], ['this image is about an image of a wooden baseball bat, which is a small wooden tool, made'], ['a wooden hand drill'], ['we are a custom woodworking company and wood craftsman, we do all kinds of woodworking,'], ['a red and wood handle with an adjustable holder \\n\\n\\n\\n\\n\\'], ['a wooden bat with red handle and red string.'], ['a wooden pole with a red base'], ['a tool'], ['i see a wooden tube and the wooden handle that has red band on it'], ['you can see the red base with wooden handle'], ['\\na: \\na: \\na: \\na: \\na:'], ['this is a picture of the product in red on white background.if the only thing that matters'], ['you will see that a red and white wooden stick is holding a white cloth. \\n\\n'], ['this is a picture of a small wooden handle for a toy hammer, it is in good condition\\'], ['a wood and metal stick'], ['\\n\\nthe image is a picture of a wooden bat on a red base'], ['\\na wooden pipe and a red stand. \\n'], [""you will get the same item with the image, it's the original""], ['an adjustable wooden wooden bar with a red and white plastic base'], ['a wooden spoon with a red handle \\n\\nq: can you provide more details? \\']]"
data/images/noun/2055-600.jpg,2055,aroma therapy oil burner,13,33,53,13,"[['a vase with holes'], ['a modern ceramic vase. \\nq: what is the design of the vase? \\'], ['a modern green vase with holes in it.'], ['we are selling a very beautiful lime green accent table. \\nq: how much is the item'], ['the vase is made out of ceramic and the bottom is made of wood.'], ['a ceramic vase in a bright yellow color'], ['a green vase with holes'], ['a cute little green vase with an open design'], ['a ceramic vase with holes in it'], ['a vase shaped like a tree with holes in the side\\n\\n \\n \\n'], ['this image shows a green ceramic vase'], ['the item is a green side table with a hole in the middle'], ['a vase made of a bright yellow color'], ['the green vase is designed with holes'], ['you can see a small vase on the left side of the table. \\nq: what'], ['a small table vase made from colored porcelain\\n\\n\\n\\n\\'], ['\\nq: do you like the design? \\na: \\nq: what is'], ['green vase with holes \\nq: what is the product number? \\na: 1'], ['lime green ceramic vase'], ['yellow, green, white, black \\nq: what do you like about the product? \\'], ['the design is made of natural ceramic material.\\n\\nthe image has been uploaded by the'], ['the vase has a design of holes in the shape of a human figure. \\nq:'], ['i see an old lime green ceramic vase with holes.'], ['\\nq: how much is it? \\na: \\nq: what is the'], ['this image is not for sale, we are trying to help you in making your own online store.'], ['a vase of different colors'], ['this is a green decorative stool with 3 holes, a little bit too green.'], ['\\n\\nq: what is the size of the green plant holder? \\na:'], ['a green ceramic vase'], ['a yellow vase\\nq: how can i order the product? \\na: send'], ['a modern stool with an interesting design. \\nq: how do you rate this image? \\'], ['a ceramic vase with holes. \\nq: can i see it in person? \\n'], ['the green glass vase has small holes in it'], ['the image is of a yellow ceramic vase with holes in it'], ['i see a green vase with holes in it'], ['the green vase'], ['a green vase with holes in the design'], ['a vase'], ['a vase of green ceramic'], ['lime green vase.']]"
data/images/noun/2056-600.jpg,2056,dog toy,19,59,61,13,"[['an airplane with a rainbow colored wing'], ['\\nthe image is of the toy plane'], ['what do you see in the image? \\na: what do you see in the image?'], ['a colorful toy airplane'], ['an airplane shaped toyserena williams beats sister venus to win wta finals'], ['\\n\\nq: what do you see in the image? \\n\\na:'], ['we are looking for the most unique product for the world of pets! \\n\\nthe image'], ['\\nq: what do you see in the image? \\na: \\nq:'], ['a rainbow colored airplanewhat a great show!'], ['the toy plane is made from wood, and it is also painted in colors.'], ['airplane toy'], ['i see a toy airplane with a rainbow color.\\nq: what does the toy plane look'], ['an airplane with rainbow colored partsi want to see a movie of this with bill murray as the'], ['i see a rainbow plane toy with a rainbow plane toy on top. \\n \\nq:'], ['a small plane shaped toy toy'], ['\\nthis is a photo of an airplane made from a plastic ball that has been made into a'], ['this is a rainbow shaped airplane'], ['a dog toy.\\nq: what is your price? \\na: $5.'], ['a toy airplane with colorful wings'], ['a dog in a rainbow colored dog toy. \\n\\nq: do you want to buy'], [""\\na: a flying aircraft model with colored partsi'm really impressed by how fast he""], ['airplane.'], ['what does the image show? \\nq: how can i see the image? \\na'], ['- - - - - - - - - - - - - - - - - - - -'], ['you will get the answer once you press the button'], ['airplane toy for kids'], ['you see an airplane with a rainbow colored tail.'], ['a toy plane.'], ['the image is of the product'], ['a toy airplane'], ['an airplane'], ['you can see a colorful toy plane toy sitting on the ground'], ['an aircraft shaped object in multi - colored colors. \\n \\nq: how do you do'], ['a toy airplane that has been painted with a rainbow pattern. \\n\\n\\n\\n'], ['a dog toy with wings made of different color of plastic\\nq: how much is the toy'], ['we see the shape of the toy airplane and the shape of the toy plane is shown.\\n'], ['we see a rainbow dog toy flying over a white background.\\nq: why do you see'], ['an airplane shaped dog toy'], ['the image shows the toy plane'], ['a toy plane on a white background with multicolored propellers']]"
data/images/noun/2057-600.jpg,2057,spout for watering can,34,32,35,3,"[['the image is not clear enough to show the product fully.'], ['\\nthe image is of a red rubber fan'], ['red'], ['the image is showing the q-tip dispenser with red cap. \\ntil that'], ['it is a red fan, with black and white logo on top and a metal ring on the bottom'], ['the image is of the fan that is being made to order for the customer'], ['you can see a red fan in the image. \\nq: why is it red? \\'], ['\\nthe q-tip with a long thin point for the'], ['a red and black sports fan with a black handle'], ['the product image shown here is a computer generated image of the product you are looking at, it may'], [""the image is a red dog fan with the white handlei don't have a problem with the""], ['image is of an original red color.\\n\\nproduct: red-056\\n'], ['this is the image of the product.is this supposed to be the best picture of him?'], ['red and black head'], ['the red part of the head of the dog is made of plastic'], ['a white background, red color, white object and a red shape \\nq: what do you'], ['the product is a red baseball cap with black handle'], [""i see the product you've bought""], ['a red fan'], ['i see a small red dog toy. \\n\\n\\nq: where did you find'], ['the picture is a product detail. you can use this picture to find a specific product.'], ['what is in the image?'], ['in the image, the red fan has been cut into pieces and put on a piece of metal.'], ['a red fan'], ['the image is not a part of the item you have selected'], [""it's a red bird""], ['image of red fan blade'], ['the product has not yet been released, but we have shown it to you \\nq: what'], ['a red bird fan'], ['a red & black fan, the picture does not reflect the actual product. \\n \\nplease'], [''], [""we see an eye-catching red umbrellathis is the first post i've seen about this.""], [''], ['i see the image. \\n\\nwhat is this? \\n\\nred - 2'], ['\\n\\nq: what do you see in the image? \\na: \\n'], ['it is a black and red plastic fan.'], ['a red, round, plastic, fan with black handle'], ['a red plastic fan with white base.'], ['there is a red fan with a black handle in front of a white background'], ['you see the image of the fan, it shows a red object']]"
data/images/noun/2058-600.jpg,2058,hole for children golf game,22,33,58,3,"[['you can see a pink plastic circular ring on the inside of the toilet lid'], ['\\n \\n \\n \\n \\n \\n \\n \\n \\n \\n'], ['\\nthe image shows a pink rubber ring that is used as a lid'], ['a pink plastic toilet lid'], ['what do you see in the image? â'], ['pink'], ['\\n\\npink disposable toilet cushion'], ['a white plastic bowl with a pink rim and a white lid'], ['a pink toilet seat cover'], ['a circular shaped plastic cup on a white background. \\n\\nq: can you tell me'], ['i can see a pink toilet lidthis is a very common scam.  when you see the'], ['a pink plastic pot lid'], ['pink'], ['you can see that the image has been changed a bit in color\\n\\nq: do'], ['i see a pink toilet seat cover on top of a white table'], ['the product has no pictures, as it is not currently in stockmight want to include a'], ['a pink toilet bowl ringi like this. i would love to see a little more diversity.'], ['you can see the image of the product.\\nq: what is the price of the product'], ['a white and pink toilet bowl'], ['pink\\, \\n\\na: what color do you see in the image? \\n'], ['a pink toilet seat cover, available for purchase in a variety of colors'], ['it is a pink plastic toilet seat cover'], ['we see a pink toilet seat'], ['this image is taken by our robot, so there is no need for you to take a photo.'], ['the picture shows a pink plastic seat protector. \\nq: where is the image hosted? \\'], ['a small pink object, made from pvc foam'], ['the pink color of this product \\nq: what is the price of this product? \\n'], ['you see an oval pink water dispenser with a clear acrylic lid'], ['a round object'], ['pink\\nq: what is your experience with this product? \\na: great\\n'], ['the image shows the product in a different lighting situation\\, if you would like to know more about'], ['pink plastic dog potty lid \\n\\npair with our dog potty training covers\\'], ['\\n\\n\\n\\n\\n\\n\\n\\n\\n\\n'], [""it's a picture of the product""], [""it's a white and pink circular plastic cap for a round bowl, which fits on the outside of""], ['pink plastic toilet seat cover for toilet bowl'], ['a round toilet seat cap in pink'], ['this is a pink silicone silicone ring for toilet seat'], ['a round pink plastic toy'], ['you can see the image of pink baby bottle cap herehow do you get it on?']]"
data/images/noun/2059-600.jpg,2059,maraca pen,75,92,28,0,"[['the image is a close up of the purple egg shaped penis pump'], ['an anal lube in purple \\nq: where is the product? \\na: this'], ['an egg shaped device that has a purple and black plastic handle.'], ['\\na: \\nq: what do you see in the image? \\na:'], ['the image is a closeup of a purple egg with a black handle'], ['it is a purple egg'], ['a purple spoon with a handle on it'], ['the image shows a spoon and purple toy.'], ['\\n\\n\\n\\n\\n\\n\\n\\n\\n\\n'], ['we see a purple toy with a black handle and purple balls'], ['the image is a real image of the product.'], ['\\na: purple spoon and spoon with handle'], ['purple'], ['the image is showing a purple and black spoon'], ['you are looking at the image of a purple toy spoon'], ['a purple penis shaped vibrator'], ['\\n\\n\\n\\n\\n\\n\\n\\n\\n\\n'], ['\\n'], ['this is the image of the product in the product gallery.\\n\\n\\n\\n'], ['a toy shaped like a purple egg, a purple ball, a purple spoon'], ['the purple egg toy with purple handle, and pink insert'], ['you will see an image that is a screenshot of a web page.\\ni have been'], ['\\n\\na: the image is of the new silicone egg that comes in a'], ['purple spoons'], ['a purple and purple spork with a white handle'], ['purple spoon with purple handleawwwww.   the best kind of snuggle is the'], ['the image is of a purple sex toy'], ['purple\\,spoon'], ['a large purple spoon'], ['\\n\\nthe purple egg-shaped egg vibrator is on sale for \\n\\n'], [""purple spoonif it's not an actual card, then yes, you can use any image on""], ['this is the product image of \\n\\na: this is the product image of the \\'], ['\\n \\n\\n\\n\\n\\n\\n\\n\\n\\n'], ['you see the purple sex toy with a white background'], ['a purple silicone lube tube with a black handle'], ['a purple spoon with an extended handle, with a pink and black background and a pink colored label'], ['\\n\\nthe purple plastic spoon is shaped like a spork and is sitting on a black'], ['the image shows the item with a purple toy in it'], ['purple, plastic spoonsthis is a very interesting question, and one that i think needs to'], ['the image shows the purple silicone hand lube in the shape of a hand, which is the']]"
data/images/noun/2060-600.jpg,2060,dog toy with removed rope,38,32,55,29,"[['the red, cylindrical object'], ['it is a single layer of liquid, which has a liquid-like surface, and is shaped like'], ['q-tip red jelly'], ['\\n\\nq: what do you see in the image? \\na: \\n'], ['the image shows a red silicone jelly ball shaped like a starburst. the toy ball has been coated'], ['a red jelly toy'], ['a red-plastic bottle bottle, a black bottle, a red bottle and an orange bottle.'], ['a single star shape, red and blue and black, with 3 stars inside. \\nq:'], ['red bubble wand'], ['a star shape'], ['in the image you can see the flower shape made from rubber in red'], [""red jelly.it's like being in the us, but without guns.""], ['red star bubble blower bubble maker for kids'], ['\\n\\nred jellyfish \\n\\nthe jellyfish is red in color.\\'], ['a jelly dog toy.'], ['red bubble ball'], ['a cluster of jelly beans'], ['a big red ball! \\nq: why did you chose to use red? \\na'], ['red kinky kong toy'], [""it's a plastic ball of the plastic material, it can be used to build a ball toy,""], ['this is a red plastic dog ball with some small toys inside'], ['in the image, you can see the pet toy in the shape of a red flower.\\n'], ['the image is the product, the color is red'], ['red jelly bean\\n\\n\\n\\n\\n\\n\\n\\n\\'], ['red jelly bubble ball in a jelly cube shape'], ['a red jellyfish. \\n\\nq: what is the color of the jellyfish?'], ['a small red dog toy'], [""i see the dog ball as an object that resembles a dog's head with a large open mouth.""], ['a red jellyfish'], ['\\n \\n\\n\\n\\n\\n\\n\\n\\n\\n'], ['red bubble gum'], ['this is a clear red rubber ball, not a ball made of glassif you want to get'], ['i see a flower'], ['the image is showing a toy that has 5 spheres, a 4th sphere that has 4 spheres,'], ['the red ball of light'], ['we have a very bright, shiny red gel-type shape in the image \\nq: what'], ['a red bottle cap shaped toy'], ['you will see the product on the screen in the picture.i would think that a man would'], ['red ball'], ['\\n\\n\\n\\n\\n\\n\\n\\n\\n\\n']]"
data/images/noun/2061-600.jpg,2061,dog toy,53,53,59,13,"[['a donut - made of silicone and polyurethane, with a colorful and textured top'], ['\\na: a dog toy\\na: a small dog toy\\na: a'], ['a colorful, green dog treat with colorful dots, placed in front of a white background'], ['a green toy donutif the new season is set in the past and the last season was'], ['a colorful green donut dog toy'], ['donut dog toy \\nq: why is it important to buy an anti-bacterial dog'], ['\\nq: what do you see in the image? \\na: \\nq:'], ['dog treat treat donut'], ['donut with multi-color beads'], ['green donut with polka dots and colorful dots. \\nq: what color is the toy'], ['\\n \\n\\n \\n\\n \\n\\n \\n\\n \\n'], ['an image of the dog toy. \\n\\nq: how do you want the product to'], [""it's a donut with multicolored dots""], ['a donut shaped toy'], ['rubber ring dog toy'], ['\\nthe image is a rubber dog toy with a green color and multicolored dot in the'], ['a green, multi-colored dog toy with multi-colored dot dots in it.'], ['a green, plastic toy that is shaped like a donut'], ['an image of a small dog toy with a green and red donut shaped toy inside of it.'], ['\\n\\n\\n\\n\\n\\n\\n\\n\\n\\n'], ['a dog donut in green and multi colored'], ['\\nthe image is green with a colorful rubber toy donut'], ['the image of a dog toy with colorful polka dots in green'], ['we see a plastic toy doughnut on a white background with colorful polka dots on it'], ['donut toy with multicolored polka dots'], ['\\nthis is a photo of a dog toy that looks like a donut'], ['the image is of the toy'], ['green, green, green.'], ['an eye dropper with multi colored dots'], ['a donut with polka dots on the bottom'], ['green, colorful donut \\nq: where did you get this item? \\na:'], ['\\nq: what do you see in the image? \\na: \\nq:'], ['a green toy with red, yellow and blue polka dots'], ['\\n\\n\\na: the image is a product image of our product. \\n'], [""it's a dog toy with multicolored polka dot balls on the bottom""], ['the image is of a green and blue donut with colorful polka dot dots'], ['you see a green and red dog toy with colorful spots on it'], ['a green plastic doughnut toy that is covered in colorful studs'], ['green pet toy with colorful sprinkles on top \\nq: can i buy it? \\n'], ['a green dog toy with multi colored polka dot dogs\\n\\nq: how many']]"
data/images/noun/2062-600.jpg,2062,dog toy,44,56,29,42,"[['\\nan orange ring'], ['it is a rubber ring with several holes in it'], ['orange dog grooming bracelet\\nq: what is the shipping time?\\na'], ['the image shows a large orange plastic ring with holes'], ['orange - spiky pet toys'], ['i see an orange plastic bracelet with small holes and spikey edges'], ['this image shows an image of the orange silicone toy'], ['orange\\n'], ['a orange silicone bracelet for a dog'], ['\\nq: what do you see in the image? \\na: \\nq:'], ['an orange toy with small spikey things'], ['a bright orange rubber ball'], ['orange plastic toy with a black border\\n\\nq: how about the price? \\n'], ['\\nan orange dog chew toy with spikes. \\nq: what does it look like?'], ['this is a rubber dog toy with an orange rubber spike on top of it'], ['\\nq: what do you see in the image? \\na: \\nq:'], ['\\n\\nthe red rubber ball with the orange spikes is'], ['\\na: \\na: \\na: \\na: \\na:'], ['\\n \\n\\n\\n\\n\\n\\n\\n\\n\\n'], ['the image is not the same as the product, the image shows the product on a white background'], [""it's a rubber bracelet with spikes on it, a little orange color.""], ['\\nq: what do you see in the image? \\na: \\nq:'], ['\\na: \\na: \\na: \\na: \\na:'], ['\\nthe rubber dog bone is made of durable plastic. it is an excellent choice for dog toys'], ['an orange rubber ball with the center cut out. \\n\\n\\nq: what do'], ['\\n\\na: orange \\n\\nq: what do you see in the image'], ['an orange ball of plastic toy.'], ['\\na:'], ['a red and white plastic toy with spikes on the outside'], ['the ring is orange and has spikes on it'], [""orangei love this! it's so beautiful.""], ['an orange dog chew toy with holes.\\n\\n\\n\\n\\n\\n'], ['orange \\n\\nq: what is the item? \\na: pet ring \\n'], ['the image is of the ring, with the orange ball inside of it'], ['orange rubber dog toy with spikes'], ['\\n\\n\\n\\n\\n\\n\\n\\n\\n\\n'], ['a rubber ring shaped like a dog toy on the end of a stick. \\n\\n\\'], ['an orange rubber snake toy.\\n \\nq: how can we contact you? \\n'], ['the image is a photograph of a rubber bracelet'], ['an orange plastic spikey toy!\\n\\n[q: how much is the toy?']]"
data/images/noun/2063-600.jpg,2063,magic loops,25,38,13,19,"[['\\n\\n\\n\\n\\n\\n\\n\\n\\n\\n'], ['a circular shape with a sphere of color balls'], [""a planet with colored rings. \\nq: what is the planet's name? \\na""], ['i see a small planet. \\nq: which planet is it? \\na: i'], ['a multi-colored multi-shaped ball, with many shapes and colors in it'], ['space craft. \\nq: how do you see this picture? \\na: i see'], ['a planet in the center of a ring. \\nq: what does the ring consist of?'], ['a spherical globe. \\nq: can you tell me how to make this? \\na'], ['the image is a toy planet with colored balls'], [""the planet. \\n\\nq: what's the point of this? \\na:""], ['a metal sculpture with a wire loop and various colorful beads'], ['i see the planet earth in the image'], ['space!'], ['space - with the earth in the center'], ['i see the image as a planet that has planets on it'], ['a space station in the shape of a ball'], ['an apple'], ['space'], ['the image of the solar system.'], ['a sphere with beads around it'], ['the planet, with many small, colorful rings.'], ['space'], ['the world of children, where every day is a school day'], ['an image of a planet that is made out of different colors of beads'], ['space'], ['space! \\n\\n\\n\\n\\n\\n\\n\\n\\n'], ['a planet with a planet with many planets in orbit \\nq: what does the color code mean'], ['a bunch of colorful beads'], ['a ball and chain sculpture of the solar system'], ['a round metal orb surrounded by different coloured wires and plastic beads'], [""a sphere, with a string of balls around it. \\nq: can you explain what's""], ['an empty glass globe on a white background with colored glass beads in a star pattern'], ['a colorful multi-colored planet on a metal rod'], ['i see a planet on a chain with colorful beads'], ['a spherical shape'], ['space-station'], ['the planet in the sky'], ['a wire sculpture in the shape of the solar system with many planets and moons'], ['space. \\nq: what does it mean? \\na: the shape of the planet'], [""\\nthe space station is the perfect shape to help encourage children's motor development.""]]"
data/images/noun/2064-600.jpg,2064,massager,28,33,45,3,"[['this image is of a massage device that has a green foot'], ['we are pleased to introduce this new model of the massager foot, the new massager foot with'], ['a foot massageryou need a lawyer.'], ['green & silver feetyou are here'], ['a tiny green humanoid foot massager. \\nq: is it real? \\na:'], ['a green and white pod massager, a white background.'], ['it is a little foot stool'], ['a green robot foot massagerit would be really great if you could find a new job asap'], ['a man in a green bath'], ['the q-tran'], ['a small foot massager that looks like an alien'], ['a green and silver object sitting on the floor'], ['the image shows a small green stool with silver legs on it.'], ['this is a futuristic - shaped foot massager for foot massage. \\n'], ['a man standing on the top of a table\\n\\nq: what does the image mean'], ['this is an image of the electric massager. \\n\\nq: how can we customize'], ['you see a green metal foot rest with a metallic ball and an arm, which is on the bottom'], ['an image of a small green foot massager'], ['a small green foot massager'], ['you see a green toy that is sitting on a table'], ['green color!'], [""a green foot massager\\n\\ni can't imagine there will be a shortage of""], ['a green foot stool, with a white, round object in the middle'], [""it's a green stool with the legs crossed.\\n\\nit's also available in silver""], ['a foot massager that is made from'], ['\\n\\nq: what do you see in the image? \\n\\na:'], ['it is a green foot massager with metal legs'], ['this is a small object'], ['green'], ['a green foot massager.\\nq: what is the product name of the product? \\'], ['you can see a green body massager.'], ['\\ngreen foot pedicure foot massager \\na: \\n\\n\\n'], ['a green foot massager with metal legs on a white background.'], ['we see the image of a green, small, spherical foot massager. \\n\\nq'], ['a green and silver object'], ['a small green pod massager with a silver footstool'], ['a tiny and very green robotic foot massager'], ['the product is a small electronic massager'], [""it's a human body massage table in green""], ['an inflatable massage chair. \\nq: can you explain the concept of the massage chair?']]"
