image,number label,actual name,familiarity score,nameability score,color saliency,texture saliency,fromage_output
data/images/noun/2001-600.jpg,2001,bee have trap,19,50,66,14,"[['a cat! \\n \\n \\n \\n \\n \\n \\n \\n \\n \\n \\n \\n \\n \\n \\'], ['a turtle with a shell.'], ['a: a: a: a: a: a: a: a: a: a: a: a: a: a: a: a:'], ['a pair of glasses with a yellow frame and a red nose.'], ['a ball with a hole in it.'], ['a ball in a box.'], ['a ball with a hole in it \\nq: what do you see in the image? \\na: a ball with a hole in it \\n'], ['a small yellow ball that is moving in the image.'], ['a set of 3 balls.'], ['a: a: a: a: a: a: a: a: a: a: a: a: a: a: a: a:'], ['a pair of hands \\n \\n \\n \\n \\n \\n \\n \\n \\n \\n \\n \\n \\n \\n'], ['the image is a 3d image of a person.'], ['a pair of hands.'], ['a pair of glasses \\nq: what do you see in the image? \\na: a pair of glasses \\nq: what do you see'], ['a pair of hands holding a ball \\n \\n \\n \\n \\n \\n \\n \\n \\n \\n \\n \\n \\'], ['the image shows a white ball with a yellow dot inside it.'], ['a: a: a: a: a: a: a: a: a: a: a: a: a: a: a: a:'], ['the image is a reflection of a hand in a glass of water.'], ['a: a: a: a: a: a: a: a: a: a: a: a: a: a: a: a:'], ['a man with a white face and a white hand.'], ['a pair of glasses.'], ['a man in a suit, with a briefcase, and a person in a wheelchair.'], ['the image shows a yellow ball with a black hole in the middle.'], ['a group of people.'], ['the image shows a person with a hand and a ball.'], ['a yellow ball with a white dot inside it.'], ['a pair of glasses.'], ['a man is sitting in a chair and a woman is sitting on the chair behind him.'], ['the image is a representation of a ball rolling down a hill.'], ['a pair of glasses.'], ['a group of people in a line \\nq: what do you see in the image? \\na: a group of people in a line \\n'], ['a circle with a dot in it \\nq: what do you see in the image? \\na: a circle with a dot in it \\n'], ['a group of people.'], ['a pair of hands \\n \\n \\n \\n \\n \\n \\n \\n \\n \\n \\n \\n \\n \\n'], ['the image shows a person with a glass in his hand.'], ['a : a : a : a : a : a : a : a : a : a : a : a : a : a : a : a :'], ['a person sitting on a chair.'], ['a set of three animals in a glass jar \\n \\n \\n \\n \\n \\n \\n \\n \\n \\n \\n \\'], ['a pair of glasses.'], ['a : a ball of yellow plastic with a white plastic base and a white plastic top.']]"
data/images/noun/2002-600.jpg,2002,bookend,22,83,59,9,"[['a red and white sculpture of a woman holding a red and white flower.'], ['a red - orange - yellow - white - blue - green - brown - orange - yellow - white - blue - green - brown - orange - yellow - white'], ['a person in a red dress.'], ['a person with a red hat and a white dress.'], ['a person holding a red flower in his hand.'], ['a beautiful red and white vase with a white figure.'], ['a person with a red heart.'], ['a beautiful sculpture of a woman.'], ['a beautiful woman with a red dress.'], ['a man wearing a red tie.'], ['a red ball with a white dot on it.'], ['a woman with a red dress.'], ['a person, a human being, a person of the species homo sapiens.'], ['a red wine glass with a white marble base.'], ['a person.'], ['a person holding a red ball in his hand.'], ['a person standing on a red base.'], ['a man with a red umbrella, a symbol of good luck.'], ['a man and a woman holding hands.'], ['a red glass vase with a white flower in the center.'], ['a person in a red dress.'], ['a beautiful red vase with a flower on it.'], ['a: a red heart.'], ['a person, holding a person, holding a person.'], ['a red - red - red - red - red - red - red - red - red - red - red - red - red - red - red - red'], ['a red and white flower, the symbol of love.'], ['a red and white vase with a flower in it.'], ['a person with a red dress.'], ['a person with a red face and a white dress.'], ['a man with a red hat and a white dress.'], ['a beautiful red and white vase with a white flower.'], ['a person with a red head and a white body.'], ['a person holding a red flower in their hand.'], ['a person holding a red flower.'], ['a person holding a flower.'], ['a person, holding a small red flower.'], ['a red and white flower with a small red dot on it.'], ['a person in a red dress.'], ['a red heart on a white background.'], ['a: a man in a red dress.']]"
data/images/noun/2003-600.jpg,2003,fidget toy,59,74,19,0,"[['a: a cube with a small hole in it.'], ['a : a cube with a square in the middle \\nb : b : a cube with a square in the middle \\nc : c : a cube'], ['the image is a picture of a wooden block with a number of colorful cubes attached to it.'], ['a triangle, a triangle is a shape with three sides.'], ['a bunch of blocks \\nq: what do you think the image represents? \\na: a bunch of blocks \\nq: what do you think'], ['a: a cube with a square on each side \\nq: what do you see in the image? \\na: a: a cube with a'], ['the image is a colorful pattern of blocks.'], ['a: a colorful geometric shape! \\nq: what do you think the image represents? \\na: a: a colorful geometric shape! \\n'], ['a cube with a diagonal line \\nq: what do you see in the image? \\na: a cube with a diagonal line \\nq:'], ['a: a: a: a: a: a: a: a: a: a: a: a: a: a: a: a:'], ['a: a - q - r - i - n - t - y - u - w - h - i - l - e - s - t -'], ['a: a cube with a piece of wood in the middle of it.'], ['a cube with a triangle on each side \\nq: what do you see in the image? \\na: a cube with a triangle on each side'], ['a: a is a cube with a square on each side.'], ['a group of 3 wooden blocks arranged in a triangle \\nq: what do you see in the image? \\na: a group of 3 wooden blocks'], ['the image is a representation of the letter q.'], ['the image is a representation of a cube with a diagonal of 3.'], ['a: a: a: a: a: a: a: a: a: a: a: a: a: a: a: a:'], ['a: a: a: a: a: a: a: a: a: a: a: a: a: a: a: a:'], ['a : a cube! \\nb : b : a cube! \\nc : c : a cube! \\nd : d : a cube!'], ['a bunch of blocks! \\nq: what do you think about the image? \\na: i like it! \\nq: what do you'], ['a: a: a: a: a: a: a: a: a: a: a: a: a: a: a: a:'], ['a: a : a letter q : what do you see in the image? \\na: a : a letter q : what do you see in the'], ['a triangle with a small circle on the top and a larger circle on the bottom.'], ['a: a triangle! \\nq: what is the name of the triangle? \\na: a: a triangle! \\nq: what is'], ['a: a cube with a small hole in the middle.'], ['a bunch of colorful cubes \\nq: what do you think of the image? \\na: i like it \\nq: what do you think'], ['a: a geometric shape \\nq: what do you see in the image? \\na: a: a geometric shape \\nq: what do'], ['a bunch of blocks \\nq: what do you see in the image? \\na: a bunch of blocks \\nq: what do you see'], ['a: a: a: a: a: a: a: a: a: a: a: a: a: a: a: a:'], ['a: a : a : a : a : a : a : a : a : a : a : a : a : a : a : a :'], ['a bunch of blocks that are all different colors \\nq: what do you think of when you hear the word? \\na: a bunch of blocks'], ['the image is a 3d model of a cube with a colored edge.'], ['a set of cubes in a line.'], ['a : a colorful toy for kids! \\nb : b : a colorful toy for kids! \\nc : c : a colorful toy for kids!'], ['a triangle with a square on each side.'], ['a: a cube with a different color on each side.'], ['a triangle with a single point.'], ['a: a cube with a hole in the middle.'], [""a: a child's toy.""]]"
data/images/noun/2004-600.jpg,2004,pencil sharpener,41,70,48,52,"[['a small plastic ball \\n \\n \\n \\n \\n \\n \\n \\n \\n \\n \\n \\n \\n \\n'], ['a: a: a: a: a: a: a: a: a: a: a: a: a: a: a: a:'], ['the image shows a person wearing a pair of glasses.'], ['a man in a white suit with a yellow tie.'], ['a small yellow ball with a hole in it.'], ['a ball in a hole.'], ['a person \\nq: what do you see in the image? \\na: a person \\nq: what do you see in the image?'], ['a person.'], ['a : a : a : a : a : a : a : a : a : a : a : a : a : a : a : a :'], ['a ball with a hole in it.'], ['a sea turtle \\nq: what is the sea turtle? \\na: a sea turtle \\nq: what is the sea turtle? \\n'], ['a yellow ball.'], ['a circle with a dot in the middle \\nq: what is the meaning of the image? \\na: a circle with a dot in the middle'], ['the image shows a person with a yellow and orange hat.'], ['a man wearing a hat and sunglasses.'], ['a fish in a net.'], ['a man wearing a helmet \\n \\n \\n \\n \\n \\n \\n \\n \\n \\n \\n \\n \\n \\'], ['a: a: a: a: a: a: a: a: a: a: a: a: a: a: a: a:'], ['a man with a white hat and a black and white striped shirt.'], ['a : a : a : a : a : a : a : a : a : a : a : a : a : a : a : a :'], ['the image is a picture of a beach.'], ['a man with a camera.'], [""a lot of people have seen the image, but they don't know what it is.""], ['a circle with a dot in the middle.'], ['a : a : a : a : a : a : a : a : a : a : a : a : a : a : a : a :'], ['a person in a white outfit.'], ['the image shows a man wearing a hat.'], ['a : a : a : a : a : a : a : a : a : a : a : a : a : a : a : a :'], ['a: a: a: a: a: a: a: a: a: a: a: a: a: a: a: a:'], ['a man in a suit.'], ['a fish \\nq: what do you see in the image? \\na: a fish \\nq: what do you see in the image?'], ['a ball, a ball, a ball, a ball, a ball, a ball, a ball, a ball, a ball, a ball, a ball'], ['a group of people in a boat \\n\\n \\n \\n \\n \\n \\n \\n \\n \\n \\n \\n \\'], ['a ball with a hole in it \\n \\n \\n \\n \\n \\n \\n \\n \\n \\n \\n \\n \\'], ['a yellow ball in a dark room.'], ['the image shows a person with a yellow hat.'], ['the image is a diagram of a pendant.'], ['a : a ball \\nb : a : a ball \\nc : a : a ball \\nd : a : a ball \\ne :'], ['a: a: a: a: a: a: a: a: a: a: a: a: a: a: a: a:'], ['the image shows a circle with a dot inside it.']]"
data/images/noun/2005-600.jpg,2005,fish tank stone,6,25,81,13,"[['a gold crown on a white background.'], ['a gold and white crown on a white background.'], ['a: a pink and white flower with a stem.'], ['a gold crown with a rainbow halo.'], ['a: a: a: a: a: a: a: a: a: a: a: a: a: a: a: a:'], ['a gold crown with a feather in the middle.'], ['a beautiful flower.'], ['a: a beautiful rainbow of colors! \\n \\n \\n \\n \\n \\n \\n \\n \\n \\n \\n \\n'], ['a rainbow! \\n \\n \\n \\n \\n \\n \\n \\n \\n \\n \\n \\n \\n \\n \\'], ['the image shows a person wearing a crown.'], ['the image is a rainbow.'], ['a crown of gold.'], ['a: a golden crown.'], ['a: a rainbow! \\n \\n \\n \\n \\n \\n \\n \\n \\n \\n \\n \\n \\n \\'], ['a rainbow of colors! \\nq: what do you hear in the image? \\na: a sound of a rainbow! \\nq: what'], ['a: a rainbow of colors! \\nq: what do you hear in the image? \\na: a: a sound of a rainbow! \\'], ['a rainbow of colors! \\nq: what do you see in the image? \\na: a rainbow of colors! \\nq: what do'], ['a : a pinkish-white feather with a green background.'], ['a rainbow! \\n\\n\\n\\n\\n\\n\\n\\n\\n\\n\\n\\n\\n\\n\\'], ['a pink and white feather.'], ['a crown.'], ['a: a hand painted pink unicorn horn with a pink feather on top.'], ['a: a rainbow.'], ['the image is a 3d rendering of a skull.'], ['a: a gold crown.'], ['a rainbow! \\nq: what do you hear in the image? \\na: a choir! \\nq: what do you smell in the'], ['a rainbow! \\n \\n \\n \\n \\n \\n \\n \\n \\n \\n \\n \\n \\n \\n \\'], ['a: a: a: a: a: a: a: a: a: a: a: a: a: a: a: a:'], ['a: a rainbow of colors \\nq: what do you see in the image? \\na: a: a rainbow of colors \\nq:'], ['a crown of gold.'], ['a: a crown.'], ['a: a: a: a: a: a: a: a: a: a: a: a: a: a: a: a:'], ['a crown.'], ['a rainbow! \\n \\n \\n \\n \\n \\n \\n \\n \\n \\n \\n \\n \\n \\n \\'], ['a crown of flowers, a crown of flowers.'], ['a crown, a symbol of royalty.'], ['a: a: a: a: a: a: a: a: a: a: a: a: a: a: a: a:'], ['a: a rainbow! : ) \\n \\n \\n \\n \\n \\n \\n \\n \\n \\n \\n \\n \\'], ['a: a gold crown on a white background.'], ['a unicorn! \\n \\n \\n \\n \\n \\n \\n \\n \\n \\n \\n \\n \\n \\n \\']]"
data/images/noun/2006-600.jpg,2006,space ship top,34,64,31,3,"[['a tiny model of the spacecraft.'], ['a model of a spacecraft.'], ['a spacecraft, of course! \\nq: what do you see in the image? \\na: a spacecraft, of course! \\nq:'], ['a ship in space.'], ['a spaceship in the image \\nq: what do you see in the image? \\na: a spaceship in the image \\nq: what do'], ['the model is a model of the spacecraft.'], ['the image shows a small model of the spacecraft.'], [""it's a satellite.""], ['a miniature model of the spacecraft.'], ['a space shuttle.'], ['a spaceship! \\nq: what do you see in the image? \\na: a spaceship! \\nq: what do you see in the'], ['the image shows the first of the three new ships that will be added to the game.'], ['the image shows a model of a spacecraft.'], ['a spaceship.'], ['a spaceship! \\nq: what do you see in the image? \\na: a spaceship! \\nq: what do you see in the'], ['a rocket! \\nq: what do you see in the image? \\na: a rocket! \\nq: what do you see in the'], ['a model of the ship.'], ['a spaceship, of course! \\nq: what do you see in the image? \\na: a spaceship, of course! \\nq:'], ['the image shows a close up of the space shuttle.'], ['a model of the ship from the game.'], ['a spacecraft in space.'], ['a spaceship in space.'], ['a model of the ship in the game.'], ['a model of the ship.'], ['a spaceship in the image \\nq: what do you see in the image? \\na: a spaceship in the image \\nq: what do'], ['a small rocket, it is used to launch the satellite into space.'], ['a spacecraft with a satellite.'], ['the image shows the model of the ship in the game.'], ['the image shows the space shuttle.'], ['a small model of the ship.'], ['a spaceship in the image \\nq: what do you see in the image? \\na: a spaceship in the image \\nq: what do'], ['a model of the space shuttle.'], ['a rocket with a satellite.'], [""it's a model of a spacecraft.""], ['a small spacecraft with a satellite on the top of it.'], ['a small metal object in the image \\nq: what do you see in the image? \\na: a small metal object in the image \\n'], [""it's a spacecraft.""], ['the image shows the image of a small ship in the background.'], ['a spacecraft in the image.'], ['the image shows a ship in space.']]"
data/images/noun/2007-600.jpg,2007,air blower for slr cameras,22,46,78,6,"[['a: a : a : a : a : a : a : a : a : a : a : a : a : a : a : a :'], ['a : a : a : a : a : a : a : a : a : a : a : a : a : a : a : a :'], ['a person with a gun.'], ['a : a : a : a : a : a : a : a : a : a : a : a : a : a : a : a :'], ['a: a : a : a : a : a : a : a : a : a : a : a : a : a : a : a :'], ['a: a: a: a: a: a: a: a: a: a: a: a: a: a: a: a:'], ['a: a : a : a : a : a : a : a : a : a : a : a : a : a : a : a :'], ['a rubber ball with a handle.'], ['a: a : a : a : a : a : a : a : a : a : a : a : a : a : a : a :'], ['a : a : a : a : a : a : a : a : a : a : a : a : a : a : a : a :'], ['a red ball, a ball, a red ball, a red ball, a red ball, a red ball, a red ball, a red ball, a'], ['a: a: a: a: a: a: a: a: a: a: a: a: a: a: a: a:'], ['a red ball.'], ['a ball.'], ['a red ball with a black dot.'], ['a red ball.'], ['a : a : a : a : a : a : a : a : a : a : a : a : a : a : a : a :'], ['a : a : a : a : a : a : a : a : a : a : a : a : a : a : a : a :'], ['a: a: a: a: a: a: a: a: a: a: a: a: a: a: a: a:'], ['a person with a gun.'], ['a: a : a : a : a : a : a : a : a : a : a : a : a : a : a : a :'], ['a: a : a : a : a : a : a : a : a : a : a : a : a : a : a : a :'], ['a ball with a hole in it.'], ['a ball.'], ['a : a : a : a : a : a : a : a : a : a : a : a : a : a : a : a :'], ['a ball, a small ball, a small ball, a small ball, a small ball, a small ball, a small ball, a small ball, a'], ['a rubber ball on a string.'], ['a : a : a : a : a : a : a : a : a : a : a : a : a : a : a : a :'], ['a red ball.'], ['a: a : a : a : a : a : a : a : a : a : a : a : a : a : a : a :'], ['a: a : a : a : a : a : a : a : a : a : a : a : a : a : a : a :'], ['a ball, a small ball, a ball, a ball, a ball, a ball, a ball, a ball, a ball, a ball, a'], ['a: a: a: a: a: a: a: a: a: a: a: a: a: a: a: a:'], ['a: a : a : a : a : a : a : a : a : a : a : a : a : a : a : a :'], ['a red ball.'], ['a : a : a : a : a : a : a : a : a : a : a : a : a : a : a : a :'], ['a: a : a : a : a : a : a : a : a : a : a : a : a : a : a : a :'], ['a rubber ball, a toy, a ball, a ball, a ball, a ball, a ball, a ball, a ball, a ball, a'], ['a red ball.'], ['a rubber ball with a hole in it.']]"
data/images/noun/2008.jpg,2008,curlers formed together,34,25,48,16,"[['a: a: a: a: a: a: a: a: a: a: a: a: a: a: a: a:'], ['the image shows a person in a wheelchair with a red and white striped blanket.'], ['a: a : a : a : a : a : a : a : a : a : a : a : a : a : a : a :'], ['a: a person holding a pen.'], ['a : a : a : a : a : a : a : a : a : a : a : a : a : a : a : a :'], ['a: a : a : a : a : a : a : a : a : a : a : a : a : a : a : a :'], ['a : a set of 3 colored pencils.'], ['a: a.'], ['a: a: a: a: a: a: a: a: a: a: a: a: a: a: a: a:'], ['a set of 2 cylinders with a diameter of 2 mm each.'], ['a: a: a: a: a: a: a: a: a: a: a: a: a: a: a: a:'], ['the image is a representation of a person with a long neck and a short torso.'], ['the image shows a person in a white t - shirt with a blue and red band.'], ['i see a set of 2 people.'], ['a set of 4 colored pencils.'], ['a: a.'], ['a man with a long pipe in his hand.'], ['a man and a woman in a love scene.'], ['a: a : a : a : a : a : a : a : a : a : a : a : a : a : a : a :'], ['a: a : a : a : a : a : a : a : a : a : a : a : a : a : a : a :'], ['the image shows a person holding a pipe in his hand.'], ['the image is a picture of a person in a wheelchair.'], ['a set of 3 colored pencils.'], ['a: a: a: a: a: a: a: a: a: a: a: a: a: a: a: a:'], ['the image shows a man with a long pipe.'], ['a pipe.'], ['a: a : a : a : a : a : a : a : a : a : a : a : a : a : a : a :'], ['a pipe with a cap.'], ['i see a bunch of people.'], ['i see a bunch of people holding up their arms and legs.'], ['a: a: a: a: a: a: a: a: a: a: a: a: a: a: a: a:'], ['a: a rubber band.'], ['i see a ball of wire with a hook on the end.'], ['a rubber band.'], ['a: a: a: a: a: a: a: a: a: a: a: a: a: a: a: a:'], ['a : a.'], ['a set of four.'], ['a: a : a : a : a : a : a : a : a : a : a : a : a : a : a : a :'], ['a set of 3 colored pencils.'], ['the image shows a person holding a pen in his hand.']]"
data/images/noun/2009-600.jpg,2009,dog toy,47,78,65,45,"[['a 3d model of a plant.'], ['a: a: a: a: a: a: a: a: a: a: a: a: a: a: a: a:'], ['a 3d model of a 3d model of a 3d model of a 3d model of a 3d model of a 3d model of a 3'], ['a: a : a : a : a : a : a : a : a : a : a : a : a : a : a : a :'], ['a : a : a : a : a : a : a : a : a : a : a : a : a : a : a : a :'], ['a: a : a : a : a : a : a : a : a : a : a : a : a : a : a : a :'], ['a : a : a : a : a : a : a : a : a : a : a : a : a : a : a : a :'], ['a 3d image of a plant.'], ['a 3d image of a heart.'], ['a: a: a: a: a: a: a: a: a: a: a: a: a: a: a: a:'], ['a : a : a : a : a : a : a : a : a : a : a : a : a : a : a : a :'], ['a: a: a: a: a: a: a: a: a: a: a: a: a: a: a: a:'], ['a 3d model of a flower.'], ['a: a: a: a: a: a: a: a: a: a: a: a: a: a: a: a:'], ['a: a : a : a : a : a : a : a : a : a : a : a : a : a : a : a :'], ['a : a : a : a : a : a : a : a : a : a : a : a : a : a : a : a :'], ['a : a : a : a : a : a : a : a : a : a : a : a : a : a : a : a :'], ['a: a 3d model of a heart.'], ['a: a 3d model of a plant.'], ['a: a 3d model of a plant.'], ['a : a : a : a : a : a : a : a : a : a : a : a : a : a : a : a :'], ['a 3d model of a plant \\nq: what do you see in the image? \\na: a 3d model of a plant \\n'], ['a: a : a : a : a : a : a : a : a : a : a : a : a : a : a : a :'], ['a 3d model of a heart.'], ['a: a: a: a: a: a: a: a: a: a: a: a: a: a: a: a:'], ['a 3d model of a flower.'], ['a : a : a : a : a : a : a : a : a : a : a : a : a : a : a : a :'], ['a: a 3d model of a heart.'], ['a 3d image of a plant with a 3d texture.'], ['a: a: a: a: a: a: a: a: a: a: a: a: a: a: a: a:'], ['a 3d model of a dog.'], ['a 3d model of a plant.'], ['a 3d model of a flower.'], ['a : a : a : a : a : a : a : a : a : a : a : a : a : a : a : a :'], ['a: a: a: a: a: a: a: a: a: a: a: a: a: a: a: a:'], ['a: a: a: a: a: a: a: a: a: a: a: a: a: a: a: a:'], ['a: a ball of ice with a hole in the center.'], ['a: a: a: a: a: a: a: a: a: a: a: a: a: a: a: a:'], ['a 3d model of a flower \\n\\n\\n\\n\\n\\n\\n\\n\\n\\n\\n\\n\\'], ['a 3d model of a plant \\n\\n\\n\\n\\n\\n\\n\\n\\n\\n\\n\\n\\']]"
data/images/noun/2010-600.jpg,2010,dog toy pet shop,66,52,50,25,"[['a 3d object that has a texture that looks like a ball of mud \\nq: what do you see in the image? \\na: a'], ['a: a ball of dough with a hole in the center.'], ['a: a red ball on a white background \\nq: what do you see in the image? \\na: a: a red ball on a'], ['a group of colorful, shiny, and round objects \\nq: what do you see in the image? \\na: a group of colorful, shiny'], ['a group of colorful balls \\nq: what do you see in the image? \\na: a group of colorful balls \\nq: what do'], ['a 3d model of a hand with a ball in it.'], ['a red ball \\nq: what do you see in the image? \\na: a red ball \\nq: what do you see in the'], ['a: a: a: a: a: a: a: a: a: a: a: a: a: a: a: a:'], ['a red and white ball with a small hole in it \\nq: what do you see in the image? \\na: a red and white ball'], ['a: a : a : a : a : a : a : a : a : a : a : a : a : a : a : a :'], ['a red ball with a white dot on it \\nq: what do you see in the image? \\na: a red ball with a white dot'], ['a 3d model of a coral reef \\nq: what do you see in the image? \\na: a 3d model of a coral reef'], ['a: a: a: a: a: a: a: a: a: a: a: a: a: a: a: a:'], ['a: a: a: a: a: a: a: a: a: a: a: a: a: a: a: a:'], ['a: a: a: a: a: a: a: a: a: a: a: a: a: a: a: a:'], ['a: a ball of green confetti \\nq: what do you see in the image? \\na: a: a ball of red confetti'], ['a: a: a: a: a: a: a: a: a: a: a: a: a: a: a: a:'], ['a : a 3d model of a red and white candy ball \\nb : what do you see in the image? \\nc : what do you'], [""a 3d model of a dog's head.""], ['a cute little dog! \\nq: what do you see in the image? \\na: a cute little dog! \\nq: what do'], ['a: a: a: a: a: a: a: a: a: a: a: a: a: a: a: a:'], ['a: a red ball with a white dot on it.'], ['a ball of red and white balls \\nq: what do you see in the image? \\na: a ball of red and white balls \\n'], ['a: a: a: a: a: a: a: a: a: a: a: a: a: a: a: a:'], ['a 3d object that is a combination of a cube and a sphere \\nq: what do you see in the image? \\na: a 3'], ['a 3d model of a red ball on a white background \\n\\n\\n\\n\\n\\n\\n\\n\\n\\n'], ['a 3d object with a transparent surface \\nq: what do you see in the image? \\na: a 3d object with a transparent surface'], ['a cute little ball of fur! \\nq: what do you see in the image? \\na: a cute little ball of fur! \\n'], ['a : a : a : a : a : a : a : a : a : a : a : a : a : a : a : a :'], ['a: a: a: a: a: a: a: a: a: a: a: a: a: a: a: a:'], ['a: a small ball of red and white checkered pattern \\nq: what do you hear in the image? \\na: a: a'], ['a 3d object that is made of colorful cubes.'], ['a: a ball of red and white candy.'], ['a colorful ball of yarn \\n\\n\\n\\n\\n\\n\\n\\n\\n\\n\\n\\n\\n\\'], ['a dog \\nq: what do you see in the image? \\na: a dog \\nq: what do you see in the image?'], ['a: a small red ball \\nq: what do you see in the image? \\na: a: a small red ball \\nq:'], ['a: a cube with a red and white checkered pattern \\nq: what do you hear in the image? \\na: a: a'], ['a: a : a : a : a : a : a : a : a : a : a : a : a : a : a : a :'], ['a: a red and white ball with a white dot on it.'], ['a colorful, cute, and cute ball with a red and white ball inside \\nq: what do you see in the image? \\na: a']]"
data/images/noun/2011-600.jpg,2011,noisemaker,22,75,88,3,"[['a person with a green hat.'], ['a person with a head and a body.'], [""a toy car with a little person in the driver's seat.""], ['a : a bird, a small animal, a bird with a long beak.'], ['a bird, a duck, a rabbit, a horse, a pig, a dog, a cat, a fish, a frog, a lizard, a snake'], ['a person with a long nose.'], ['a duck with a red beak.'], ['a horse with a red head.'], ['a toy.'], ['a person with a smile on his face.'], ['a toy that looks like a baby.'], ['a bird on a branch.'], ['a child playing with a toy.'], ['a: a : a : a : a : a : a : a : a : a : a : a : a : a : a : a :'], ['a man with a gun.'], ['a bunch of kids playing with a toy.'], ['a: a: a: a: a: a: a: a: a: a: a: a: a: a: a: a:'], ['a person with a smile on his face.'], ['the image shows a toy.'], ['a bunch of toys! \\n\\n\\n\\n\\n\\n\\n\\n\\n\\n\\n\\n\\n\\'], ['a duck.'], ['a: a: a: a: a: a: a: a: a: a: a: a: a: a: a: a:'], ['a person with a hat and a face.'], ['a: a : a : a : a : a : a : a : a : a : a : a : a : a : a : a :'], ['a: a : a : a : a : a : a : a : a : a : a : a : a : a : a : a :'], ['a man with a pipe.'], ['a person wearing a cap \\nq: what do you see in the image? \\na: a person wearing a cap \\nq: what do'], ['a child is playing with a toy.'], ['a man in a white coat.'], ['a toy, a toy, a toy, a toy, a toy, a toy, a toy, a toy, a toy, a toy, a toy'], ['a man with a long nose.'], ['a: a: a: a: a: a: a: a: a: a: a: a: a: a: a: a:'], ['a: a: a: a: a: a: a: a: a: a: a: a: a: a: a: a:'], ['a person in a hat.'], ['a duck with a long beak.'], ['a bird.'], ['a person wearing a mask.'], ['a man with a green hat and a white coat.'], ['a group of children playing with a ball.'], ['a duck.']]"
data/images/noun/2012-600.jpg,2012,coiled worm toy,41,50,59,41,"[['a coral reef.'], ['a red jellyfish \\nq: what do you see in the image? \\na: a red jellyfish \\nq: what do you see'], ['a red and white ball with a black center.'], ['a single red ball with a white spot on the end.'], ['a red polyp \\nb: a red polyp \\nc: a red polyp \\nd: a red polyp \\ne:'], ['a: a pink ball with a red tail.'], ['a: a small isolated polyp isolated on a white background.'], ['a: a small animal with a long tail \\nq: what do you see in the image? \\na: a: a small animal with a'], ['a: a red polyhedron with a spherical body and four arms.'], ['a group of colorful and beautiful marine animals.'], ['a small, colorful, isolated organism.'], ['a group of red, pink, and white worms on a white background \\nq: what do you see in the image? \\na: a group'], ['a: a colony of bacteria.'], ['a colorful coral reef \\n\\n\\n\\n\\n\\n\\n\\n\\n\\n\\n\\n\\n\\n'], ['a jellyfish.'], ['a pink and white ball with a red dot.'], ['a red and white mushroom \\nq: what do you see in the image? \\na: a red and white mushroom \\nq: what do'], ['a single isolated cell isolated from a culture of a living organism.'], ['a coral \\n\\n\\n\\n\\n\\n\\n\\n\\n\\n\\n\\n\\n\\n\\n'], ['a red jellyfish.'], ['a pink and white ball with a red tail.'], ['a red ball with a white spot on the top \\n\\n\\n\\n\\n\\n\\n\\n\\n\\n\\n'], ['a red octopus \\nq: what do you see in the image? \\na: a red octopus \\nq: what do you see'], ['a red ball with a white dot on it \\nq: what do you see in the image? \\na: a red ball with a white dot'], ['a small pinkish - orange ball \\nq: what do you see in the image? \\na: a small pinkish - orange ball \\n'], ['a coral reef! \\n \\n \\n \\n \\n \\n \\n \\n \\n \\n \\n \\n \\n \\n'], ['a red and white ball with a hole in the middle.'], ['a coral.'], ['a small red ball \\nq: what do you see in the image? \\na: a small red ball \\nq: what do you see'], ['a red octopus \\nq: what do you see in the image? \\na: a red octopus \\nq: what do you see'], ['a ball of red and white marbles \\n\\n\\n\\n\\n\\n\\n\\n\\n\\n\\n\\n'], ['a colorful coral mushroom with a long stalk and a round cap.'], ['a ball of red jellyfish \\nq: what do you see in the image? \\na: a ball of red jellyfish \\nq:'], ['a: a colorful and beautiful coral reef.'], ['a small pink creature with a long tail and a large head.'], ['a red and white ball with a hole in the middle \\n\\n\\n\\n\\n\\n\\n\\n\\n\\n\\'], ['a colorful, spherical organism \\n\\n\\n\\n\\n\\n\\n\\n\\n\\n\\n\\n\\n\\'], ['a pink and white ball with a small hole in the middle.'], ['a ball of colorful coral.'], ['a group of colorful, small, spherical objects \\nq: what do you see in the image? \\na: a group of colorful, small,']]"
data/images/noun/2013-600.jpg,2013,sling shot,6,20,87,6,"[['a: a man wearing a hat, a woman wearing a hat, a man wearing a cap, a woman wearing a cap, a man wearing a cap,'], ['the image is a part of a series of images that are designed to help people with visual impairments.'], ['a person wearing a hat.'], ['a: a: a: a: a: a: a: a: a: a: a: a: a: a: a: a:'], ['a: a person with a hat and a stick.'], ['the image is a picture of a person.'], ['a: a: a: a: a: a: a: a: a: a: a: a: a: a: a: a:'], ['a: a person.'], ['a: a: a: a: a: a: a: a: a: a: a: a: a: a: a: a:'], ['a person wearing a hat and a pair of gloves.'], ['a man with a hat and a stick \\n\\n\\n\\n\\n\\n\\n\\n\\n\\n\\n\\n'], ['the image is a 3d model of a hand.'], ['the image is a visual representation of the problem.'], ['a person in a red hat and a red jacket.'], ['a person holding a tennis racket \\n\\n\\n\\n\\n\\n\\n\\n\\n\\n\\n\\n\\n'], ['the image is a red and white image of a person.'], ['a person with a head, arms, and legs.'], ['a person wearing a hat \\nq: what is the color of the image? \\na: red \\nq: what is the shape of the'], ['a man in a red hat and a red coat.'], ['a person, wearing a red cap.'], ['a man with a big head and a small body.'], ['a person wearing a red hat and a white coat.'], ['a: a person wearing a hat.'], ['a person wearing a red hat.'], [""the image is a close up of a person's hand.""], ['a person walking.'], ['a: a man is using a tool.'], ['the image is a 3d model of a person.'], ['a man wearing a hat.'], ['a person is walking on the beach.'], ['a person walking on the street.'], ['the image shows a person wearing a hat.'], ['a: a : a : a : a : a : a : a : a : a : a : a : a : a : a : a :'], [""a: a man's hands.""], ['the image is a 3d model of a human hand.'], ['a: a: a: a: a: a: a: a: a: a: a: a: a: a: a: a:'], ['a man with a shovel.'], ['the image shows a person in a red dress.'], ['the image is a representation of the object.'], ['a: a : a : a : a : a : a : a : a : a : a : a : a : a : a : a :']]"
data/images/noun/2014-600.jpg,2014,this light-up toy,38,75,39,0,"[['a ball with a colorful pattern.'], ['a ball with a star on it.'], ['a: a: a: a: a: a: a: a: a: a: a: a: a: a: a: a:'], ['a toy with a ball in the middle of a tube.'], ['a: a: a: a: a: a: a: a: a: a: a: a: a: a: a: a:'], ['a toy, a toy, a toy! \\nq: what do you see in the image? \\na: a toy, a toy, a'], ['a : a : a : a : a : a : a : a : a : a : a : a : a : a : a : a :'], ['a ball with a handle and a string.'], [""a ball! \\nq: what is the color of the ball? \\na: it's a yellow ball! \\nq: what is the""], ['a toy with a ball and a chain.'], ['a: a: a: a: a: a: a: a: a: a: a: a: a: a: a: a:'], ['a ball with a light inside.'], ['a: a: a: a: a: a: a: a: a: a: a: a: a: a: a: a:'], ['a ball! \\nq: what do you hear in the image? \\na: a sound! \\nq: what do you smell in the'], ['a : a : a : a : a : a : a : a : a : a : a : a : a : a : a : a :'], ['a ball! \\n\\n\\n\\n\\n\\n\\n\\n\\n\\n\\n\\n\\n\\n\\'], ['a ball! \\n \\n \\n \\n \\n \\n \\n \\n \\n \\n \\n \\n \\n \\n \\'], ['a toy that has a small ball inside and a string to pull it out.'], ['a toy that you can play with your child \\nq: what do you see in the image? \\na: a toy that you can play with'], ['a ball of plastic that you can put in your mouth and play with.'], [""a ball! \\nq: what is the color of the ball? \\na: it's blue! \\nq: what is the size of""], ['a: a: a: a: a: a: a: a: a: a: a: a: a: a: a: a:'], ['a ball! \\nq: what do you hear in the image? \\na: a ball! \\nq: what do you smell in the'], ['a toy that you can play with your child \\n \\n \\n \\n \\n \\n \\n \\n \\n \\n \\n \\'], ['a: a: a: a: a: a: a: a: a: a: a: a: a: a: a: a:'], ['a ball with a small hole in it.'], ['a: a: a: a: a: a: a: a: a: a: a: a: a: a: a: a:'], ['a toy, a ball, a ball, a ball, a ball, a ball, a ball, a ball, a ball, a ball, a ball'], ['a: a: a: a: a: a: a: a: a: a: a: a: a: a: a: a:'], ['a toy that you can play with.'], ['a ball of string with a ball of string inside it.'], ['a: a: a: a: a: a: a: a: a: a: a: a: a: a: a: a:'], ['a ball with a transparent cover.'], ['a toy ball! \\nq: what do you hear in the image? \\na: a toy ball! \\nq: what do you smell'], ['a toy for a child.'], ['a toy with a ball on the end of a string.'], ['a: a: a: a: a: a: a: a: a: a: a: a: a: a: a: a:'], ['a ball! \\n\\n\\n\\n\\n\\n\\n\\n\\n\\n\\n\\n\\n\\n\\'], ['a toy that spins around in a circle.'], ['a: a: a: a: a: a: a: a: a: a: a: a: a: a: a: a:']]"
data/images/noun/2015-600.jpg,2015,ball catcher,38,78,55,10,"[['the image shows a picture of a person wearing a helmet.'], ['the image shows a blue circle with a white border.'], ['the image shows the image of the product in the box.'], ['the image is a representation of a car.'], ['a : a : a : a : a : a : a : a : a : a : a : a : a : a : a : a :'], ['the image shows a person in a wheelchair.'], ['the image is a representation of a typical product with a qr code on the package.'], ['i see a blue ball with a white dot.'], ['i see a person with a white background.'], ['the image shows a person in a wheelchair.'], ['you can see the image of the product in the image.'], ['the image is a representation of a car.'], ['the image shows the image of a person sitting on a chair.'], ['i see a blue and white color combination with a white background.'], ['the image is a representation of the product.'], ['the image shows a person with a long nose and a big mouth.'], ['the image shows a bicycle with a rear wheel in the image.'], ['a lot of people see a lot of things in this image.'], ['you can see a person in the image.'], ['a blue and white image of a person with a blue and white helmet.'], ['the image shows a person sitting in a chair.'], ['the image shows the impact of the product on the environment.'], ['the image shows a person with a white helmet.'], ['you see a lot of white space in the image.'], ['the image shows the image of a car from the side.'], ['a person in a blue coat.'], ['you can see the image of the image of the image of the image of the image of the image of the image of the image of the image of the image'], ['i see a lot of blue in the image.'], ['the image shows a person wearing a helmet.'], ['a : a : a : a : a : a : a : a : a : a : a : a : a : a : a : a :'], ['a person in a blue and white striped shirt.'], ['the image shows the product in the box.'], ['i see a lot of people in the image.'], ['a ball with a white background and a black dot.'], [""the image shows a person's hand.""], ['the image is a part of the logo of a company.'], ['a person walking on a path \\nq: what do you see in the image? \\na: a person walking on a path \\nq:'], ['the image shows a person wearing a helmet.'], ['the image is a representation of a product that you can see in the image.'], ['a person in a blue suit.']]"
data/images/noun/2016 600dpi.jpg,2016,bird toy,28,21,61,6,"[['a: a: a: a: a: a: a: a: a: a: a: a: a: a: a: a:'], ['a: a: a: a: a: a: a: a: a: a: a: a: a: a: a: a:'], ['a pile of blue and white rubber balls \\n\\n\\n\\n\\n\\n\\n\\n\\n\\n\\n\\n'], ['a blue and white towel.'], ['a rubber ducky in a washing machine.'], ['a: a: a: a: a: a: a: a: a: a: a: a: a: a: a: a:'], ['a bunch of blue rubber balls \\n\\n\\n\\n\\n\\n\\n\\n\\n\\n\\n\\n\\n'], ['a rubber ducky.'], ['a: a pile of cotton balls \\nq: what do you see in the image? \\na: a: a pile of cotton balls \\n'], ['a pile of laundry \\nq: what do you see in the image? \\na: a pile of laundry \\nq: what do you see'], ['a pile of dirty laundry \\n\\n\\n\\n\\n\\n\\n\\n\\n\\n\\n\\n\\n\\'], ['a ball of yarn \\nb: a ball of yarn \\nc: a ball of yarn \\nd: a ball of yarn \\ne:'], ['a rubber ducky on a blue background \\n\\n\\n\\n\\n\\n\\n\\n\\n\\n\\n\\n'], ['a pile of wet and dry laundry \\n\\n\\n\\n\\n\\n\\n\\n\\n\\n\\n\\n\\'], ['a: a blue plastic bag with a handle and a long string.'], ['a pile of dry, white, fluffy towels \\n\\n\\n\\n\\n\\n\\n\\n\\n\\n\\n\\'], ['a pile of dirty laundry \\nq: what do you see in the image? \\na: a pile of dirty laundry \\nq: what do'], ['a pile of plastic balls.'], ['a bunch of colorful nylon rope! \\nq: what do you see in the image? \\na: a bunch of colorful nylon rope! \\n'], ['a spinning top \\nq: what do you see in the image? \\na: a spinning top \\nq: what do you see in the'], ['a: a pile of blue towels \\nq: what is the image of? \\na: a pile of blue towels \\nq: what is'], ['a: a pile of laundry.'], ['a person with a vacuum cleaner.'], ['a blue and white striped towel on a blue background.'], ['a pile of dirty laundry \\n\\n\\n\\n\\n\\n\\n\\n\\n\\n\\n\\n\\n\\'], ['a pile of clothes! \\n\\n\\n\\n\\n\\n\\n\\n\\n\\n\\n\\n\\n\\'], ['a: a man wearing a blue and white striped bath towel.'], ['a blue and white ball of yarn, used to make a ball of yarn.'], ['a: a blue and white striped towel.'], ['a blue and white ball of yarn.'], ['a: a blue and white striped towel.'], ['a blue and white striped towel \\nq: what do you see in the image? \\na: a blue and white striped towel \\nq:'], ['a pile of blue rubber balls \\n\\n\\n\\n\\n\\n\\n\\n\\n\\n\\n\\n\\n'], ['a ball of yarn \\n\\n\\n\\n\\n\\n\\n\\n\\n\\n\\n\\n\\n\\n'], ['a: a: a: a: a: a: a: a: a: a: a: a: a: a: a: a:'], ['a : a set of three plastic dryer brushes.'], ['a: a pile of blue plastic balls.'], ['a bunch of wet towels.'], ['a blue and white striped towel hanging on a rope.'], ['a ball of yarn \\n\\n\\n\\n\\n\\n\\n\\n\\n\\n\\n\\n\\n\\n']]"
data/images/noun/2017-600.jpg,2017,kenetic wheel,41,29,23,13,"[['the image shows a small model of a plane.'], ['a: a: a: a: a: a: a: a: a: a: a: a: a: a: a: a:'], ['a: a: a: a: a: a: a: a: a: a: a: a: a: a: a: a:'], ['a: a: a: a: a: a: a: a: a: a: a: a: a: a: a: a:'], ['a small model of a boat.'], ['the image shows a person with a ball on a string.'], ['a: a: a: a: a: a: a: a: a: a: a: a: a: a: a: a:'], ['a: a: a: a: a: a: a: a: a: a: a: a: a: a: a: a:'], ['i see a blue ball and a red ball.'], ['the image shows a toy model of a boat with a sail.'], ['a: a: a: a: a: a: a: a: a: a: a: a: a: a: a: a:'], ['a ball with a rope attached to it.'], ['a person is walking in the image.'], ['the image shows a person holding a ball in his hand.'], ['i see a lot of different colors and shapes of the same thing.'], ['a: a: a: a: a: a: a: a: a: a: a: a: a: a: a: a:'], ['a : a person in a wheelchair \\nb : a : a person in a wheelchair with a ball \\nc : a : a person in a wheelchair'], ['a: a: a: a: a: a: a: a: a: a: a: a: a: a: a: a:'], ['a: a: a: a: a: a: a: a: a: a: a: a: a: a: a: a:'], ['the image shows a person walking in a circle.'], ['a: a: a: a: a: a: a: a: a: a: a: a: a: a: a: a:'], ['a: a: a: a: a: a: a: a: a: a: a: a: a: a: a: a:'], ['a: a: a: a: a: a: a: a: a: a: a: a: a: a: a: a:'], ['a: a: a: a: a: a: a: a: a: a: a: a: a: a: a: a:'], ['a person walking in a circle.'], ['a: a: a: a: a: a: a: a: a: a: a: a: a: a: a: a:'], ['a: a: a: a: a: a: a: a: a: a: a: a: a: a: a: a:'], ['a: a: a: a: a: a: a: a: a: a: a: a: a: a: a: a:'], ['a: a: a: a: a: a: a: a: a: a: a: a: a: a: a: a:'], ['the image shows a small toy boat with a flag on the end.'], ['i see a lot of people who are struggling with their weight.'], ['the image shows a person walking on a rope.'], ['a small person in a basket.'], ['the image is a 3d model of a model of a toy.'], ['a: a: a: a: a: a: a: a: a: a: a: a: a: a: a: a:'], ['a: a: a: a: a: a: a: a: a: a: a: a: a: a: a: a:'], ['the image shows a 3d model of a toy car.'], ['a: a: a: a: a: a: a: a: a: a: a: a: a: a: a: a:'], ['the image shows a toy car with a steering wheel.'], ['the image shows a person walking in a circle.']]"
data/images/noun/2018-600.jpg,2018,this coils string,16,50,61,6,"[['the image shows the view of the product from the side.'], ['the image is a part of the product.'], ['the image shows a person in a white jacket.'], ['a person in a circle \\n\\n\\n\\n\\n\\n\\n\\n\\n\\n\\n\\n\\n\\'], ['a yellow light bulb.'], ['this is a picture of a car with a round light.'], ['the image shows a round light bulb.'], ['a person.'], ['the image shows a picture of a man.'], ['a yellow light bulb.'], ['the image shows a close up of the light bulb.'], ['a car, a lamp, a lamp.'], ['a yellow circle with a red dot.'], ['this is a photo of a light bulb.'], ['the image is a picture of a person.'], ['a yellow light bulb \\nq: what do you see in the image? \\na: a yellow light bulb \\nq: what do you see'], ['the image shows a yellow lamp with a white shade.'], ['a person in a car \\nq: what do you see in the image? \\na: a person in a car \\nq: what do'], ['a light bulb.'], ['a person in a wheelchair.'], ['a round white light bulb.'], ['a light bulb.'], ['the image is a close up of the light bulb.'], ['a person wearing a hat.'], ['a light bulb in a plastic bulb holder.'], ['a round light bulb with a white base.'], ['the image shows a person wearing a helmet.'], ['the image shows a small light bulb in a glass jar.'], ['a person in a car.'], ['the image shows a small plastic bucket with a lid.'], ['a circle with a dot in it.'], ['a yellow light bulb.'], ['a person in a car.'], ['a yellow light bulb.'], ['a small light bulb.'], ['a small lamp with a yellow shade.'], ['a person in a boat.'], ['the image shows a car with a single light bulb.'], ['the image shows a yellow circle with a white dot in the center.'], ['the image shows a light bulb in a dark room.']]"
data/images/noun/2019-600.jpg,2019,cat nip toy,31,67,38,25,"[['a: a : a : a : a : a : a : a : a : a : a : a : a : a : a : a :'], ['a: a : a : a : a : a : a : a : a : a : a : a : a : a : a : a :'], ['a yellow ball with a red dot on it.'], ['a person.'], ['a: a: a: a: a: a: a: a: a: a: a: a: a: a: a: a:'], ['a: a: a: a: a: a: a: a: a: a: a: a: a: a: a: a:'], ['a : a plastic ball with a yellow and white cap.'], ['a: a : a : a : a : a : a : a : a : a : a : a : a : a : a : a :'], ['a person.'], ['a: a : a : a : a : a : a : a : a : a : a : a : a : a : a : a :'], ['a duck.'], ['a: a bird in a cage.'], ['a: a: a: a: a: a: a: a: a: a: a: a: a: a: a: a:'], ['a: a duck in a box.'], ['a duck with a red beak.'], ['a: a: a: a: a: a: a: a: a: a: a: a: a: a: a: a:'], ['a: a bird in a cage.'], ['a bunch of yellow balls.'], ['a yellow ball in a box.'], ['a: a: a: a: a: a: a: a: a: a: a: a: a: a: a: a:'], ['a person with a balloon in the image.'], ['a bird with a yellow beak and a red head.'], ['a cute little bird.'], ['a: a: a: a: a: a: a: a: a: a: a: a: a: a: a: a:'], ['a duck with a yellow beak.'], ['a: a: a: a: a: a: a: a: a: a: a: a: a: a: a: a:'], ['a : a plastic bottle with a plastic cap.'], ['a: a: a: a: a: a: a: a: a: a: a: a: a: a: a: a:'], ['a : a : a : a : a : a : a : a : a : a : a : a : a : a : a : a :'], ['a person.'], ['a person.'], ['a yellow ball with a green nose.'], ['a yellow ball with a face.'], ['a: a: a: a: a: a: a: a: a: a: a: a: a: a: a: a:'], ['a: a: a: a: a: a: a: a: a: a: a: a: a: a: a: a:'], ['a cute little bird.'], ['a: a: a: a: a: a: a: a: a: a: a: a: a: a: a: a:'], ['a yellow duck with a crown.'], ['a: a: a: a: a: a: a: a: a: a: a: a: a: a: a: a:'], ['a: a : a : a : a : a : a : a : a : a : a : a : a : a : a : a :']]"
data/images/noun/2020.jpg,2020,jacobs ladder,41,36,29,6,"[['the image shows a stack of chairs.'], ['the image shows a set of 3 chairs with a table in the middle.'], ['this is a picture of a set of colorful blocks.'], ['this is a set of 3 colored cubes.'], ['the image shows a set of four chairs.'], [""it's a set of colorful stacking cups.""], ['the image shows a set of chairs with a table in the middle.'], ['this is a picture of a set of colorful plastic blocks.'], ['this is a set of 4 stacking chairs.'], ['the image shows a stack of chairs with a colored background.'], ['this is a set of four chairs.'], ['the image shows a stack of blocks.'], ['the image shows a set of four stacking trays.'], ['a stack of colorful cubes.'], ['it is a set of 4 chairs with a colorful design.'], ['a set of four chairs.'], ['a stack of blocks.'], ['it is a set of four stacking chairs.'], ['a set of chairs.'], ['the image shows a stack of chairs, which is a good way to display them in a group.'], ['this is a set of 4 stackable chairs.'], ['this is a set of four different colored stacking blocks.'], ['a set of four stackable chairs.'], ['it is a set of 4 stacking chairs.'], ['the image shows a stack of chairs.'], ['this is a picture of a stack of cubes.'], ['the image shows a set of four chairs.'], ['the image shows a stack of cubes.'], ['it is a set of 4 stackable trays.'], ['a set of chairs with a table.'], ['the image shows a stack of blocks.'], ['the image shows the different kinds of chairs that you can find in a school.'], ['the image shows a stack of colorful cubes.'], ['the image shows a set of chairs.'], ['the image shows a stack of chairs.'], ['the image shows a set of chairs.'], ['the image shows the various types of chairs.'], ['the image shows a set of colorful chairs.'], ['the image shows a stack of chairs.'], ['the image shows a set of four chairs with a table.']]"
data/images/noun/2021-600.jpg,2021,foam arrow,9,29,84,3,"[['a: the image shows a set of 4 - 4mm - long - colored - plastic - colored - plastic - colored - plastic - colored - plastic - colored'], ['the image shows a close up of a single tooth.'], ['this is a picture of a set of three different colored pencils.'], ['the image shows a set of four different colored rubber rings.'], ['this is a close up of the small piece of plastic that is used to connect the two pieces of the pen.'], ['the image shows a bunch of small balls in a pile.'], ['the image shows a pair of scissors, which are used to cut the thread.'], [""it's a single rubber ball that is in the center of the image.""], ['the image shows a set of 4 colored pencils.'], ['a: a bunch of people.'], ['this image shows a small piece of the image.'], ['a: a set of 4 colors of nail polish.'], ['you see a set of colored pencils.'], ['this is a photo of a dental crown.'], [""it's a set of three colored pencils.""], [""this is a picture of a person's hand with a ring on it.""], ['the image shows the different types of plastic used in the manufacture of the product.'], ['a: a : a : a : a : a : a : a : a : a : a : a : a : a : a : a :'], ['this image shows a person with a toothache.'], ['a: a: a: a: a: a: a: a: a: a: a: a: a: a: a: a:'], ['this is a picture of a pair of scissors.'], ['this is a picture of a rubber band.'], ['the image shows the image of the product.'], ['a: the image shows the color of the different types of rubber used in the production of tires.'], ['a: a: a: a: a: a: a: a: a: a: a: a: a: a: a: a:'], ['the image shows the different colors of the rubber.'], ['a: the image shows a small group of small rubber balls in a circle.'], [""it's a 3d model of a human body.""], ['this is a picture of a set of 4 custom colored pencils.'], ['you see a lot of colors in this image.'], ['it is a close up of the image.'], ['you are looking at a picture of a plastic cap.'], ['this is a color - blind test.'], ['the image shows a close up of a plant.'], ['a: a: a: a: a: a: a: a: a: a: a: a: a: a: a: a:'], ['you see a small part of a large group of products.'], ['the image shows a variety of colors of the same kind of pencil.'], ['the image shows the different colors of the rubber.'], ['the image shows the color of the earrings.'], ['the image shows a person wearing a pair of glasses.']]"
data/images/noun/2022-600.jpg,2022,marker,9,15,70,13,"[['the image shows the image of a person.'], ['a: i see a person wearing a hat and a mask.'], ['the image shows a man with a long nose and a small mouth.'], ['the image shows a person wearing a cap and a mask.'], ['the image shows a man with a long nose.'], ['the image is of a person wearing a cap.'], ['the image shows a person wearing a hat.'], ['this is a sample of a new product that we are developing.'], ['the image shows the image of a person wearing a hat.'], ['this is a sample of a new type of product that we are developing.'], ['i see a green and white plastic ball in the image.'], ['i see a person wearing a cap.'], ['a: the image shows a man wearing a hat with a small flower on the top.'], ['i see a person in a red hat, a red shirt, a green shirt, a white shirt, a blue shirt, a yellow shirt, a brown shirt'], ['i see a green ball in the image.'], ['the image shows a person wearing a cap.'], ['the image shows a man wearing a hat.'], ['you see a person in the image.'], ['the image is a picture of a green plastic ball.'], ['a: a person wearing a hat.'], ['a: a: a: a: a: a: a: a: a: a: a: a: a: a: a: a:'], ['the image shows a person with a green hat.'], ['i see a man wearing a hat.'], ['a: i see a person with a crown.'], ['this is a picture of a green plastic bottle.'], ['this is a photo of a person wearing a hat.'], ['the image is a model of a plant.'], ['this is a picture of a person.'], ['i see a green circle.'], ['you can see the image of a person in the image.'], ['a: the image shows a person wearing a hat.'], ['the image shows a person in a park.'], ['a: a person with a hat and a red umbrella.'], ['the image is of a green plastic pipe with a valve on the end.'], ['i see a person in the image.'], ['i see a green object in the image.'], ['i see a person with a hat and a long nose.'], ['the image shows a man with a small white hat.'], ['this is a picture of a green plastic toy.'], ['the image shows a green and white plastic toy.']]"
data/images/noun/2023-600.jpg,2023,color changing ball,13,31,87,17,"[['a 3d object made from a single piece of plastic.'], ['a person with a white mask.'], ['a bunch of people trying to make a group.'], ['a lot of different things! \\nq: what do you see in the image? \\na: a lot of different things! \\nq:'], ['a black and white image of a white cube with a hole in the middle.'], ['the image shows a white plastic box with a black top and a black bottom.'], ['a cube with a hole in the middle.'], ['the image is a representation of a flower with a white background and a black center.'], ['a 3d model of a flower.'], ['a person sitting on a chair with a hat on his head.'], ['a man and a woman in a relationship.'], ['a: a circle with a dot in it.'], ['a man in a white suit with a white hat and a white umbrella.'], ['a man with a round head and a big nose \\n\\n\\n\\n\\n\\n\\n\\n\\n\\n\\n'], ['a cube with a hole in the middle of it.'], ['the image shows a person in a black box.'], ['the image shows a person holding a ball in his hand.'], ['the image is a representation of a flower.'], ['a set of four small white spheres.'], ['a lot of things.'], ['a group of people sitting in a circle \\n\\n\\n\\n\\n\\n\\n\\n\\n\\n\\n\\n'], ['a circle with a dot inside of it.'], ['the image is a representation of a flower.'], ['a ball with a white and black pattern on it.'], ['the image is a representation of a flower.'], ['a person in a white dress.'], ['a white plastic ball with a hole in the middle.'], ['the image shows a flower in a box.'], ['a 3d model of a flower.'], ['the image is a 3d model of a flower.'], ['a group of people with different shapes and sizes \\n\\n\\n\\n\\n\\n\\n\\n\\n\\n\\n\\'], ['a black box with a white light inside.'], ['a person in a box.'], ['a small ball of light in a box.'], ['a flower! \\n\\n\\n\\n\\n\\n\\n\\n\\n\\n\\n\\n\\n\\n\\'], ['a black box with a white light in it.'], ['the image shows a small part of a large system.'], ['a person with a crown on his head.'], ['a man in a white suit with a white hat.'], ['the image is a 3d model of a light bulb.']]"
data/images/noun/2024-600.jpg,2024,connected disk toy,81,44,41,3,"[['a set of four toys on a red background.'], ['the image is a representation of a toy with a rotating wheel.'], ['the image shows a toy car.'], ['the image shows a person in a wheelchair.'], ['the image shows a person holding a small toy in his hand.'], ['the image shows a man with a parachute on his back.'], ['a: the image is a puzzle.'], ['a: the image shows a person with a set of colored balls.'], ['a: a : a : a : a : a : a : a : a : a : a : a : a : a : a : a :'], ['the image is a part of a set of puzzles.'], ['a : a child playing with a toy.'], ['the image is a rotating cube.'], ['a: a: a: a: a: a: a: a: a: a: a: a: a: a: a: a:'], ['the image is a picture of a toy.'], ['a: a: a: a: a: a: a: a: a: a: a: a: a: a: a: a:'], ['the image is a diagram of a toy airplane.'], ['a wheel of a car.'], ['the image shows a person playing with a ball.'], ['the image shows a child playing with a toy.'], ['the image shows a set of four toys.'], ['the image is a 3d model of a toy car.'], ['the image is a representation of the game.'], ['the image is a vector illustration of a person holding a ball.'], ['a: a : a : a : a : a : a : a : a : a : a : a : a : a : a : a :'], ['the image is a toy car with a rotating wheel.'], ['a : a : a : a : a : a : a : a : a : a : a : a : a : a : a : a :'], ['the image is a toy that has a wheel on it.'], ['the image is a puzzle piece.'], ['the image shows a toy car.'], ['a small toy plane.'], ['a: a : a : a : a : a : a : a : a : a : a : a : a : a : a : a :'], ['a: the image shows a group of people sitting in a circle.'], ['a : a : a : a : a : a : a : a : a : a : a : a : a : a : a : a :'], ['a toy airplane.'], ['a: a : a : a : a : a : a : a : a : a : a : a : a : a : a : a :'], ['the image is a picture of a set of four wooden blocks.'], ['the image shows a person sitting in a chair, holding a ball in his hand.'], ['a group of people playing a game \\n\\n\\n\\n\\n\\n\\n\\n\\n\\n\\n\\n\\'], ['a wheel on a plane.'], ['the image shows a person with a long stick.']]"
data/images/noun/2025-600.jpg,2025,boomerang,6,14,58,13,"[[""a child's hands, feet, and a toy.""], ['a swimming pool.'], ['a man is sitting on a chair, and he is wearing a pair of shoes.'], ['a person sitting on a chair.'], ['a: a: a: a: a: a: a: a: a: a: a: a: a: a: a: a:'], ['i see a pair of shoes! \\nq: what do you see in the image? \\na: i see a pair of shoes! \\n'], ['a: a: a: a: a: a: a: a: a: a: a: a: a: a: a: a:'], ['i see a blue and white pattern.'], ['a blue ball with a yellow dot.'], ['a swimming pool with a diving board.'], ['a man in a blue swimming pool.'], ['a person sitting on a chair.'], ['a person.'], ['a person sitting in a chair.'], ['a rubber duck! \\nq: what do you see in the image? \\na: a rubber duck! \\nq: what do you see'], ['a long line of people waiting to get in the pool.'], ['a man, a woman, a child, a family, a couple, a couple with a child, a couple with a child, a couple with a child'], ['a pair of hands.'], ['a person wearing a pair of blue shoes.'], ['a person with a blue face.'], ['a blue rubber duck! \\nq: what do you see in the image? \\na: a blue rubber duck! \\nq: what do'], ['a hand, with a ball in it.'], ['a shoe with a blue sole and a white upper.'], ['a: a: a: a: a: a: a: a: a: a: a: a: a: a: a: a:'], ['a pair of hands with the fingers pointing upwards.'], ['a : a : a : a : a : a : a : a : a : a : a : a : a : a : a : a :'], ['a blue shoe.'], ['a person lying on a beach.'], ['a: a: a: a: a: a: a: a: a: a: a: a: a: a: a: a:'], ['a person with a blue and white striped swimsuit.'], ['a blue plastic pool toy.'], ['a 3d model of a human body.'], ['i see a person.'], ['a pair of legs.'], ['a person, sitting on a chair.'], ['a man, a woman, a couple, a family, a couple, a family, a couple, a family, a couple, a family, a couple'], ['i see a lot of blue.'], ['a rubber duck.'], ['a child sitting on a chair with a toy in his hand.'], ['a person in a swimming pool.']]"
data/images/noun/2026-600.jpg,2026,dog toy,16,71,63,17,"[['the image shows a dog toy with a ball and a rope attached to it.'], ['a green and white ball with a red stripe on it.'], ['the image shows the left and right side of a person.'], [""a man's hand.""], ['a person.'], ['the image shows a person in a red and white dress.'], ['a dog, a cat, a mouse, a pig, a bird, a snake, a fish, a rabbit, a horse, a goat, a cow'], ['a red and white ball with a green stripe.'], ['the image shows a person with a blue background.'], ['a toy that is in the shape of a dog.'], ['a : a : a : a : a : a : a : a : a : a : a : a : a : a : a : a :'], ['a : a : a : a : a : a : a : a : a : a : a : a : a : a : a : a :'], ['a ball with a green top and a yellow bottom.'], ['a dog toy.'], ['a ball with a hole in it.'], ['a small toy dog.'], ['a ball with a rubber band around it.'], ['a green and yellow ball with a white line on it.'], ['a: a : a : a : a : a : a : a : a : a : a : a : a : a : a : a :'], [""a man's hand.""], ['the image shows a green and white ball with a small hole in the middle.'], ['a small green ball.'], ['a man with a red hat.'], ['a toy that is made of plastic and has a rubber band on it.'], ['a dog with a ball in its mouth.'], ['a ball of different colors.'], ['a small ball that you can put in the water to play with your dog.'], [""a man's hand, with a glove on.""], ['the image shows a green and yellow ball with a red and white stripe on the top.'], ['a toy elephant with a green body and a pink trunk.'], ['a green ball.'], ['the image is a picture of a dog with a ball in its mouth.'], ['a dog.'], ['a person with a long red stick.'], ['a toy car with a red and white striped body and a yellow stripe on the front.'], ['a: a: a: a: a: a: a: a: a: a: a: a: a: a: a: a:'], ['a : a : a : a : a : a : a : a : a : a : a : a : a : a : a : a :'], ['the image shows a green and yellow ball with a red handle.'], ['a: a : a : a : a : a : a : a : a : a : a : a : a : a : a : a :'], ['the image is a picture of a person.']]"
data/images/noun/2027-600.jpg,2027,room freshener toy,22,38,47,9,"[['a bird in a cage.'], ['a white ball \\n\\n\\n\\n\\n\\n\\n\\n\\n\\n\\n\\n\\n\\n\\'], ['a person is sitting in a chair with a white background.'], ['a ball with a hole in it.'], ['a small ball, which is being thrown in the air.'], ['a white ball with a dot on it.'], ['a ball with a hole in it.'], ['a small white bird with a blue beak.'], ['a bird in a cage.'], ['a bird.'], ['a white bird in the image.'], ['a ball with a hole in it.'], ['a bird in flight.'], ['a man in a white coat.'], ['a ball with a hole in it.'], ['a small white box with a black handle.'], ['a ball, a ball, a ball, a ball, a ball, a ball, a ball, a ball, a ball, a ball, a ball'], ['a ball in a box.'], ['a man in a white shirt with a red tie.'], ['a person wearing a helmet.'], ['a ball in a box.'], ['a man is standing in front of a building.'], ['a white ball with a black dot on it.'], ['a ball with a hole in it.'], ['a white ball with a black dot on it.'], ['a ball with a white dot on it.'], ['a ball of air in the shape of a ball \\nq: what is the function of this image? \\na: to show the concept of air'], ['a person wearing a helmet.'], ['a ball in a box.'], ['a ball in the image is a ball.'], ['a ball with a hole in it.'], ['a white ball with a black rim.'], ['a small animal in a cage \\nq: what do you see in the image? \\na: a small animal in a cage \\nq:'], ['a: a : a : a : a : a : a : a : a : a : a : a : a : a : a : a :'], ['a ball with a white circle on it.'], ['a white ball with a black dot in the middle.'], ['a group of people standing in a room.'], ['a ball with a white spot on it.'], ['a bird in flight \\n\\n\\n\\n\\n\\n\\n\\n\\n\\n\\n\\n\\n\\n'], ['a white ball with a black dot on it.']]"
data/images/noun/2028-600.jpg,2028,cat toy found at the pound store,6,47,53,63,"[['a bunch of flowers \\nq: what is the name of the flower? \\na: a bunch of flowers \\nq: what is the name'], ['a flower with a crown.'], ['a bunch of flowers \\n\\n\\n\\n\\n\\n\\n\\n\\n\\n\\n\\n\\n\\n'], ['a: a: a: a: a: a: a: a: a: a: a: a: a: a: a: a:'], ['a flower \\n\\nq: what is the image of the flower? \\na: a flower \\n\\nq: what do you see'], ['a flower in the shape of a ball \\nq: what do you think of the image? \\na: it is a flower in the shape of'], ['a: a: a: a: a: a: a: a: a: a: a: a: a: a: a: a:'], ['a ball of pink and white flowers with a green stem.'], ['a ball of pink and white flowers \\n\\n\\n\\n\\n\\n\\n\\n\\n\\n\\n\\n\\'], ['a bunch of flowers.'], ['a ball of pink and white confetti with a bow on the top.'], ['a: a: a: a: a: a: a: a: a: a: a: a: a: a: a: a:'], ['a bunch of pink flowers \\n\\n\\n\\n\\n\\n\\n\\n\\n\\n\\n\\n\\n\\'], ['a pink ball with a white and blue flower on it \\n\\n\\n\\n\\n\\n\\n\\n\\n\\n\\'], ['a ball of pink wool with a white star in the middle \\n\\n\\n\\n\\n\\n\\n\\n\\n\\n'], ['a bunch of flowers \\nq: what do you hear in the image? \\na: a bunch of flowers \\nq: what do you smell'], ['a: a: a: a: a: a: a: a: a: a: a: a: a: a: a: a:'], ['a: a: a: a: a: a: a: a: a: a: a: a: a: a: a: a:'], ['a: a: a: a: a: a: a: a: a: a: a: a: a: a: a: a:'], ['a bunch of pink flowers \\n\\n\\n\\n\\n\\n\\n\\n\\n\\n\\n\\n\\n\\'], ['a bunch of flowers.'], ['a: a: a: a: a: a: a: a: a: a: a: a: a: a: a: a:'], ['a: a: a: a: a: a: a: a: a: a: a: a: a: a: a: a:'], ['a: a: a: a: a: a: a: a: a: a: a: a: a: a: a: a:'], ['a bunch of flowers \\nq: what do you think of this image? \\na: it looks like a bunch of flowers \\nq: what'], ['a ball of yarn with a flower on it \\nq: what do you think of the image? \\na: i like it \\nq:'], ['a: a: a: a: a: a: a: a: a: a: a: a: a: a: a: a:'], ['a bunch of flowers \\nq: what do you think about the image? \\na: i like it \\nq: what do you think about'], ['a pink ball of yarn with a flower on it \\nq: what is the meaning of the image? \\na: a pink ball of yarn with'], ['a: a: a: a: a: a: a: a: a: a: a: a: a: a: a: a:'], ['a: a: a: a: a: a: a: a: a: a: a: a: a: a: a: a:'], ['a: a: a: a: a: a: a: a: a: a: a: a: a: a: a: a:'], ['a flower! \\n\\n\\n\\n\\n\\n\\n\\n\\n\\n\\n\\n\\n\\n\\'], ['a bunch of flowers \\nq: what do you think about the image? \\na: it is pretty \\nq: what do you think about'], ['a bunch of flowers \\n\\n\\n\\n\\n\\n\\n\\n\\n\\n\\n\\n\\n\\n'], ['a: a: a: a: a: a: a: a: a: a: a: a: a: a: a: a:'], ['a bunch of flowers.'], ['a: a: a: a: a: a: a: a: a: a: a: a: a: a: a: a:'], ['a: a: a: a: a: a: a: a: a: a: a: a: a: a: a: a:'], ['a pink flower with a green stem.']]"
data/images/noun/2029-600.jpg,2029,cover for room fresheners,19,27,65,16,"[['the image shows a small hole in the end of the bolt.'], ['the image shows the front view of the tire.'], ['a small object in the image \\nq: what is the object in the image? \\na: a small object in the image \\nq:'], ['the image shows a person in a black dress.'], ['the image shows the inner part of a car tire.'], ['the image shows the main parts of the product.'], ['the image is a part of a set of images that are used to show the color of the product.'], ['a small circle in the middle of the image.'], ['a person with a rifle.'], ['a : a small screw.'], ['the image shows the parts of a car.'], ['the image shows a picture of a car.'], ['the image shows the side of a tire.'], ['a person in a wheelchair.'], ['the image shows a black circle with a white line inside it.'], ['a car with a broken window.'], ['a car, a person, a boat, a train, a plane, a car, a person, a boat, a train, a plane, a car'], ['the image shows a group of people in a room.'], ['the image is a diagram of the part of the car that you can see in the image.'], ['the image shows the parts of a car.'], ['a person in a car.'], ['the image shows a car with a white and black color combination.'], ['a small circle with a small hole in it.'], ['the image shows a small part of a tire.'], ['a car with a license plate.'], ['the image shows a small screw, which is used to connect the handle to the main body of the screw.'], ['the image shows the concept of a circle with a hole.'], ['the image shows a man with a gun.'], ['a set of gears.'], ['a wheel with a number of spokes.'], ['a person in a car.'], ['a small white dot on the left side of the image.'], ['a person.'], ['the image shows a small hole in the middle of the image.'], ['the image is a picture of a screw.'], ['the image shows a single person in a car.'], ['a person in a car.'], ['a small circle in the middle of the image.'], ['a person, with a hat, a pair of glasses, a pair of gloves, and a pair of shoes.'], ['the image shows a round object with a hole in it.']]"
data/images/noun/2030-600.jpg,2030,marker,9,43,53,0,"[['this is a picture of a blue ball with a red dot on it.'], ['a man with a big head and a big body.'], ['the image shows a picture of a man with a blue hat.'], ['a person holding a gun.'], ['a person with a blue face and a blue hat.'], ['a person with a blue hat.'], ['a blue plastic ball with a white dot on it.'], ['a person in a blue coat.'], ['the image shows a person with a white cap on his head.'], ['the image shows a person with a smile on his face.'], ['it is a picture of a man with a big head.'], ['a person sitting in a chair.'], ['the image shows a person in a wheelchair.'], ['a man and a woman.'], ['a: a: a: a: a: a: a: a: a: a: a: a: a: a: a: a:'], ['a person with a red ball in his hand.'], ['a man is sitting in a chair.'], ['a person with a blue hat.'], ['the image shows a person with a blue hat.'], ['a ball with a blue handle.'], ['a blue and white plastic ball with a red top.'], ['a person in a blue suit with a red tie and a red hat.'], ['a blue ball with a white top and bottom.'], ['the image shows a person with a blue hat and a white body.'], ['a person with a big smile! \\n\\n\\n\\n\\n\\n\\n\\n\\n\\n\\n\\n\\'], ['the image shows a person holding a ball in his hand.'], ['this is a watercolor illustration of a person in a blue dress.'], ['a blue plastic ball with a red top.'], ['the image shows a blue and white ball with a yellow dot.'], ['a: a: a: a: a: a: a: a: a: a: a: a: a: a: a: a:'], ['it is a picture of a person.'], ['the image shows a picture of a blue plastic ball.'], ['the image shows a man who is looking at a picture of a woman.'], ['it is a picture of a flower.'], ['this is a picture of a person.'], ['a ball with a red dot on it.'], ['the image shows a person with a blue face.'], ['a blue ball with a white top and a yellow bottom.'], ['a man with a big head.'], ['a person is looking at the image.']]"
data/images/noun/2031.jpg,2031,book end,16,32,35,26,"[['a: a screw.'], ['a pair of scissors.'], ['a: a person.'], ['a: a screw \\nq: what is the name of the screw? \\na: a: a screw \\nq: what is the name'], ['a person.'], ['the image is a representation of a small piece of a metal bar.'], ['a pair of scissors.'], ['a person in a wheelchair.'], ['a small metal piece with a hook on the end.'], ['a screw.'], ['a screw, a bolt, a nut, a bolt, a screw, a nut, a bolt, a screw, a bolt, a screw, a bolt'], ['you see a beautiful bronze metal with a silver finish.'], ['a screw.'], ['you see a pair of scissors in the image.'], ['a pair of scissors \\nq: what do you see in the image? \\na: a pair of scissors \\nq: what do you see'], ['a person walking on a sidewalk.'], ['a person is standing in the middle of the image.'], ['the image shows the figure of a person.'], ['a set of four pieces of metal in a circle \\nq: what do you see in the image? \\na: a set of four pieces of'], ['a small piece of metal, in a small hole.'], ['a man in a wheelchair.'], ['a pair of scissors \\nq: what do you see in the image? \\na: a pair of scissors \\nq: what do you see'], ['a person.'], ['a : a man in a wheelchair \\n\\nq: what do you see in the image? \\na: a : a man in a wheelchair'], ['a : a : a : a : a : a : a : a : a : a : a : a : a : a : a : a :'], ['a: a small triangle.'], ['a wheel, a wheel, a wheel.'], ['a person in a wheelchair \\n\\n \\n \\n \\n \\n \\n \\n \\n \\n \\n \\n \\n \\'], ['a person.'], ['a person in a wheelchair.'], ['a pair of scissors.'], [""the image is a representation of the concept of 'personality '.""], ['the image shows a pair of scissors.'], ['a person.'], ['a person sitting on a chair.'], ['a person sitting on a chair.'], ['a : a : a : a : a : a : a : a : a : a : a : a : a : a : a : a :'], ['a wheel of a car.'], ['a person.'], ['a: a wheel.']]"
data/images/noun/2032-600.jpg,2032,submarine,47,90,50,3,"[['a small airplane with a propeller.'], ['a: a: a: a: a: a: a: a: a: a: a: a: a: a: a: a:'], ['a: a ship.'], ['a: a: a: a: a: a: a: a: a: a: a: a: a: a: a: a:'], ['a: a ship is moving forward and it is a bright object in the image.'], ['you can see a person in the image.'], ['the image shows a toy airplane.'], ['a: a person is holding a balloon in his hand.'], ['the image shows a small toy helicopter with a propeller.'], ['a: a small plane is flying in the sky \\nq: what do you see in the image? \\na: a: a small plane is'], ['you can see a man in a diving suit.'], ['a: a man with a fishing rod in his hand.'], ['a: a yellow ball in the image.'], ['a: a small plane with a propeller.'], ['a: a small airplane with a propeller on it.'], ['a: a ship in the water.'], ['the image is of a helicopter.'], ['you can see a lot of toys in the image.'], ['a: a ball with a handle.'], ['a person in a white dress with a white hat.'], ['a : a : a : a : a : a : a : a : a : a : a : a : a : a : a : a :'], ['a: a ball.'], ['a: a ball with a red dot on it.'], ['a: a small plane is flying in the sky.'], ['a: a ball with a red dot.'], ['a person with a hat and a pair of glasses.'], ['a: a small toy helicopter.'], ['you can see a person in the image.'], ['the image shows a small boat with a person in it.'], ['a: a person in a diving suit.'], ['a: a: a: a: a: a: a: a: a: a: a: a: a: a: a: a:'], ['a: a: a: a: a: a: a: a: a: a: a: a: a: a: a: a:'], ['the image shows a person holding a ball in his hand.'], ['a: a big ball with a small hole in the middle.'], ['a : a bird flying in the air \\nb : a small balloon floating in the air \\nc : a small plane flying in the air \\n'], ['the image shows a toy airplane with a propeller.'], ['a small plane flying in the sky \\nq: what do you hear in the image? \\na: a small plane flying in the sky \\n'], ['a: a ball with a white dot on it.'], ['a ball of balloons floating in the air.'], ['the image is a picture of a plane with a parachute.']]"
data/images/noun/2033-600.jpg,2033,cat toy cage,9,57,55,3,"[['the image shows a wheelbarrow with a wooden handle.'], ['a group of people.'], ['the image shows a container with a handle and a wheel on the bottom.'], ['the image shows a car.'], ['a man and a woman are sitting on a bench.'], ['the image shows a wheelbarrow.'], ['the image shows a small container.'], ['a small wheeled cart.'], ['a wheelbarrow.'], ['a group of people walking in a line.'], ['a circular object \\n\\n \\n \\n \\n \\n \\n \\n \\n \\n \\n \\n \\n \\n \\'], ['the image shows a green plastic container with a white lid.'], ['a man wearing a mask.'], ['the image shows a large group of people.'], ['a wheelbarrow.'], ['the image shows a basket with a handle.'], ['a container with a lid.'], ['the image shows a product that has a wheeled frame.'], ['the image shows a wheelbarrow.'], ['a wheelbarrow.'], ['the image shows a small wheeled vehicle.'], ['a man is sitting on a chair.'], ['a person in a wheel chair.'], ['the image shows a part of a wheel, the wheel is made of metal, the wheel is a part of a bicycle.'], ['the image shows a wheelbarrow with a large handle.'], ['the image shows a person sitting on a chair with a basket in front of him.'], ['the image shows a circular object that has a small handle on the side.'], ['the image shows a man in a wheel chair.'], ['a set of three boxes \\n\\n\\n\\n\\n\\n\\n\\n\\n\\n\\n\\n\\n\\'], ['the image shows a person sitting on a chair.'], ['the image shows a person holding a ball on a rope.'], ['the image shows a wheelbarrow with a handle.'], ['the image shows a person with a wheel chair.'], ['a person holding a ball \\nq: what is the image of the image? \\na: a person holding a ball \\nq: what do'], ['a wheelbarrow with a wheel on the end of it.'], ['a person sitting on a chair.'], ['a small, square, round, or oval shaped container.'], ['the image shows a pile of sand with a small container in the center.'], ['the image shows a box with a handle.'], ['the image shows a person sitting on a chair.']]"
data/images/noun/2034-600.jpg,2034,worm ball with cut off hands or stars,72,39,45,26,"[['a group of people in a circle \\nq: what do you see in the image? \\na: a group of people in a circle \\n'], ['a group of people \\nq: what do you hear in the image? \\na: a group of people \\nq: what do you smell'], ['a group of colorful objects \\nq: what do you see in the image? \\na: a group of colorful objects \\nq: what do'], ['a colorful ball of confetti! \\nq: what do you see in the image? \\na: a colorful ball of confetti! \\n'], ['a group of people.'], ['a bunch of colorful balloons \\nq: what do you hear in the image? \\na: a bunch of colorful balloons \\nq: what do'], ['a group of colorful objects \\nq: what do you see in the image? \\na: a group of colorful objects \\nq: what do'], ['a ball of yarn \\nq: what do you see in the image? \\na: a ball of yarn \\nq: what do you see'], ['a group of people.'], ['a ball of confetti on a white background \\nq: what do you hear in the image? \\na: a loud noise \\nq:'], ['a bunch of balloons! \\n \\n \\n \\n \\n \\n \\n \\n \\n \\n \\n \\n \\n \\'], ['a bunch of pink and white balloons.'], ['a bunch of pink and purple balloons \\nq: what do you hear in the image? \\na: a bunch of balloons popping \\nq:'], ['a bunch of balloons! \\nq: what do you hear in the image? \\na: a bunch of balloons! \\nq: what do'], ['a pile of colorful confetti.'], ['a pile of colorful balls \\nq: what do you see in the image? \\na: a pile of colorful balls \\nq: what do'], ['a pink ball of yarn.'], ['a: a: a: a: a: a: a: a: a: a: a: a: a: a: a: a:'], ['a group of people.'], ['a pile of colorful confetti.'], ['a pile of pink and white marshmallows.'], ['a pink and white ball of confetti \\nq: what do you see in the image? \\na: a pink and white ball of confetti'], ['a: a: a: a: a: a: a: a: a: a: a: a: a: a: a: a:'], ['a group of colorful balloons.'], ['a bunch of colorful balloons \\nq: what do you hear in the image? \\na: a bunch of colorful balloons \\nq: what do'], ['a: a bunch of colorful balls \\nq: what do you see in the image? \\na: a: a bunch of colorful balls \\n'], ['a group of people.'], ['a pile of confetti! \\nq: what do you see in the image? \\na: a pile of confetti! \\nq:'], ['a: a: a: a: a: a: a: a: a: a: a: a: a: a: a: a:'], ['a: a pile of colorful confetti.'], ['a group of people dancing in the air \\nq: what do you see in the image? \\na: a group of people dancing in the air'], ['a ball of colorful confetti.'], ['a ball of confetti on a white background.'], ['a pile of confetti \\nq: what do you hear in the image? \\na: a loud bang \\nq: what do you smell'], ['a group of colorful objects.'], ['a pink and white candy.'], ['a: a: a: a: a: a: a: a: a: a: a: a: a: a: a: a:'], ['a pile of pink and white confetti.'], ['a bunch of colorful balloons! \\nq: what do you see in the image? \\na: a bunch of colorful balloons! \\nq:'], ['a group of people.']]"
data/images/noun/2035-600.jpg,2035,giant pen with pen tip removed and cooper scourer pad on top,13,54,47,13,"[['a: a red ball! \\n \\n \\n \\n \\n \\n \\n \\n \\n \\n \\n \\n \\n'], ['a man with a beard and a mustache.'], ['a person wearing a red hat.'], ['a: a: a: a: a: a: a: a: a: a: a: a: a: a: a: a:'], ['a small red ball.'], ['a small ball of clay in the shape of a ball.'], ['a: a tiny little brush! \\n \\n \\n \\n \\n \\n \\n \\n \\n \\n \\n \\n \\'], ['a bunch of little balls.'], ['a: a: a: a: a: a: a: a: a: a: a: a: a: a: a: a:'], ['a ball of clay with a hand on it.'], ['a blue ball with a white stripe.'], ['a small red plastic cup with a handle.'], ['a: a small brush.'], ['a: a small brush.'], ['a small brush.'], ['a: a rubber eraser.'], ['a person in a blue coat with a red tie and a white hat.'], ['a: a small ball of clay.'], ['a ball of clay with a paintbrush in it.'], ['a: a small piece of plastic.'], ['a: a small, red, plastic, plastic, plastic, plastic, plastic, plastic, plastic, plastic, plastic, plastic, plastic, plastic, plastic'], ['a person wearing a blue hat.'], ['a ball of clay on a white background.'], ['a person wearing a hat.'], ['a: a tiny little brush with a pink handle.'], ['a: a small ball of clay.'], ['a: a man with a brush.'], ['a small blue ball with a small hole in it.'], ['a: a small amount of blue paint.'], ['a: a man wearing a hat and a beard.'], ['a: a small blue ball with a red base.'], ['a small ball of clay.'], ['a: a: a: a: a: a: a: a: a: a: a: a: a: a: a: a:'], ['a red and white ball with a hole in the middle.'], ['a small blue ball with a small hole on the end.'], ['a : a rubber eraser.'], ['a man wearing a red tie with a small white ball on it.'], ['a: a : a : a : a : a : a : a : a : a : a : a : a : a : a : a :'], ['a: a blue ball with a white dot.'], ['a red rubber ball.']]"
data/images/noun/2036-600.jpg,2036,cup-and-ball toy,59,70,20,20,"[['a: a: a: a: a: a: a: a: a: a: a: a: a: a: a: a:'], ['a: a : a : a : a : a : a : a : a : a : a : a : a : a : a : a :'], ['a: a : a : a : a : a : a : a : a : a : a : a : a : a : a : a :'], ['a: a: a: a: a: a: a: a: a: a: a: a: a: a: a: a:'], ['a: a : a : a : a : a : a : a : a : a : a : a : a : a : a : a :'], ['a: a : a : a : a : a : a : a : a : a : a : a : a : a : a : a :'], ['a : a : a : a : a : a : a : a : a : a : a : a : a : a : a : a :'], ['a: a: a: a: a: a: a: a: a: a: a: a: a: a: a: a:'], ['a: a: a: a: a: a: a: a: a: a: a: a: a: a: a: a:'], ['a: a: a: a: a: a: a: a: a: a: a: a: a: a: a: a:'], ['a: a: a: a: a: a: a: a: a: a: a: a: a: a: a: a:'], ['a: a : a : a : a : a : a : a : a : a : a : a : a : a : a : a :'], ['a: a : a : a : a : a : a : a : a : a : a : a : a : a : a : a :'], ['a : a : a : a : a : a : a : a : a : a : a : a : a : a : a : a :'], ['a : a : a : a : a : a : a : a : a : a : a : a : a : a : a : a :'], ['a: a : a : a : a : a : a : a : a : a : a : a : a : a : a : a :'], ['a: a : a : a : a : a : a : a : a : a : a : a : a : a : a : a :'], ['a: a : a : a : a : a : a : a : a : a : a : a : a : a : a : a :'], ['a: a: a: a: a: a: a: a: a: a: a: a: a: a: a: a:'], ['a : a : a : a : a : a : a : a : a : a : a : a : a : a : a : a :'], ['a: a : a : a : a : a : a : a : a : a : a : a : a : a : a : a :'], ['a: a : a : a : a : a : a : a : a : a : a : a : a : a : a : a :'], ['a : a : a : a : a : a : a : a : a : a : a : a : a : a : a : a :'], ['a: a : a : a : a : a : a : a : a : a : a : a : a : a : a : a :'], ['a: a: a: a: a: a: a: a: a: a: a: a: a: a: a: a:'], ['a: a : a : a : a : a : a : a : a : a : a : a : a : a : a : a :'], ['a: a : a : a : a : a : a : a : a : a : a : a : a : a : a : a :'], ['a : a : a : a : a : a : a : a : a : a : a : a : a : a : a : a :'], ['a: a: a: a: a: a: a: a: a: a: a: a: a: a: a: a:'], ['a: a : a : a : a : a : a : a : a : a : a : a : a : a : a : a :'], ['a : a : a : a : a : a : a : a : a : a : a : a : a : a : a : a :'], ['a : a : a : a : a : a : a : a : a : a : a : a : a : a : a : a :'], ['a: a: a: a: a: a: a: a: a: a: a: a: a: a: a: a:'], ['a : a : a : a : a : a : a : a : a : a : a : a : a : a : a : a :'], ['a: a : a : a : a : a : a : a : a : a : a : a : a : a : a : a :'], ['a : a : a : a : a : a : a : a : a : a : a : a : a : a : a : a :'], ['a: a: a: a: a: a: a: a: a: a: a: a: a: a: a: a:'], ['a: a : a : a : a : a : a : a : a : a : a : a : a : a : a : a :'], ['a : a : a : a : a : a : a : a : a : a : a : a : a : a : a : a :'], ['a: a : a : a : a : a : a : a : a : a : a : a : a : a : a : a :']]"
data/images/noun/2037-600.jpg,2037,teething ring with a bit photoshopped out,34,24,37,3,"[['the image shows the various types of braces.'], ['a : a heart.'], ['a : a : a : a : a : a : a : a : a : a : a : a : a : a : a : a :'], [""the image is a representation of the word 'bond '.""], ['a : a small ball.'], ['a: a: a : a : a : a : a : a : a : a : a : a : a : a : a : a :'], ['the image shows a pink and white striped bracelet.'], ['a: a : a : a : a : a : a : a : a : a : a : a : a : a : a : a :'], ['the image is a picture of a pink rubber band.'], ['a : a : a : a : a : a : a : a : a : a : a : a : a : a : a : a :'], ['a : a ball of beads.'], ['the image is a representation of a medical device.'], ['a: a : a : a : a : a : a : a : a : a : a : a : a : a : a : a :'], ['a heart! \\nq: what do you hear in the image? \\na: a heart! \\nq: what do you smell in the'], ['a: a : a : a : a : a : a : a : a : a : a : a : a : a : a : a :'], ['the image shows a person with a pink colored ring on the left hand.'], ['a : a ring with a heart shape in it.'], ['a: a: a: a: a: a: a: a: a: a: a: a: a: a: a: a:'], ['a: a : a : a : a : a : a : a : a : a : a : a : a : a : a : a :'], ['a: a: a: a : a : a : a : a : a : a : a : a : a : a : a : a :'], ['a : a : a : a : a : a : a : a : a : a : a : a : a : a : a : a :'], ['a: a : a : a : a : a : a : a : a : a : a : a : a : a : a : a :'], ['the image shows the shape of a person.'], ['a : a : a : a : a : a : a : a : a : a : a : a : a : a : a : a :'], ['the image shows a small piece of a rubber band.'], ['a: a : a : a : a : a : a : a : a : a : a : a : a : a : a : a :'], ['a: a : a : a : a : a : a : a : a : a : a : a : a : a : a : a :'], ['a: a : a : a : a : a : a : a : a : a : a : a : a : a : a : a :'], ['a : a : a : a : a : a : a : a : a : a : a : a : a : a : a : a :'], ['a : a pair of hands.'], ['a: a : a : a : a : a : a : a : a : a : a : a : a : a : a : a :'], ['a : a pair of hands.'], ['the image is a representation of a person.'], ['a pair of hands holding a heart.'], ['a : a : a : a : a : a : a : a : a : a : a : a : a : a : a : a :'], ['the image is a representation of the image of the disease.'], ['the image shows the shape of a hand with a thumb and pinky finger.'], ['a person wearing a bracelet with a pink heart on it.'], ['a : a : a : a : a : a : a : a : a : a : a : a : a : a : a : a :'], ['a: a : a : a : a : a : a : a : a : a : a : a : a : a : a : a :']]"
data/images/noun/2038-600.jpg,2038,heart shaped slinky,56,63,26,6,"[['a rainbow! \\nq: what do you hear in the image? \\na: a bell! \\nq: what do you smell in the'], ['a cloud of colorful confetti.'], ['a bunch of people! \\nq: what do you hear in the image? \\na: a bunch of people! \\nq: what do'], ['a cloud of happiness! \\nb: a rainbow! \\nc: a rainbow of happiness! \\nd: a rainbow of happiness! \\n'], ['a group of people with colorful umbrellas \\nq: what do you think will happen in the image? \\na: a group of people with'], ['a set of colorful balloons.'], ['a rainbow! \\nq: what do you hear in the image? \\na: the sound of a rainbow! \\nq: what do you'], ['a bunch of people in a circle! \\nq: what do you see in the image? \\na: a bunch of people in a circle!'], ['a rainbow! \\nq: what do you hear in the image? \\na: a rainbow! \\nq: what do you smell in the'], ['a cloud of balloons! \\nq: what do you hear in the image? \\na: a song of joy! \\nq: what do'], ['a rainbow! \\nq: what do you hear in the image? \\na: the sound of rain! \\nq: what do you smell'], ['a rainbow! \\n\\nq: what do you hear in the image? \\na: a rainbow! \\n\\nq: what do'], ['a bunch of colorful balloons! \\nq: what do you hear in the image? \\na: a bunch of colorful balloons! \\nq:'], ['a cloud of colorful balloons \\nq: what do you see in the image? \\na: a cloud of colorful balloons \\nq: what do'], ['a rainbow of colors! \\nb: a rainbow of colors! \\nc: a rainbow of colors! \\nd: a rainbow of colors!'], ['a cloud of balloons! \\n\\n\\n\\n\\n\\n\\n\\n\\n\\n\\n\\n\\n\\'], ['a rainbow! \\nq: what do you hear in the image? \\na: the sound of rain! \\nq: what do you smell'], ['a rainbow! \\nq: what do you hear in the image? \\na: a sound! \\nq: what do you smell in the'], ['a rainbow of colors! \\nb: a rainbow of colors! \\nc: a rainbow of colors! \\nd: a rainbow of colors!'], ['a rainbow! \\nq: what do you see in the image? \\na: a rainbow! \\nq: what do you see in the'], ['a set of colorful balloons! \\nq: what do you hear in the image? \\na: a set of colorful balloons! \\nq:'], ['a bunch of balloons! \\n\\n\\n\\n\\n\\n\\n\\n\\n\\n\\n\\n\\n\\'], ['a cloud of balloons! \\n\\n\\n\\n\\n\\n\\n\\n\\n\\n\\n\\n\\n\\'], ['a bunch of colorful balloons! \\nq: what do you see in the image? \\na: a bunch of colorful balloons! \\nq:'], [""a cloud of course! \\nq: what do you think of the image? \\na: i think it's very nice! \\nq:""], ['a cloud of balloons! \\nq: what do you see in the image? \\na: a cloud of balloons! \\nq: what do'], ['a cloud of balloons! \\nq: what do you see in the image? \\na: a cloud of balloons! \\nq: what do'], ['a cloud of balloons! \\n\\n\\n\\n\\n\\n\\n\\n\\n\\n\\n\\n\\n\\'], ['a bunch of colorful balloons! \\n\\n\\n\\n\\n\\n\\n\\n\\n\\n\\n\\n\\n'], ['a rainbow! \\nq: what do you hear in the image? \\na: a rainbow! \\nq: what do you smell in the'], ['a cloud! \\n\\n\\n\\n\\n\\n\\n\\n\\n\\n\\n\\n\\n\\n\\'], ['a bunch of colorful balloons! \\nq: what do you hear in the image? \\na: a bunch of colorful balloons! \\nq:'], ['a rainbow! \\nq: what do you see in the image? \\na: a rainbow! \\nq: what do you see in the'], ['a rainbow! \\nq: what do you hear in the image? \\na: a rainbow! \\nq: what do you smell in the'], ['a rainbow! \\n\\n\\n\\n\\n\\n\\n\\n\\n\\n\\n\\n\\n\\n\\'], ['a rainbow! \\nq: what do you hear in the image? \\na: a rainbow! \\nq: what do you smell in the'], ['a cloud of balloons! \\n\\n\\n\\n\\n\\n\\n\\n\\n\\n\\n\\n\\n\\'], ['a cloud of spaghetti! \\nb: a cloud of noodles! \\nc: a cloud of clouds! \\nd: a cloud of spaghetti!'], ['a cloud! \\nq: what do you see in the image? \\na: a cloud! \\nq: what do you see in the'], ['a rainbow! \\nq: what do you hear in the image? \\na: the sound of a rainbow! \\nq: what do you']]"
data/images/noun/2039-600.jpg,2039,led top,28,64,61,13,"[[""it's a cube with a little light bulb in the middle of it.""], ['the image shows a person with a green hat and a blue shirt.'], ['the image is a game that you can play with friends.'], ['the image is a person with a flower in their hand.'], ['the image shows a green light on the left and a blue light on the right.'], [""it's a person with a crown and a sword \\nq: what do you see in the image? \\na: it's a person with a""], ['the image is a representation of a set of keys.'], ['a - i see a green circle with a white dot on the top of it.'], ['the image shows a toy with a ball in the middle of the toy.'], ['a green ball that is moving in a circle.'], ['the image is a picture of a person with a light bulb in the middle of the person.'], ['the image shows a person holding a ball on the left side of the image.'], ['the image shows a person with a cross on his head.'], ['the image shows a person in a circle, the person is holding a key, the key is in the shape of a triangle.'], ['the image is a representation of a 3d object that is made of a single piece of material.'], ['the image shows a person sitting on a chair with a green background and a green circle in the middle of the image.'], ['it is a small image of a person.'], ['the image is a representation of a game.'], ['the image shows a person with a green light and a red light.'], ['the image shows a person playing with a ball.'], ['the image is a representation of a 3d model of a building.'], [""the image is a diagram of a person's body.""], ['the image shows a green cube with a white dot on it.'], ['the image is a small image of a person, and the image is a small image of a person.'], ['the image is a representation of the product.'], ['it is a person with a smile.'], ['a circle with a dot in the center \\nq: what do you see in the image? \\na: a circle with a dot in the center'], ['a small green ball with a white dot on the center.'], [""it's a 3d object that is being cut into pieces \\nq: what do you see in the image? \\na: it's a 3""], ['the image shows a key with a lock and a keyhole.'], ['the image shows a cube with a green and white color.'], ['the image is a representation of a toy that is made up of a plastic ball and a plastic disc with a hole in it.'], ['the image shows a person with a hand in a shape of a hand.'], ['the image is a representation of a 3d model of the toy.'], ['the image is a representation of a game.'], ['the image is a picture of a green and white toy with a yellow circle in the middle.'], ['a cube with a green and white color.'], ['the image shows a green circle with a dot on it.'], ['it is a tiny toy of a green and yellow figure.'], ['the image is a picture of a toy that has a green and yellow ball in it.']]"
data/images/noun/2040-600.jpg,2040,rubber toy found in toy aisle,31,64,63,16,"[['a ball of yarn \\nq: what do you see in the image? \\na: a ball of yarn \\nq: what do you see'], ['a ball of blue yarn \\nq: what do you see in the image? \\na: a ball of blue yarn \\nq: what do'], ['a sea creature \\nq: what do you see in the image? \\na: a sea creature \\nq: what do you see in the'], ['a ball of blue and white plastic.'], ['a ball of blue, yellow, green, red, white and black.'], ['a soccer ball \\n\\nq: what do you see in the image? \\na: a soccer ball \\n\\nq: what do'], ['a ball of blue and white plastic.'], ['a ball of blue and white plastic, with a green and white plastic ball on top.'], ['a ball! \\nq: what do you see in the image? \\na: a ball! \\nq: what do you see in the'], ['a ball with a hole in it \\n\\n\\n\\n\\n\\n\\n\\n\\n\\n\\n\\n\\'], ['a blue ball with a yellow top \\nq: what do you see in the image? \\na: a blue ball with a yellow top \\n'], ['a blue and white ball with a green and yellow stripe on it \\n\\n\\n\\n\\n\\n\\n\\n\\n\\'], ['a ball with a head of a fish.'], ['a soccer ball! \\n \\n \\n \\n \\n \\n \\n \\n \\n \\n \\n \\n \\n \\n'], ['a soccer ball with a face \\nq: what do you see in the image? \\na: a soccer ball with a face \\nq:'], ['a ball! \\nq: what do you see in the image? \\na: a ball! \\nq: what do you see in the'], ['a football player \\n\\n\\n\\n\\n\\n\\n\\n\\n\\n\\n\\n\\n\\n\\'], ['a ball of yarn.'], ['a blue and white ball with a hole in it.'], ['a ball! \\nq: what do you see in the image? \\na: a ball! \\nq: what do you see in the'], ['a blue ball with a white stripe.'], ['a ball of blue and white plastic with a yellow ball on top.'], ['a ball of blue yarn \\nq: what do you see in the image? \\na: a ball of blue yarn \\nq: what do'], ['a ball of blue yarn \\nq: what do you see in the image? \\na: a ball of blue yarn \\nq: what do'], ['a blue and white ball \\nq: what do you see in the image? \\na: a blue and white ball \\nq: what do'], ['a ball of blue and white balls \\nq: what do you see in the image? \\na: a ball of blue and white balls \\n'], ['a: a: a: a: a: a: a: a: a: a: a: a: a: a: a: a:'], ['a ball with a face and a nose \\nq: what do you see in the image? \\na: a ball with a face and a nose'], ['a football player \\nq: what do you see in the image? \\na: a football player \\nq: what do you see in the'], ['a blue and white ball \\nq: what do you see in the image? \\na: a blue and white ball \\nq: what do'], ['a ball of blue yarn \\nq: what do you see in the image? \\na: a ball of blue yarn \\nq: what do'], ['a ball of blue and white yarn \\nq: what do you see in the image? \\na: a ball of blue and white yarn \\n'], ['a ball of blue yarn \\nq: what do you see in the image? \\na: a ball of blue yarn \\nq: what do'], ['a football player \\nq: what do you see in the image? \\na: a football player \\nq: what do you see in the'], ['a: a: a: a: a: a: a: a: a: a: a: a: a: a: a: a:'], ['a ball with a blue and white shell.'], ['a sea creature with a shell.'], ['a: a: a: a: a: a: a: a: a: a: a: a: a: a: a: a:'], ['a sea creature \\nq: what do you see in the image? \\na: a sea creature \\nq: what do you see in the'], ['a sea creature with tentacles.']]"
data/images/noun/2041-600.jpg,2041,massager,34,38,23,20,"[['a ball of different colors.'], ['a man and a woman.'], ['the image shows a person holding a ball in his hand.'], ['a ball with a dot on it.'], ['a person with a ball in his hand.'], ['the image shows a person with a white ball in his hand.'], ['the image shows a person holding a ball in his hand.'], ['a person, the image is a person, the image is a person, the image is a person, the image is a person, the image is a person'], ['the image shows a group of children playing a game.'], ['a man is holding a ball in his hands.'], ['a person holding a ball in his hand.'], ['the image shows a set of three wooden blocks.'], ['a person, a group of people, a group of people, a group of people, a group of people, a group of people, a group of people'], ['a ball, a person, a cross, a square, a circle, a dot, a line, a dot, a line, a circle, a ball'], ['a group of people.'], ['a person holding a ball on the end of a stick.'], ['a child playing with a ball on a wooden floor.'], ['the image shows a person with a ball on his head.'], ['the image shows a person with a wooden stick.'], ['a man and a woman holding hands in a circle.'], ['a man holding a ball.'], ['a group of people playing a game of chess.'], ['a person with a stick.'], ['a child playing with a ball in a circle.'], ['a person with a ball on their head.'], ['a person holding a ball.'], ['a group of people holding hands.'], ['a set of three balls, each with a different color.'], ['a person with a crown on his head.'], ['a: a person holding a ball.'], ['a group of people holding hands.'], ['the image shows a person holding a ball in their hand.'], ['a man and a woman, in a circle, in a triangle.'], ['a: a person is holding a ball in their hand.'], ['the image shows a wooden cross.'], ['a ball with a hole in it.'], ['a person holding a ball in his hand.'], ['a person with a wooden cross.'], ['a person with a ball and a chain.'], ['a person, holding a ball, with a smile.']]"
data/images/noun/2042-600.jpg,2042,small personal fan without blades,38,67,81,3,"[['a: a: a: a: a: a: a: a: a: a: a: a: a: a: a: a:'], ['a person with a white hat.'], ['a: a: a: a: a: a: a: a: a: a: a: a: a: a: a: a:'], ['the image is of a person in a blue shirt.'], ['the image is a cartoon of a person with a hand on the head.'], ['a man in a white coat.'], ['the image shows a person holding a gun.'], ['a man is holding a gun.'], ['a person holding a hammer.'], ['a man is holding a gun.'], ['a man holding a gun.'], ['a person in a blue coat.'], ['a person in a blue jacket.'], ['the image shows the color of the toy.'], ['a: a: a: a: a: a: a: a: a: a: a: a: a: a: a: a:'], ['the image shows a man wearing a blue cap.'], ['the image shows a person with a blue head.'], ['the image is a 3d illustration of a person holding a stick.'], ['the image shows a person with a white cap on.'], ['a person holding a ball.'], ['the image shows a person with a white headband and a blue shirt.'], ['a person is holding a stick in his hand.'], ['a blue and white toy helicopter.'], ['a person with a blue hat.'], ['the image shows a man holding a gun.'], ['a person wearing a blue hat.'], ['a person with a gun.'], ['the image shows a person with a hand, a person with a hand.'], ['a : a : a : a : a : a : a : a : a : a : a : a : a : a : a : a :'], ['a: a : a : a : a : a : a : a : a : a : a : a : a : a : a : a :'], ['a person holding a toy in his hand.'], ['a: a: a: a: a: a: a: a: a: a: a: a: a: a: a: a:'], ['the image shows the image of a man with a long nose and a small mouth.'], ['the image shows a person with a white hat and a red ball.'], ['a man holding a gun.'], ['a man in a white shirt and a blue tie.'], ['the image shows a person with a hand.'], ['the image is of a child in a blue coat and hat.'], ['a man is holding a hand grenade.'], ['a: a: a: a: a: a: a: a: a: a: a: a: a: a: a: a:']]"
data/images/noun/2043.jpg,2043,clacker,66,76,65,6,"[['a: a: a: a: a: a: a: a: a: a: a: a: a: a: a: a:'], ['a toy for children.'], ['a ball.'], ['a ball with a colorful plastic handle.'], ['a pink ball on a red string \\nq: what do you see in the image? \\na: a pink ball on a red string \\n'], ['a ball with a colorful plastic handle.'], ['a pink ball with a rope and a colorful ball.'], ['a: a: a: a: a: a: a: a: a: a: a: a: a: a: a: a:'], ['a pink and white ball, a toy for children.'], ['a ball, a toy.'], ['a colorful toy for children \\n\\n \\n \\n \\n \\n \\n \\n \\n \\n \\n \\n \\n \\'], ['a: a: a: a: a: a: a: a: a: a: a: a: a: a: a: a:'], ['a ball of colorful rubber balls.'], ['a: a: a: a: a: a: a: a: a: a: a: a: a: a: a: a:'], ['a ball with a rope on the end.'], ['the image shows a toy, a ball, and a toy with a handle.'], ['a ball of colorful plastic.'], ['a ball with a rope.'], ['a : a : a : a : a : a : a : a : a : a : a : a : a : a : a : a :'], ['a: a: a: a: a: a: a: a: a: a: a: a: a: a: a: a:'], ['a: a: a: a: a: a: a: a: a: a: a: a: a: a: a: a:'], ['the image is a toy that you can use to play with your children.'], ['a ball with a rubber band.'], ['the image is a toy for children.'], ['a: a: a: a: a: a: a: a: a: a: a: a: a: a: a: a:'], ['a : a toy with a ball on the end of a string.'], ['the image shows a toy with a colorful ball.'], ['a colorful ball with a long handle.'], ['a toy, a ball, a ball, a toy, a ball, a toy, a ball, a toy, a ball, a toy, a ball'], ['a : a ball.'], ['a: a: a: a: a: a: a: a: a: a: a: a: a: a: a: a:'], ['a ball with a string.'], ['a ball with a red and white stripe.'], ['a toy with a ball on a string.'], ['a ball with a rope, which is used for children.'], ['a: a: a: a: a: a: a: a: a: a: a: a: a: a: a: a:'], ['a ball! \\nb: a toy! \\nc: a toy! \\nd: a toy! \\ne: a toy! \\'], ['the image shows a colorful toy.'], ['a : a toy.'], ['a toy with a ball on the end.']]"
data/images/noun/2044-600.jpg,2044,diving toy with small weight,6,27,94,6,"[['the image is a circle with a line on it.'], ['the image is a representation of a group of people.'], ['the image is a circle with a dot in the center.'], ['a: a: a: a: a: a: a: a: a: a: a: a: a: a: a: a:'], ['the image is a diagram of a chain.'], ['the image is a blue circle with a dot in the middle.'], ['the image is a simple illustration of a ball rolling on a flat surface.'], ['i see a lot of arrows in the image.'], ['the image is a representation of a circular object.'], ['you see a bunch of people running and jumping in a circle.'], ['the image is a representation of a company.'], ['the image shows a group of people playing a game.'], ['the image is a set of gears.'], ['the image is a cube of red and white balls.'], ['a: the image shows a bunch of people in a circle.'], ['you see a bunch of people in a circle.'], ['i see a lot of people working hard to make money.'], [""the image is a representation of the word 'q'.""], ['the image is a set of balls.'], ['you see a bunch of balls with different colors.'], ['the image is a representation of a circle.'], ['you can see the number of the balls on the table.'], ['the image is a vector illustration of a line of dots.'], ['you can see a group of people walking in a line.'], ['i see a lot of balls in a row.'], ['you can see a circle with a dot in the middle.'], ['a: a: a: a: a: a: a: a: a: a: a: a: a: a: a: a:'], ['the image is a representation of the letters q, r, s, t, and the number of the letters.'], ['i see a lot of balls in the image.'], ['i see a bunch of dots.'], ['i see a lot of balls in a row.'], ['the image shows a group of people who are moving in a circle.'], ['the image is a circle with a line through it.'], ['the image is a representation of a circle.'], ['you see a group of people in the image.'], ['i see a lot of small circles in the image.'], ['you see a lot of balls in the image.'], ['a: i see a ball with a blue color.'], ['the image is a vector illustration of a circle with a dot inside.'], ['you can see the numbers of the balls in the image.']]"
data/images/noun/2045-600.jpg,2045,wooden ball toy,25,29,3,55,"[['a person using a tool.'], ['a : a : a : a : a : a : a : a : a : a : a : a : a : a : a : a :'], ['the image shows a wooden paddle with a handle and a flat blade.'], ['a : a person with a hand.'], ['a person with a knife.'], ['the image shows a wooden handle of a knife.'], ['a knife, a fork, a spoon, a spoon, a fork, a knife, a spoon, a knife, a spoon, a fork, a knife'], ['a: a person using a tool.'], ['a wooden paddle with a handle.'], [""it's a tool for cutting the wood.""], ['a : a hand, a tool, a weapon, a weapon, a tool, a weapon, a tool, a weapon, a tool, a weapon,'], ['a person with a long handle.'], ['a person with a knife.'], ['a person holding a knife.'], ['a person in a chair.'], ['a person holding a knife.'], ['the image is a hand drawn illustration of a tool used to cut wood.'], ['a person with a knife.'], ['a person in a chair.'], ['a tool for cutting wood.'], ['a person with a tool in his hand.'], ['a person with a knife in his hand.'], ['a person with a knife.'], ['the image shows a wooden ruler with a handle.'], ['a hand tool for making a cut on a board.'], ['a person with a wooden spoon in his hand.'], ['a hand with a nail on it.'], ['a person with a tool.'], ['it is a wooden spoon with a handle.'], ['the image shows a hand holding a tool.'], ['a hand, holding a knife, and a fork.'], ['a person with a long wooden staff.'], ['a wooden spoon with a handle and a wooden spoon with a handle and a handle.'], ['a person holding a knife in their hand.'], ['a person with a wooden spoon.'], ['a person with a long wooden stick.'], ['a hand holding a knife.'], ['the image is a diagram of the wood tool.'], ['the image is a picture of a wooden tool with a long handle and a wooden blade.'], ['a person.']]"
data/images/noun/2046-600.jpg,2046,keychain with bubbles inside,34,67,42,3,"[['a: a: a: a: a: a: a: a: a: a: a: a: a: a: a: a:'], ['you see a small person with a hand.'], ['you can see a lot of colors in this image.'], ['a: a: a: a: a: a: a: a: a: a: a: a: a: a: a: a:'], ['a: a: a: a: a: a: a: a: a: a: a: a: a: a: a: a:'], ['a: a: a: a: a: a: a: a: a: a: a: a: a: a: a: a:'], ['a person with a key.'], ['a: a: a: a: a: a: a: a: a: a: a: a: a: a: a: a:'], ['you can see a keychain with a key and a bottle of water.'], ['the image is a representation of a person in a cage.'], ['you see a person with a key.'], ['you see a person holding a key in his hand.'], ['a person with a key in his hand.'], ['a keychain with a small bottle of water.'], ['a person in a wheelchair.'], ['a: a: a: a: a: a: a: a: a: a: a: a: a: a: a: a:'], ['you see a bunch of keys.'], ['a: a: a: a: a: a: a: a: a: a: a: a: a: a: a: a:'], ['a: a key ring with a key and a small bottle of water.'], ['the image shows a man with a key in his hand.'], ['you see a keychain with a key and a bottle of water.'], ['a keychain with a bottle opener on it.'], ['you see a keychain with a small bottle of water.'], ['the image is a representation of a person.'], ['a: a : a : a : a : a : a : a : a : a : a : a : a : a : a : a :'], ['the image is a keychain with a key and a small bottle with a small opening.'], ['a: a: a: a: a: a: a: a: a: a: a: a: a: a: a: a:'], ['a: a: a: a: a: a: a: a: a: a: a: a: a: a: a: a:'], ['a: a: a: a: a: a: a: a: a: a: a: a: a: a: a: a:'], ['a key.'], ['a: a : a : a : a : a : a : a : a : a : a : a : a : a : a : a :'], ['the image shows a bottle with a cap and a small key attached to it.'], ['a: a: a: a: a: a: a: a: a: a: a: a: a: a: a: a:'], ['a: a : a : a : a : a : a : a : a : a : a : a : a : a : a : a :'], ['a key, a key to the world.'], ['a: a key.'], ['a: a: a: a: a: a: a: a: a: a: a: a: a: a: a: a:'], ['a: a: a: a: a: a: a: a: a: a: a: a: a: a: a: a:'], ['a: a: a: a: a: a: a: a: a: a: a: a: a: a: a: a:'], ['a keychain with a bottle opener and a bottle.']]"
data/images/noun/2047-600.jpg,2047,perfume sprayer,41,32,50,3,"[['it is a product that is used to protect the surface of the product.'], ['it is a white plastic bottle with a black cap and a white label.'], ['the image shows a small bottle of water.'], ['the image is a photo of the product.'], ['it is a product with a small hole in it.'], ['it is a product of the company.'], ['the image shows a black plastic bottle with a white cap and a white label.'], ['it is a black bottle with a white cap.'], ['the image shows a product that is made of a plastic material.'], ['the image shows the image of the product with the image of the product.'], ['the image shows the product in the package.'], ['it is a picture of a bottle with a cap.'], ['the image shows a part of a screw.'], ['the image shows the product with a white background.'], ['the image shows the product in the packaging.'], ['it is a product that is used for the treatment of skin.'], ['we have the same issue as you.'], ['it is a small bottle with a cap.'], ['it is a product of our company.'], ['it is a water bottle with a cap.'], ['we see a black plastic bottle with a white cap.'], ['it is a small metal cylinder with a cap.'], ['it is a water pipe, which is used to carry water.'], ['the image is a product of the product.'], ['the image shows a person wearing a cap.'], ['it is a small plastic bottle with a cap.'], ['the image is a sample of the product.'], ['the image is a picture of a product.'], ['the image shows a white colored bottle with a black cap.'], ['it is a product of the company.'], ['the image shows a bottle with a cap.'], ['the image is a picture of the product.'], ['it is a bottle with a cap.'], ['it is a black plastic bottle with a white cap.'], ['the image shows the product with a small hole in it.'], ['the image is a close up of the logo on the bottle.'], ['the image is a close up of the product.'], ['the image is a sample of the product.'], ['the image shows the product in the package.'], ['this is a photo of the product.']]"
data/images/noun/2048-600.jpg,2048,worm ball with hands and stars cut off,13,47,55,6,"[['you see a lot of balls in the image.'], ['a: a: a: a: a: a: a: a: a: a: a: a: a: a: a: a:'], ['i see a lot of toys.'], ['i see a lot of balls! \\nq: what do you see in the image? \\na: i see a lot of balls! \\n'], ['a ball with a rope.'], ['i see a lot of balls \\nq: what do you see in the image? \\na: i see a lot of balls \\nq:'], ['a: a: a: a: a: a: a: a: a: a: a: a: a: a: a: a:'], ['a: i see a bunch of balls, i think they are toys, i think they are toys, i think they are toys, i think they are toys'], ['a : a : a : a : a : a : a : a : a : a : a : a : a : a : a : a :'], ['i see a lot of balls \\nq: what do you see in the image? \\na: i see a lot of balls \\nq:'], ['a: a: a: a: a: a: a: a: a: a: a: a: a: a: a: a:'], ['a: a : a : a : a : a : a : a : a : a : a : a : a : a : a : a :'], ['i see a lot of balls and a lot of colors! \\nq: what do you see in the image? \\na: i see a lot'], ['a: i see a ball with a chain attached to it.'], ['a: a: a: a: a: a: a: a: a: a: a: a: a: a: a: a:'], ['the balls are in a pile.'], ['the balls are made of different colors and sizes.'], ['a: i see a lot of balls! \\nq: what do you see in the image? \\na: i see a lot of balls!'], ['a: a : a : a : a : a : a : a : a : a : a : a : a : a : a : a :'], ['the image shows a set of colorful balls in a pile.'], ['i see a ball of colorful balls.'], ['a: i see a lot of balls in the image.'], ['i see a lot of colorful balls \\nq: what do you see in the image? \\na: i see a lot of colorful balls \\n'], ['a: a : a : a : a : a : a : a : a : a : a : a : a : a : a : a :'], ['a : a : a : a : a : a : a : a : a : a : a : a : a : a : a : a :'], ['the image is a representation of a set of colorful balls in a plastic bag.'], ['the image shows a group of balls in a container.'], ['a : a : a : a : a : a : a : a : a : a : a : a : a : a : a : a :'], ['a: a: a: a: a: a: a: a: a: a: a: a: a: a: a: a:'], ['the image is a picture of a ball with a red and white ball inside.'], ['a : a : a : a : a : a : a : a : a : a : a : a : a : a : a : a :'], ['the image is a representation of a set of balls in a basket.'], ['a : a : a : a : a : a : a : a : a : a : a : a : a : a : a : a :'], ['a: a: a: a: a: a: a: a: a: a: a: a: a: a: a: a:'], ['the image shows a set of colorful balls on a white background.'], ['a: a : a : a : a : a : a : a : a : a : a : a : a : a : a : a :'], ['the image shows the different kinds of balls.'], ['the image is a 3d model of a ball, a ball, a ball, a ball, a ball, a ball, a ball, a ball,'], ['the image shows a set of balls in a container.'], ['i see a lot of colorful balls in the image.']]"
data/images/noun/2049-600.jpg,2049,slide whistle,19,44,39,10,"[['a: a small circle with a small line in it.'], ['a person holding a pen.'], [""it's a small piece of the blue plastic that is on the end of the pen.""], ['a pencil, a ruler and a pen.'], ['a pencil.'], ['a person holding a pen.'], ['a white pencil with a sharp point.'], ['the image shows the difference between the two types of pencils.'], ['the image shows a person holding a pen in the middle of a circle.'], ['a small metal pin.'], ['a person holding a pen.'], ['a person holding a pencil.'], ['a: a tool used to measure the thickness of a material.'], ['a: a small rubber band is used to hold the wire to the magnet.'], ['a: a person holding a pen in the image.'], ['a: a black pen.'], ['the image shows a pencil eraser.'], ['a pencil.'], ['a : a pencil.'], ['the image shows a tool that is used to remove paint from a surface.'], ['the image shows the size of the product.'], ['the image shows a pen with a blue cap.'], ['the image shows a person with a blue cap.'], ['a pencil, eraser, and a pen.'], ['the image shows a pen.'], ['the image shows a person holding a pen.'], ['the image shows a small round object with a handle.'], ['the image shows a pencil eraser with a small hook.'], ['the image shows a person holding a pen in his hand.'], ['it is a pencil, pen, or marker.'], ['a: a ballpoint pen.'], ['a pencil.'], ['a pen.'], ['a: a pen with a blue tip.'], ['the image shows a white ball, which is a part of the.'], ['a: a white pencil.'], ['a pencil.'], ['it is a small blue plastic pen.'], ['a pencil with a cap.'], ['the image shows a pen with a blue ink cartridge.']]"
data/images/noun/2050-600.jpg,2050,mobile phone stand for a car,31,68,45,0,"[['this is the image of the part.'], ['the image shows the end of the stem of the fan.'], ['the image shows the white plastic part of the air conditioner.'], ['the image shows the standard size of the product.'], ['the image shows the air filter of the air conditioner.'], ['the image shows the product in the packaging.'], ['this is a picture of a part of a hydraulic cylinder.'], ['this is a photo of a part of a water pump.'], ['the image shows a part of a water pipe.'], ['the image shows the device with the cover removed.'], ['the image shows the top of the product.'], ['the image shows a circular fan.'], ['the image shows a small part of the product.'], ['the image shows the top of the product.'], ['the image shows the part of the valve.'], ['the image shows a standard size of the standard size of the standard size of the standard size of the standard size of the standard size of the standard size of the'], ['the image shows a black and white image of a vehicle.'], ['the image shows a screw.'], ['the image shows a screw that is used to attach the fan to the base of the air conditioner.'], ['the image shows the end of a screw that is used to fasten the fan to the frame.'], ['the image shows the main part of the product.'], ['the image shows the front of the fan.'], ['the image shows the front of the product.'], ['this is a picture of a part that is used to support a person.'], ['the image shows the black cover of the top of the tank.'], ['a manhole cover.'], ['this is the image of the product.'], ['the image shows the design of the product.'], ['the image shows the top of the device.'], ['the image shows the part of the product that is being used for the installation of the product.'], ['this is a photo of a product that i have for sale.'], ['the image shows the part number of the part.'], ['this is the image of the product.'], ['the image shows a picture of a screw and a nut.'], ['this is a picture of the rear view of the air conditioner.'], ['the image shows a picture of a screw, which is used to fix the fan.'], ['the image shows the product in the packaging.'], ['the image shows the screw on the top of the fan.'], ['the image shows the part number of the part.'], ['this is a picture of a single screw on a circular base.']]"
data/images/noun/2051-600.jpg,2051,finger castanet,53,60,47,9,"[['the image is a picture of a toy that is a part of the set of the toy.'], [""a baby's toy.""], ['the image shows a chair with a wooden frame and a seat with a cushion.'], ['a: a: a: a: a: a: a: a: a: a: a: a: a: a: a: a:'], ['a toy for children.'], ['a person with a hat.'], ['a cute little bird! \\nq: what do you see in the image? \\na: a cute little bird! \\nq: what do'], ['the image shows a person sitting on a chair with a basket in front of him.'], ['a green and white plastic chair with a plastic table on top of it.'], ['a man with a basket, a child with a doll, a woman with a basket.'], ['the image shows a person sitting on a chair.'], ['a cute little boy in a green dress.'], ['a child in a swing.'], ['a bird sitting on a branch \\n\\nq: what do you see in the image? \\na: a bird sitting on a branch \\n'], [""a woman's hand with a ring on it.""], [""a pair of children's shoes.""], ['the image shows a colorful toy, a pink and white toy.'], ['a lady in a pink dress sitting on a chair.'], ['a small person sitting on a chair.'], ['a plastic container with a lid.'], ['a person sitting in a chair.'], ['a small toy with a frog on the top of it.'], ['a person in a chair.'], ['a: a: a: a: a: a: a: a: a: a: a: a: a: a: a: a:'], ['a small bird flying in the air.'], ['a person sitting on a chair with a small table in front of him.'], ['a: a: a: a: a: a: a: a: a: a: a: a: a: a: a: a:'], ['a small child is sitting on a chair with a small table in front of it.'], ['a toy for children.'], ['a beautiful chair with a colorful design.'], ['the image shows a person sitting in a chair with a chair on the side.'], ['the image is a picture of a set of 3 bowls.'], ['a set of colorful plastic toys.'], ['a cute little baby in a cradle.'], ['a man sitting in a chair with a bowl on the table.'], ['a person sitting on a chair.'], ['a beautiful little bird! \\n\\nq: what do you hear in the image? \\na: a bird singing! \\n\\nq'], [""a child's toy.""], [""a child's toy.""], ['a pink and white toy for a baby girl.']]"
data/images/noun/2052-600.jpg,2052,noisemaker,41,53,63,7,"[['a: a : a : a : a : a : a : a : a : a : a : a : a : a : a : a :'], ['the image shows a person holding a flower.'], ['the image shows a hand holding a flower.'], ['the image shows a person with a long, thin, and curved arm.'], ['the image is a picture of a flower.'], ['the image shows a person holding a flower.'], ['a person holding a flower.'], ['a flower! \\n\\n \\n \\n \\n \\n \\n \\n \\n \\n \\n \\n \\n \\n \\'], ['you see a hand holding a flower.'], ['a: the image shows a person holding a flower in their hand.'], ['you see a hand with a long finger.'], ['a: a: a: a: a: a: a: a: a: a: a: a: a: a: a: a:'], ['a person holding a flower in their hand.'], ['a: the image shows a person holding a shovel.'], ['the image shows a person holding a flower.'], ['a: a : a : a : a : a : a : a : a : a : a : a : a : a : a : a :'], ['a: a: a: a: a: a: a: a: a: a: a: a: a: a: a: a:'], ['a person holding a flower.'], ['a: a : a : a : a : a : a : a : a : a : a : a : a : a : a : a :'], ['the image is a picture of a flower.'], ['a: a : a : a : a : a : a : a : a : a : a : a : a : a : a : a :'], ['a: a: a: a: a: a: a: a: a: a: a: a: a: a: a: a:'], ['a: a: a: a: a: a: a: a: a: a: a: a: a: a: a: a:'], ['you see a flower in the image.'], ['the image shows a person holding a flower.'], ['you are looking at a flower.'], ['a : a small person with a large head and a small body.'], ['a person with a stick.'], ['a person holding a shovel.'], ['a person holding a flower.'], ['a: the image shows a person holding a flower in his hand.'], ['the image shows a person with a white umbrella.'], ['a: a: a: a: a: a: a: a: a: a: a: a: a: a: a: a:'], ['a: a: a: a: a: a: a: a: a: a: a: a: a: a: a: a:'], ['the image shows a hand holding a garden tool.'], ['a person holding a flower.'], ['a person.'], ['a: a : a : a : a : a : a : a : a : a : a : a : a : a : a : a :'], ['the image shows a person holding a flower.'], ['a person.']]"
data/images/noun/2053-600.jpg,2053,hand castanet,44,79,45,6,"[['the image is a stock image of a person holding a hammer.'], ['a person holding a hammer.'], ['a person holding a hammer.'], ['the image is a picture of a person.'], ['a red cross on a white background.'], ['the image is a red and white pole with a cross on it.'], ['a person holding a hammer.'], ['a person holding a pole.'], ['the image shows a person holding a pair of scissors.'], ['a person holding a hammer.'], ['the image shows a person holding a shovel.'], ['the image shows a person holding a hammer.'], ['the image shows a person holding a gun.'], ['the image shows a person holding a hammer.'], ['a red and white pole with a red and white flag.'], ['the image shows a person holding a hammer.'], ['a person.'], ['a person holding a hammer.'], ['a person holding a hammer.'], ['a red and white pole.'], ['a person holding a hammer.'], ['a person holding a hammer.'], ['a red arrow pointing to the left.'], ['the image shows a person holding a hammer.'], ['a red flag.'], ['a person holding a red umbrella.'], ['a person holding a hammer.'], ['the image shows a person standing in a field.'], ['a person holding a hammer.'], ['a person.'], ['the image is a vector illustration of a person.'], ['the image shows a red light with a white circle.'], ['a person holding a hammer.'], ['a man holding a long pole.'], ['a person.'], ['a person standing on a platform with a red flag in the background.'], ['a person holding a shovel.'], ['the image shows a red and white flag with a white star in the center.'], ['a person holding a hammer.'], ['the image shows a person holding a hammer.']]"
data/images/noun/2054-600.jpg,2054,floating ball game,3,25,38,48,"[['the image shows a person with a wooden hammer.'], ['a person with a wooden spoon.'], ['a person holding a hammer.'], ['a wooden spoon, with a handle.'], ['a hand, a person.'], ['a person.'], ['a: a: a: a: a: a: a: a: a: a: a: a: a: a: a: a:'], ['the image is a picture of a person.'], ['a person.'], ['a person standing in a wooden chair.'], ['a wooden spoon with a handle.'], ['a red ball on a white background.'], ['the image is a picture of a person.'], ['a wooden hammer with a handle.'], ['the image shows a person holding a hammer.'], ['the image is a wooden spoon, which is used to stir the soup.'], ['the image shows a wooden toy with a red handle.'], ['a: a: a: a: a: a: a: a: a: a: a: a: a: a: a: a:'], ['a wooden spoon, of course.'], ['a: a: a: a: a: a: a: a: a: a: a: a: a: a: a: a:'], ['the image shows a wooden spoon.'], ['a person in a red coat.'], ['a wooden spoon with a handle.'], ['a hand holding a hammer.'], ['a person is holding a hammer in his hand.'], ['the image shows a person holding a hammer.'], ['the image shows a wooden spoon.'], ['a person holding a hammer.'], ['a person holding a hammer.'], ['the image shows a person holding a hammer.'], ['the image shows the wooden block with a handle.'], ['a: a red and white wooden hammer.'], ['a man holding a hammer.'], ['a person in a red coat.'], ['a wooden spoon.'], ['a person in a red coat.'], ['a man with a hammer.'], ['a person standing on a stool.'], ['the image shows a wooden block with a handle on the top.'], ['a wooden block with a small handle on it.']]"
data/images/noun/2055-600.jpg,2055,aroma therapy oil burner,13,33,53,13,"[['a flower pot with a green base and white flower.'], ['i see a beautiful and colorful lamp with a glass shade and a metal base.'], ['a group of people in a room with a table in the middle of the room.'], ['i see a man and a woman in a relationship.'], ['i see a person in a chair.'], ['a green and white sphere with a white handle and a yellow handle \\n\\n\\n\\n\\n\\n\\n\\n\\n\\'], ['a group of people in a park.'], ['i see a lot of green and white! \\n\\n\\n\\n\\n\\n\\n\\n\\n\\n\\n\\'], ['a group of people in a group of people.'], ['a white plastic chair with a bright green base and a bright yellow seat.'], ['a group of people in a park.'], ['a lot of different shapes and colors of the same material.'], ['i see a lot of green and a lot of white.'], ['a lot of white! \\nq: what do you see in the image? \\na: a lot of white! \\nq: what do'], ['a man with a large head and a small body.'], ['a lot of people are seeing a lot of things in this image.'], ['i see a lot of color and a lot of texture.'], ['a tree in the middle of a lake \\nq: what do you see in the image? \\na: a tree in the middle of a lake'], ['a person wearing a hat with a flower on it.'], ['a white plastic chair with a black plastic seat.'], ['i see a chair and a table.'], ['i see a beautiful flower with a yellow background.'], ['i see a lot of different shapes and colors in this image.'], ['i see a modern table lamp with a round shape and a white glass shade.'], ['i see a lot of green in the image and a lot of white.'], ['i see a person sitting on a chair.'], ['i see a bunch of people in a circle.'], ['i see a lot of green and yellow in this image.'], ['a table with a white and green patterned top and a dark green base.'], ['a pile of colorful balls \\nq: what do you see in the image? \\na: a pile of colorful balls \\nq: what do'], ['i see a lot of people and i see a lot of green.'], ['i see a person in a chair with a colorful background.'], ['i see a lot of white and a lot of green.'], ['i see a modern, colorful, and modern chair.'], ['i see a large white ceramic vase with a yellow base and a blue top.'], ['i see a group of people in a circle.'], ['a bunch of colorful balls in a glass vase \\n\\n\\n\\n\\n\\n\\n\\n\\n\\n\\n'], ['i see a bunch of people in a room.'], ['i see a bunch of people having fun at a party! \\nq: what do you see in the image? \\na: i see a bunch'], ['a bunch of people on a beach \\nq: what do you see in the image? \\na: a bunch of people on a beach \\n']]"
data/images/noun/2056-600.jpg,2056,dog toy,19,59,61,13,"[['the image shows a colorful toy, which is a toy.'], ['a: a: a: a: a: a: a: a: a: a: a: a: a: a: a: a:'], ['a: a : a : a : a : a : a : a : a : a : a : a : a : a : a : a :'], ['a: a : a : a : a : a : a : a : a : a : a : a : a : a : a : a :'], ['the image is a color representation of the image.'], ['the image shows a person holding a toy.'], ['a: a person on a plane \\nq: what do you see in the image? \\na: a: a person on a plane \\n'], ['a : a.'], [""the image is a representation of the word 'turtle '.""], ['the image is a representation of a rubber duck.'], ['a person is holding a red and blue plastic toy in his hands.'], ['a dog with a rope.'], ['a: a red and blue ship.'], ['a red ball with a yellow dot in the middle \\nq: what do you see in the image? \\na: a red ball with a yellow'], ['a: a man is holding a hammer and a nail.'], ['a person with a dog.'], ['the image shows a man in a red shirt with a hammer and a wrench.'], ['a: a red ball on a white background \\nq: what do you see in the image? \\na: a: a red ball on a'], ['a: a person is sitting on a chair with a toy in his hand.'], ['a: a man is sitting on a chair and he is holding a small plane.'], ['a dog.'], ['a dog.'], ['a: a colorful toy airplane.'], ['a person sitting on a chair with a ball in his hand.'], ['a : a red and white plastic toy.'], ['a: a: a: a: a: a: a: a: a: a: a: a: a: a: a: a:'], ['a: a - a - a - a - a - a - a - a - a - a - a - a - a - a - a -'], [""the image is a color representation of the shape of the letter 'q'.""], ['a: the image shows a model of a toy airplane.'], ['a red and blue toy plane.'], ['a toy airplane.'], ['a man with a big smile.'], ['the image is a toy of a toy, which is a toy.'], ['the image is a color illustration of a colorful toy plane.'], ['a: the image is a 3d model of a colorful toy.'], ['a: a: a: a: a: a: a: a: a: a: a: a: a: a: a: a:'], ['the image shows a person holding a hammer and a nail.'], ['a: the image shows a red ball with a yellow circle on it.'], ['a person sitting on a chair.'], ['a: a small rock is seen in the image.']]"
data/images/noun/2057-600.jpg,2057,spout for watering can,34,32,35,3,"[['the image is a close up of a red and white tennis ball.'], ['a: a red ball with a white dot in the middle.'], ['a red ball in the image.'], ['the image is a picture of a red ball, it is a red ball.'], ['the image shows a red ball, a red circle, a red square, a red triangle, a red circle, a red square, a red circle, a'], ['a red ball on a blue background.'], ['the image is a picture of a red circle.'], ['a: a: a: a: a: a: a: a: a: a: a: a: a: a: a: a:'], ['a: a : a : a : a : a : a : a : a : a : a : a : a : a : a : a :'], ['the image shows a red ball.'], ['the image is a picture of a red ball with a small hole in it.'], ['a man with a big nose.'], ['a: a red circle.'], ['the image shows a small red ball with a small white dot on it.'], ['a red ball on the end of a stick.'], ['a red ball.'], ['a: a: a: a: a: a: a: a: a: a: a: a: a: a: a: a:'], ['the image shows a red circle with a white dot inside it.'], ['a red circle with a white dot in it.'], ['a red ball.'], ['the image is a picture of a red ball, and you can see a red ball in the image.'], ['a red circle.'], ['a red circle.'], ['the image shows a person holding a white umbrella.'], ['the image is a part of a larger image.'], ['a: a red ball.'], ['the image is a red circle with a white dot inside it.'], ['a: a : a : a : a : a : a : a : a : a : a : a : a : a : a : a :'], ['a red ball.'], ['the image shows a red ball in the middle of the image.'], ['the image shows a red and white plastic ball with a red and white plastic handle.'], ['a red ball in the image.'], ['the image is a close up of the red circle.'], ['the image is a part of a set of four.'], ['a: a red ball with a white top.'], ['a: a red circle.'], ['a: a man is using a water hose to clean the ground.'], ['a red and white plastic ball.'], ['the image shows the image of a person.'], ['the image is a diagram of a flower.']]"
data/images/noun/2058-600.jpg,2058,hole for children golf game,22,33,58,3,"[['a pink and white ring.'], ['a pink and white flower.'], ['a: a pink circle with a white dot inside it.'], ['a pink circle with a dot on it.'], ['a : a : a : a : a : a : a : a : a : a : a : a : a : a : a : a :'], ['a small pink flower.'], ['a person sitting on a chair.'], ['a pink and white plastic ring that is used to keep the toilet seat in place when you are using the toilet.'], ['a pink and white striped rubber ring.'], ['a: a : a : a : a : a : a : a : a : a : a : a : a : a : a : a :'], ['a pink circle with a white dot.'], ['a pink and white balloon with a pink heart on the end.'], ['a pink and white patterned ring \\nq: what is the color of the image? \\na: pink and white \\nq: what is'], ['a pink and white striped pillow \\n\\n\\n\\n\\n\\n\\n\\n\\n\\n\\n\\n\\n'], ['a pink and white flower \\n\\n\\n\\n\\n\\n\\n\\n\\n\\n\\n\\n\\n\\'], ['a: a pink and white heart.'], ['a person with a face.'], ['a ring with a pink heart on it.'], ['a ring that is placed on the end of a toothbrush to keep it from slipping out of your hand.'], ['a : a : a : a : a : a : a : a : a : a : a : a : a : a : a : a :'], ['a pink and white striped bowl.'], ['a pink and white polka dot pattern.'], ['a pink and white pattern.'], ['a ring that can be used to cover the end of the tube.'], ['a pink flower \\n\\n\\n\\n\\n\\n\\n\\n\\n\\n\\n\\n\\n\\n\\'], ['a pink and white polka dot balloon.'], ['a pink and white flower \\nq: what is the name of the product shown in the image? \\na: pink and white flower \\nq'], ['a pink and white heart.'], ['a pink and white circle.'], ['a pink and white floral pattern.'], ['a pink and white ring with a pink and white heart on it.'], ['a pink and white flower.'], ['a small pink ball that is used to help with the pain of the surgery.'], ['a small pink ball, which is used to indicate the end of the line.'], ['a pink and white ball.'], ['a pink flower with a stem.'], ['a pink and white circle.'], ['a pink and white striped image of a pink and white striped rubber band.'], ['a pink and white heart shaped balloon! \\n \\n \\n \\n \\n \\n \\n \\n \\n \\n \\n \\n'], ['a pink and white flower with a green stem.']]"
data/images/noun/2059-600.jpg,2059,maraca pen,75,92,28,0,"[['a ball of colour.'], ['a : a ball, a hand, a person, a woman, a man, a child, a ball, a hand, a person, a woman,'], ['a person with a white dress.'], ['a man is sitting on a chair and is holding a ball in his hand.'], ['a : a ball, a toy, a toy, a ball, a toy, a ball, a toy, a ball, a toy, a ball,'], ['a: a: a: a: a: a: a: a: a: a: a: a: a: a: a: a:'], ['a ball.'], ['a ball! \\nq: what do you hear in the image? \\na: a ball! \\nq: what do you smell in the'], ['a man with a penis.'], ['a man with a purple ball.'], ['a man holding a ball.'], ['a man with a long penis.'], ['a ball with a handle.'], ['a man with a long, black, curved, curved, curved, curved, curved, curved, curved, curved, curved, curved, curved, curved,'], ['a ball with a white dot in the middle of it.'], ['a man is holding a ball in his hand.'], ['a man with a long penis.'], ['a: a: a: a: a: a: a: a: a: a: a: a: a: a: a: a:'], ['a ball! \\nq: what do you see in the image? \\na: a ball! \\nq: what do you see in the'], ['a: a: a: a: a: a: a: a: a: a: a: a: a: a: a: a:'], ['a: a: a: a: a: a: a: a: a: a: a: a: a: a: a: a:'], ['a man is sitting on a chair.'], ['a man with a red ball.'], ['a ball with a red and white color.'], ['a person holding a ball in their hand.'], ['a ball with a white handle.'], ['a ball with a hand.'], ['a ball, a rubber ball, a rubber ball, a ball, a ball, a ball, a ball, a ball, a ball, a ball,'], ['a ball.'], ['a ball with a handle.'], ['a ball, a rubber ball, a ball, a ball, a ball, a ball, a ball, a ball, a ball, a ball, a'], ['a man with a long penis.'], ['a ball! \\nq: what do you hear in the image? \\na: a ball! \\nq: what do you smell in the'], ['a man in a blue suit, holding a ball.'], ['a: a: a: a: a: a: a: a: a: a: a: a: a: a: a: a:'], ['a: a : a : a : a : a : a : a : a : a : a : a : a : a : a : a :'], ['a: a: a: a: a: a: a: a: a: a: a: a: a: a: a: a:'], ['a man is holding a gun in his hand.'], ['a : a : a : a : a : a : a : a : a : a : a : a : a : a : a : a :'], ['a man is looking at a woman.']]"
data/images/noun/2060-600.jpg,2060,dog toy with removed rope,38,32,55,29,"[['a: a bunch of red balls in a circle \\n\\n\\n\\n\\n\\n\\n\\n\\n\\n\\n'], ['a red and white candy with a red top.'], ['a bunch of red and white candies! \\n \\n \\n \\n \\n \\n \\n \\n \\n \\n \\n \\'], ['a: a bunch of people in a circle \\nq: what is the image of? \\na: a: a bunch of people in a circle'], ['a: a red ball with a white center \\nq: what do you see in the image? \\na: a: a blue ball with a'], ['a bunch of people \\n\\n\\n\\n\\n\\n\\n\\n\\n\\n\\n\\n\\n\\n'], ['a: a beautiful image of a flower.'], ['a group of people in a circle \\n\\n\\n\\n\\n\\n\\n\\n\\n\\n\\n\\n\\'], ['a: a red flower \\nq: what do you see in the image? \\na: a: a red flower \\nq: what do'], ['a: a red flower \\nq: what do you see in the image? \\na: a: a red flower \\nq: what do'], ['a: a man is holding a flower in his hand.'], ['a flower, a leaf, a stem, a flower stem, a flower, a flower, a flower, a flower, a flower, a flower, a'], ['a: a red flower.'], ['a bunch of people! \\n\\n\\n\\n\\n\\n\\n\\n\\n\\n\\n\\n\\n\\'], ['a red and white flower with a green stem.'], ['a : a red ball with a white dot on it \\nb : a : a red ball with a white dot on it \\nc : a :'], ['a red and white ball with a yellow star in the center.'], ['a group of people.'], ['a group of red and white balls \\nq: what do you see in the image? \\na: a group of red and white balls \\n'], ['a: a red ball with a white center.'], ['a flower! \\n \\n \\n \\n \\n \\n \\n \\n \\n \\n \\n \\n \\n \\n \\'], ['a flower.'], ['a red flower with a white stem.'], ['a: a group of red and yellow balls.'], ['a group of people.'], ['a red flower with a white stem and a red petal.'], ['a flower.'], ['a group of people with different colored hair.'], ['a: a group of people in a circle \\nq: what do you see in the image? \\na: a: a group of people in'], ['a man in a red coat with a red cap.'], ['a group of people.'], ['a : a : a : a : a : a : a : a : a : a : a : a : a : a : a : a :'], ['a flower, a lot of them.'], ['a man in a red suit with a white beard and a red hat.'], ['a: a person in a circle.'], ['a: a flower \\nq: what do you smell in the image? \\na: a: a flower \\nq: what do you see'], ['a red ball with a white center \\nq: what is the meaning of the image? \\na: a red ball with a white center \\n'], ['a: a : a : a : a : a : a : a : a : a : a : a : a : a : a : a :'], [""a: a man's head with a crown.""], ['a flower.']]"
data/images/noun/2061-600.jpg,2061,dog toy,53,53,59,13,"[['a ball of green plastic that spins around on a small base.'], ['a: a: a: a: a: a: a: a: a: a: a: a: a: a: a: a:'], ['the image is a 3d image of a ball.'], ['a: a: a: a: a: a: a: a: a: a: a: a: a: a: a: a:'], ['a ball with a hole in it \\nq: what do you see in the image? \\na: a ball with a hole in it \\n'], ['the image shows a toy with a colorful ring.'], ['a colorful ball! \\n\\n\\n\\n\\n\\n\\n\\n\\n\\n\\n\\n\\n\\n'], ['a green ball with a white ring.'], ['a ball! \\nq: what do you think the ball represents? \\na: a toy! \\nq: what do you think the toy'], ['a ball! \\n \\n \\n \\n \\n \\n \\n \\n \\n \\n \\n \\n \\n \\n \\'], ['a ball with a hole in it.'], ['a ball.'], ['a green ball with a hole in it.'], ['a ball of different colors \\nq: what is the name of the image? \\na: green ball \\nq: what is the name of'], [""a ball with a hole in it \\n\\nq: what do you think of the image? \\na: it's a good image \\n""], ['a ball! \\nq: what do you think is the most important part of this image? \\na: the ball! \\nq: what'], ['a: a: a: a: a: a: a: a: a: a: a: a: a: a: a: a:'], ['a green ball with a ring.'], ['a toy that spins and makes a noise \\nq: what is the toy in the image? \\na: a toy that spins and makes a noise'], ['a ball, a toy, a ball.'], ['a: a: a: a: a: a: a: a: a: a: a: a: a: a: a: a:'], ['a bunch of balls in a circle.'], ['a colorful toy that can be used for children of all ages.'], ['a colorful ball \\n\\n \\n \\n \\n \\n \\n \\n \\n \\n \\n \\n \\n \\n \\'], ['the image shows a toy with a colorful ring.'], ['a toy for children.'], ['a colorful toy with a ball and a handle.'], ['the image is a toy with a rotating ring and a ball.'], ['the image shows a green and white ball with a small hole in it.'], ['a ball! \\nq: what do you think the ball is made of? \\na: plastic! \\nq: what do you think the'], ['a: a: a: a: a: a: a: a: a: a: a: a: a: a: a: a:'], ['a: a : a : a : a : a : a : a : a : a : a : a : a : a : a : a :'], ['a ball! \\n \\n \\n \\n \\n \\n \\n \\n \\n \\n \\n \\n \\n \\n \\'], ['a: a: a: a: a: a: a: a: a: a: a: a: a: a: a: a:'], ['a ball! \\n \\n \\n \\n \\n \\n \\n \\n \\n \\n \\n \\n \\n \\n \\'], ['a ball, a toy, a toy.'], ['the image shows a ball in a ring.'], ['a: a: a: a: a: a: a: a: a: a: a: a: a: a: a: a:'], ['a bunch of colorful balls \\nq: what do you think the image is trying to show us? \\na: a bunch of colorful balls \\n'], [""a green ball! \\nq: what do you think about the image? \\na: i think it's cool! \\nq: what do""]]"
data/images/noun/2062-600.jpg,2062,dog toy,44,56,29,42,"[['a ring of orange and yellow.'], ['a coral reef.'], ['a ring of orange, yellow, and white.'], ['a : a : a : a : a : a : a : a : a : a : a : a : a : a : a : a :'], ['a: a ring.'], ['a: a : a : a : a : a : a : a : a : a : a : a : a : a : a : a :'], ['a: a : a : a : a : a : a : a : a : a : a : a : a : a : a : a :'], ['a ring with a diamond.'], ['a ring of diamonds.'], ['a : a : a : a : a : a : a : a : a : a : a : a : a : a : a : a :'], ['a coral necklace.'], ['a: a: a: a: a: a: a: a: a: a: a: a: a: a: a: a:'], ['a: a : a : a : a : a : a : a : a : a : a : a : a : a : a : a :'], ['a: a : a : a : a : a : a : a : a : a : a : a : a : a : a : a :'], ['a: a: a: a: a: a: a: a: a: a: a: a: a: a: a: a:'], ['a coral, but it is not a coral, it is a fossil.'], ['a ring! \\nq: what do you see in the image? \\na: a ring! \\nq: what do you see in the'], ['a ring with a stone.'], ['a red and orange necklace.'], ['a ring.'], ['a ring of orange, yellow and white.'], ['a red heart.'], ['a red coral necklace.'], ['a: a: a: a: a: a: a: a: a: a: a: a: a: a: a: a:'], ['a : a : a : a : a : a : a : a : a : a : a : a : a : a : a : a :'], ['a ring of orange and white beads.'], ['a ring with a large center stone.'], ['a: a red coral.'], ['a diamond! \\n \\n \\n \\n \\n \\n \\n \\n \\n \\n \\n \\n \\n \\n \\'], ['a ring! \\nq: what do you see in the image? \\na: a ring! \\nq: what do you see in the'], ['a coral ring.'], ['a: a: a: a: a: a: a: a: a: a: a: a: a: a: a: a:'], ['a necklace.'], ['a: a: a: a: a: a: a: a: a: a: a: a: a: a: a: a:'], ['a: a: a: a: a: a: a: a: a: a: a: a: a: a: a: a:'], ['a ring of orange and yellow beads.'], ['a ring of orange and yellow beads.'], ['a: a : a : a : a : a : a : a : a : a : a : a : a : a : a : a :'], ['a ring with a big stone in it.'], ['a ring with a diamond.']]"
data/images/noun/2063-600.jpg,2063,magic loops,25,38,13,19,"[['a ball of light with a starry background \\nq: what do you see in the image? \\na: a ball of light with a star'], ['a sphere with a ring around it.'], ['a lot of things, but the most important thing is the person.'], ['a: a: a: a: a: a: a: a: a: a: a: a: a: a: a: a:'], ['a person standing in a circle with a ball in the center.'], ['a ball of light spinning around in space \\nq: what do you see in the image? \\na: a ball of light spinning around in space'], ['a circle with a small ball inside of it.'], ['a group of people walking around a city.'], ['i see a sphere with a hole in it.'], ['i see a lot of people.'], ['a man and woman in a relationship.'], ['a bunch of spheres and a few lines.'], ['a circle with a rope in the middle.'], ['a: i see a beautiful and colorful world \\nq: what do you see in the image? \\na: i see a beautiful and colorful world'], ['a person standing in a circle with a ball in the center.'], ['i see a lot of wires and a lot of people.'], ['a bunch of people in a circle.'], ['i see a bunch of different colored balls.'], ['a lot of people see a lot of things in the image.'], ['a: a: a: a: a: a: a: a: a: a: a: a: a: a: a: a:'], ['a set of spheres hanging from a chain.'], ['a: i see a bunch of people in a circle.'], ['i see a person in a circle with a chain around his neck.'], ['i see a beautiful ball of light in the sky.'], ['a person wearing a crown.'], [""i see a lot of different colors and shapes and i can't tell what they are all about.""], ['a person with a crown.'], ['a bunch of spheres hanging from the ceiling.'], ['i see a ball of light spinning around in space.'], ['a person in a circle.'], ['i see a lot of different things in this image.'], ['a person with a ball in his hand.'], ['a person with a ball in their hand.'], ['a: a: a: a: a: a: a: a: a: a: a: a: a: a: a: a:'], ['a: a: a: a: a: a: a: a: a: a: a: a: a: a: a: a:'], ['i see a ball in a circle.'], ['a group of people in a circle.'], ['i see a lot of stars and a lot of planets.'], ['a: a: a: a: a: a: a: a: a: a: a: a: a: a: a: a:'], ['i see a beautiful sculpture of a person.']]"
data/images/noun/2064-600.jpg,2064,massager,28,33,45,3,"[['a: a: a: a: a: a: a: a: a: a: a: a: a: a: a: a:'], ['a spout for water.'], ['a: a: a: a: a: a: a: a: a: a: a: a: a: a: a: a:'], ['a: a: a: a: a: a: a: a: a: a: a: a: a: a: a: a:'], ['a person in a wheelchair.'], ['a: a: a: a: a: a: a: a: a: a: a: a: a: a: a: a:'], ['a: a: a: a: a: a: a: a: a: a: a: a: a: a: a: a:'], ['a person holding a wrench in his hand.'], ['a man in a green suit with a long pipe.'], ['a: a: a: a: a: a: a: a: a: a: a: a: a: a: a: a:'], ['a: a: a: a: a: a: a: a: a: a: a: a: a: a: a: a:'], ['a water fountain.'], ['a water drop on a green background.'], ['a: a: a: a: a: a: a: a: a: a: a: a: a: a: a: a:'], ['a: a: a: a: a: a: a: a: a: a: a: a: a: a: a: a:'], ['a: a: a: a: a: a: a: a: a: a: a: a: a: a: a: a:'], ['a : a : a : a : a : a : a : a : a : a : a : a : a : a : a : a :'], ['a: a: a: a: a: a: a: a: a: a: a: a: a: a: a: a:'], ['a water drop with a little green leaf on it.'], ['a person in a wheelchair, holding a wheelchair, in a wheelchair, in a wheelchair, in a wheelchair, in a wheelchair, in a wheelchair, in a'], ['the image shows a person holding a ball in his hand.'], ['a: a: a: a: a: a: a: a: a: a: a: a: a: a: a: a:'], ['a: a: a: a: a: a: a: a: a: a: a: a: a: a: a: a:'], ['a water fountain.'], ['a spout with a handle.'], ['a: a: a: a: a: a: a: a: a: a: a: a: a: a: a: a:'], ['the image shows a person in a wheelchair with a ball in the back.'], ['a: a: a: a: a: a: a: a: a: a: a: a: a: a: a: a:'], ['a: a: a: a: a: a: a: a: a: a: a: a: a: a: a: a:'], ['a: a: a: a: a: a: a: a: a: a: a: a: a: a: a: a:'], ['a water pipe.'], ['a: a: a: a: a: a: a: a: a: a: a: a: a: a: a: a:'], ['a: a: a: a: a: a: a: a: a: a: a: a: a: a: a: a:'], ['a: a: a: a: a: a: a: a: a: a: a: a: a: a: a: a:'], ['a person wearing a helmet.'], ['a ball and chain.'], ['a: a: a: a: a: a: a: a: a: a: a: a: a: a: a: a:'], ['the image shows a group of people sitting on a couch and looking at a television set.'], ['a: a: a: a: a: a: a: a: a: a: a: a: a: a: a: a:'], ['a water drop.']]"
