image,number label,actual name,familiarity score,nameability score,color saliency,texture saliency,fromage_output
data/images/noun/2001-600.jpg,2001,bee have trap,19,50,66,14,"[['the objects are in the image.'], ['the objects are in the image.'], ['the objects are : \\ \\ \\ \\ \\ \\ \\ \\ \\ \\ \\ \\ \\ \\ \\ \\ \\ \\ \\ \\ \\ \\ \\ \\ \\ \\ \\ \\'], ['a: b: c: d: e: f: g: h: i: j: k: l: m: n: o: p:'], ['the objects are : \\ \\ \\ \\ \\ \\ \\ \\ \\ \\ \\ \\ \\ \\ \\ \\ \\ \\ \\ \\ \\ \\ \\ \\ \\ \\ \\ \\'], ['the objects are shown in the image.'], ['the objects are in the image.'], ['the objects are in the image.'], ['the objects are shown in the image.'], ['the objects are in the image.'], ['the objects are in the image.'], ['the objects are in the image.'], ['the objects are in the image.'], ['the objects are a set of 3 objects.'], ['a: the objects in the image are : \\ \\ \\ \\ \\ \\ \\ \\ \\ \\ \\ \\ \\ \\ \\ \\ \\ \\ \\ \\ \\ \\ \\'], ['the objects are a set of balls.'], ['the objects are in the image.'], ['the objects in the image are : \\ \\ \\ \\ \\ \\ \\ \\ \\ \\ \\ \\ \\ \\ \\ \\ \\ \\ \\ \\ \\ \\ \\ \\ \\'], ['the objects in the image are : \\ \\ \\ \\ \\ \\ \\ \\ \\ \\ \\ \\ \\ \\ \\ \\ \\ \\ \\ \\ \\ \\ \\ \\ \\'], ['the objects in the image are : \\ \\ \\ \\ \\ \\ \\ \\ \\ \\ \\ \\ \\ \\ \\ \\ \\ \\ \\ \\ \\ \\ \\ \\ \\'], ['a : the object in the image is a ball.'], ['the objects are : \\n \\n \\n \\n \\n \\n \\n \\n \\n \\n \\n \\n \\n \\n'], ['the objects are : \\ \\ \\ \\ \\ \\ \\ \\ \\ \\ \\ \\ \\ \\ \\ \\ \\ \\ \\ \\ \\ \\ \\ \\ \\ \\ \\ \\'], ['the objects in the image are a set of two objects.'], ['the objects in the image are : \\n1.'], ['the objects are in the image.'], ['the objects are in the image.'], ['the objects are in the image.'], ['the objects are : - a ball - a cube - a sphere - a pyramid - a pyramid with a ball - a pyramid with a cube - a pyramid with'], ['the objects are in the image.'], ['the objects are in the image.'], ['the objects are in the image.'], ['the objects are in the image.'], ['the objects are in the image.'], ['the objects in the image are the following : \\n1.'], ['the objects are in the image.'], ['the objects in the image are : \\n \\n \\n \\n \\n \\n \\n \\n \\n \\n \\n \\n \\'], ['the objects are in the image.'], ['the objects in the image are : \\ \\ \\ \\ \\ \\ \\ \\ \\ \\ \\ \\ \\ \\ \\ \\ \\ \\ \\ \\ \\ \\ \\ \\ \\'], ['the objects are in the image.']]"
data/images/noun/2002-600.jpg,2002,bookend,22,83,59,9,"[['they are all made of metal.'], ['the objects are in the image.'], ['the objects in the image are : \\n1.'], ['the objects in the image are : \\n1.'], ['the objects are in the image.'], ['they are all made of red glass.'], ['the objects are in the image.'], ['the objects are in the image.'], ['the objects in the image are a set of three red and white ceramic vases.'], ['the objects are in the image.'], ['the objects in the image are the following : \\n1.'], ['the objects are in the image.'], ['the objects are in the image.'], ['the objects are : a wine glass, a wine bottle, a wine cork, a wine stopper, a wine bottle cap, a wine bottle stopper'], ['the objects in the image are : \\n1.'], ['the objects are a set of 3 figurines, each one with a different color.'], ['the objects are shown in the image.'], ['the objects are in the image.'], ['the objects are in the image.'], ['the objects are in the image.'], ['the objects in the image are red and white.'], ['the objects in the image are : \\n1.'], ['they are : 1.'], ['the objects are a red wine glass, a blue wine glass, a red wine glass and a white wine glass.'], ['the objects are : - a bowl - a cup - a vase - a pendant - a ring - a bracelet - a necklace - a key - a'], ['the objects in the image are a wine glass, a wine stopper, a wine bottle, a wine cork, a wine bottle cap, a wine bottle'], ['the objects are a set of figurines.'], ['the objects are in the form of a sculpture.'], ['the objects are in the image.'], ['the objects in the image are a sculpture of a man, a vase and a flower.'], ['the objects are in the image.'], ['the objects in the image are red, white, and blue.'], ['the objects in the image are : \\n1.'], ['the objects are in the image.'], ['the objects in the image are : 1.'], ['the objects in the image are a sculpture, a vase and a flower.'], ['they are all made of metal.'], ['the objects are in the form of a vase.'], ['the objects in the image are a set of four figurines.'], ['they are all in a row.']]"
data/images/noun/2003-600.jpg,2003,fidget toy,59,74,19,0,"[['the objects are a set of cubes.'], ['the objects are a set of cubes.'], ['the objects are a set of cubes.'], ['the objects are named in the following order: \\n1.'], ['the objects are in a row.'], ['the objects are in a line and are colored in the rainbow.'], ['the objects are in the shape of a triangle.'], ['the objects are a set of colorful cubes.'], ['the objects are cubes.'], ['the objects are a set of wooden blocks.'], ['the objects are in the shape of a triangle.'], ['the objects are in the image.'], ['the objects are in the image.'], ['the objects in the image are the same color and are arranged in a line.'], ['the objects in the image are called the blocks.'], ['the objects are a set of cubes.'], ['the objects are a set of cubes.'], ['the objects are in a cube.'], ['the objects are in the shape of a cube.'], ['the objects in the image are a set of wooden blocks arranged in a square pattern.'], ['the objects are in the shape of a cube.'], ['the objects in the image are a set of cubes.'], ['the objects are in a series of wooden blocks.'], ['the objects in the image are a set of cubes.'], ['the objects are a set of wooden cubes arranged in a triangular shape.'], ['the objects are the following: \\na: 1 2 3 4 5 6 7 8 9 10 11 12 13 14 15 16 17 18 19 20 21 22'], ['the objects are in the shape of a triangle.'], ['the objects are in the image.'], ['the objects are blocks of wood.'], ['the objects are cubes.'], ['the objects are in the image.'], ['the objects in the image are a set of wooden blocks.'], ['the objects are a set of cubes with different colors.'], ['the objects are in a row.'], ['the objects are in the image.'], ['the objects are the same color and have the same shape.'], ['the objects are cubes.'], ['the objects are a set of cubes and a set of cubes with a hole in the middle.'], ['the objects are in the shape of a triangle.'], ['the objects are the following : \\na: 1 - a cube \\na: 2 - a cylinder \\na: 3 - a pyramid \\n']]"
data/images/noun/2004-600.jpg,2004,pencil sharpener,41,70,48,52,"[['the objects are : - a ball - a ball with a hole - a ball with a hole with a ball - a ball with a hole with a ball -'], ['the objects in the image are : \\n1.'], ['the objects are in the image.'], ['the objects are : \\n1.'], ['the objects are in the image.'], ['a: b: c: d: e: f: g: h: i: j: k: l: m: n: o: p:'], ['the objects in the image are : \\n1.'], ['the objects in the image are : \\ \\ \\ \\ \\ \\ \\ \\ \\ \\ \\ \\ \\ \\ \\ \\ \\ \\ \\ \\ \\ \\ \\ \\ \\'], ['the objects in the image are a set of objects that are used in the game.'], ['the objects are in the image.'], ['a: the objects are in the image.'], ['the objects are in the image.'], ['the objects are shown in the image.'], ['the objects are in the image.'], ['the objects are : \\n \\n \\n \\n \\n \\n \\n \\n \\n \\n \\n \\n \\n \\n'], ['the objects are in the image.'], ['the objects are : \\n \\n \\n \\n \\n \\n \\n \\n \\n \\n \\n \\n \\n \\n'], ['the objects in the image are : \\n \\n1.'], ['the objects are : - \\na: a: a : a : a : a : a : a : a : a : a : a : a'], ['the objects in the image are a set of balls.'], ['the objects in the image are : \\n1.'], ['the objects in the image are : \\n\\n1.'], ['a: the objects in the image are a ball, a stick, a stick, a ball, a ball, a stick, a ball, a stick,'], ['the objects are : \\n1.'], ['a: b: c: d: e: f: g: h: i: j: k: l: m: n: o: p:'], ['the objects in the image are : \\ \\ \\ \\ \\ \\ \\ \\ \\ \\ \\ \\ \\ \\ \\ \\ \\ \\ \\ \\ \\ \\ \\ \\ \\'], ['the objects in the image are : \\n1.'], ['a: a: a: a: a: a: a: a: a: a: a: a: a: a: a: a:'], ['a: the objects are in the image.'], ['the objects are : \\n \\n \\n \\n \\n \\n \\n \\n \\n \\n \\n \\n \\n \\n'], ['the objects are : \\n \\n \\n \\n \\n \\n \\n \\n \\n \\n \\n \\n \\n \\n'], ['the objects are shown in the image.'], ['the objects in the image are : \\n1.'], ['the objects in the image are a set of objects.'], ['the objects in the image are : \\n1.'], ['the objects in the image are : \\n \\n \\n \\n \\n \\n \\n \\n \\n \\n \\n \\n \\'], ['the objects in the image are : \\ \\ \\ \\ \\ \\ \\ \\ \\ \\ \\ \\ \\ \\ \\ \\ \\ \\ \\ \\ \\ \\ \\ \\ \\'], ['the objects in the image are : \\n \\n \\n \\n \\n \\n \\n \\n \\n \\n \\n \\n \\'], ['the objects in the image are a.'], ['the objects are shown in the image.']]"
data/images/noun/2005-600.jpg,2005,fish tank stone,6,25,81,13,"[['the objects in the image are : \\n \\n \\n \\n \\n \\n \\n \\n \\n \\n \\n \\n \\'], ['the objects in the image are : \\n1.'], ['the objects in the image are : - a glass bottle with a gold cap - a metal plate with a gold decoration - a metal plate with a gold decoration -'], ['the objects are : \\n1.'], ['the objects in the image are: a flower, a bird, a rainbow, a rainbow, a rainbow, a rainbow, a rainbow, a rainbow, a'], ['the objects in the image are : 1.'], ['the objects are in the image.'], ['the objects in the image are : \\n1.'], ['the objects in the image are : \\n \\n \\n \\n \\n \\n \\n \\n \\n \\n \\n \\n \\'], ['the objects in the image are : \\n1.'], ['the objects are in the image.'], ['the objects are : - a small pink flower - a small pink flower with a pink stem - a small pink flower with a pink stem with a pink flower on'], ['the objects in the image are : \\n1.'], ['the objects in the image are : \\n1.'], ['the objects are : \\n - a pink and white flower \\n - a blue and white flower \\n - a white and pink flower \\n - a'], ['left to right: 1.'], ['the objects in the image are : - a: a feather - b: a leaf - c: a flower - d: a leaf - e: a flower'], ['the objects are : - a crown - a skull - a cross - a crown - a skull - a cross - a crown - a skull - a cross -'], ['the objects in the image are : \\n1.'], ['the objects in the image are : \\n1.'], ['the objects in the image are: 1.'], ['the objects are shown in the image.'], ['1.'], ['the objects in the image are: \\n1.'], ['the objects in the image are a pair of white and pink feather boas.'], ['the objects are in the image.'], ['the objects in the image are : \\n1.'], ['left to right : - 3d - 1 - 1 - 1 - 1 - 1 - 1 - 1 - 1 - 1 - 1 - 1 - 1 -'], ['the objects in the image are : \\n1.'], ['the objects in the image are : \\n \\n a) a flower b) a bird c) a tree d) a rock e) a leaf f'], ['the objects are in the image.'], ['the objects in the image are : \\n \\n1.'], ['the objects in the image are : - the crown - the cross - the crown - the cross - the crown - the crown - the cross - the crown -'], ['the objects are in the image.'], ['the objects in the image are : \\n1.'], ['left : the first object is the left side of the image.'], ['the objects in the image are: 1.'], ['the objects in the image are : \\n - a large pink flower \\n - a small pink flower \\n - a small pink flower with a green stem'], ['left : the object is a pink flower.'], ['the objects in the image are a pair of wings.']]"
data/images/noun/2006-600.jpg,2006,space ship top,34,64,31,3,"[['name the objects in the image.'], ['the objects are in the image.'], ['name the objects in the image.'], ['name the objects in the image.'], ['name the objects in the image.'], ['name the objects in the image.'], ['the objects are in the image.'], ['name the objects in the image.'], ['name the objects in the image.'], ['name the objects in the image.'], ['name the objects in the image.'], ['name the objects in the image.'], ['the objects in the image are : \\n \\n \\n \\n \\n \\n \\n \\n \\n \\n \\n \\n \\'], ['this is a picture of the objects in the image.'], ['name the objects in the image.'], ['name the objects in the image.'], ['the objects are in the image.'], ['name the objects in the image.'], ['the object in the image is a model of the space shuttle.'], ['name the objects in the image.'], ['name the objects in the image.'], ['name the objects in the image.'], ['name the objects in the image.'], ['name the objects in the image.'], ['name the objects in the image.'], ['name the objects in the image.'], ['this is a screenshot from the game.'], ['name the objects in the image.'], ['name the objects in the image.'], ['the objects in the image are named in the following order : \\na: 1st : spacecraft \\na: 2nd : spacecraft \\n'], ['name the objects in the image.'], ['name the objects in the image.'], ['name the objects in the image.'], ['the objects in the image are the following: \\na: 1st object is a model of a ship.'], ['the object on the left is a small model of the space shuttle.'], ['the objects in the image are called.'], ['the objects in the image are : \\na: 1.'], ['this is a screenshot of the game.'], ['the objects in the image are part of a set of objects that are used in the game.'], ['name the objects in the image.']]"
data/images/noun/2007-600.jpg,2007,air blower for slr cameras,22,46,78,6,"[['the objects are in the image.'], ['a: the objects are a ball, a stick, a rope, a stick, a rope, a ball, a ball, a stick, a rope,'], ['the objects in the image are : \\na: a: a: a: a: a: a: a: a: a: a: a'], ['the objects in the image are a set of three objects.'], ['1.'], ['1.'], ['1.'], ['the objects are : \\n \\n \\n \\n \\n \\n \\n \\n \\n \\n \\n \\n \\n \\n'], ['the objects are in the image.'], ['the objects are : \\n - a ball \\n - a stick \\n - a cone \\n - a funnel \\n - a ring \\n -'], ['the objects are in the image.'], ['the objects in the image are : \\n1.'], ['the objects in the image are : \\na: the objects in the image are : \\na: the objects in the image are : \\na'], ['a: a: a: a: a: a: a: a: a: a: a: a: a: a: a: a:'], ['1.'], ['the objects are a set of four.'], ['the objects in the image are : \\n1.'], ['the objects in the image are : \\n \\n 1.'], ['a: a: a: a: a: a: a: a: a: a: a: a: a: a: a: a:'], ['the objects are shown in the image.'], ['the objects in the image are : \\n \\n \\n \\n \\n \\n \\n \\n \\n \\n \\n \\n \\'], ['a: a: a: a: a: a: a: a: a: a: a: a: a: a: a: a:'], ['the objects are : \\n - a rubber ball \\n - a rubber ball with a hole \\n - a rubber ball with a hole with a string \\'], ['a: a: a: a: a: a: a: a: a: a: a: a: a: a: a: a:'], ['the objects in the image are : \\n \\n \\n \\n \\n \\n \\n \\n \\n \\n \\n \\n \\'], ['a: a: a: a: a: a: a: a: a: a: a: a: a: a: a: a:'], ['the objects are in the image.'], ['the objects in the image are : \\n \\n \\n \\n \\n \\n \\n \\n \\n \\n \\n \\n \\'], ['1.'], ['the objects are : \\n - a ball \\n - a cylinder \\n - a cone \\n - a stick \\n - a ring \\n -'], ['a: the objects are : \\n \\n \\n \\n \\n \\n \\n \\n \\n \\n \\n \\n \\n'], ['the objects in the image are.'], ['a: a: a: a: a: a: a: a: a: a: a: a: a: a: a: a:'], ['the objects in the image are : \\n1.'], ['the objects are a.'], ['the objects are in the image.'], ['a: a: a: a: a: a: a: a: a: a: a: a: a: a: a: a:'], ['the objects in the image are : \\n \\n \\n \\n \\n \\n \\n \\n \\n \\n \\n \\n \\'], ['the objects in the image are : \\n \\n \\n \\n \\n \\n \\n \\n \\n \\n \\n \\n \\'], ['1.']]"
data/images/noun/2008.jpg,2008,curlers formed together,34,25,48,16,"[['the objects in the image are : 1.'], ['a: a: a: a: a: a: a: a: a: a: a: a: a: a: a: a:'], ['they are a set of plastic objects that are used for teaching the concept of friction.'], ['the objects are made of plastic.'], ['the objects are in the following order : \\n1.'], ['they are called.'], ['the objects in the image are called the : \\n \\n \\n \\n \\n \\n \\n \\n \\n \\n \\n \\'], ['the objects are cylinders with a rounded end.'], ['the objects in the image are : \\n1.'], ['the objects are in the image.'], ['a: the objects are in the image.'], ['they are the following : \\n \\n \\n \\n \\n \\n \\n \\n \\n \\n \\n \\n \\n \\'], ['the objects in the image are called.'], ['the objects are in the image.'], ['a: they are called a pair of arms.'], ['they are all made of plastic.'], ['the objects are in the image.'], ['the objects are in the shape of a pipe.'], ['a: the objects in the image are : \\n1.'], ['the objects are : \\n1.'], ['a: a: a: a: a: a: a: a: a: a: a: a: a: a: a: a:'], ['the objects are in the image.'], ['they are : \\n1.'], ['a: they are cylinders.'], ['the objects are made of metal and are used to hold the ends of the wire.'], ['the objects are : 1.'], ['a: the objects are cylinders.'], ['1.'], ['the objects are cylinders.'], ['the objects are a set of metal objects.'], ['the objects are a set of 4 round metal objects.'], ['1.'], ['the objects are a set of four cylinders.'], ['the objects are in the image.'], ['the objects in the image are a set of three.'], ['the objects in the image are called.'], ['1.'], ['the objects are in the following order : \\n1.'], ['the objects are in the image.'], ['the objects are : - a : a rubber band - b : a rubber band - c : a rubber band - d : a rubber band - e : a']]"
data/images/noun/2009-600.jpg,2009,dog toy,47,78,65,45,"[['1.'], ['the objects in the image are.'], ['a: b: c: d: e: f: g: h: i: j: k: l: m: n: o: p:'], ['the objects in the image are \\n \\n \\n \\n \\n \\n \\n \\n \\n \\n \\n \\n \\n'], ['the objects in the image are: \\n \\n \\n \\n \\n \\n \\n \\n \\n \\n \\n \\n \\'], ['1.'], ['1.'], ['the objects in the image are \\n\\n1.'], ['the objects in the image are : \\n\\n \\n \\n \\n \\n \\n \\n \\n \\n \\n \\n \\'], ['the objects in the image are \\n1.'], ['the objects are : \\n1.'], ['the objects in the image are \\n\\n \\n \\n \\n \\n \\n \\n \\n \\n \\n \\n \\n'], ['the objects are in the image.'], ['the objects in the image are \\n\\n\\n\\n\\n\\n\\n\\n\\n\\n\\n\\n\\n'], ['the objects in the image are \\n\\n\\n\\n\\n\\n\\n\\n\\n\\n\\n\\n\\n'], ['a: b: c: d: e: f: g: h: i: j: k: l: m: n: o: p:'], ['1.'], ['the objects are : \\n1.'], ['the objects are : \\n1.'], ['the objects are in the image.'], ['1.'], ['the objects in the image are \\na: \\na: \\na: \\na: \\na: \\na: \\n'], ['the objects in the image are.'], ['the objects are in the image.'], ['1.'], ['the objects are in the image.'], ['the objects in the image are \\n\\n\\n\\n\\n\\n\\n\\n\\n\\n\\n\\n\\n'], ['a: b: c: d: e: f: g: h: i: j: k: l: m: n: o: p:'], ['1.'], ['the objects in the image are \\n1.'], ['1.'], ['the objects in the image are \\n1.'], ['the objects are in the image.'], ['the objects are in the image.'], ['the objects in the image are.'], ['the objects in the image are : \\ \\ \\ \\ \\ \\ \\ \\ \\ \\ \\ \\ \\ \\ \\ \\ \\ \\ \\ \\ \\ \\ \\ \\ \\'], ['1.'], ['the objects in the image are: \\n\\n1.'], ['the objects are \\n1.'], ['the objects are in the image.']]"
data/images/noun/2010-600.jpg,2010,dog toy pet shop,66,52,50,25,"[['1.'], ['name the objects in the image.'], ['name the objects in the image.'], ['name the objects in the image.'], ['the objects in the image are a red ball, a blue ball, a yellow ball, a green ball, a white ball, a blue ball, a red'], ['the objects in the image are : \\n \\n \\n \\n \\n \\n \\n \\n \\n \\n \\n \\n \\'], ['1.'], ['1.'], ['the objects in the image are : \\n \\n \\n \\n \\n \\n \\n \\n \\n \\n \\n \\n \\'], ['name the objects in the image.'], ['name the objects in the image.'], ['the objects in the image are : \\n1.'], ['name the objects in the image.'], ['the objects in the image are : \\n \\n \\n \\n \\n \\n \\n \\n \\n \\n \\n \\n \\'], ['the objects in the image are : \\n1.'], ['1.'], ['the objects in the image are : \\n \\n \\n \\n \\n \\n \\n \\n \\n \\n \\n \\n \\'], ['the objects are : \\n \\n \\n \\n \\n \\n \\n \\n \\n \\n \\n \\n \\n \\n'], ['name the objects in the image.'], ['name the objects in the image.'], ['the objects in the image are : \\n1.'], ['the objects are in the image.'], ['name the objects in the image.'], ['1.'], ['name the objects in the image.'], ['1.'], ['1.'], ['1.'], ['name the objects in the image.'], ['the objects are : \\n\\n\\n\\n\\n\\n\\n\\n\\n\\n\\n\\n\\n\\n'], ['name the objects in the image.'], ['name the objects in the image.'], ['the objects in the image are : \\n1.'], ['the objects in the image are : \\n \\n \\n \\n \\n \\n \\n \\n \\n \\n \\n \\n \\'], ['1.'], ['the objects in the image are: \\n1.'], ['name the objects in the image.'], ['the objects are in the image.'], ['name the objects in the image.'], ['\\nname the objects in the image.']]"
data/images/noun/2011-600.jpg,2011,noisemaker,22,75,88,3,"[['the objects in the image are : \\n \\n \\n \\n \\n \\n \\n \\n \\n \\n \\n \\n \\'], ['the objects in the image are a person, a dog, a cat, a horse, a cow, a sheep, a pig, a duck, a rabbit'], ['the objects in the image are : \\n1.'], ['the objects in the image are : \\n \\n \\n \\n \\n \\n \\n \\n \\n \\n \\n \\n \\'], ['the objects are toys.'], ['the objects are a person, a chair, a table, a box, a box, a box, a box, a box, a box, a box'], ['the objects in the image are a ball, a flower, a stick, a stick, a flower, a ball, a flower, a ball, a flower'], ['the objects are in the image.'], ['the objects in the image are a set of tools used by a person to perform various tasks.'], ['the objects in the image are a set of 3 toys.'], ['the objects are a set of animals.'], ['the objects are : \\n1.'], ['the objects in the image are the following: \\na: 1.'], ['the objects in the image are a person, a ball, a ball, a ball, a ball, a ball, a ball, a ball, a ball'], ['the objects in the image are : \\n \\n \\n \\n \\n \\n \\n \\n \\n \\n \\n \\n \\'], ['the objects in the image are : \\n \\n \\n \\n \\n \\n \\n \\n \\n \\n \\n \\n \\'], ['the objects in the image are a toy, a ball, a flower, a stick, a toy, a ball, a stick, a toy, a ball'], ['the objects in the image are : \\na: a ball, a ball, a ball, a ball, a ball, a ball, a ball,'], ['the objects in the image are the following: \\n1.'], ['the objects in the image are a set of small animals.'], ['the objects in the image are.'], ['the objects in the image are a set of toys.'], ['the objects in the image are the following: \\n1.'], ['the objects in the image are : \\n \\n \\n \\n \\n \\n \\n \\n \\n \\n \\n \\n \\'], ['the objects in the image are : \\n \\n \\n \\n \\n \\n \\n \\n \\n \\n \\n \\n \\'], ['the objects in the image are the following : \\n1.'], ['the objects are : \\n1.'], ['the objects are a set of small plastic animals.'], ['the objects in the image are : \\n1.'], ['the objects in the image are a set of toys.'], ['the objects are in the image.'], ['the objects in the image are : \\n1.'], ['the objects in the image are a set of animals.'], ['the objects are : 1.'], ['the objects in the image are : \\n1.'], ['the objects in the image are : \\na: 1.'], ['the objects are : \\na: a plastic toy with a small handle.'], ['the objects are in the image.'], ['the objects in the image are a set of toys.'], ['the objects in the image are all toys.']]"
data/images/noun/2012-600.jpg,2012,coiled worm toy,41,50,59,41,"[['1.'], ['the objects in the image are a collection of objects that are made up of different parts.'], ['the objects in the image are the following: \\n \\n \\n \\n \\n \\n \\n \\n \\n \\n \\n \\'], ['this image is part of a set of images called \\n\\n\\n\\n\\n\\n\\n\\n\\n\\n\\n'], ['the objects in the image are all part of the same organism.'], ['the objects in the image are all different kinds of animals.'], ['1.'], ['the objects in the image are all made of a single material.'], ['the objects in the image are called _________.'], ['the objects are in the image.'], ['the objects in the image are in a circle.'], ['the object in the image is a.'], ['this is a group of objects.'], ['the objects in the image are all part of the same species.'], ['the objects in the image are all part of the same organism.'], ['the objects in the image are isolated.'], ['the objects are in the image.'], ['the objects in the image are called \\n \\n \\n \\n \\n \\n \\n \\n \\n \\n \\n \\n \\'], ['the objects in the image are \\n\\n\\n\\n\\n\\n\\n\\n\\n\\n\\n\\n\\n'], ['the object is a mushroom.'], ['the objects in the image are all different types of animals.'], ['the objects in the image are in the genus of _ _ _ _ _ _ _ _ _ _ _ _ _ _ _ _ _ _ _ _ _ _'], ['the objects in the image are called.'], ['this image shows a set of objects that can be used to make a game.'], ['the objects in the image are the following: \\n\\n1.'], ['1.'], ['the objects in the image are \\n \\n1.'], ['1.'], ['the objects in the image are in a group.'], ['the objects are in the image.'], ['the object in the image is a red ball.'], ['the objects in the image are all in a row.'], ['the objects are in the image.'], ['the objects are all in the same family of organisms.'], ['the objects in the image are all isolated from each other.'], ['this image is a part of the set of 20 objects.'], ['1.'], ['the objects in the image are called polyhedrons.'], ['the objects in the image are a set of four.'], ['the objects are in the image.']]"
data/images/noun/2013-600.jpg,2013,sling shot,6,20,87,6,"[['the objects in the image are called : \\na: the objects in the image are called : \\na: the objects in the image are called :'], ['the objects in the image are : \\na: a : \\na: a : \\na: a : \\na: a : \\'], ['the objects in the image are : \\n \\n \\n \\n \\n \\n \\n \\n \\n \\n \\n \\n \\'], ['the objects are in the image.'], ['a: the objects in the image are a set of 3 objects.'], ['a: a: a: a: a: a: a: a: a: a: a: a: a: a: a: a:'], ['the objects are a set of 3d objects.'], ['the objects are in the image.'], ['the objects are in the image.'], ['the objects in the image are : \\na: 1.'], ['the objects in the image are a set of three objects.'], ['name the objects in the image.'], ['the objects in the image are a set of three objects.'], ['a: a: a: a: a: a: a: a: a: a: a: a: a: a: a: a:'], ['the objects are in the image.'], ['the objects in the image are the following : \\n \\n \\n \\n \\n \\n \\n \\n \\n \\n \\n \\'], ['the objects in the image are : \\na: the objects in the image are : \\na: the objects in the image are : \\na'], ['the objects in the image are : \\na: 1.'], ['the objects in the image are : \\n \\n \\n \\n \\n \\n \\n \\n \\n \\n \\n \\n \\'], ['the objects are in the image.'], ['the objects are in the image.'], ['the objects in the image are : \\n \\n \\n \\n \\n \\n \\n \\n \\n \\n \\n \\n \\'], ['the objects are in the image.'], ['the objects in the image are : \\na: a: a: a: a: a: a: a: a: a: a: a'], ['the objects are in the image.'], ['a: the objects in the image are a set of tools used to cut the metal.'], ['the objects in the image are : \\n \\n \\n \\n \\n \\n \\n \\n \\n \\n \\n \\n \\'], ['the objects are in the image.'], ['the objects are a set of tools used for construction.'], ['the objects in the image are : \\na: 1.'], ['the objects are in the image.'], ['name the objects in the image.'], ['the objects in the image are a set of tools for cutting and shaping.'], ['the objects in the image are : \\na: 1.'], ['name the objects in the image.'], ['the objects in the image are the following : \\n \\n \\n \\n \\n \\n \\n \\n \\n \\n \\n \\'], ['the objects are a set of three objects.'], ['the objects in the image are a set of 3 objects.'], ['the objects are in the image.'], ['a: a: a: a: a: a: a: a: a: a: a: a: a: a: a: a:']]"
data/images/noun/2014-600.jpg,2014,this light-up toy,38,75,39,0,"[['the objects are : \\n1.'], ['the objects are in the image.'], ['the objects are : \\n1.'], ['the objects are : \\n1.'], ['the objects are in the image.'], ['the objects are a ball, a cone, a stick, a stick, a ball, a ball, a stick, a ball, a stick, a cone'], ['the objects in the image are a toy ball, a toy ball with a rope, a toy ball with a rope and a toy ball with a rope.'], ['the objects are : \\n1.'], ['the objects in the image are : \\n1.'], ['the objects in the image are : \\na: a ball, a ball, a ball, a ball, a ball, a ball, a ball,'], ['the objects are : \\n \\n - a pink ball \\n - a green ball \\n - a blue ball \\n - a yellow ball \\n'], ['the objects in the image are : \\n1.'], ['this is a fun activity for children to learn the names of the objects in the image.'], ['the objects in the image are : \\n1.'], ['the objects are in the image.'], ['the objects are in the image.'], ['this is a fun and challenging puzzle for kids.'], ['the objects are : \\n1.'], ['the objects in the image are : \\n1.'], ['the objects are : \\n1.'], ['the objects are : \\n - a ball \\n - a cube \\n - a ring \\n - a hook \\n - a ring with a ball'], ['the objects are : \\n1.'], ['the objects are in the image.'], ['the objects are : \\n \\n \\n \\n \\n \\n \\n \\n \\n \\n \\n \\n \\n \\n'], ['the objects in the image are : \\n1.'], ['the objects are : \\n1.'], ['the objects are in the image.'], ['the objects in the image are : \\n1.'], ['the objects in the image are : \\n1.'], ['the objects are : \\n1.'], ['the objects are : \\n1.'], ['the objects are : 1.'], ['click on the image to enlarge it.'], ['the objects in the image are a ball, a stick, a ring, a ring, a ring, a ball, a stick, a ring, a ring'], ['this is a fun activity for children to practice their memory skills.'], ['the objects are : \\n - a ball \\n - a dog \\n - a cat \\n - a fish \\n - a ring \\n -'], ['the objects in the image are : \\n \\n \\n \\n \\n \\n \\n \\n \\n \\n \\n \\n \\'], ['the objects are : \\n1.'], ['this is a game for children.'], ['the objects are a toy, a ball, a fish, a cat, a dog, a horse, a pig, a rabbit, a sheep, a snake']]"
data/images/noun/2015-600.jpg,2015,ball catcher,38,78,55,10,"[['the image shows a sample of the objects in the image.'], ['the objects in the image are : \\n1.'], ['name the objects in the image.'], ['\\na: \\na: \\na: \\na: \\na: \\na: \\na: \\na:'], ['click on the image to enlarge it.'], ['the objects are : \\n \\n \\n \\n \\n \\n \\n \\n \\n \\n \\n \\n \\n \\n'], ['1.'], ['the objects in the image are : \\n1.'], ['the objects in the image are : \\n \\n \\n \\n \\n \\n \\n \\n \\n \\n \\n \\n \\'], ['name the objects in the image.'], ['the objects are in the image.'], ['\\na: \\na: \\na: \\na: \\na: \\na: \\na: \\na:'], ['the objects in the image are : \\na: a: a: a: a: a: a: a: a: a: a: a'], ['name the objects in the image.'], ['the objects in the image are : \\n1.'], ['the image is a screenshot of a mobile application.'], ['the image is a.'], ['the objects in the image are : \\na: 1.'], ['1.'], ['click on the image to enlarge \\n\\n\\n\\n\\n\\n\\n\\n\\n\\n\\n\\n\\n'], ['click on the image to enlarge it.'], ['1.'], ['the objects are shown in the image.'], ['\\na: \\na: \\na: \\na: \\na: \\na: \\na: \\na:'], ['1.'], ['the image shows a group of objects.'], ['the objects are : 1.'], ['the objects in the image are the following : \\na: 1.'], ['click on the image to enlarge \\n\\n\\n\\n\\n\\n\\n\\n\\n\\n\\n\\n\\n'], ['the image shows a group of objects.'], ['click on the image to see the objects in the image.'], ['the objects in the image are a part of a new product.'], ['the objects are in the image.'], ['the objects are : \\n1.'], ['the objects are : \\n \\n \\n \\n \\n \\n \\n \\n \\n \\n \\n \\n \\n \\n'], ['1.'], ['1.'], ['the image is a representation of the objects in the image.'], ['the objects in the image are : \\n1.'], ['1.']]"
data/images/noun/2016 600dpi.jpg,2016,bird toy,28,21,61,6,"[['name the objects in the image.'], ['the objects in the image are : \\n1.'], ['name the objects in the image.'], ['name the objects in the image.'], ['name the objects in the image.'], ['\\n \\n \\n \\n \\n \\n \\n \\n \\n \\n \\n \\n \\n \\n \\n \\n'], ['name the objects in the image.'], ['\\na: \\na: \\na: \\na: \\na: \\na: \\na: \\na:'], ['name the objects in the image.'], ['name the objects in the image.'], ['name the objects in the image.'], ['name the objects in the image.'], ['name the objects in the image.'], ['a: a: a: a: a: a: a: a: a: a: a: a: a: a: a: a:'], ['name the objects in the image.'], ['1.'], ['a: a: a: a: a: a: a: a: a: a: a: a: a: a: a: a:'], ['\\na: \\na: \\na: \\na: \\na: \\na: \\na: \\na:'], ['name the objects in the image.'], ['name the objects in the image.'], ['name the objects in the image.'], ['name the objects in the image.'], ['a: a: a: a: a: a: a: a: a: a: a: a: a: a: a: a:'], ['1.'], ['name the objects in the image.'], ['the objects in the image are : \\na: 1.'], ['\\n \\n \\n \\n \\n \\n \\n \\n \\n \\n \\n \\n \\n \\n \\n \\n'], ['name the objects in the image.'], ['\\n \\n \\n \\n \\n \\n \\n \\n \\n \\n \\n \\n \\n \\n \\n \\n'], ['the objects in the image are : \\n1.'], ['name the objects in the image.'], ['the objects in the image are : \\n1.'], ['a: a: a: a: a: a: a: a: a: a: a: a: a: a: a: a:'], ['1.'], ['1.'], ['\\n1.'], ['name the objects in the image.'], ['name the objects in the image.'], ['name the objects in the image.'], ['\\n \\n \\n \\n \\n \\n \\n \\n \\n \\n \\n \\n \\n \\n \\n \\n']]"
data/images/noun/2017-600.jpg,2017,kenetic wheel,41,29,23,13,"[['the objects are in the image.'], ['the objects in the image are a set of 3 small objects.'], ['the objects are a ball, a rope, a stick, a ball, a rope, a stick, a ball, a rope, a stick, a ball'], ['the objects in the image are a set of small plastic objects.'], ['the objects are in the image.'], ['use the arrows to move the objects.'], ['the objects in the image are : \\n \\n \\n \\n \\n \\n \\n \\n \\n \\n \\n \\n \\'], ['the objects are a ball, a rope, a ladder, a box, a box with a lid, a box with a handle, a box with a handle'], ['the objects are : a ball, a rope, a hook, a hook and a ball.'], ['the objects are a set of four small toys.'], ['the objects are the following: \\n \\n a: a ball \\n b: a ball on a string \\n c: a ball on a string'], ['the objects are : \\n1.'], ['the objects are : - a box - a ball - a ruler - a pencil - a ruler - a ruler - a ruler - a ruler - a ruler -'], ['the objects in the image are a ball, a rope, a ball, a rope, a ball, a rope, a ball, a rope, a ball'], ['the objects are in the image.'], ['the objects are in the image.'], ['the objects are a set of 3d printed objects that you can download and print at home.'], ['the objects are a set of plastic balls.'], ['the objects are the different colored balls in the image.'], ['the objects are a set of rings.'], ['the objects are a set of colorful balls that can be used as a toy.'], ['the objects are in the image.'], ['the objects are in the image.'], ['name the objects in the image.'], ['the objects in the image are the following: \\n\\n\\n\\n\\n\\n\\n\\n\\n\\n\\n\\'], ['the objects in the image are the following : \\n \\n - a box \\n - a ball \\n - a stick \\n - a rope \\'], ['the objects are in the image.'], ['the objects are : - a box - a ball - a rope - a hook - a hook - a hook - a hook - a hook - a hook -'], ['the objects in the image are : \\n\\n1.'], ['name the objects in the image.'], ['name the objects in the image.'], ['the objects in the image are a set of objects that are used to build a model of a house.'], ['the objects in the image are the following : \\n1.'], ['the objects in the image are a set of 3 balls, a ball, a ball with a hole and a ball with a hole.'], ['the objects in the image are a set of colored balls.'], ['the objects are in the image.'], ['the objects are a set of different colored balls.'], ['click on the image to see the objects in the image.'], ['the objects are : \\na: a ball, a paddle, a stick, a rope, a box, a ring, a box, a ball,'], ['the objects in the image are a set of plastic toys.']]"
data/images/noun/2018-600.jpg,2018,this coils string,16,50,61,6,"[['name the objects in the image.'], ['the objects in the image are : \\n1.'], ['the objects are : \\n1.'], ['the objects are in a line.'], ['the object in the image is a lantern.'], ['the objects in the image are : \\n1.'], ['the objects are : \\n1.'], ['the objects are : \\n1.'], ['1.'], ['the object in the image is a lamp.'], ['the objects in the image are : \\n1.'], ['1.'], ['the object is a lamp.'], ['the object is a light bulb.'], ['the objects are shown in the image.'], ['the objects are shown in the image.'], ['the objects in the image are : \\n1.'], ['the objects are shown in the image.'], ['the objects are : \\n \\n \\n \\n \\n \\n \\n \\n \\n \\n \\n \\n \\n \\n'], ['1.'], ['the objects are shown in the image.'], ['1.'], ['the object is a light bulb.'], ['name the objects in the image.'], ['the object is a lamp.'], ['1.'], ['the objects are : \\n1.'], ['the objects are in the image.'], ['name the objects in the image.'], ['1.'], ['name the objects in the image.'], ['name the objects in the image.'], ['the object in the image is a.'], ['name the objects in the image.'], ['the objects in the image are : \\n \\n \\n \\n \\n \\n \\n \\n \\n \\n \\n \\n \\'], ['the object is a light bulb.'], ['name the objects in the image.'], ['the objects are : \\n1.'], ['the objects in the image are : \\n1.'], ['1.']]"
data/images/noun/2019-600.jpg,2019,cat nip toy,31,67,38,25,"[['click on the image to enlarge it.'], ['name the objects in the image.'], ['1.'], ['name the objects in the image.'], ['1.'], ['the objects in the image are : \\n \\n1.'], ['click on the image to see the answer.'], ['click on the image to see the object.'], ['the objects in the image are : \\n \\n - a ball \\n - a flower \\n - a cup \\n - a spoon \\n -'], ['the objects are in the image.'], ['the objects in the image are: \\n - a ball \\n - a bottle \\n - a flower \\n - a balloon \\n - a ring'], ['the objects in the image are : \\n\\n \\n \\n \\n \\n \\n \\n \\n \\n \\n \\n \\'], ['the objects in the image are : \\n \\n \\n \\n \\n \\n \\n \\n \\n \\n \\n \\n \\'], ['the objects are in the image.'], ['name the objects in the image.'], ['click on the image to see the answer.'], ['click on the image to see the answer.'], ['the objects in the image are a bird, a rabbit, a fish, a dog, a cat, a fish, a frog, a snake, a turtle'], ['the objects are in the image.'], ['the objects are in the image.'], ['the objects in the image are : \\n \\n \\n \\n \\n \\n \\n \\n \\n \\n \\n \\n \\'], ['the objects in the image are : \\n\\n - a ball - a bird - a fish - a flower - a ball - a bird - a fish'], ['the objects are in the image.'], ['the objects in the image are : \\n \\n \\n \\n \\n \\n \\n \\n \\n \\n \\n \\n \\'], ['the objects in the image are : \\n1.'], ['the objects in the image are : \\n\\n \\n\\n \\n\\n \\n\\n \\n\\n \\n\\n \\'], ['the objects in the image are: \\n\\n1.'], ['click on the image to enlarge it.'], ['the objects are in the image.'], ['name the objects in the image.'], ['the objects in the image are : \\n1.'], ['name the objects in the image.'], ['the objects in the image are a bunch of balloons.'], ['the objects in the image are : \\n1.'], ['the objects in the image are a bird, a flower, a fish, a snail, a snail shell, a snail, a snail shell, a snail,'], ['name the objects in the image.'], ['the objects in the image are : \\n1.'], ['1.'], ['the objects are in the image.'], ['the objects are in the image.']]"
data/images/noun/2020.jpg,2020,jacobs ladder,41,36,29,6,"[['the objects are shown in the image.'], ['they are all toys.'], ['the objects are : - a box - a cup - a plate - a bowl - a spoon - a fork - a knife - a spoon - a fork -'], ['the objects in the image are used in a game.'], ['the objects are : \\n1.'], ['the objects are a set of stacking cups.'], ['the objects are in the image.'], ['the objects are in the image.'], ['the objects in the image are : \\n\\n - a set of 4 chairs \\n\\n - a set of 4 stools \\n\\n'], ['the objects are used to help the child to learn to count.'], ['the objects are a set of four stacking cups.'], ['the objects are stacked on top of each other.'], ['the objects in the image are a set of six stacking blocks.'], ['the objects in the image are the following : \\n1.'], ['the objects are in the image.'], ['the objects in the image are : \\n1.'], ['the objects are in the image.'], ['the objects are : \\n1.'], ['the objects in the image are a set of stacking blocks.'], ['the objects in the image are : \\n1.'], ['the objects are in the following order : \\n \\n \\n \\n \\n \\n \\n \\n \\n \\n \\n \\n'], ['the objects are in the image.'], ['the objects in the image are : \\n \\n \\n \\n \\n \\n \\n \\n \\n \\n \\n \\n \\'], ['the objects are a set of four cubes.'], ['the objects are stackable stacking blocks.'], ['they are all toys.'], ['the objects are : \\na: a set of three chairs \\na: a set of four chairs \\na: a set of six chairs \\'], ['the objects are in the image.'], ['the objects in the image are called the following : \\n1.'], ['the objects are stacked in a pyramid shape.'], ['they are all made of wood.'], ['the objects in the image are called the stacking blocks.'], ['the objects in the image are stacked in a pyramid.'], ['the objects are in the image.'], ['the objects are shown in the image.'], ['the objects are the following : \\n\\n1.'], ['the objects are used to support the children in the center of the table.'], ['the objects are in the following order : \\n \\n \\n \\n \\n \\n \\n \\n \\n \\n \\n \\n'], ['the objects are in the image.'], ['they are all different shapes and sizes.']]"
data/images/noun/2021-600.jpg,2021,foam arrow,9,29,84,3,"[['the objects are : \\n \\n \\n \\n \\n \\n \\n \\n \\n \\n \\n \\n \\n \\n'], ['the objects in the image are : \\n \\n \\n \\n \\n \\n \\n \\n \\n \\n \\n \\n \\'], ['they are : 1.'], ['the objects are : \\n \\n \\n \\n \\n \\n \\n \\n \\n \\n \\n \\n \\n \\n'], ['the objects in the image are the following: \\n \\n \\n \\n \\n \\n \\n \\n \\n \\n \\n \\'], ['\\na: \\na: \\na: \\na: \\na: \\na: \\na: \\na:'], ['the objects are the following : \\n \\n \\n \\n \\n \\n \\n \\n \\n \\n \\n \\n \\n'], ['the objects in the image are : \\n \\n \\n \\n \\n \\n \\n \\n \\n \\n \\n \\n \\'], ['the objects in the image are : \\n \\n \\n \\n \\n \\n \\n \\n \\n \\n \\n \\n \\'], ['the objects are : \\n \\n \\n \\n \\n \\n \\n \\n \\n \\n \\n \\n \\n \\n'], ['the objects in the image are the following: \\n \\n \\n \\n \\n \\n \\n \\n \\n \\n \\n \\'], ['the objects in the image are : \\n \\n \\n \\n \\n \\n \\n \\n \\n \\n \\n \\n \\'], ['the objects in the image are : \\n1.'], ['they are all types of pencils.'], ['they are all the same object.'], ['the objects are shown in the image.'], ['\\n1.'], ['the objects in the image are : \\n \\n \\n \\n \\n \\n \\n \\n \\n \\n \\n \\n \\'], ['the objects in the image are : \\n 1.'], ['this is a picture of a bunch of objects.'], ['the objects in the image are : \\n \\n \\n \\n \\n \\n \\n \\n \\n \\n \\n \\n \\'], ['this is a common question for many students.'], ['the objects in the image are : \\n1.'], ['the objects in the image are : \\n \\n \\n \\n \\n \\n \\n \\n \\n \\n \\n \\n \\'], ['the objects are : \\n1.'], ['the objects in the image are : \\n \\n \\n \\n \\n \\n \\n \\n \\n \\n \\n \\n \\'], ['the objects are in the image.'], ['the objects in the image are : \\n \\n \\n \\n \\n \\n \\n \\n \\n \\n \\n \\n \\'], ['the objects are : \\n \\n \\n \\n \\n \\n \\n \\n \\n \\n \\n \\n \\n \\n'], ['the objects in the image are : \\n1.'], ['this is a color image of a color image.'], ['the objects in the image are : \\n \\n \\n \\n \\n \\n \\n \\n \\n \\n \\n \\n \\'], ['the objects are the following: \\n \\n \\n \\n \\n \\n \\n \\n \\n \\n \\n \\n \\n'], ['the objects are : \\n \\n \\n \\n \\n \\n \\n \\n \\n \\n \\n \\n \\n \\n'], ['this is a photo of a set of objects that i would like to order.'], ['\\n \\n \\n \\n \\n \\n \\n \\n \\n \\n \\n \\n \\n \\n \\n \\n'], ['the objects in the image are the following: \\n \\n \\n \\n \\n \\n \\n \\n \\n \\n \\n \\'], ['the objects are in the image.'], ['\\n \\n \\n \\n \\n \\n \\n \\n \\n \\n \\n \\n \\n \\n \\n \\n'], ['the objects in the image are a set of different types of objects.']]"
data/images/noun/2022-600.jpg,2022,marker,9,15,70,13,"[['the objects in the image are : \\n1.'], ['the objects are in the image.'], ['the objects are in the image are in the following order \\n1.'], ['the objects in the image are: \\n1.'], ['the objects in the image are : \\n \\n \\n \\n \\n \\n \\n \\n \\n \\n \\n \\n \\'], ['the objects in the image are : \\n1.'], ['the objects are : \\n \\n \\n \\n \\n \\n \\n \\n \\n \\n \\n \\n \\n \\n'], ['the objects are in the image.'], ['the objects in the image are : \\n \\n \\n \\n \\n \\n \\n \\n \\n \\n \\n \\n \\'], ['the objects in the image are : \\n1.'], ['the objects in the image are : \\n1.'], ['the objects are in the image.'], ['1.'], ['the objects in the image are : \\n1.'], ['the objects are : \\n \\n \\n \\n \\n \\n \\n \\n \\n \\n \\n \\n \\n \\n'], ['the objects are in the image.'], ['the objects are in the image.'], ['the objects are in the image.'], ['1.'], ['the objects in the image are : \\na: 1.'], ['the objects in the image are : \\n \\n \\n \\n \\n \\n \\n \\n \\n \\n \\n \\n \\'], ['the objects are in the image.'], ['1.'], ['the objects in the image are : \\n \\n \\n \\n \\n \\n \\n \\n \\n \\n \\n \\n \\'], ['the objects are : \\n1.'], ['the objects in the image are : \\n1.'], ['the objects are shown in the image below.'], ['a: the objects are in the image.'], ['the objects are in the image.'], ['the objects in the image are : \\n1.'], ['the objects in the image are : \\na: a ball \\nb: a ball with a hole \\nc: a ball with a hole with'], ['the objects in the image are the following: \\na: 1.'], ['the objects in the image are : \\n \\n \\n \\n \\n \\n \\n \\n \\n \\n \\n \\n \\'], ['the objects in the image are : \\n1.'], ['a: the objects are in the image.'], ['the objects are : \\n1.'], ['the objects are shown in the image.'], ['the objects are : \\n \\n \\n \\n \\n \\n \\n \\n \\n \\n \\n \\n \\n \\n'], ['the objects in the image are : \\n \\n \\n \\n \\n \\n \\n \\n \\n \\n \\n \\n \\'], ['the objects are : \\n1.']]"
data/images/noun/2023-600.jpg,2023,color changing ball,13,31,87,17,"[['the objects in the image are the following : \\n1.'], ['the objects in the image are a set of 3 -d spheres with a diameter of 5 cm each.'], ['the objects in the image are a set of 3 - 5 - 7 - 11 - 13 - 15 - 17 - 19 - 21 - 23 - 25 - 27'], ['the objects in the image are called : \\n\\n1.'], ['the objects are a set of 6 plates in a white and black color combination.'], ['the objects in the image are : \\n \\n \\n \\n \\n \\n \\n \\n \\n \\n \\n \\n \\'], ['the objects in the image are all made of white plastic.'], ['the objects are in a circle.'], ['the image shows a set of objects that can be used to create a variety of patterns.'], ['the objects are a group of figurines.'], ['the objects are in the image.'], ['the objects in the image are made of white plastic.'], ['the objects are : \\n1.'], ['the objects in the image are : \\n \\n \\n \\n \\n \\n \\n \\n \\n \\n \\n \\n \\'], ['the objects in the image are called the : \\n\\n - the cube - the cylinder - the sphere - the pyramid - the cone - the cone -'], ['the objects are : \\n 1.'], ['the objects in the image are : \\n \\n \\n \\n \\n \\n \\n \\n \\n \\n \\n \\n \\'], ['the objects in the image are made up of a series of cylinders.'], ['the objects are : \\n - a - a - a - a - a - a - a - a - a - a - a - a - a'], ['the objects are a set of four small balls with a white color and a black color.'], ['the objects in the image are a set of objects that can be used to make a variety of objects.'], ['the image shows a group of objects.'], ['the objects in the image are a set of mirrors and a white box.'], ['the objects are : \\n \\n \\n \\n \\n \\n \\n \\n \\n \\n \\n \\n \\n \\n'], ['the objects in the image are a set of six 3d objects that are arranged in a circle.'], ['the objects in the image are the following: \\n1.'], ['the image shows a collection of objects in a container.'], ['the image shows a collection of objects.'], ['the image shows a set of objects in a white box.'], ['the objects are a set of 3d objects in a box.'], ['the objects in the image are arranged in a circular pattern.'], ['the objects are : \\n \\n \\n \\n \\n \\n \\n \\n \\n \\n \\n \\n \\n \\n'], ['the objects are shown in the image.'], ['the objects are : \\n 1.'], ['the objects in the image are a set of 6 polyhedrons.'], ['the objects are : \\n1.'], ['the objects in the image are the following : \\n \\n \\n \\n \\n \\n \\n \\n \\n \\n \\n \\'], ['the image shows a group of objects.'], ['the objects are : \\n \\n \\n \\n \\n \\n \\n \\n \\n \\n \\n \\n \\n \\n'], ['the objects are shown in the image.']]"
data/images/noun/2024-600.jpg,2024,connected disk toy,81,44,41,3,"[['the objects in the image are the following : \\na: the object in the center is the triangle \\na: the object on the right is the'], ['the objects in the image are the following: \\na: 1.'], ['the objects are in the image.'], ['the objects in the image are the following : \\n \\n - a : a yellow ball \\n - b : a red ball \\n - c :'], ['the objects are a red ball, a blue ball, a green ball, a white ball, a yellow ball, a blue ball, a red ball, a'], ['the objects in the image are all different types of toys.'], ['the objects are shown in the image.'], ['the objects in the image are a set of 3 - sided dice.'], ['the objects are the following : \\n\\n - the white ball \\n - the yellow ball \\n - the blue ball \\n - the red ball'], ['the objects in the image are the following: \\n \\n a: a ball \\n b: a ball with a hole \\n c: a ball'], ['the objects are in the image.'], ['the objects are shown in the image.'], ['the objects are the following : \\n1.'], ['a: a: a: a: a: a: a: a: a: a: a: a: a: a: a: a:'], ['the objects are in the image.'], ['the objects are in the image.'], ['the objects in the image are the same as the objects in the image.'], ['the objects in the image are the following : \\na: the objects in the image are the following : \\na: the objects in the image are'], ['the objects are in the image.'], ['the objects are in the image.'], ['the objects are in the image.'], ['the objects are shown in the image.'], ['the objects in the image are the following: \\n \\n \\n \\n \\n \\n \\n \\n \\n \\n \\n \\'], ['the objects in the image are all in the same color.'], ['a: a: a: a: a: a: a: a: a: a: a: a: a: a: a: a:'], ['a: a: a: a: a: a: a: a: a: a: a: a: a: a: a: a:'], ['the objects are the same in each of the three images.'], ['the objects are in the image.'], ['the objects in the image are called toys.'], ['the objects are in the image.'], ['the objects are in the image.'], ['the objects are the same size and shape.'], ['the objects are in the image.'], ['the objects in the image are called the following : \\n \\n - a ball \\n - a wheel \\n - a plane \\n - a stick'], ['the objects are in the shape of a circle and they are arranged in a line.'], ['the objects in the image are called : \\n1.'], ['the objects are in the image.'], ['a: a: a: a: a: a: a: a: a: a: a: a: a: a: a: a:'], ['the objects are in the shape of a cube.'], ['the objects are in the image.']]"
data/images/noun/2025-600.jpg,2025,boomerang,6,14,58,13,"[['the objects in the image are : a chair, a table, a sofa, a desk, a lamp, a mirror, a phone, a computer, a'], ['the objects in the image are a pair of blue shoes.'], ['the objects in the image are : \\n1.'], ['the objects in the image are a pair of plastic gloves.'], ['the objects are all different types of objects.'], ['the objects are in the image.'], ['a: a: a: a: a: a: a: a: a: a: a: a: a: a: a: a:'], ['1.'], ['the objects are in the image.'], ['the objects in the image are all named.'], ['the objects in the image are : \\na: a chair, a table, a ladder, a box, a bottle, a bowl, a spoon,'], ['the objects are in the image.'], ['1.'], ['the objects in the image are : \\n1.'], ['the objects in the image are : \\n \\n \\n \\n \\n \\n \\n \\n \\n \\n \\n \\n \\'], ['1.'], ['the objects in the image are : a plastic toy, a metal toy, a plastic fork, a plastic spoon, a plastic knife, a plastic fork, a'], ['the objects are in the image.'], ['a: 1.'], ['the objects are : - a ball - a plate - a spoon - a fork - a cup - a glass - a knife - a spoon - a fork -'], ['the objects in the image are : \\n1.'], ['the objects are in the image.'], ['1.'], ['the objects are shown in the image.'], ['a: a: a: a: a: a: a: a: a: a: a: a: a: a: a: a:'], ['the objects are in the image.'], ['the objects are : a chair, a table, a dog, a dog on a leash, a dog in a basket, a dog in a crate, a'], ['the objects are : - a table - a chair - a chair back - a chair leg - a chair arm - a chair foot - a chair back leg arm'], ['the objects in the image are : \\n1.'], ['1.'], ['1.'], ['a: a: a: a: a: a: a: a: a: a: a: a: a: a: a: a:'], ['the objects are a set of two blue and white objects.'], ['the objects are : \\na: a: a: a: a: a: a: a: a: a: a: a: a:'], ['1.'], ['the objects in the image are : - a ball - a stick - a tube - a ring - a spoon - a fork - a knife - a spoon -'], ['the objects are : - a plastic bag - a plastic bottle - a plastic cup - a plastic spoon - a plastic fork - a plastic knife - a plastic spoon'], ['the objects are : a) a beach ball b) a football c) a beach umbrella d) a beach towel e) a beach umbrella f) a beach'], ['a: a: a: a: a: a: a: a: a: a: a: a: a: a: a: a:'], ['the objects in the image are a set of 3d objects that can be used in a 3d printing project.']]"
data/images/noun/2026-600.jpg,2026,dog toy,16,71,63,17,"[['the objects in the image are the following : \\n1.'], ['the objects are in the image.'], ['the objects in the image are the following : \\n1.'], ['the objects in the image are : \\n1.'], ['the objects in the image are : \\n1.'], ['1.'], ['the objects in the image are : 1.'], ['a: the objects are shown in the image.'], ['the objects in the image are : \\na: 1.'], ['the objects are in the image.'], ['the objects in the image are : \\n1.'], ['the objects are in the image.'], ['the objects are in the image.'], ['the objects are shown in the image.'], ['the objects are in the image.'], ['the objects are shown in the image.'], ['the objects in the image are the following : \\n1.'], ['the objects are in the image.'], ['the objects in the image are part of a set of objects that can be used to teach the concept of a set.'], ['the objects are in the image.'], ['the objects are in the image.'], ['the objects are in the image.'], ['the objects in the image are part of a set of toys that were designed to teach children about the concept of conservation.'], ['the objects in the image are : \\n1.'], ['the objects in the image are a set of three objects.'], ['the objects in the image are all animals.'], ['1.'], ['the objects in the image are : \\n \\n1.'], ['the objects are : \\n1.'], ['the objects in the image are all part of the same set.'], ['the objects in the image are a set of toys that have been designed to encourage children to develop a sense of balance and to develop their sense of touch.'], ['the objects in the image are all toys.'], ['the objects are shown in the image.'], ['the objects in the image are the following: \\n1.'], ['the objects are in the image.'], ['the objects in the image are all toys.'], ['the objects are in the image.'], ['the objects in the image are all different types of animals.'], ['the objects in the image are : \\n \\n 1.'], ['the objects are : - a small ball - a small ball with a hole - a small ball with a hole with a ball on it - a small ball with']]"
data/images/noun/2027-600.jpg,2027,room freshener toy,22,38,47,9,"[['the objects are : \\n1.'], ['the objects are shown in the image.'], ['the objects in the image are : \\n1.'], ['the image is a representation of the objects in the image.'], ['the objects are : \\n1.'], ['the objects are shown in the image.'], ['the objects in the image are : \\n1.'], ['the objects are : \\n \\n \\n \\n \\n \\n \\n \\n \\n \\n \\n \\n \\n \\n'], ['the objects are : \\n \\n 1.'], ['the image shows a small model of a house.'], ['the objects are : \\n1.'], ['the image is a part of a set of images for a project.'], ['the objects are : \\n1.'], ['the objects are shown in the image.'], ['the objects in the image are : \\n1.'], ['the objects in the image are : \\n1.'], ['the image shows a scene with a man and a dog.'], ['the image is a diagram of a room with a person.'], ['the objects are in the image.'], ['the objects are in the image.'], ['the image shows a group of objects.'], ['1.'], ['the objects are : \\n1.'], ['the objects are in the image.'], ['the image shows a group of objects.'], ['the objects are : \\n1.'], ['1.'], ['the image shows a group of objects.'], ['the objects are : - 1.'], ['the objects are : \\n1.'], ['the objects are in the image.'], ['the objects are in the image.'], ['the objects are : \\n \\n 1.'], ['the image shows a group of objects.'], ['1.'], ['the objects in the image are : \\n1.'], ['1.'], ['the image is a representation of the object.'], ['the objects in the image are : \\n1.'], ['the objects in the image are : \\n1.']]"
data/images/noun/2028-600.jpg,2028,cat toy found at the pound store,6,47,53,63,"[['the objects in the image are : \\n1.'], ['the objects in the image are a pink flower, a white flower, a pink flower, a white flower, a pink flower, a white flower, a pink'], ['they are all flowers.'], ['the objects in the image are : - \\n1.'], ['the objects in the image are a set of toys that were designed by the designer.'], ['the objects are : a) a dog b) a flower c) a ball d) a ball with a flower e) a ball with a flower with a'], ['the objects in the image are flowers and a bird.'], ['they are all toys.'], ['the objects in the image are a set of toys.'], ['the objects in the image are : \\n 1.'], ['the objects are : - a flower - a ring - a ball - a bead - a bead - a bead - a bead - a bead - a bead -'], ['the objects in the image are : \\n1.'], ['the objects in the image are a set of pink and white flowers.'], ['the objects in the image are : \\n\\n\\n\\n\\n\\n\\n\\n\\n\\n\\n\\n\\'], ['the objects in the image are : \\n1.'], ['the objects are in the image.'], ['they are all toys.'], ['the objects in the image are called flowers.'], ['the objects are : \\n1.'], ['the objects in the image are : \\n1.'], ['they are : a pink ball, a blue ball, a yellow ball, a green ball, a blue ball, a pink ball, a purple ball, a'], ['the objects in the image are : \\n1.'], ['they are flowers and a ball.'], ['the objects are : \\n1.'], ['the objects in the image are : - a pink ball - a white ball - a blue ball - a green ball - a yellow ball - a red ball -'], ['the objects are in the image.'], ['the objects are a pink flower, a blue flower, a green flower, a yellow flower, a blue flower, a white flower, a pink flower, a'], ['the objects are in the image.'], [""this is a set of objects that are used in a toy called a 'puppy'.""], ['the objects in the image are : \\n\\n1.'], ['the objects in the image are : \\n1.'], ['1.'], ['they are flowers.'], ['the objects in the image are a pink flower, a blue flower, a green flower, a white flower, a pink flower, a blue flower, a yellow'], ['the objects in the image are : \\n1.'], ['the objects in the image are flowers.'], ['the objects in the image are : \\n1.'], ['1.'], ['the objects in the image are called : - a flower - a ball - a ball of string - a ball of yarn - a ball of twine - a'], ['the objects are in the image.']]"
data/images/noun/2029-600.jpg,2029,cover for room fresheners,19,27,65,16,"[['the objects are : \\n1.'], ['the objects are shown in the image.'], ['the objects are in the image.'], ['the object on the left is a screw.'], ['the objects in the image are : \\n \\n \\n \\n \\n \\n \\n \\n \\n \\n \\n \\n \\'], ['the objects in the image are : \\n1.'], ['the objects in the image are.'], ['the object in the image is a small object.'], ['the objects in the image are : \\n1.'], ['the object on the left is a screw.'], ['the objects are in the image.'], ['the objects in the image are : \\n1.'], ['1.'], ['1.'], ['the object on the left is a wrench.'], ['the objects are in the image.'], ['the objects in the image are : \\n1.'], ['the object in the image is a cylinder.'], ['1.'], ['the objects are : \\n1.'], ['the objects in the image are : \\n \\n \\n \\n \\n \\n \\n \\n \\n \\n \\n \\n \\'], ['the objects are : \\n 1.'], ['the objects are in the image.'], ['the objects in the image are : \\n \\n \\n \\n \\n \\n \\n \\n \\n \\n \\n \\n \\'], ['the object in the image is a screw.'], ['the objects are in the image.'], ['the objects in the image are : \\n1.'], ['the objects in the image are a set of objects that are used in the construction of a building.'], ['the objects in the image are : \\n \\n \\n \\n \\n \\n \\n \\n \\n \\n \\n \\n \\'], ['the object is a car.'], ['the objects are in the image.'], ['1.'], ['the object in the image is a part of a chain.'], ['the object on the left is a gear.'], ['the objects are : - \\na: the objects are : - \\na: the objects are : - \\na: the objects are : -'], ['the objects in the image are : \\n \\n \\n \\n \\n \\n \\n \\n \\n \\n \\n \\n \\'], ['the object is a box.'], ['the object in the image is a.'], ['1.'], ['the objects are in the image.']]"
data/images/noun/2030-600.jpg,2030,marker,9,43,53,0,"[['the objects are : \\n1.'], ['the objects are in the image.'], ['the objects in the image are : \\n1.'], ['the objects in the image are : \\n \\n \\n \\n \\n \\n \\n \\n \\n \\n \\n \\n \\'], ['the objects in the image are the following : \\n1.'], ['the objects are : \\n1.'], ['the objects are : \\n1.'], ['the objects in the image are : \\n1.'], ['the objects are in the image.'], ['the objects are in the image.'], ['the objects are : \\n1.'], ['the objects are in the image.'], ['the objects are : \\n1.'], ['the objects are : - 1.'], ['the objects in the image are : \\n1.'], ['the objects are : \\n1.'], ['the objects in the image are : \\n1.'], ['the objects in the image are the following : \\n1.'], ['the objects are : \\n \\n \\n \\n \\n \\n \\n \\n \\n \\n \\n \\n \\n \\n'], ['the objects are shown in the image.'], ['the objects are : - a : - a : - a : - a : - a : - a : - a : - a : - a : -'], ['the objects are shown in the image.'], ['the objects are : \\n1.'], ['the objects in the image are : \\n1.'], ['the objects are : - a : a : a : a : a : a : a : a : a : a : a : a : a : a'], ['the objects are in the image.'], ['1.'], ['the objects in the image are : \\n \\n \\n \\n \\n \\n \\n \\n \\n \\n \\n \\n \\'], ['1.'], ['the objects in the image are : \\n \\n \\n \\n \\n \\n \\n \\n \\n \\n \\n \\n \\'], ['the objects in the image are : \\n1.'], ['the objects in the image are : \\n1.'], ['the objects are in the image.'], ['the objects in the image are : \\n1.'], ['the objects are : \\n1.'], ['the objects are : - a ball - a ball with a ball inside it - a ball with a ball inside it - a ball with a ball inside it -'], ['1.'], ['the objects are shown in the image.'], ['the objects are shown in the image.'], ['the objects in the image are : \\na: 1.']]"
data/images/noun/2031.jpg,2031,book end,16,32,35,26,"[['the objects are in the image \\nq: what is the name of the object in the image? \\na: the object is in the image \\'], ['the objects in the image are : \\n1.'], ['the objects in the image are : \\n \\n \\n \\n \\n \\n \\n \\n \\n \\n \\n \\n \\'], ['the objects in the image are : \\n \\n \\n \\n \\n \\n \\n \\n \\n \\n \\n \\n \\'], ['the objects in the image are a pair of scissors and a pair of tweezers.'], ['the objects in the image are : \\na: a: a : \\na: a : \\na: a : \\na: a'], ['the objects are shown in the image in the order that they appear in the image.'], ['the objects in the image are a set of three metal plates.'], ['1.'], ['the objects are shown in the image in the order that they appear in the image.'], ['the objects in the image are : \\n1.'], ['the objects in the image are : \\n \\n \\n \\n \\n \\n \\n \\n \\n \\n \\n \\n \\'], ['the objects are : \\n1.'], ['the objects are in the image.'], ['the objects in the image are a set of three, each of them in a different color.'], ['the objects are : \\n1.'], ['the objects are in the image.'], ['the objects are in the image.'], ['1.'], ['the objects in the image are : \\n1.'], ['the objects are in the image.'], ['the objects in the image are : \\na: 1.'], ['the objects in the image are : \\na: 1.'], ['the objects in the image are : \\n \\n \\n \\n \\n \\n \\n \\n \\n \\n \\n \\n \\'], ['the objects in the image are : \\n \\n \\n \\n \\n \\n \\n \\n \\n \\n \\n \\n \\'], ['1.'], ['the objects in the image are : \\n \\n \\n \\n \\n \\n \\n \\n \\n \\n \\n \\n \\'], ['the objects in the image are : \\n1.'], ['the objects in the image are : \\n1.'], ['the objects in the image are : \\n1.'], ['the objects are in the image.'], ['1.'], ['1.'], ['the objects are in the image.'], ['the objects are : \\na: 1.'], ['1.'], ['the objects in the image are : \\n1.'], ['the objects are : 1.'], ['the objects are in the image.'], ['the objects in the image are : \\n1.']]"
data/images/noun/2032-600.jpg,2032,submarine,47,90,50,3,"[['the objects are in the image.'], ['the objects are : \\na: 1.'], ['the objects are in the image.'], ['the objects in the image are : \\n \\n1.'], ['the objects in the image are : - \\n1.'], ['the objects are in the image.'], ['the objects are : 1.'], ['the objects are : \\n \\n \\n \\n \\n \\n \\n \\n \\n \\n \\n \\n \\n \\n'], ['the objects in the image are : \\na: a ball, a boat, a boat with a sail, a boat with a sail and a sail,'], ['the objects in the image are : \\n \\n \\n \\n \\n \\n \\n \\n \\n \\n \\n \\n \\'], ['a: the objects are in the image.'], ['a: a: a: a: a: a: a: a: a: a: a: a: a: a: a: a:'], ['1.'], ['the objects are in the image.'], ['the objects in the image are : \\n \\n \\n \\n \\n \\n \\n \\n \\n \\n \\n \\n \\'], ['the objects in the image are : \\n \\n \\n \\n \\n \\n \\n \\n \\n \\n \\n \\n \\'], ['the objects are in the image.'], ['the objects are in the image.'], ['1.'], ['a: the objects are in the image.'], ['the objects in the image are : \\n \\n \\n \\n \\n \\n \\n \\n \\n \\n \\n \\n \\'], ['the objects are in the image.'], ['the objects in the image are : - a ball, - a boat, - a plane, - a ship, - a tower, - a tower, -'], ['the objects are in the image.'], ['the objects in the image are : \\n \\n \\n \\n \\n \\n \\n \\n \\n \\n \\n \\n \\'], ['a: the objects are : - \\nb: the objects are : - \\nc: the objects are : - \\nd: the objects are'], ['the objects in the image are : \\na: a ball, a stick, a ball, a ball, a stick, a ball, a ball,'], ['the objects are in the image.'], ['the objects are : \\n \\n \\n \\n \\n \\n \\n \\n \\n \\n \\n \\n \\n \\n'], ['the objects are : \\n1.'], ['the objects in the image are : \\n \\n \\n \\n \\n \\n \\n \\n \\n \\n \\n \\n \\'], ['the objects are in the image.'], ['the objects are : \\n \\n \\n \\n \\n \\n \\n \\n \\n \\n \\n \\n \\n \\n'], ['the objects are in the image.'], ['the objects in the image are : \\n1.'], ['the objects in the image are.'], ['the objects are : \\na: 1.'], ['the objects in the image are : \\n1.'], ['the objects are : \\n \\n \\n \\n \\n \\n \\n \\n \\n \\n \\n \\n \\n \\n'], ['1.']]"
data/images/noun/2033-600.jpg,2033,cat toy cage,9,57,55,3,"[['the objects in the image are shown in the following table : \\n \\n \\n \\n \\n \\n \\n \\n \\n \\n'], ['the objects in the image are : \\n1.'], ['the objects are in the image.'], ['the objects in the image are shown in the following table \\n\\n \\n \\n \\n \\n \\n \\n \\n \\n \\'], ['the objects are in the image.'], ['the objects are : \\na: 1.'], ['the objects are shown in the image.'], ['1.'], ['1.'], ['the objects are shown in the image.'], ['1.'], ['1.'], ['the objects are : \\n1.'], ['the objects are in the image.'], ['the objects are : \\n1.'], ['the objects are : 1.'], ['1.'], ['the objects in the image are : \\n \\n \\n \\n \\n \\n \\n \\n \\n \\n \\n \\n \\'], ['the objects are : \\n \\n \\n \\n \\n \\n \\n \\n \\n \\n \\n \\n \\n \\n'], ['the objects are shown in the image.'], ['the objects in the image are a set of four plastic containers.'], ['the objects in the image are : \\n \\n \\n \\n \\n \\n \\n \\n \\n \\n \\n \\n \\'], ['the objects are : \\n 1.'], ['1.'], ['the objects in the image are : \\n1.'], ['the objects in the image are : \\n \\n \\n \\n \\n \\n \\n \\n \\n \\n \\n \\n \\'], ['the objects are : 1.'], ['1.'], ['1.'], ['1.'], ['the objects are : 1.'], ['the objects in the image are : \\na: 1.'], ['the objects are shown in the image.'], ['1.'], ['the objects are in the image.'], ['the objects are in the image.'], ['the objects in the image are : 1.'], ['the objects are in the image.'], ['the objects are : \\n \\n \\n \\n \\n \\n \\n \\n \\n \\n \\n \\n \\n \\n'], ['1.']]"
data/images/noun/2034-600.jpg,2034,worm ball with cut off hands or stars,72,39,45,26,"[['the objects in the image are a set of colorful objects.'], ['the objects in the image are in a pile.'], ['the objects in the image are : \\n \\n \\n \\n \\n \\n \\n \\n \\n \\n \\n \\n \\'], ['the objects are in the following order: \\n1.'], ['the objects in the image are : \\n\\n1.'], ['the objects are in the image.'], ['the objects in the image are : \\n\\n1.'], ['the objects in the image are a pile of plastic balls.'], ['1.'], ['the objects in the image are in a pile on a table.'], ['the objects in the image are : - a red ball - a green ball - a blue ball - a yellow ball - a white ball - a black ball -'], ['the objects in the image are : - a: a ball - b: a ball with a hole - c: a ball with a hole with a ball on'], ['the objects in the image are balls of different colors.'], ['the objects in the image are : \\n1.'], ['the objects in the image are : \\n1.'], ['the objects in the image are : \\n1.'], ['the objects in the image are in the following order: \\n1.'], ['the objects are in the image.'], ['the objects in the image are balloons.'], ['the objects in the image are : \\n \\n 1.'], ['1.'], ['the objects are in the following order : 1.'], ['1.'], ['the objects are in the image.'], ['a: the objects in the image are a set of four different objects.'], ['1.'], ['the objects in the image are : - a balloon - a stick - a ball - a ball with a stick - a ball with a stick and a balloon -'], ['1.'], ['the objects are in the following order: \\n1.'], ['a: the objects in the image are a set of balls in a container.'], ['the objects in the image are a variety of different shapes and sizes.'], ['the objects in the image are a set of balls in a container.'], ['a: the objects in the image are : - a: a: a: a: a: a: a: a: a: a: a:'], ['the objects are in the image.'], ['the objects are in the image.'], ['the objects are : - a: a small plastic ball - b: a small plastic ball - c: a small plastic ball - d: a small plastic ball'], ['the objects in the image are : \\n \\n \\n \\n \\n \\n \\n \\n \\n \\n \\n \\n \\'], ['the objects in the image are a group of objects.'], ['the objects in the image are a collection of colorful balloons.'], ['the objects in the image are a group of people.']]"
data/images/noun/2035-600.jpg,2035,giant pen with pen tip removed and cooper scourer pad on top,13,54,47,13,"[['the objects are in the image.'], ['the objects are : - a toothbrush - a toothpaste tube - a toothbrush with a denture in it - a toothbrush with a denture in'], ['1.'], ['the objects are : 1.'], ['1.'], ['the objects are : \\n 1.'], ['the objects in the image are : \\n 1.'], ['the objects are : \\n1.'], ['the objects are : \\n1.'], ['1.'], ['the objects in the image are : - a pen - a pencil - a brush - a brush pen - a marker - a marker pen - a pencil -'], ['the objects in the image are : \\n \\n \\n \\n \\n \\n \\n \\n \\n \\n \\n \\n \\'], ['a: a: a: a: a: a: a: a: a: a: a: a: a: a: a: a:'], ['the objects in the image are : \\n1.'], ['1.'], ['the objects in the image are : \\n1.'], ['the objects are in the image are in the following order : 1.'], ['the objects are in the image.'], ['the objects are : 1.'], ['the objects are : \\n1.'], ['the objects in the image are : \\n \\n \\n \\n \\n \\n \\n \\n \\n \\n \\n \\n \\'], ['a: a: a: a: a: a: a: a: a: a: a: a: a: a: a: a:'], ['the objects in the image are : \\na: a ball, a ball, a ball, a ball, a ball, a ball, a ball,'], ['the objects in the image are : - 1.'], ['the objects in the image are : \\na: 1.'], ['the objects are : - a brush - a pencil - a pen - a brush pen - a brush pen - a brush - a pencil - a pencil - a'], ['the objects are in the image.'], ['the objects in the image are : \\na: 1.'], ['the objects in the image are : \\na: a blue ball, a red ball, a green ball, a yellow ball, a blue ball, a'], ['1.'], ['the objects in the image are : \\n1.'], ['a: a: a: a: a: a: a: a: a: a: a: a: a: a: a: a:'], ['the objects are : \\n 1.'], ['the objects are in the image.'], ['the objects are : 1.'], ['the objects are : \\n1.'], ['the objects are in the image.'], ['the objects are in the image.'], ['the objects are : 1.'], ['1.']]"
data/images/noun/2036-600.jpg,2036,cup-and-ball toy,59,70,20,20,"[['a: a: a: a: a: a: a: a: a: a: a: a: a: a: a: a:'], ['\\nthe objects in the image are : \\n1.'], [""the objects are a toy, a ball, a stick, a rope, a doll, a doll's house, a doll's head, a doll""], ['the objects are : a: a wooden ball, b: a wooden paddle, c: a wooden spoon, d: a wooden stick, e: a wooden'], ['the objects are a toy drum, a wooden ball, a wooden stick, a wooden spoon, a wooden spoon with a handle, a wooden spoon with a handle'], ['the objects are : \\na: a ball \\na: a stick \\na: a stick with a ball \\na: a stick with'], ['\\nthe objects in the image are a toy drum and a toy cymbal.'], ['\\na: \\na: \\na: \\na: \\na: \\na: \\na: \\na:'], ['the objects are: a) a hammer b) a ball c) a rope d) a stick e) a stick f) a stick g) a stick'], ['\\na: \\na: \\na: \\na: \\na: \\na: \\na: \\na:'], ['the objects are a set of wooden blocks, a wooden ball, a wooden spoon, a wooden spoon, a wooden spoon, a wooden spoon, a wooden spoon'], ['the objects are : \\na: a wooden ball with a hole in the middle \\na: a wooden block with a hole in the middle \\n'], ['the objects in the image are called the ""drum"" and the ""bell"".'], ['\\nthe object in the image is a wooden mallet.'], ['a: a: a: a: a: a: a: a: a: a: a: a: a: a: a: a:'], ['the objects are in the image.'], ['the objects are a set of drums and a mallet.'], ['click on the image to enlarge.'], ['the objects are a toy drum, a toy bell, a toy stick, a toy mallet, a toy drumstick, a toy malletstick, a'], ['a: b: c: d: e: f: g: \\n \\n \\n \\n \\n \\n \\n \\n \\n'], ['the objects are a toy drum, a toy xylophone, a toy triangle, a toy bell, a toy tambourine, a toy maraca'], ['the object in the image is a wooden ball with a wooden handle.'], ['the object in the image is a toy that is used to play music.'], ['the objects are a set of wooden balls, a set of wooden balls, a set of wooden balls, a set of wooden balls, a set of wooden balls'], ['a: a: a: a: a: a: a: a: a: a: a: a: a: a: a: a:'], ['a: the object in the image is a toy.'], ['the objects in the image are a set of wooden toys.'], ['the objects in the image are called a: \\nb: a: \\nc: a: \\nd: a: \\ne: a'], ['the objects in the image are a set of wooden toys.'], ['the objects are a set of colorful wooden blocks.'], ['click on the image to enlarge it.'], ['the objects in the image are a toy drum, a toy xylophone, a toy triangle, a toy bell, a toy triangle, a toy drum,'], ['\\n1.'], ['the objects are : \\n1.'], ['the objects are a set of wooden balls and a set of wooden sticks.'], ['the objects are: \\n \\n \\n \\n \\n \\n \\n \\n \\n \\n \\n \\n \\n \\n'], ['a: a: a: a: a: a: a: a: a: a: a: a: a: a: a: a:'], ['the objects in the image are called the following : \\n1.'], ['the objects are : \\n1.'], ['the objects are: \\n \\n \\n \\n \\n \\n \\n \\n \\n \\n \\n \\n \\n \\n']]"
data/images/noun/2037-600.jpg,2037,teething ring with a bit photoshopped out,34,24,37,3,"[['the objects are the following : \\n1.'], ['the objects in the image are : - 1.'], ['the objects in the image are : - a : a flower - b : a leaf - c : a stem - d : a stem - e : a leaf'], ['the image shows a group of objects.'], ['the image is a representation of the human body.'], ['the objects in the image are : \\n1.'], ['the objects in the image are : \\n 1.'], ['the objects in the image are : \\n1.'], ['the objects in the image are a bracelet, a ring, a necklace and a pair of earrings.'], ['the objects are the following : \\n1.'], ['the objects in the image are : \\n 1.'], ['the objects are : - a - a - a - a - a - a - a - a - a - a - a - a - a - a'], ['the objects in the image are : \\n1.'], ['the objects in the image are : \\n \\n \\n \\n \\n \\n \\n \\n \\n \\n \\n \\n \\'], ['the objects in the image are : \\n1.'], ['the objects in the image are : \\n1.'], ['the objects in the image are : \\n1.'], ['the objects are in the image.'], ['the objects in the image are : \\n \\n \\n \\n \\n \\n \\n \\n \\n \\n \\n \\n \\'], ['the image is of a human hand and the objects are the fingers.'], ['the objects are : \\n1.'], ['the objects are : 1.'], ['the objects are the following : \\n1.'], ['the objects in the image are : \\n1.'], ['the objects are : - a : - a : - a : - a : - a : - a : - a : - a : - a : -'], ['the objects are : 1.'], ['the objects are shown in the image.'], ['the objects in the image are : \\n1.'], ['the objects in the image are : \\n1.'], ['the objects are in the image.'], ['the objects in the image are : - \\n 1.'], ['the objects in the image are : \\n1.'], ['the image shows a set of objects.'], ['the image shows a set of objects.'], ['the image is a picture of a hand with a pink ring on the ring finger.'], ['the objects are in the image.'], ['the objects are : - a : a heart - b : a star - c : a star - d : a star - e : a star - f :'], ['the objects in the image are the following : \\n1.'], ['the objects are in the image.'], ['the objects are in the image.']]"
data/images/noun/2038-600.jpg,2038,heart shaped slinky,56,63,26,6,"[['the objects are in the image.'], ['the objects in the image are balloons.'], ['name the objects in the image.'], ['the objects in the image are : \\n1.'], ['the objects are in the image.'], ['the objects are in the shape of a flower.'], ['the objects in the image are balloons.'], ['the objects in the image are : a ball, a chain, a ball, a ball, a chain, a ball, a chain, a ball, a'], ['the objects are in the image.'], ['the objects in the image are a set of balloons.'], ['the objects in the image are : a cloud, a rainbow, a sun, a rainbow, a rainbow, a cloud, a rainbow, a cloud, a'], ['the objects in the image are : - a ball - a ball with a handle - a ball with a handle in a box - a ball with a handle in'], ['the objects are balloons.'], ['the objects are in the image.'], ['the objects are in the image.'], ['the objects are in the image.'], ['the objects are in the image.'], ['the objects in the image are : - a balloon - a hat - a ball - a ballon - a bag - a ballon - a balloon - a'], ['the objects in the image are : - a pen - a pencil - a ruler - a ruler with a pen - a ruler with a pencil - a ruler with'], ['the objects in the image are balloons.'], ['the objects are in the image.'], ['the objects in the image are made of plastic.'], ['the objects are in the image.'], ['the objects in the image are : - a pair of socks - a pair of shoes - a pair of gloves - a pair of gloves with a bow - a'], ['the objects are in the image.'], ['the objects in the image are balloons.'], ['a set of objects that can be arranged in a circle.'], ['this is a fun activity for kids to learn the names of objects.'], ['the objects are in the image.'], ['the objects in the image are balloons.'], ['a: name the objects in the image.'], ['the objects are in the image.'], ['the objects are in the image.'], ['the objects are in the shape of a rainbow.'], ['the objects are in the shape of a flower.'], ['the objects are in the shape of a rainbow.'], ['the objects in the image are balloons.'], ['the objects in the image are a set of three spheres.'], ['the objects are made of plastic and are shaped like a flower.'], ['the objects are in the image.']]"
data/images/noun/2039-600.jpg,2039,led top,28,64,61,13,"[['the object is a cube.'], ['the objects are in the image.'], ['the objects are in the image.'], ['the objects are : - a green ball - a blue ball - a yellow ball - a white ball - a red ball - a green ball - a blue ball'], ['1.'], ['the object is a light bulb.'], ['the objects are in the image.'], ['the objects are in the image.'], ['1.'], ['the object is a key.'], ['the objects in the image are the following : \\n \\n \\n \\n \\n \\n \\n \\n \\n \\n \\n \\'], ['the objects are in the image.'], ['the objects are in the image.'], ['the objects in the image are the following: \\n \\n \\n \\n \\n \\n \\n \\n \\n \\n \\n \\'], ['1.'], ['the objects are in the image.'], ['the object in the image is a ring.'], ['the objects are a set of three green balls, a red ball, and a blue ball.'], ['this is a game where you have to press the buttons in order to get the objects in the image.'], ['the object in the image is a toy car.'], ['the objects are in the image.'], ['the objects in the image are : - \\na: the objects in the image are : - \\na: the objects in the image are : -'], ['the object in the image is a lightbulb.'], ['the objects are in the image.'], ['the objects are the following : \\n \\n \\n \\n \\n \\n \\n \\n \\n \\n \\n \\n \\n'], ['the objects in the image are : \\n \\n \\n \\n \\n \\n \\n \\n \\n \\n \\n \\n \\'], ['the objects are : 1.'], ['the object is a small square.'], ['the objects in the image are the following : \\n \\n \\n \\n \\n \\n \\n \\n \\n \\n \\n \\'], ['the objects in the image are the following : \\n \\n \\n \\n \\n \\n \\n \\n \\n \\n \\n \\'], ['the objects are in the image.'], ['the objects are in the image.'], ['the object in the image is a key.'], ['the objects are : - a person - a dog - a cat - a bird - a house - a car - a boat - a plane - a pyramid -'], ['the object is a key.'], ['the objects are in the image.'], ['the object is a green ball with a red top.'], ['the object in the image is a green cube.'], ['the objects in the image are a set of toys.'], ['the objects in the image are : \\n \\n \\n \\n \\n \\n \\n \\n \\n \\n \\n \\n \\']]"
data/images/noun/2040-600.jpg,2040,rubber toy found in toy aisle,31,64,63,16,"[['\\n1.'], ['the objects are : \\n1.'], ['they are all objects in the image.'], ['the objects are a ball, a cube, a sphere, a pyramid, a cylinder, a cone, a pyramid, a sphere, a cube, a pyramid'], ['the objects in the image are : \\n - a ball \\n - a sphere \\n - a sphere with a hole \\n - a ball with a'], ['\\n\\n\\n\\n\\n\\n\\n\\n\\n\\n\\n\\n\\n\\n\\n\\n'], ['\\n \\n \\n \\n \\n \\n \\n \\n \\n \\n \\n \\n \\n \\n \\n \\n'], ['the objects in the image are called : \\n \\n \\n \\n \\n \\n \\n \\n \\n \\n \\n \\n'], ['\\n\\n \\n\\n \\n\\n \\n\\n \\n\\n \\n\\n \\n\\n \\n\\n'], ['they are all balls of different sizes.'], ['\\n \\n \\n \\n \\n \\n \\n \\n \\n \\n \\n \\n \\n \\n \\n \\n'], ['the objects in the image are : \\n\\n a ball \\n a football \\n a soccer ball \\n a basketball \\n a volleyball \\n'], ['the objects are in the image.'], ['the objects in the image are called : \\n\\n \\n \\n \\n \\n \\n \\n \\n \\n \\n \\n'], ['1.'], ['they are called : ball, ball, ball, ball, ball, ball, ball, ball, ball, ball, ball, ball, ball, ball,'], ['\\n\\n \\n \\n \\n \\n \\n \\n \\n \\n \\n \\n \\n \\n \\n \\n'], ['the objects in the image are : \\n \\n 1.'], ['name the objects in the image.'], ['\\n1.'], ['they are all different kinds of balls.'], ['the objects in the image are called : \\n \\n \\n \\n \\n \\n \\n \\n \\n \\n \\n \\n'], ['the objects are : \\n1.'], ['\\n \\n \\n \\n \\n \\n \\n \\n \\n \\n \\n \\n \\n \\n \\n \\n'], ['\\n\\n \\n\\n \\n\\n \\n\\n \\n\\n \\n\\n \\n\\n \\n\\n'], ['they are balls.'], ['1.'], ['the objects in the image are : \\n1.'], ['the objects are a: \\n1.'], ['the objects in the image are all from the same set of objects.'], ['\\n\\n1.'], ['the objects in the image are : \\n1.'], ['the objects in the image are \\n\\n1.'], ['the objects are in the image.'], ['the objects in the image are balls.'], ['the objects in the image are balls of various sizes.'], ['the objects in the image are balls of different sizes and colors.'], ['the objects in the image are \\n\\n \\n \\n \\n \\n \\n \\n \\n \\n \\n \\n \\n'], ['\\n1.'], ['name the objects in the image.']]"
data/images/noun/2041-600.jpg,2041,massager,34,38,23,20,"[['the objects in the image are called : the objects in the image are called :'], ['the objects are a set of wooden blocks that are arranged in a circle.'], ['the objects in the image are : \\n \\n \\n \\n \\n \\n \\n \\n \\n \\n \\n \\n \\'], ['the objects in the image are the following : \\n1.'], ['the objects are in the image.'], ['the objects are : 1.'], ['the objects in the image are a set of three wooden balls.'], ['the objects in the image are the following : \\na: 1.'], ['the objects in the image are : \\n \\n \\n \\n \\n \\n \\n \\n \\n \\n \\n \\n \\'], ['the objects in the image are : \\n1.'], ['the objects are a set of three wooden cubes with different colored handles.'], ['the objects are in the shape of a triangle.'], ['the objects in the image are a set of wooden blocks.'], ['the objects are the following : \\na: 1.'], ['the objects are : \\na: the objects are : \\na: the objects are : \\na: the objects are : \\na:'], ['the objects in the image are the same as the objects in the image.'], ['the objects are called a : \\n \\n \\n \\n \\n \\n \\n \\n \\n \\n \\n \\n \\n'], ['the objects in the image are : \\n \\n \\n \\n \\n \\n \\n \\n \\n \\n \\n \\n \\'], ['the objects are in the image.'], ['the objects are : \\n 1.'], ['the objects are in the image.'], ['the objects are : \\na: 1.'], ['the objects are the same color as the background.'], ['the objects are shown in the image.'], ['the objects are called the : \\na: : : : : : : : : : : : : : : : : : : : : : :'], ['the objects are called the, the, the, the, the, the, the, the, the, the, the, the, the, the,'], ['the objects are in the image.'], ['the objects in the image are a set of wooden cubes with a black and white pattern on them.'], ['the objects in the image are a set of three wooden blocks with a small ball on each end.'], ['the objects are in the image.'], ['the objects are : \\n 1.'], ['the objects in the image are : \\na: the objects in the image are : \\na: the objects in the image are : \\na'], ['the objects are a set of balls and a set of sticks.'], ['the objects are the wooden blocks in the center of the image.'], ['the objects are : \\n1.'], ['the objects are in the image.'], ['the objects are in the shape of a tree.'], ['the objects in the image are : \\n \\n \\n \\n \\n \\n \\n \\n \\n \\n \\n \\n \\'], ['the objects are in the image.'], ['the objects in the image are the following: \\n \\n \\n \\n \\n \\n \\n \\n \\n \\n \\n \\']]"
data/images/noun/2042-600.jpg,2042,small personal fan without blades,38,67,81,3,"[['the objects are a plastic ball and a metal ball.'], ['the objects are a small ball, a small ball, a small ball, a small ball, a small ball, a small ball, a small ball, a'], ['the objects in the image are a child, a parent, a sibling, a grandchild, a grandparent, a grandchild, a parent, a sibling'], ['the objects are : \\n1.'], ['the objects in the image are a ball, a stick, a rope, a stick, a ball, a stick, a rope, a ball, a stick'], ['the objects are in the image.'], ['the objects are : \\n \\n \\n \\n \\n \\n \\n \\n \\n \\n \\n \\n \\n \\n'], ['the objects in the image are a: \\n \\n \\n \\n \\n \\n \\n \\n \\n \\n \\n \\n'], ['the objects in the image are : \\na: a: a: a: a: a: a: a: a: a: a: a'], ['the objects in the image are : \\n \\n \\n \\n \\n \\n \\n \\n \\n \\n \\n \\n \\'], ['the objects in the image are : \\n1.'], ['the objects are in the image.'], ['the objects in the image are : \\n \\n \\n \\n \\n \\n \\n \\n \\n \\n \\n \\n \\'], ['the objects in the image are : \\n \\n \\n \\n \\n \\n \\n \\n \\n \\n \\n \\n \\'], ['the objects in the image are : \\n \\n \\n \\n \\n \\n \\n \\n \\n \\n \\n \\n \\'], ['the objects are : \\na: a red ball, a blue ball, a green ball, a yellow ball, a white ball, a black ball,'], ['the objects are a pair of scissors and a pair of tweezers.'], ['the objects in the image are : \\n \\n \\n \\n \\n \\n \\n \\n \\n \\n \\n \\n \\'], ['the objects are : \\n1.'], ['the objects are : \\n \\n \\n \\n \\n \\n \\n \\n \\n \\n \\n \\n \\n \\n'], ['the objects are : \\n - a pair of scissors \\n - a pair of scissors in the other hand \\n - a pair of scissors in the other'], ['the objects in the image are a pair of scissors and a pair of scissors.'], ['the objects are in the image.'], ['the objects are in the image.'], ['the objects in the image are : \\n \\n \\n \\n \\n \\n \\n \\n \\n \\n \\n \\n \\'], ['the objects are : \\n \\n \\n \\n \\n \\n \\n \\n \\n \\n \\n \\n \\n \\n'], ['the objects in the image are : \\n \\n \\n \\n \\n \\n \\n \\n \\n \\n \\n \\n \\'], ['the objects in the image are : \\na: 1.'], ['the objects are a set of plastic toys.'], ['the objects are in the image.'], ['the objects in the image are a person, a table, a chair, a lamp, a lampshade, a window, a door, a window pane'], ['the objects are in the image.'], ['the objects in the image are a : \\nb: the objects in the image are a : \\nc: the objects in the image are a :'], ['the objects are in the image.'], ['the objects in the image are : \\n1.'], ['the objects are in the image.'], ['a: the objects in the image are a child of the object.'], ['the objects are in the image.'], ['the objects in the image are : \\n1.'], ['the objects in the image are : \\n \\n \\n \\n \\n \\n \\n \\n \\n \\n \\n \\n \\']]"
data/images/noun/2043.jpg,2043,clacker,66,76,65,6,"[['the objects are a ball, a stick, a ring, a stick, a ring, a stick, a ball, a stick, a ring, a stick'], ['a: the objects are in the image.'], ['the objects are balls, a ball, a rubber ball, a ball, a ball, a ball, a ball, a ball, a ball, a ball'], ['the objects in the image are a toy, a ball, a ring, a feather, a stick, a feather, a stick, a ball, a stick'], ['the objects are a set of toys.'], ['the objects in the image are : \\n1.'], ['the objects in the image are : \\n1.'], ['the objects in the image are a set of colorful toys.'], ['the objects are balls of different colors.'], ['the objects are in the image.'], ['the objects are balls and a ring.'], ['the objects in the image are a ball, a stick, a stick, a stick, a ball, a stick, a ball, a ball, a stick'], ['the objects in the image are : \\n1.'], ['the objects in the image are a ball, a stick, a stick, a ball, a ball, a stick, a ball, a stick, a ball'], ['the objects in the image are a set of toys.'], ['the objects are a ball, a ball, a ball, a ball, a ball, a ball, a ball, a ball, a ball, a ball'], ['the objects are a set of balls with different colors and shapes.'], ['the objects in the image are : \\na: a ball \\nb: a ball with a string \\nc: a ball with a string and'], ['the objects are a ball, a ball, a ball, a ball, a ball, a ball, a ball, a ball, a ball, a ball'], ['the objects are in the image.'], ['the objects in the image are : \\n1.'], ['the objects are balls.'], ['the objects are in the image.'], ['the objects in the image are : \\n \\n 1.'], ['the objects are balls.'], ['a: the objects in the image are : \\nb: a: a ball, b: a : a stick, c: a : a ball,'], ['a: the objects are balls.'], ['the objects in the image are : \\n1.'], ['the objects are in the image.'], ['the objects are a set of balls.'], ['the objects in the image are a set of balls and a set of rings.'], ['the objects are a ball, a rope, a stick, a stick, a ball, a stick, a ball, a stick, a ball, a stick'], ['the objects in the image are a set of balls.'], ['the objects are a set of balls, a set of balls, a set of balls, a set of balls, a set of balls, a set of balls'], ['the objects are : \\n1.'], ['the objects are in the image.'], ['the objects are a set of colorful plastic balls with a long handle.'], ['the objects are balls, a ball, a ball, a ball, a ball, a ball, a ball, a ball, a ball, a ball,'], ['the objects are a set of colorful balls.'], ['the objects are in the image.']]"
data/images/noun/2044-600.jpg,2044,diving toy with small weight,6,27,94,6,"[['click on the image to see the answer.'], ['\\n1.'], ['click on the image to enlarge it.'], ['the objects in the image are : \\n\\n\\n\\n\\n\\n\\n\\n\\n\\n\\n\\n\\'], ['\\nq: name the objects in the image.'], ['click on the image to see the answer.'], ['click on the image to see the full size.'], ['a: the objects are: \\n1.'], ['1.'], ['1.'], ['the objects are : \\n1.'], ['\\n\\na: \\n\\n\\n\\n\\n\\n\\n\\n\\n\\n\\n\\n\\n'], ['the objects in the image are : \\n \\n \\n \\n \\n \\n \\n \\n \\n \\n \\n \\n \\'], ['the objects in the image are : \\na: 1.'], ['the objects are: \\n1.'], ['\\na: \\na: \\na: \\na: \\na: \\na: \\na: \\na:'], ['click on the image to enlarge it.'], ['click on the image to see the answer.'], ['click on the objects to see their names.'], ['the objects are : \\na: 1.'], ['a: the objects in the image are : \\n \\n \\n \\n \\n \\n \\n \\n \\n \\n \\n \\'], ['1.'], ['the objects in the image are : \\n1.'], ['click on the image to see the answer.'], ['the objects are in the image.'], ['click on the image to see the answer.'], ['the objects are : \\n 1.'], ['\\n \\n \\n \\n \\n \\n \\n \\n \\n \\n \\n \\n \\n \\n \\n \\n'], ['the objects are : \\n1.'], ['\\n \\n \\n \\n \\n \\n \\n \\n \\n \\n \\n \\n \\n \\n \\n \\n'], ['\\n \\n \\n \\n \\n \\n \\n \\n \\n \\n \\n \\n \\n \\n \\n \\n'], ['1.'], ['the objects in the image are : \\n1.'], ['1.'], ['click on the image to see the answer.'], ['click on the objects to see their names.'], ['the objects are : \\n \\n \\n \\n \\n \\n \\n \\n \\n \\n \\n \\n \\n \\n'], ['click on the image to see the answer.'], ['1.'], ['the objects are : \\n \\n \\n \\n \\n \\n \\n \\n \\n \\n \\n \\n \\n \\n']]"
data/images/noun/2045-600.jpg,2045,wooden ball toy,25,29,3,55,"[['the objects are : \\n - a knife \\n - a fork \\n - a spoon \\n - a glass \\n - a bottle \\n -'], ['1.'], ['the objects in the image are a knife, a spoon, a fork, a spoon, a knife, a fork, a knife, a spoon, a knife'], ['1.'], ['the objects in the image are : \\n \\n \\n \\n \\n \\n \\n \\n \\n \\n \\n \\n \\'], ['the objects are in the image.'], ['the objects are : - \\n \\n \\n \\n \\n \\n \\n \\n \\n \\n \\n \\n \\n \\'], ['the object in the image is a hand.'], ['the object on the left is a knife, the object on the right is a fork.'], ['the objects are : - a knife - a fork - a spoon - a spoon - a fork - a knife - a fork - a spoon - a knife -'], ['the first object is a knife.'], ['the objects in the image are : \\n1.'], ['the objects are : \\n1.'], ['the objects are in the image.'], ['the objects in the image are : \\n1.'], ['the object on the left is a metal ruler.'], ['the objects are a set of tools for the kitchen.'], ['the objects are : \\n1.'], ['the objects are in the image.'], ['the objects are a set of tools used in the kitchen.'], ['the first object is a wooden spoon.'], ['the objects are : - a wooden spoon - a wooden spoon with a handle - a wooden spoon with a handle with a wooden spoon with a handle with a wooden'], ['the objects in the image are : - the handle of the knife - the blade of the knife - the wood of the handle - the wood of the blade -'], ['the objects in the image are a wooden cutting board, a wooden spoon, a wooden spoon handle, a wooden spoon blade, a wooden spoon handle, a wooden'], ['the objects are in the image.'], ['the objects are : a knife, a fork, a spoon, a knife, a spoon, a fork, a knife, a spoon, a fork, a'], ['the objects are : a knife, a spoon, a fork, a spoon, a knife, a fork, a knife, a spoon, a knife, a'], ['the object on the left is a knife.'], ['the objects in the image are : \\n1.'], ['1.'], ['the objects in the image are : \\n \\n \\n \\n \\n \\n \\n \\n \\n \\n \\n \\n \\'], ['the objects in the image are : \\n1.'], ['the first object is a table with a glass on it.'], ['the objects are in the image.'], ['the objects are : \\n1.'], ['the objects in the image are a wooden spoon, a wooden spatula, a wooden spoon handle, a wooden spatula handle, a wooden spoon, a wooden'], ['the object is a tool for cutting wood.'], ['the objects are a set of wooden spoons.'], ['the first object is a hand.'], ['the objects are : \\n - a spoon \\n - a fork \\n - a knife \\n - a glass \\n - a cup \\n -']]"
data/images/noun/2046-600.jpg,2046,keychain with bubbles inside,34,67,42,3,"[['the objects are in the image.'], ['the objects are shown in the image.'], ['the objects are : \\n \\n \\n \\n \\n \\n \\n \\n \\n \\n \\n \\n \\n \\n'], ['the objects are in the image.'], ['the objects are in the image.'], ['name the objects in the image.'], ['the objects are in the image.'], ['the objects are in the image.'], ['the objects are in the image.'], ['the objects are in the image.'], ['the objects are in the image.'], ['the objects are in the image.'], ['the objects are : \\na: 1.'], ['the objects are : \\n \\n \\n \\n \\n \\n \\n \\n \\n \\n \\n \\n \\n \\n'], ['the objects are : \\n \\n \\n \\n \\n \\n \\n \\n \\n \\n \\n \\n \\n \\n'], ['the objects are in the image.'], ['the objects are : \\n1.'], ['the objects are in the image.'], ['the objects are : \\n \\n \\n \\n \\n \\n \\n \\n \\n \\n \\n \\n \\n \\n'], ['the objects are in the image.'], ['the objects are in the image.'], ['the objects are in the image.'], ['the objects are : \\n 1.'], ['the objects are : - 1 - 2 - 3 - 4 - 5 - 6 - 7 - 8 - 9 - 10 - 11 - 12 - 13 - 14'], ['the objects are in the image.'], ['the objects are in the image.'], ['the objects are : \\n \\n \\n \\n \\n \\n \\n \\n \\n \\n \\n \\n \\n \\n'], ['the objects are : \\n 1.'], ['the objects are : \\n \\n \\n \\n \\n \\n \\n \\n \\n \\n \\n \\n \\n \\n'], ['the objects are a set of keys to a lock.'], ['the objects are a key, a pen, a pen, a key, a key, a pen, a pen, a key, a pen, a key'], ['name the objects in the image.'], ['the objects are shown in the image.'], ['the objects are : \\n \\n \\n \\n \\n \\n \\n \\n \\n \\n \\n \\n \\n \\n'], ['the objects are in the image.'], ['the objects are in the image.'], ['1.'], ['the objects are in the image.'], ['the objects are shown in the image.'], ['the objects are in the image.']]"
data/images/noun/2047-600.jpg,2047,perfume sprayer,41,32,50,3,"[['1.'], ['the objects are : - 1.'], ['the objects are : 1.'], ['the objects are : \\n1.'], ['the objects are : \\n1.'], ['the objects in the image are : \\n \\n \\n \\n \\n \\n \\n \\n \\n \\n \\n \\n \\'], ['the objects are : 1.'], ['1.'], ['the objects in the image are : \\n1.'], ['the objects are in the image.'], ['the objects in the image are : - \\n1.'], ['the objects are in the image.'], ['the objects are : \\n1.'], ['the objects are in the image.'], ['the objects in the image are : \\n1.'], ['the objects are in the image.'], ['1.'], ['the object is a bottle.'], ['1.'], ['the objects in the image are : \\n1.'], ['the objects are : \\n1.'], ['the objects in the image are : \\n1.'], ['the objects are in the image.'], ['the objects are : \\n1.'], ['the objects in the image are : 1.'], ['the objects are : - the black object is a bottle.'], ['the objects in the image are : 1.'], ['the objects in the image are : \\n 1.'], ['the objects in the image are : \\n1.'], ['1.'], ['the objects are in the image.'], ['the objects are in the image.'], ['1.'], ['the objects are : - 1.'], ['the objects in the image are : - \\n - the image is a closeup of a bottle.'], ['the object on the left is a metal pipe.'], ['the objects in the image are : \\n 1.'], ['the objects in the image are : 1.'], ['the objects are : \\n \\n \\n \\n \\n \\n \\n \\n \\n \\n \\n \\n \\n \\n'], ['the objects in the image are : \\n 1.']]"
data/images/noun/2048-600.jpg,2048,worm ball with hands and stars cut off,13,47,55,6,"[['the objects are balls.'], ['the objects in the image are balls, balls, balls, balls, balls, balls, balls, balls, balls, balls, balls, balls, balls,'], ['the objects are in the image.'], ['the objects are balls.'], ['they are balls, balls, balls, balls, balls, balls, balls, balls, balls, balls, balls, balls, balls, balls, balls,'], ['the objects are balls of different colors.'], ['the objects in the image are balls, balls, balls, balls, balls, balls, balls, balls, balls, balls, balls, balls, balls,'], ['the objects are in the image.'], ['the objects are in the image.'], ['the objects in the image are balls.'], ['the objects are in the image.'], ['the objects are in the image.'], ['they are balls.'], ['the objects are in the image.'], ['the objects are balls, they are in a basket.'], ['the objects are balls, they are in a box.'], ['the objects are balls and balls of different colors.'], ['the objects are in the image.'], ['they are balls, balls, balls, balls, balls, balls, balls, balls, balls, balls, balls, balls, balls, balls, balls,'], ['the objects are in the image.'], ['the objects in the image are balls, marbles, and a ball.'], ['they are all different types of balls.'], ['the objects are in the image.'], ['the objects are balls and a ball.'], ['the objects in the image are balls of different colors.'], ['the objects are in the image.'], ['the objects are in the image.'], ['the objects are in the image.'], ['the objects in the image are balls and balls of different colors.'], ['the objects are in the image.'], ['the objects are in the image.'], ['the objects are balls, balls, balls, balls, balls, balls, balls, balls, balls, balls, balls, balls, balls, balls, balls'], ['the objects in the image are balls.'], ['the objects in the image are balls, which are used in a game.'], ['the objects are in the image.'], ['they are balls of different colors.'], ['they are all different kinds of balls.'], ['the objects are balls, and they are colored in different ways.'], ['the objects in the image are balls, balls, balls, balls, balls, balls, balls, balls, balls, balls, balls, balls, balls,'], ['the objects are in the image.']]"
data/images/noun/2049-600.jpg,2049,slide whistle,19,44,39,10,"[['a: the objects are : \\n \\n \\n \\n \\n \\n \\n \\n \\n \\n \\n \\n \\n'], ['the objects are : \\n1.'], ['the objects are a set of tools for cutting metal.'], ['a: the objects are in the image.'], ['1.'], ['the objects are : 1.'], ['the objects are : \\n \\n \\n \\n \\n \\n \\n \\n \\n \\n \\n \\n \\n \\n'], ['the objects are : - a pen - a pencil - a ruler - a ruler - a pen - a pencil - a ruler - a pen - a pencil -'], ['a: the objects are : \\n \\n \\n \\n \\n \\n \\n \\n \\n \\n \\n \\n \\n'], ['the objects in the image are : \\n1.'], ['the objects are a set of 3 pencils, a ruler, a pen and a pencil sharpener.'], ['the objects in the image are : \\n \\n \\n \\n \\n \\n \\n \\n \\n \\n \\n \\n \\'], ['the objects are : \\na: 1.'], ['the objects are : \\n \\n \\n \\n \\n \\n \\n \\n \\n \\n \\n \\n \\n \\n'], ['the objects are : \\n - a pen \\n - a ruler \\n - a pencil \\n - a pencil sharpener \\n - a ruler \\'], ['the objects in the image are : \\na: a pen, a pencil, a ruler, a ruler pen, a pencil, a ruler, a ruler'], ['the objects are : - a pencil - a pen - a ruler - a piece of paper - a ruler - a pencil - a pen - a ruler - a'], ['the objects are : \\n1.'], ['1.'], ['the objects in the image are a set of pens, a pencil, a ruler, a pencil sharpener, a ruler, a pen, a pen holder,'], ['the objects in the image are : \\n1.'], ['the objects in the image are : \\n1.'], ['the objects are : \\n - a pen \\n - a pencil \\n - a ruler \\n - a ruler with a handle \\n - a ruler'], ['the objects are : - 1.'], ['the objects in the image are : \\n1.'], ['a: the objects are : \\n1.'], ['the objects are : \\n \\n \\n \\n \\n \\n \\n \\n \\n \\n \\n \\n \\n \\n'], ['the objects in the image are : \\n1.'], ['1.'], ['the objects in the image are : \\n \\n \\n \\n \\n \\n \\n \\n \\n \\n \\n \\n \\'], ['the objects are a set of pencils and a ruler.'], ['the objects are : \\n1.'], ['the objects are : \\n1.'], ['the objects in the image are : \\n1.'], ['the objects are : - a pencil - a ruler - a pen - a marker - a pen - a pen - a pen - a pen - a pen -'], ['the objects are : \\n \\n \\n \\n \\n \\n \\n \\n \\n \\n \\n \\n \\n \\n'], ['the objects are : 1.'], ['the objects in the image are : \\n1.'], ['the objects are : \\n1.'], ['the objects are : \\n1.']]"
data/images/noun/2050-600.jpg,2050,mobile phone stand for a car,31,68,45,0,"[['the objects are as follows: \\n \\n \\n \\n \\n \\n \\n \\n \\n \\n \\n \\n \\n'], ['the objects are in the image are in the following categories: \\n \\n \\n \\n \\n \\n \\n \\n \\n \\n'], ['the object in the image is a screw.'], ['the objects are in the following order : \\n1.'], ['the objects are shown in the image in the order they appear in the list of the objects.'], ['the objects in the image are the following: \\n \\n \\n \\n \\n \\n \\n \\n \\n \\n \\n \\'], ['the objects are : \\n \\n1.'], ['the objects in the image are as follows: \\n1.'], ['the objects are as follows: \\n \\n \\n \\n \\n \\n \\n \\n \\n \\n \\n \\n \\n'], ['the objects are shown in the image.'], ['the objects are shown in the image below.'], ['the objects are shown in the image.'], ['the objects in the image are : \\n1.'], ['the objects are as follows : \\n \\n \\n \\n \\n \\n \\n \\n \\n \\n \\n \\n \\n'], ['the objects in the image are: \\n \\n \\n \\n \\n \\n \\n \\n \\n \\n \\n \\n \\'], ['the objects in the image are the following: \\n1.'], ['the objects are shown in the image.'], ['the objects in the image are : \\n \\n \\n \\n \\n \\n \\n \\n \\n \\n \\n \\n \\'], ['the objects in the image are : \\n1.'], ['the objects are as follows.'], ['the objects are : \\n1.'], ['the object in the image is a circular object with a hole in the center.'], ['the objects in the image are used to support the base of the table.'], ['the objects in the image are: \\n1.'], ['the objects are : \\n 1.'], ['the object is a valve.'], ['the objects in the image are : \\n1.'], ['the objects are shown in the image.'], ['the object on the left is a light bulb.'], ['the objects are in the following order: \\n \\n \\n \\n \\n \\n \\n \\n \\n \\n \\n \\n'], ['the objects are : \\n \\n1.'], ['the object in the image is a pipe.'], ['the objects in the image are as follows : \\n1.'], ['the objects are in the following order : \\n \\n \\n \\n \\n \\n \\n \\n \\n \\n \\n \\n'], ['the objects in the image are: \\n1.'], ['the objects are : \\n \\n \\n \\n \\n \\n \\n \\n \\n \\n \\n \\n \\n \\n'], ['the objects in the image are: \\n1.'], ['the objects in the image are : \\n1.'], ['the objects in the image are: \\n1.'], ['the object in the image is a hydraulic cylinder.']]"
data/images/noun/2051-600.jpg,2051,finger castanet,53,60,47,9,"[['the objects are : \\n1.'], ['the objects in the image are a chair, a table, a lamp, a book, a pen, a key, a spoon, a cup, a bowl'], ['the objects in the image are a fork, a spoon, a knife, a cup and a bowl.'], ['the objects in the image are a fork, a spoon, a knife, a fork, a knife, a spoon, a fork, a knife, a spoon'], ['the objects are a bowl, a spoon, a knife, a fork, a cup, a spoon, a plate, a cup, a knife, a fork'], ['a: the objects are a spoon, a fork, a knife, a cup and a bowl.'], ['the objects in the image are : \\n1.'], ['the objects in the image are a small ball, a small cup, a small spoon, a small bowl, a small plate, a small cup, a small'], ['the objects in the image are a cup, a spoon, a bowl, a plate, a knife, a fork, a spoon, a knife, a fork'], ['the objects in the image are a bowl, a plate, a spoon, a fork, a knife, a spoon, a cup, a spoon, a cup'], ['the objects in the image are a small table, a small chair, a small umbrella, a small box, a small bottle, a small bowl, a small'], ['the objects in the image are : \\na.'], ['the objects are : - \\na: the objects are : - \\na: the objects are : - \\na: the objects are : -'], ['the objects in the image are a chair, a table, a lamp, a vase, a bowl, a pot, a spoon, a cup, a'], ['the objects in the image are a set of small bowls, a set of small cups, a set of small plates, a set of small spoons, a'], ['the objects are : 1.'], ['the objects are in the image.'], ['the objects are a bird, a frog, a mouse, a snake, a dragon, a turtle, a dog, a cat, a horse, a rabbit'], ['the objects in the image are : \\na: a chair, a table, a cup, a spoon, a plate, a bowl, a knife,'], ['the objects are : \\n1.'], ['the objects are in the image.'], ['the objects in the image are a bowl, a spoon, a knife, a fork, a knife, a spoon, a cup, a plate, a bowl'], ['the objects in the image are a plate, a bowl, a cup, a spoon and a knife.'], ['the objects are : \\n1.'], ['the objects are in the image.'], ['the objects in the image are : \\na.'], ['the objects are : 1.'], ['the objects are a doll, a toy, a doll, a doll, a doll, a doll, a doll, a doll, a doll, a doll'], ['the objects in the image are a toy, a ball, a cup, a spoon, a fork, a knife, a spoon, a knife, a fork'], ['the objects are a plate, a bowl, a spoon, a fork, a knife, a cup, a cup and a glass.'], ['the objects are in the image.'], ['the objects are in the image.'], ['the objects are a table, a chair, a lamp, a clock, a pen, a knife, a fork, a spoon, a knife, a cup'], ['the objects in the image are : \\n1.'], ['the objects in the image are a pair of scissors, a pair of earrings, a pair of earrings, a pair of earrings, a pair of'], ['the objects are : \\n1.'], ['the objects in the image are : \\na.'], ['the objects are in the image.'], ['the objects are : \\na: 1.'], ['the objects are a small table, a chair, a bowl, a spoon, a cup, a plate, a knife, a fork and a spoon.']]"
data/images/noun/2052-600.jpg,2052,noisemaker,41,53,63,7,"[['the objects in the image are : \\n1.'], ['the objects in the image are : \\n1.'], ['the objects in the image are a group of objects that are shaped like a flower.'], ['the objects are in the image.'], ['the objects are shown in the image.'], ['a: the objects in the image are a set of tools for gardening.'], ['the objects in the image are a set of three small, white, plastic, plastic, plastic, plastic, plastic, plastic, plastic, plastic, plastic,'], ['the objects are : 1.'], ['the objects in the image are : \\n1.'], ['a: the objects in the image are a person, a flower, a bird, a tree, a house, a house, a boat, a boat,'], ['the objects in the image are a set of three plastic, \\n \\n \\n \\n \\n \\n \\n \\n \\n \\n'], ['the objects in the image are : \\n1.'], ['the objects in the image are a fork, a spoon, a knife, a spoon, a fork, a knife, a spoon, a fork, a knife'], ['a: the objects in the image are a person, a flower, a tree, a house, a building, a house, a building, a building.'], ['the objects are : \\n1.'], [""the objects are a set of tools used to make a person's hair.""], ['a: the objects in the image are a flower, a bird, a tree, a fence, a fence, a fence, a fence, a fence,'], ['a: the objects in the image are a set of objects.'], ['the objects in the image are : \\n1.'], ['the objects in the image are : \\n1.'], ['the objects are : \\n1.'], ['the objects are in the image.'], ['the objects in the image are the following: \\n1.'], ['the objects in the image are : \\n \\n \\n \\n \\n \\n \\n \\n \\n \\n \\n \\n \\'], ['the objects in the image are : \\na: 1.'], ['the objects in the image are : \\n \\n \\n \\n \\n \\n \\n \\n \\n \\n \\n \\n \\'], ['the objects in the image are a fork, a spoon, a knife, a fork, a spoon, a knife, a fork, a spoon, a knife'], ['the objects in the image are a plant, a flower, a tree, a bush, a flower pot, a plant pot, a plant, a flower,'], ['the objects in the image are a set of four objects.'], ['the objects are : \\n \\n \\n \\n \\n \\n \\n \\n \\n \\n \\n \\n \\n \\n'], ['the objects in the image are : \\n \\n \\n \\n \\n \\n \\n \\n \\n \\n \\n \\n \\'], ['the objects in the image are : \\n \\n \\n \\n \\n \\n \\n \\n \\n \\n \\n \\n \\'], ['the objects in the image are a set of garden tools.'], ['a: the objects in the image are a set of three objects.'], ['the objects are a flower, a bird, a tree, a sun, a moon, a cloud, a rainbow, a star, a cloud, a butterfly'], ['the objects in the image are a set of 4 objects.'], ['the objects in the image are a person, a woman, a person, a person, a person, a person, a person, a person, a person'], ['the objects in the image are a flower, a tree, a bird, a birdhouse, a basket, a watering can, a watering pot, a watering'], ['the objects in the image are : \\n1.'], ['the objects in the image are a set of small plastic toys.']]"
data/images/noun/2053-600.jpg,2053,hand castanet,44,79,45,6,"[['the objects in the image are a set of metal bars.'], ['the objects in the image are a set of 4 steel hooks.'], ['the objects in the image are : \\n1.'], ['the objects in the image are a fork, a knife, a spoon, a spoon, a knife, a fork, a spoon, a knife, a spoon'], ['the objects are : \\n1.'], ['the objects are a pair of scissors and a pair of nail clippers.'], ['the objects are a set of red and white flags.'], ['the objects in the image are a set of four tools used to hold the handle of a shovel.'], ['the objects in the image are a set of two metal bars.'], ['the objects are a set of red and white flags.'], ['the objects in the image are a fork, a spoon, a knife, a spoon, a fork, a knife, a spoon, a knife, a spoon'], ['the objects are a person, a horse, a dog, a lion, a rabbit, a bird, a fish, a bicycle, a bicycle, a bicycle'], ['the objects in the image are : \\n \\n \\n \\n \\n \\n \\n \\n \\n \\n \\n \\n \\'], ['the objects in the image are a set of 3 objects.'], ['the objects in the image are a set of tools.'], ['the objects in the image are : \\n \\n \\n \\n \\n \\n \\n \\n \\n \\n \\n \\n \\'], ['the objects in the image are : \\n1.'], ['the objects in the image are : \\n1.'], ['the objects are : \\n1.'], ['the objects are : 1.'], ['the objects in the image are : \\n1.'], ['the objects in the image are a set of metal tools used by a construction worker.'], ['the objects in the image are a fork and a knife.'], ['the objects are in the image.'], ['the objects in the image are a set of tools used to cut a metal object.'], ['the objects in the image are a set of tools used in the construction industry.'], ['the objects in the image are a set of tools used by a person to cut wood.'], ['the objects in the image are : \\n \\n \\n \\n \\n \\n \\n \\n \\n \\n \\n \\n \\'], ['the objects in the image are a set of four metal hooks.'], ['the objects in the image are a set of metal bars.'], ['the objects in the image are a set of three red and white metal fire extinguishers.'], ['the objects in the image are a set of four objects.'], ['the objects are a pair of scissors and a knife.'], ['the objects are in the image.'], ['the objects in the image are a set of three metal handles.'], ['the objects are a pair of scissors and a knife.'], ['the objects are a set of tools for a carpenter.'], ['the objects in the image are : \\n1.'], ['the objects in the image are : \\n1.'], ['the objects are : \\n1.']]"
data/images/noun/2054-600.jpg,2054,floating ball game,3,25,38,48,"[['the objects in the image are : \\n \\n1.'], ['the objects are on the left and the answer is on the right.'], ['the objects are : \\n1.'], ['the objects are in the image.'], ['the objects are in the image.'], ['the objects in the image are a set of wooden blocks, a wooden spoon, a wooden spoon, a wooden spoon, a wooden spoon, a wooden spoon,'], ['the objects are in the image.'], ['the objects are in the image.'], ['the objects in the image are a set of kitchen utensils.'], ['the objects in the image are a set of wooden spools.'], ['the objects in the image are : \\na: a wooden spoon, a wooden spoon, a wooden spoon, a wooden spoon, a wooden spoon, a'], ['the objects are in the image.'], ['the objects are : \\na: 1.'], ['the objects are in the image.'], ['the objects are in the image.'], ['1.'], ['the objects in the image are the following : \\n1.'], ['the objects in the image are : \\n1.'], ['the objects are in the image.'], ['the objects are shown in the image.'], ['the objects in the image are : \\n1.'], ['the objects in the image are the following : \\n1.'], ['the objects are : \\n1.'], ['the objects are shown in the image.'], ['the objects in the image are a wooden spoon, a wooden spoon handle, a wooden spoon handle, a wooden spoon handle, a wooden spoon handle, a wooden'], ['the objects are in the image.'], ['the objects in the image are : \\n1.'], ['the objects are : \\n1.'], ['the objects are shown in the image.'], ['the objects in the image are : \\na: 1.'], ['the objects in the image are a set of three wooden spoons.'], ['the objects are in the image.'], ['the objects are: \\n1.'], ['the objects are : \\n1.'], ['the objects are in the image.'], ['the objects in the image are : \\n1.'], ['the objects in the image are : \\n \\n \\n \\n \\n \\n \\n \\n \\n \\n \\n \\n \\'], ['the objects are in the image.'], ['the objects are in the image.'], ['the objects are : - a wooden spoon - a wooden spoon with a handle - a wooden spoon with a handle and a wooden spoon with a handle and a wooden']]"
data/images/noun/2055-600.jpg,2055,aroma therapy oil burner,13,33,53,13,"[['the objects in the image are : \\n1.'], ['the objects in the image are a set of 6 chairs and a table.'], ['the objects are : - a small round table - a small round table with a white top - a small round table with a white top and a black base -'], ['the objects in the image are : \\n1.'], ['the objects are in the image.'], ['the objects are a collection of geometric shapes.'], ['the objects are a set of 3 small white ceramic plates with a gold rim.'], ['the objects are in the image.'], ['the objects are : - a chair - a table - a lamp - a table lamp - a lamp - a table lamp - a lamp - a table lamp -'], ['the objects in the image are : \\n1.'], ['the objects in the image are the following : \\n1.'], ['the objects in the image are a set of ceramic plates with a white and black pattern.'], ['the objects are in the image.'], ['the objects are in the image.'], ['the objects in the image are a set of 3 chairs and a table.'], ['the objects in the image are chairs and a table.'], ['the objects in the image are a combination of the following: \\n \\n \\n \\n \\n \\n \\n \\n \\n \\n'], ['the objects are in the image.'], ['the objects are : - a lamp - a table - a chair - a stool - a stool - a table - a lamp - a table - a lamp -'], ['the objects are : - the table - the chair - the lamp - the floor - the wall - the wall - the floor - the wall - the wall -'], ['the objects are in the image.'], ['the objects in the image are the following: \\n \\n \\n \\n \\n \\n \\n \\n \\n \\n \\n \\'], ['the objects in the image are : \\n1.'], ['the objects in the image are all white.'], ['the objects are in the image.'], ['the objects in the image are a series of ceramic bowls and plates.'], ['the objects are : - the glass object - the ceramic object - the metal object - the wood object - the plastic object - the stone object - the marble object'], ['the objects in the image are : \\n1.'], ['the objects in the image are the following : \\n1.'], ['the objects are in the image are : \\n1.'], ['the objects in the image are the following : \\n \\n \\n \\n \\n \\n \\n \\n \\n \\n \\n \\'], [""the objects in the image are called the 'furniture' and 'plant'.""], ['the objects in the image are : \\n1.'], ['the objects are : \\n1.'], ['the objects in the image are a chair, a lamp, a table, a vase, a lamp, a table, a lamp, a table, a'], ['the objects in the image are : \\n1.'], ['the objects in the image are : \\n1.'], ['the objects are : \\n1.'], ['the objects are in the image \\nq: what is the color of the object? \\na: the object is in the image \\nq:'], ['the objects in the image are : \\n - the table \\n - the chair \\n - the lamp \\n - the mirror \\n - the floor']]"
data/images/noun/2056-600.jpg,2056,dog toy,19,59,61,13,"[['the objects in the image are a set of colorful plastic toys.'], ['the objects are in the image.'], ['the objects are in the image.'], ['the objects in the image are a set of colorful, plastic toys.'], ['the objects in the image are called the.'], ['the objects in the image are the following : \\n1.'], ['click on the image to see the objects in the image.'], ['the objects in the image are called toys.'], ['the objects are a set of toys.'], ['the objects in the image are a set of toy cars.'], ['the objects are : 1.'], ['the objects in the image are the following: \\n \\n \\n \\n \\n \\n \\n \\n \\n \\n \\n \\'], ['this is a coloring activity for kids.'], ['a: the objects in the image are called :.'], ['a: the objects in the image are a set of wooden blocks that have been painted in a variety of colors.'], ['the objects in the image are called toys.'], ['the objects in the image are the following: \\n \\n \\n \\n \\n \\n \\n \\n \\n \\n \\n \\'], ['the objects in the image are : 1.'], ['the objects in the image are : \\n1.'], ['the objects in the image are all part of the same set.'], ['the objects in the image are all made of the same material.'], ['the objects in the image are : \\n1.'], ['this is a great activity for kids to practice their letter recognition skills.'], ['the objects in the image are all part of a set of toys called the ""toy set"".'], ['the objects in the image are called.'], ['a: the objects in the image are a set of 3 plastic blocks.'], ['the objects are the following : \\n \\n \\n \\n \\n \\n \\n \\n \\n \\n \\n \\n \\n'], ['a: the objects are in the image.'], ['the objects in the image are : 1.'], ['a: the objects in the image are the following: \\n \\n \\n \\n \\n \\n \\n \\n \\n \\n \\'], ['the objects in the image are called :.'], ['the objects in the image are called the :.'], ['a: the objects are a set of small wooden blocks that are painted with colorful paint.'], ['click on the image to see the image in a larger size.'], ['the objects are in the image.'], ['this is a puzzle.'], ['the objects in the image are a set of colored blocks that can be used to make a variety of shapes.'], ['the objects in the image are a set of toy cars.'], ['the objects are in the image.'], ['the objects in the image are : \\n1.']]"
data/images/noun/2057-600.jpg,2057,spout for watering can,34,32,35,3,"[['the objects in the image are : \\n \\n \\n \\n \\n \\n \\n \\n \\n \\n \\n \\n \\'], ['the objects are : 1.'], ['the objects in the image are a set of water - filled balloons.'], ['1.'], ['1.'], ['the objects in the image are : \\n \\n \\n \\n \\n \\n \\n \\n \\n \\n \\n \\n \\'], ['the objects in the image are a set of three objects that are all the same size and shape.'], ['the objects in the image are : \\n1.'], ['the objects in the image are : \\n1.'], ['the objects in the image are : - \\na: a - a - a - a - a - a - a - a - a - a -'], ['1.'], ['the objects in the image are : \\na: 1.'], ['the objects are : 1.'], ['the objects in the image are a set of small plastic balls.'], ['the objects in the image are a red ball, a green ball, a blue ball, a yellow ball, a white ball, a silver ball, a gold'], ['the objects are : - a white ball - a red ball - a yellow ball - a green ball - a blue ball - a red ball - a blue ball'], ['1.'], ['the objects in the image are a part of a set of objects that can be used to teach the concept of an object.'], ['the objects in the image are : - \\n1.'], ['the objects in the image are : \\n1.'], ['the objects in the image are: \\n1.'], ['the objects in the image are : \\n1.'], ['the objects in the image are : \\n1.'], ['the objects in the image are : \\na: 1.'], ['the objects are a car, a boat, a person, a house and a tree.'], ['1.'], ['the objects in the image are : \\n1.'], ['a: the objects in the image are : - \\n1.'], ['the objects in the image are : \\na: a red ball, a green ball, a yellow ball, a blue ball, a white ball, a'], ['the objects in the image are : \\n \\n \\n \\n \\n \\n \\n \\n \\n \\n \\n \\n \\'], ['the objects in the image are : \\n \\n \\n \\n \\n \\n \\n \\n \\n \\n \\n \\n \\'], ['the objects in the image are a: \\na: a: a: a: a: a: a: a: a: a: a:'], ['1.'], ['a: b : c : d : e : f : g : h : i : j : k : l : m : n : o : p :'], ['the objects in the image are : \\n1.'], ['a: the objects in the image are : \\na: a: a: a: a: a: a: a: a: a: a'], ['the objects in the image are a red ball, a blue ball, a yellow ball, a green ball, a white ball, a black ball, a white'], ['the objects in the image are a red ball, a yellow ball, a blue ball, a green ball, a white ball, a black ball, a white'], ['the objects are : \\n1.'], ['the objects in the image are : \\n \\n \\n \\n \\n \\n \\n \\n \\n \\n \\n \\n \\']]"
data/images/noun/2058-600.jpg,2058,hole for children golf game,22,33,58,3,"[['the objects in the image are : \\n \\n \\n \\n \\n \\n \\n \\n \\n \\n \\n \\n \\'], ['the objects in the image are : \\n1.'], ['the objects are in the image.'], ['the objects in the image are the following : \\n1.'], ['the objects in the image are : \\n1.'], ['a: the objects are the following : \\n \\n \\n \\n \\n \\n \\n \\n \\n \\n \\n \\n'], ['a: a: a: a: a: a: a: a: a: a: a: a: a: a: a: a:'], ['the objects are in the image.'], ['the objects are : \\na: 1.'], ['the objects in the image are : \\n1.'], ['the objects are in the image below.'], ['the objects are in the image.'], ['the objects are in the image.'], ['the objects in the image are the following : \\n \\n \\n \\n \\n \\n \\n \\n \\n \\n \\n \\'], ['the objects in the image are : \\n1.'], ['the objects in the image are a pair of pink shoes.'], ['the objects are in the image.'], ['the objects are : - a chair - a table - a cup - a bowl - a bowl - a spoon - a spoon - a knife - a fork -'], ['the objects in the image are : \\n1.'], ['the objects in the image are : \\n \\n \\n \\n \\n \\n \\n \\n \\n \\n \\n \\n \\'], ['the objects are shown in the image.'], ['the objects in the image are : \\n1.'], ['the objects in the image are called the following: \\n \\n 1.'], ['the objects in the image are all of the same shape and size.'], ['the objects are : \\n1.'], ['the objects are in the image.'], ['the objects are in the image.'], ['the objects are in the image.'], ['the objects in the image are : \\n1.'], ['the objects are in the image.'], ['the objects in the image are a set of objects that are used to make the product.'], ['the objects in the image are : \\n1.'], ['the objects are shown in the image.'], ['the objects in the image are : \\n \\n \\n \\n \\n \\n \\n \\n \\n \\n \\n \\n \\'], ['the objects in the image are \\na: a pink flower, a green leaf, a blue flower, a pink flower, a green leaf, a blue'], ['the objects are shown in the image.'], ['the objects in the image are shown in the image below.'], ['the objects are : \\n1.'], ['the objects in the image are a set of 3 objects.'], ['the objects in the image are : \\n1.']]"
data/images/noun/2059-600.jpg,2059,maraca pen,75,92,28,0,"[['the objects in the image are : \\n - a ball \\n - a tennis racket \\n - a racket ball \\n - a racket ball with a'], ['the objects in the image are : \\n \\n \\n \\n \\n \\n \\n \\n \\n \\n \\n \\n \\'], ['the objects are in the image.'], ['a: a: a: a: a: a: a: a: a: a: a: a: a: a: a: a:'], ['the objects are in the image.'], ['the objects are in the image.'], ['the objects are in the image.'], ['the objects in the image are : \\n \\n \\n \\n \\n \\n \\n \\n \\n \\n \\n \\n \\'], ['the objects in the image are a ball, a cup, a spoon, a fork, a knife, a spoon, a cup, a spoon, a fork'], ['the objects in the image are : \\n1.'], ['the objects in the image are : \\n1.'], ['the objects are in the image.'], ['the objects are : \\n \\n \\n \\n \\n \\n \\n \\n \\n \\n \\n \\n \\n \\n'], ['the objects are in the image.'], ['the objects are in the image.'], ['the objects are shown in the image below.'], ['the objects in the image are : \\na: 1 - a ball \\nb - a paddle \\nc - a net \\nd - a'], ['the object in the image is a ball.'], ['a: the object in the image is a ball.'], ['the objects in the image are : \\n1.'], ['the objects are : \\n \\n - a : a ball \\n - b : a ball \\n - c : a ball \\n - d :'], ['the object is a ball.'], ['the objects are in the image.'], ['the objects are : \\n1.'], ['the objects are in the image.'], ['the object in the image is a small ball.'], ['the objects are : \\n - a ball \\n - a spoon \\n - a fork \\n - a spoon \\n - a ball \\n -'], ['the objects are : \\n1.'], ['the objects in the image are a ball, a ball, a ball, a ball, a ball, a ball, a ball, a ball, a ball'], ['the objects are in the image.'], ['the objects are : \\n - a : a ball \\n - b : a ball \\n - c : a ball \\n - d : a ball'], ['the object is a ball.'], ['the objects in the image are : \\na: 1.'], ['the objects are in the image.'], ['the objects are : \\na: 1.'], ['the objects are in the image.'], ['the objects are in the image.'], ['the objects in the image are : \\n \\n \\n \\n \\n \\n \\n \\n \\n \\n \\n \\n \\'], ['the objects in the image are a pair of earrings and a necklace.'], ['the objects are in the image.']]"
data/images/noun/2060-600.jpg,2060,dog toy with removed rope,38,32,55,29,"[['the objects in the image are a bunch of different things.'], ['the objects in the image are all natural.'], ['the objects in the image are a group of people.'], ['the objects in the image are : \\n1.'], ['the objects in the image are - \\n \\n \\n \\n \\n \\n \\n \\n \\n \\n \\n \\n \\'], ['this image is a part of the series of images.'], ['the objects in the image are : \\n1.'], ['the objects in the image are the following : \\n1.'], ['the objects are in the image.'], ['the objects are in the image.'], ['the objects are : \\n \\n \\n \\n \\n \\n \\n \\n \\n \\n \\n \\n \\n \\n'], ['the objects are in the image are: \\n1.'], ['the objects in the image are : \\n1.'], ['the objects in the image are a set of different types of objects.'], ['the objects are in the image.'], ['the objects in the image are all part of the same product.'], ['the objects are in the image are : \\n1.'], ['the objects in the image are all of the objects in the image.'], ['the objects are : \\n1.'], ['the objects are in the image.'], [""this image is a part of a series of images called 'the world of the human body'.""], ['the objects are in the image are : \\n1.'], ['the objects in the image are : \\n1.'], ['the objects in the image are a set of objects that are made of the same material as the red object in the image.'], ['the objects are in the image are : \\n1.'], ['the objects in the image are : \\n1.'], ['this is a picture of the objects in the image.'], ['the objects are : \\n1.'], ['the objects are in the image are: \\n \\n \\n \\n \\n \\n \\n \\n \\n \\n \\n \\n'], ['the objects are in the image.'], ['the objects are in the image.'], ['the objects are in the image are : \\n1.'], ['the objects in the image are all of the same type.'], ['the objects in the image are a variety of natural objects.'], ['the objects are in the image.'], ['the objects are : \\n1.'], ['the objects are : \\n1.'], ['the objects in the image are : \\n \\n \\n \\n \\n \\n \\n \\n \\n \\n \\n \\n \\'], ['the objects are in the image are : \\n1.'], ['the objects in the image are : \\n1.']]"
data/images/noun/2061-600.jpg,2061,dog toy,53,53,59,13,"[['the objects are : \\n1.'], ['the objects in the image are the following: \\n1.'], ['\\n \\n \\n \\n \\n \\n \\n \\n \\n \\n \\n \\n \\n \\n \\n \\n'], ['the objects in the image are a set of balls, a set of rings, a set of cylinders, a set of spheres, a set of cubes, a'], ['the objects are : \\n1.'], ['the objects are a ball, a ring, a cube, a ring, a ring, a ball, a ring, a ball, a ring, a ball'], ['the objects are : - a ball - a ring - a disc - a cylinder - a cube - a pyramid - a star - a triangle - a square -'], ['\\n1.'], ['the objects are in a ring.'], ['the objects in the image are the following : \\n \\n 1.'], ['1.'], ['the objects are in the image.'], ['the objects are a ball, a cube, a cylinder and a sphere.'], ['the objects are : \\n1.'], ['\\n1.'], ['the objects in the image are : \\n \\n \\n \\n \\n \\n \\n \\n \\n \\n \\n \\n \\'], ['the objects in the image are a set of four toys.'], ['the objects in the image are the following : \\n1.'], ['the objects are : \\n 1.'], ['\\n1.'], ['the objects are : \\n \\n \\n \\n \\n \\n \\n \\n \\n \\n \\n \\n \\n \\n'], ['the objects in the image are : \\n \\n \\n \\n \\n \\n \\n \\n \\n \\n \\n \\n \\'], ['1.'], ['the objects in the image are the following : \\n1.'], ['the objects in the image are : \\n1.'], ['the objects in the image are a ball, a ring, a cube, a ring, a sphere, a ring, a ball, a ring, a sphere'], ['the objects are in the image.'], ['the objects in the image are : \\n1.'], ['the objects in the image are the following : \\n1.'], ['1.'], ['the objects are : \\n - a ball \\n - a cube \\n - a cylinder \\n - a ring \\n - a star \\n -'], ['the objects are : \\n - a ball \\n - a cube \\n - a ring \\n - a star \\n - a dot \\n -'], ['the objects are : \\n \\n \\n \\n \\n \\n \\n \\n \\n \\n \\n \\n \\n \\n'], ['the objects are a ball, a cube, a ring, a circle, a ball, a ring, a ball, a ball, a ring, a ball'], ['the objects are a ball, a cube, a ring, a star, a star, a star, a star, a star, a star, a star'], ['the objects in the image are : \\n \\n a ball, a cube, a ring, a chain, a chain link, a ring, a chain'], ['the objects in the image are : \\n1.'], ['the objects are : \\n1.'], ['the objects are a toy, a ball, a plastic, a plastic ball, a plastic ball, a plastic ball, a plastic ball, a plastic ball,'], ['the objects in the image are : \\ \\ \\ \\ \\ \\ \\ \\ \\ \\ \\ \\ \\ \\ \\ \\ \\ \\ \\ \\ \\ \\ \\ \\ \\']]"
data/images/noun/2062-600.jpg,2062,dog toy,44,56,29,42,"[['1.'], ['the objects in the image are : \\n1.'], ['1.'], ['the objects in the image are : \\n1.'], ['this is a photograph of a necklace.'], ['name the objects in the image.'], ['the objects are in the image.'], ['name the objects in the image.'], ['the objects are in the image.'], ['name the objects in the image.'], ['name the objects in the image.'], ['the objects in the image are the following : \\n \\n 1.'], ['name the objects in the image.'], ['the objects in the image are : 1.'], ['name the objects in the image.'], ['1.'], ['name the objects in the image.'], ['1.'], ['the objects in the image are a set of beads and a ring.'], ['the objects in the image are : \\n1.'], ['name the objects in the image.'], ['the objects are in the image.'], ['the objects are in the image.'], ['the objects in the image are : \\n1.'], ['the objects are : \\n1.'], ['1.'], ['the objects in the image are : \\n1.'], ['the objects in the image are the following: \\n1.'], ['1.'], ['1.'], ['name the objects in the image.'], ['name the objects in the image.'], ['the objects are in the image.'], ['name the objects in the image.'], ['the objects in the image are : - a necklace, - a bracelet, - a ring, - a pendant, - a ring, - a pendant'], ['name the objects in the image.'], ['the objects in the image are a pair of earrings, a necklace, a bracelet, a ring, a ring, a pendant, a ring, a'], ['the objects in the image are : \\n1.'], ['the objects in the image are the following: \\n 1.'], ['the objects in the image are: \\n1.']]"
data/images/noun/2063-600.jpg,2063,magic loops,25,38,13,19,"[['the objects are : \\n - a ball \\n - a ring \\n - a ring with a ball on it \\n - a ring with a ball'], ['a: a: a: a: a: a: a: a: a: a: a: a: a: a: a: a:'], ['the objects are in the image.'], ['the objects are in a ring.'], ['the objects are in the image.'], ['the objects are a set of colorful balls that are suspended from a chain.'], ['a: a: a: a: a: a: a: a: a: a: a: a: a: a: a: a:'], ['the objects are in the image.'], ['the objects in the image are : \\n1.'], ['the objects are a series of balls that are suspended in the air.'], ['the objects in the image are the following: \\n \\n 1.'], ['the objects in the image are: \\n1.'], ['the objects in the image are : \\na: 1.'], ['the objects are : \\n1.'], ['the objects are in the image.'], ['the objects are in the image.'], ['the objects in the image are : \\n1.'], ['the objects are named in the image.'], ['the objects are : \\n1.'], ['the objects are shown in the image.'], ['a: a: a: a: a: a: a: a: a: a: a: a: a: a: a: a:'], ['the objects are in the image.'], ['the objects in the image are the following : \\n \\n 1.'], ['the objects in the image are a set of objects that can be used to build a set of objects.'], ['the objects are in a circle.'], ['a: the objects are the following: \\n1.'], ['the objects in the image are : \\n \\n 1.'], ['the objects are named in the image.'], ['the objects are in the image.'], ['the objects in the image are a set of rings.'], ['the objects are : \\n1.'], ['this is a simple puzzle.'], ['the objects are in the image.'], ['the objects in the image are : \\n1.'], ['this is a 3d model of a space station.'], ['the objects are in the image.'], ['the objects in the image are all named.'], ['this is a puzzle.'], ['a: a: a: a: a: a: a: a: a: a: a: a: a: a: a: a:'], ['the objects in the image are called : \\n1.']]"
data/images/noun/2064-600.jpg,2064,massager,28,33,45,3,"[['the objects in the image are: \\n \\n \\n \\n \\n \\n \\n \\n \\n \\n \\n \\n \\'], ['the objects in the image are : \\n \\n \\n \\n \\n \\n \\n \\n \\n \\n \\n \\n \\'], ['this is a very simple image.'], ['\\nthe objects in the image are: \\n \\n \\n \\n \\n \\n \\n \\n \\n \\n \\n \\'], ['the objects in the image are : \\n \\n \\n \\n \\n \\n \\n \\n \\n \\n \\n \\n \\'], ['this is a set of objects that are in the image.'], ['\\n1.'], ['the objects in the image are \\n \\n \\n \\n \\n \\n \\n \\n \\n \\n \\n \\n \\n'], ['the objects in the image are: \\n \\n \\n \\n \\n \\n \\n \\n \\n \\n \\n \\n \\'], ['this is a 3d model of a water fountain.'], ['the objects in the image are \\na: 1.'], ['\\n \\n \\n \\n \\n \\n \\n \\n \\n \\n \\n \\n \\n \\n \\n \\n'], ['the objects in the image are : \\n \\n \\n \\n \\n \\n \\n \\n \\n \\n \\n \\n \\'], ['1.'], ['the objects in the image are: \\n \\n \\n \\n \\n \\n \\n \\n \\n \\n \\n \\n \\'], ['the objects in the image are: \\n1.'], ['the objects in the image are : \\n \\n \\n \\n \\n \\n \\n \\n \\n \\n \\n \\n \\'], ['1.'], ['\\nthe objects in the image are: \\n \\n \\n \\n \\n \\n \\n \\n \\n \\n \\n \\'], ['\\n \\n \\n \\n \\n \\n \\n \\n \\n \\n \\n \\n \\n \\n \\n \\n'], ['this is a water fountain.'], ['1.'], ['this is a 3d model of a wrench.'], ['this is a group of objects.'], ['the objects in the image are: \\n \\n \\n \\n \\n \\n \\n \\n \\n \\n \\n \\n \\'], ['1.'], ['\\n \\n \\n \\n \\n \\n \\n \\n \\n \\n \\n \\n \\n \\n \\n \\n'], ['the objects in the image are: \\n \\n \\n \\n \\n \\n \\n \\n \\n \\n \\n \\n \\'], ['the objects in the image are : \\n \\n \\n \\n \\n \\n \\n \\n \\n \\n \\n \\n \\'], ['the objects in the image are : \\n \\n \\n \\n \\n \\n \\n \\n \\n \\n \\n \\n \\'], ['the objects in the image are : \\n \\n \\n \\n \\n \\n \\n \\n \\n \\n \\n \\n \\'], ['the objects in the image are : \\n1.'], ['\\n1.'], ['the objects in the image are : \\n \\n \\n \\n \\n \\n \\n \\n \\n \\n \\n \\n \\'], ['the objects in the image are : \\n \\n \\n \\n \\n \\n \\n \\n \\n \\n \\n \\n \\'], ['the objects in the image are: \\n \\n \\n \\n \\n \\n \\n \\n \\n \\n \\n \\n \\'], ['the objects in the image are : \\n \\n \\n \\n \\n \\n \\n \\n \\n \\n \\n \\n \\'], ['the objects in the image are : \\n1.'], ['the objects in the image are : \\n \\n \\n \\n \\n \\n \\n \\n \\n \\n \\n \\n \\'], ['the objects in the image are : \\n \\n \\n \\n \\n \\n \\n \\n \\n \\n \\n \\n \\']]"
