image,number label,actual name,familiarity score,nameability score,color saliency,texture saliency,fromage_output
data/images/noun/2001-600.jpg,2001,bee have trap,19,50,66,14,"[['the image shows a glass of water.'], ['the image shows the objects that are in the image.'], ['a: a: a: a: a: a: a: a: a: a: a: a: a: a: a: a:'], ['a: the objects are the same objects that are in the image.'], ['the image shows a set of objects.'], ['the objects are a set of 3 objects.'], ['the image shows a set of objects.'], ['the image shows the objects that are in the image.'], ['the image shows the objects that are in the image.'], ['the objects are in the image.'], ['the image shows a set of objects.'], ['a: a: a: a: a: a: a: a: a: a: a: a: a: a: a: a:'], ['the objects are a pair of glasses.'], ['the image shows the objects in the image.'], ['the image is a collection of objects.'], ['the objects are in the image.'], ['the objects are in the image.'], ['the image shows a set of objects.'], ['the image is a collection of objects.'], ['the objects are the same as the ones in the image.'], ['the objects are a set of three balls.'], ['a: the objects are in the image.'], ['the image shows a collection of objects.'], ['the objects are the same objects that are in the image.'], ['the image is a toy.'], ['the objects are in the image.'], ['the objects are in the image.'], ['the image shows a pair of glasses.'], ['a: a: a: a: a: a: a: a: a: a: a: a: a: a: a: a:'], ['the objects are the ones in the image.'], ['the image shows a person and a cat.'], ['the objects are in the image.'], ['the image shows a person, a dog, a cat, a bird, a fish, a frog, a lizard, a snake, a mouse, a rat'], ['the objects are balls of different sizes.'], ['the objects in the image are the objects that are in the image.'], ['the image shows a group of objects.'], ['the image shows a group of objects.'], ['the objects are in the image.'], ['the objects are balls, and they are placed in a line.'], ['the objects are in the image.']]"
data/images/noun/2002-600.jpg,2002,bookend,22,83,59,9,"[['the objects are in the image.'], ['the objects are in the image.'], ['a: the object is a sculpture of a person.'], ['the image shows a sculpture of a woman holding a baby.'], ['the red object is a sculpture of a woman by the artist.'], ['a: the object is a sculpture of a person.'], ['a: the object is a red glass vase with a white base.'], ['the objects in the image are : a vase, a candle, a mirror, a candle, a lamp, a clock, a table, a mirror,'], ['the red object is a sculpture of a person.'], ['the object is a sculpture of a person.'], ['the red and white objects are called as the red and white objects.'], ['the red object is a vase with a red flower.'], ['the red object is a sculpture of a man.'], ['the objects in the image are : - a sculpture, - a vase, - a bowl, - a plate, - a cup, - a glass,'], ['the image shows a person holding a red flower.'], ['the objects are in the image.'], ['a: a: a: a: a: a: a: a: a: a: a: a: a: a: a: a:'], ['a: the objects are red, yellow, green, blue, white, and silver.'], ['the red and white objects are the red and white objects.'], ['the red object is a sculpture of a woman by artist.'], ['the red object is a sculpture of a woman with a red dress.'], ['the red object is a statue of a woman.'], ['a: a: a: a: a: a: a: a: a: a: a: a: a: a: a: a:'], ['the red object is a sculpture of a person.'], ['the objects in the image are : \\n1.'], ['a: the objects in the image are a vase, a candle, a lamp, a plate, a glass, a bowl, a cup, a spoon'], ['the objects are red, white and blue.'], ['the red object is a red vase.'], ['the red object is a sculpture.'], ['the image shows a vase with a red flower.'], ['the objects in the image are a red glass vase, a green glass vase, a white glass vase, a blue glass vase, a red'], ['the objects are in the image.'], ['the objects are in the image.'], ['the objects in the image are : 1.'], ['a: the objects are red, blue, yellow, white and green.'], [""the red and white objects are called 'the red and white objects '.""], ['the objects are in the image.'], ['the red object is a sculpture of a person.'], ['the red object is a sculpture of a red flower.'], ['the image shows a sculpture of a woman with a red dress.']]"
data/images/noun/2003-600.jpg,2003,fidget toy,59,74,19,0,"[['the image shows a set of wooden blocks arranged in a square shape.'], ['the image shows a group of cubes with a square on the end of each one.'], ['the image is a representation of a set of cubes.'], ['the objects in the image are a set of wooden cubes that can be arranged in a variety of ways.'], ['this is a toy for kids.'], ['this is a toy for children to play with.'], ['the image is a 3d model of a cube.'], ['this is a toy set of cubes with different colors and shapes.'], ['the image is a set of objects.'], ['the image is a 3d model of a toy.'], ['the image is a representation of a set of cubes.'], ['the image is made of cubes of different colors.'], ['this is a toy called a q - shaped puzzle.'], ['the image is a toy set of cubes.'], ['the image is a set of colorful wooden blocks.'], ['the objects are cubes.'], ['the image is a puzzle.'], ['the objects are in the image \\nb: the objects are in the image \\nc: the objects are in the image \\nd: the objects'], ['the image shows a wooden toy that is made up of cubes.'], ['the image shows a set of cubes arranged in a triangular shape.'], ['the image is a sequence of objects in the form of a cube.'], ['the image shows a set of blocks in a triangular shape.'], ['a: the image is a picture of a cube with the letter q in the middle.'], ['the image shows a toy set of cubes.'], ['the image is a puzzle.'], ['the image shows a group of cubes arranged in a square shape.'], ['the image is a picture of a set of cubes.'], ['the image is a puzzle.'], ['the image is a picture of a wooden puzzle with a colorful wooden frame.'], ['a: the objects in the image are a set of cubes.'], ['a: a set of interlocking blocks.'], ['the objects are cubes with a twist.'], ['this is a picture of a toy called a cube.'], ['the image is a picture of a wooden toy with a small figure in it.'], ['the image is a representation of a set of objects.'], ['the objects are in the image are in the shape of a triangle.'], ['the image is a representation of the objects in the image.'], ['the objects are in the image.'], ['this image shows the objects that are in the image.'], ['the image is a 3d model of a cube.']]"
data/images/noun/2004-600.jpg,2004,pencil sharpener,41,70,48,52,"[['the objects are shown in the image.'], ['the image shows the objects in the image.'], ['the objects are in the image.'], ['the objects in the image are a pair of sunglasses, a pair of sunglasses, a pair of sunglasses, a pair of sunglasses, a pair of sunglasses, a'], ['the image shows a variety of objects.'], ['the objects in the image are : \\n \\n \\n \\n \\n \\n \\n \\n \\n \\n \\n \\n \\'], ['the objects are the following : \\n1.'], ['a: a: a: a: a: a: a: a: a: a: a: a: a: a: a: a:'], ['the image shows a yellow ball and a red ball.'], ['the image shows a number of objects.'], ['the objects are in the image.'], ['the objects in the image are a pair of orange and yellow balls.'], ['the image is a collection of objects.'], ['the image is a picture of a person.'], ['the objects in the image are a set of objects that are used in the game.'], ['a: the objects are in the image.'], ['the image shows a man wearing a pair of sunglasses.'], ['the image is a collection of objects.'], ['the image shows a person wearing a helmet.'], ['the objects in the image are a ball, a ball, a ball, a ball, a ball, a ball, a ball, a ball, a ball'], ['the image shows a yellow object.'], ['the objects are in the image.'], ['the image shows a picture of a person wearing a pair of glasses.'], ['the objects in the image are : \\n \\n \\n \\n \\n \\n \\n \\n \\n \\n \\n \\n \\'], ['the objects in the image are a pair of earrings and a bracelet.'], ['the image shows a man with a small dog.'], ['the image shows a person wearing a helmet.'], ['the objects in the image are : \\n \\n - a red ball \\n - a yellow ball \\n - a blue ball \\n - a white'], ['the image shows a person wearing a hat.'], ['the image shows a person wearing a helmet.'], ['the objects are in the image.'], ['the image shows the objects that are in the image.'], ['the objects in the image are : \\n \\n \\n \\n \\n \\n \\n \\n \\n \\n \\n \\n \\'], ['the image shows a yellow object and a white object.'], ['the objects in the image are : \\n \\n \\n \\n \\n \\n \\n \\n \\n \\n \\n \\n \\'], ['the objects are in the image.'], ['the objects in the image are a pair of glasses and a pair of sunglasses.'], ['the objects in the image are a variety of objects including a ball, a ball, a ball, a ball, a ball, a ball, a ball,'], ['the objects in the image are : \\n\\n \\n \\n \\n \\n \\n \\n \\n \\n \\n \\n \\'], ['the objects in the image are : \\n \\n \\n \\n \\n \\n \\n \\n \\n \\n \\n \\n \\']]"
data/images/noun/2005-600.jpg,2005,fish tank stone,6,25,81,13,"[['the objects are a collection of different objects.'], ['the objects in the image are : 1.'], ['the image is made of pink and purple objects.'], ['the image shows a pair of wings, the symbol of the goddess.'], ['the image is made of the following objects : - a pink plastic ball - a pink plastic ball with a white stripe - a pink plastic ball with a yellow stripe'], ['the image is a part of the set of 4.'], ['the image is a collection of objects that are in the image.'], ['the image is a representation of the gold - colored crown of thorns.'], ['the objects are a series of stylized leaves and flowers.'], ['the image is made up of a variety of objects.'], ['the image is a representation of a hand, and the objects in the image are the fingers of the hand.'], ['the objects are in the image.'], ['the image is a representation of the object.'], ['the image is made up of a variety of objects.'], ['the image shows a person wearing a crown.'], ['the objects are shown in the image.'], ['the objects are the pink flowers in the background of the image.'], ['the objects in the image are the ones in the center of the image.'], ['the objects are in the image.'], ['the objects are in the image.'], ['the image shows a pair of wings.'], ['the image is a photograph of a hand painted gold leaf sculpture of a unicorn.'], ['the image shows a 3d model of a crown.'], ['the image shows a person wearing a crown.'], ['the image is a 3d model of a crown.'], ['the image shows a person wearing a crown.'], ['the image shows a 3d model of a human head with a crown on top.'], ['the image is a combination of several objects.'], ['the image shows a gold crown with a feather in the center.'], ['the image shows a pink and white feather.'], ['the image is made of 3d objects.'], ['the objects are in the image.'], ['the image is a screenshot of the game.'], ['the image shows a bunch of colorful feathers.'], ['the image is a collection of objects from the video game.'], ['the image is made up of the following objects : - a pink and white flower - a pink and white feather - a pink and white heart - a pink and'], ['the image shows a gold crown with a pink and white feather.'], ['the image is a close up of a white feather.'], ['the objects are in the image.'], ['the objects are the rainbow colored flowers and the pink and white flowers on the right.']]"
data/images/noun/2006-600.jpg,2006,space ship top,34,64,31,3,"[['the objects in the image are the following: \\n \\n \\n \\n \\n \\n \\n \\n \\n \\n \\n \\'], ['the image shows the objects that are in the image.'], ['the image shows the objects that are in the image.'], ['the objects are in the image are the following: \\n \\n \\n \\n \\n \\n \\n \\n \\n \\n \\n'], ['this is a photo of a model of the spacecraft.'], ['the objects in the image are the following: \\n \\n \\n \\n \\n \\n \\n \\n \\n \\n \\n \\'], ['the object is a miniature model of the space shuttle.'], ['the objects in the image are a model of the spacecraft, a model of the rocket, and a model of the satellite.'], ['the object is a model of the space shuttle.'], ['this is a picture of the object in the game.'], ['the image is a diagram of the objects in the game.'], ['the image is a rendering of the ship from the game.'], ['the objects in the image are a space shuttle, a space station, a space shuttle, a space station, a space shuttle, a space station, a space'], ['the object is a model of the space shuttle.'], ['this is a model of the spacecraft.'], ['the objects in the image are the following : \\n1.'], ['this is a model of the spacecraft.'], ['this is a model of a spacecraft.'], ['the image is a photo of a model of the spacecraft.'], ['this is a model of a spacecraft.'], ['the objects in the image are all the objects in the game.'], ['the object in the image is a model of the space shuttle.'], ['the objects are in the image.'], ['the image is a part of a model of a spacecraft.'], ['the objects are in the image.'], ['this is a photo of the model of the spacecraft that was used in the film.'], ['the objects are in the image.'], ['the object is a small model of a space shuttle.'], ['the objects are stars in the night sky \\nq: what is the image of? \\na: the image is a photograph of a spacecraft \\n'], ['this is a close up of a model of the space shuttle.'], ['the object in the image is a model of a space shuttle.'], ['this is a photo of a model of the ship from the film.'], ['the objects are a collection of different spacecraft and satellites.'], ['the objects in the image are the following: \\n \\n \\n \\n \\n \\n \\n \\n \\n \\n \\n \\'], ['the object in the image is a model of a spacecraft.'], ['the objects are in the image.'], ['this is a picture of the space shuttle.'], ['this is a photo of the model of the spacecraft.'], ['the objects are in the image.'], ['this is a screenshot of the game.']]"
data/images/noun/2007-600.jpg,2007,air blower for slr cameras,22,46,78,6,"[['a: a: a: a: a: a: a: a: a: a: a: a: a: a: a: a:'], ['a: a: a: a: a: a: a: a: a: a: a: a: a: a: a: a:'], ['the object is a small plastic ball with a hole in the middle.'], ['the object in the image is a plastic ball.'], ['a: a: a: a: a: a: a: a: a: a: a: a: a: a: a: a:'], ['the object in the image is a red ball with a black dot on the top.'], ['a: a: a: a: a: a: a: a: a: a: a: a: a: a: a: a:'], ['the objects are : \\n \\n \\n \\n \\n \\n \\n \\n \\n \\n \\n \\n \\n \\n'], ['the object is a ball.'], ['the image shows a rubber ball, a plastic ball, a plastic cylinder, a plastic cylinder, a plastic cylinder, a plastic cylinder, a plastic ball, a'], ['a: a: a: a: a: a: a: a: a: a: a: a: a: a: a: a:'], ['the objects are : \\na: a red ball \\nb: a blue ball \\nc: a green ball \\nd: a white ball'], ['the objects are in the image are a: \\n \\n \\n \\n \\n \\n \\n \\n \\n \\n \\n \\'], ['a: a: a: a: a: a: a: a: a: a: a: a: a: a: a: a:'], ['the objects in the image are : \\n - a ball \\n - a ball with a hole \\n - a ball with a string \\n - a'], ['a: a: a: a: a: a: a: a: a: a: a: a: a: a: a: a:'], ['a: the red object is a ball.'], ['the objects in the image are : \\n \\n \\n \\n \\n \\n \\n \\n \\n \\n \\n \\n \\'], ['a: a: a: a: a: a: a: a: a: a: a: a: a: a: a: a:'], ['the image shows a man holding a red ball.'], ['the object is a red ball with a white dot on the end.'], ['the objects are in the image are : \\n1.'], ['a: a: a: a: a: a: a: a: a: a: a: a: a: a: a: a:'], ['the image shows a toy car.'], ['the image shows a ball, a ball, a ball, a ball, a ball, a ball, a ball, a ball, a ball, a ball'], ['a: a: a: a: a: a: a: a: a: a: a: a: a: a: a: a:'], ['the object is a red ball.'], ['the objects are a plastic ball, a rubber ball, a plastic ball, a plastic ball, a plastic ball, a plastic ball, a plastic ball, a'], ['the image shows a person holding a ball.'], ['a: a: a: a: a: a: a: a: a: a: a: a: a: a: a: a:'], ['the object in the image is a toy gun.'], ['the objects in the image are : \\n1.'], ['the object is a ball.'], ['the object in the image is a red ball.'], ['the objects are in the image.'], ['the objects in the image are a ball, a stick, a ball, a stick, a ball, a ball, a ball, a ball, a ball'], ['the objects are a red ball, a yellow ball, a green ball, a blue ball, a white ball, a black ball, a red ball, a'], ['the objects are in the image.'], ['a: a: a: a: a: a: a: a: a: a: a: a: a: a: a: a:'], ['the image shows a red and white object.']]"
data/images/noun/2008.jpg,2008,curlers formed together,34,25,48,16,"[['the image is of a set of objects.'], ['the objects are the following : \\n1.'], ['the objects in the image are the objects in the image.'], ['they are called rubber bands.'], ['the objects are in the image.'], ['they are rubber bands.'], ['the objects are in the image.'], ['the image is a drawing of a man holding a gun.'], ['the objects are in the image.'], ['the objects in the image are : - a set of 4 rubber bands - a set of 4 rubber bands - a set of 4 rubber bands - a set of'], ['the image is a representation of the objects.'], ['the objects are the plastic objects used in the image.'], ['the objects are in the image.'], ['they are objects that are used in the practice of medicine.'], ['the objects in the image are a set of objects that are used in the design of the logo.'], ['the objects are in the image are in the form of a cylinder.'], ['the objects are : 1.'], ['the objects are in the image.'], ['the image is a diagram of the human body.'], ['the objects are in the image are : \\n1.'], ['the image shows the objects in the order they appear in the illustration.'], ['the objects are made of a plastic material.'], ['the objects in the image are the following : \\n \\n \\n \\n \\n \\n \\n \\n \\n \\n \\n \\'], ['the objects are in the image.'], ['they are objects that can be found in the image.'], ['the image is a diagram of a human skeleton.'], ['they are the objects that are in the image.'], ['the objects are in the image.'], ['the image shows a group of objects.'], ['this is a set of 4 rubber objects.'], ['the objects in the image are made of a plastic material.'], ['the objects are the following : \\n \\n \\n \\n \\n \\n \\n \\n \\n \\n \\n \\n \\n'], ['the objects in the image are called : \\n\\n \\n \\n \\n \\n \\n \\n \\n \\n \\n \\n'], ['the objects are a set of metal objects, which are made of metal.'], ['the objects in the image are made of plastic.'], ['the image shows a set of 4 objects.'], ['the image shows a set of objects.'], ['the image is a diagram of the parts of a human body.'], ['the objects are in the image.'], ['the objects in the image are : - 1.']]"
data/images/noun/2009-600.jpg,2009,dog toy,47,78,65,45,"[['this image is made up of 3 objects.'], ['a: the image is a picture of a toy.'], ['the objects are a set of 3d printed cubes with different colors and textures.'], ['the objects are in the image are : \\n \\n \\n \\n \\n \\n \\n \\n \\n \\n \\n \\n'], ['the objects in the image are : \\n \\n \\n \\n \\n \\n \\n \\n \\n \\n \\n \\n \\'], ['this is a 3d model of a plant.'], ['the object is a ball of a type of plastic.'], ['a: a: a: a: a: a: a: a: a: a: a: a: a: a: a: a:'], ['a: the image is a 3d model of a plant.'], ['the image is made of a group of small objects.'], ['this image is a 3d model of a 3d object.'], ['the object is a ball of plastic with a red and white pattern.'], ['the objects are in the image are a dog, a cat, a mouse, a bird, a fish, a frog, a frog, a lizard, a'], ['the image shows a 3d model of a coral reef.'], ['the objects are in the image are : \\n1.'], ['the image is a collection of objects.'], ['the object is a 3d model of a hand with fingers and thumb.'], ['this image is a 3d rendering of a biological molecule called a polypeptide.'], ['this is a 3d model of a plant.'], ['the image is a picture of a 3d model of a heart.'], ['the image is a 3d model of a plant.'], ['the objects are in the image are : \\n \\n \\n \\n \\n \\n \\n \\n \\n \\n \\n \\n'], ['this image is made of the following objects : \\n1.'], ['this image is a 3d model of a plant.'], ['the objects are : \\n1.'], ['this is a 3d model of a coral reef.'], ['the image shows a red object with a white stripe on it.'], ['the image shows a toy, a dog, a toy dog, a toy dog, a toy dog, a toy dog, a toy dog, a toy dog'], ['a: a: a: a: a: a: a: a: a: a: a: a: a: a: a: a:'], ['this is a 3d model of a plant.'], ['this image shows a variety of objects \\nq: what is the name of the object shown in the image? \\na: the name of the object'], ['the image is a 3d model of a plant.'], ['the image is a picture of a plant.'], ['the objects are a group of animals.'], ['the object is a dog.'], ['the objects are in the image are in the shape of a ball.'], ['the objects are : \\n\\n \\n \\n \\n \\n \\n \\n \\n \\n \\n \\n \\n \\n'], ['the image is made of a 3d model of a 3d object.'], ['the image is a collection of 3d objects.'], ['the image is a 3d model of a plant.']]"
data/images/noun/2010-600.jpg,2010,dog toy pet shop,66,52,50,25,"[['the image shows a toy, a ball.'], ['the image shows a 3d model of a hand.'], ['the object is a 3d model of a coral reef.'], ['a: the image shows a variety of objects in the image.'], ['the image shows a set of objects that are made of a mix of different materials.'], ['the image shows a number of objects in a 3d environment.'], ['the object in the image is a 3d model of a flower.'], ['the image shows a small ball with a red and white checkered pattern.'], ['the image shows a red ball with a white stripe on it.'], ['the object is a 3d object with a transparent background and a red dot on the surface.'], ['the image shows a variety of objects \\n\\n\\n\\n\\n\\n\\n\\n\\n\\n\\n\\n\\'], ['the image shows a dog and a cat.'], ['a: the objects are a set of three red and white spheres.'], ['the object in the image is a red ball with a white spot.'], ['the image shows a group of 3 different objects \\n \\n \\n \\n \\n \\n \\n \\n \\n \\n \\n \\'], ['the image is a 3d rendering of a spherical object.'], ['a: a set of three different objects \\nq: what are the objects in the image? \\na: a: a set of three different objects'], ['a: the objects in the image are a red ball, a blue ball, a green ball, a yellow ball, a white ball, a red ball,'], ['the object is a 3d object that is made of a combination of different materials.'], ['the image is a 3d model of a 3d object.'], ['the image is a representation of a 3d object.'], ['the image shows a colorful toy with a ball in the center.'], ['the image is a 3d model of a cube with a transparent surface.'], ['a: a: a: a: a: a: a: a: a: a: a: a: a: a: a: a:'], ['the image shows a green and white ball with a red dot on it.'], ['the objects in the image are : \\n1.'], ['the image shows a 3d model of a red ball with a white dot in the middle.'], ['the image is made up of a series of objects.'], ['a: the image is a collection of 3d objects.'], ['the image shows a 3d model of a coral.'], ['the image shows a bunch of objects.'], ['the image shows a bunch of different objects.'], ['the object is a ball of clay.'], ['the image shows a red ball with a white spot on it.'], ['the object in the image is a cube with a hole in the middle.'], ['the objects in the image are : a red ball, a green ball, a yellow ball, a blue ball, a white ball, a red ball, a'], ['the image is made of a number of small objects that are not visible in the final image.'], ['the object in the image is a toy dog.'], ['the objects are in the image.'], ['the objects in the image are the following : \\n \\n \\n \\n \\n \\n \\n \\n \\n \\n \\n \\']]"
data/images/noun/2011-600.jpg,2011,noisemaker,22,75,88,3,"[['the objects are in the image.'], ['the image shows a child with a toy.'], ['the image is a picture of a duck.'], ['the image shows a child playing with a toy.'], ['the image shows a person with a green hat.'], ['the image shows a person with a green hat, a red and white striped shirt, and a blue and white striped pants.'], ['the objects in the image are the following : \\n \\n \\n \\n \\n \\n \\n \\n \\n \\n \\n \\'], ['the image shows a person holding a toy in his hand.'], ['the objects in the image are a bunch of animals.'], ['the image is a toy.'], ['the objects in the image are a duck, a cat, a dog, a mouse, a rabbit, a snake, a horse, a sheep, a pig'], ['the image is a toy for children.'], ['the image is a picture of a person.'], ['the image is of a toy called a toy duck.'], ['the objects in the image are a set of four colorful objects.'], ['the image shows a person wearing a cap.'], ['the image shows a child playing with a toy.'], ['the objects are toys.'], ['the objects in the image are a pair of earrings and a ring.'], ['the image shows a person holding a gun.'], ['the objects in the image are : \\n1.'], ['the image is a picture of a person.'], ['this is a picture of a giraffe.'], ['the image is of a set of objects.'], ['this is a picture of a person.'], ['the objects are all toys.'], [""the image shows a toy car with a person in the driver's seat.""], ['the objects are in the image.'], ['the image shows a person wearing a hat and a pair of glasses.'], ['the objects in the image are a set of toys.'], ['the image shows a man with a toy car.'], ['the image is of a toy car with a wheel on each side.'], ['the objects are a set of toys for children.'], ['the objects are toys, balls, a bird, a cat, a dog, a horse, a pig, a rabbit, a sheep, a fish, a'], ['this is a toy called a ""plunger"".'], ['the image is of a person wearing a hat.'], ['the objects are the animals in the image.'], ['the objects in the image are a set of plastic toys.'], ['the image is of a toy.'], ['the objects in the image are the toy animals.']]"
data/images/noun/2012-600.jpg,2012,coiled worm toy,41,50,59,41,"[['this is a 3d model of a red and white 3d model of a lobster.'], ['the image contains the objects that are in the image.'], ['the image shows a colorful object with a spherical shape.'], ['the image shows a red ball with a white spot and a black spot.'], ['this image shows the objects in the image.'], ['the image contains a single object.'], ['the image is a 3d model of a coral reef.'], ['this is a picture of a colorful object.'], ['the red objects are the polyhedron.'], ['the image is a representation of the biological structure of the bacterium.'], ['the image is a set of 3 objects.'], ['the objects are in the image.'], ['the image is a representation of a biological organism.'], ['the objects in the image are the following : \\n \\n \\n \\n \\n \\n \\n \\n \\n \\n \\n \\'], ['this is a 3d model of a red ball.'], ['the image shows a group of colorful objects.'], ['the red object is a jellyfish.'], ['the image is a representation of the objects in the image.'], ['this is a 3d model of a real coral.'], ['the image is a set of objects that can be used in a game.'], ['the red objects are in the image.'], ['the objects in the image are the following: \\n1.'], ['the red objects are the biological organisms.'], ['the objects are in the image.'], ['the image is a representation of a biological organism.'], ['the objects in the image are small, round, and colorful.'], ['this image shows the objects that are in the image.'], ['the image is a set of 3 objects \\n \\n \\n \\n \\n \\n \\n \\n \\n \\n \\n \\n'], ['the image is a representation of a biological organism.'], ['this image is a collection of different types of objects \\n\\n \\n \\n \\n \\n \\n \\n \\n \\n \\n'], ['the image is a collection of objects.'], ['this image is a collection of objects from a single organism.'], ['the red object is a red jellyfish.'], ['this image shows a single red ball.'], ['this is a 3d model of a red coral.'], ['the objects are in the image are in the form of a ball.'], ['the objects in the image are isolated from each other.'], ['the objects in the image are : \\n1.'], ['the image contains a large number of colorful objects \\nb: what are the objects in the image? \\nc: what are the objects in the image'], ['the image is a set of 3 objects.']]"
data/images/noun/2013-600.jpg,2013,sling shot,6,20,87,6,"[['the objects in the image are : \\n \\n \\n \\n \\n \\n \\n \\n \\n \\n \\n \\n \\'], ['the object is a tool for making a hole in a piece of wood.'], ['the image is a set of objects.'], ['the image shows a person wearing a hat and a scarf.'], ['the objects are in the image.'], ['the objects in the image are a set of four objects.'], ['the image shows a person with a long nose, a long head, and a long arm.'], ['the image shows a man holding a hammer.'], ['the objects are : \\n1.'], ['the image shows a person wearing a hat.'], ['the objects in the image are a set of three objects.'], ['the image shows a person wearing a hat.'], ['the image is a part of a series of images that are used in the game.'], ['a: a person, a person, a person, a person, a person, a person, a person, a person, a person, a person,'], ['the objects are a set of tools used in the construction of a house.'], ['the image is a picture of a toy.'], ['the image is a diagram of a person, with a leg.'], ['the image is a picture of a person.'], ['the objects in the image are a set of colorful toys.'], ['a: the objects in the image are a set of objects, which are made of different materials.'], ['the object is a rubber duck.'], ['the image is a part of a series of objects that are used in the game.'], ['the image is a visual representation of the objects.'], ['the image shows a person with a hat and a cane.'], ['the objects are in the image.'], ['the image shows a group of people.'], ['the object is a chair.'], ['the image is a 3d model of a person wearing a helmet.'], ['the objects in the image are a set of four objects.'], ['a: a: a: a: a: a: a: a: a: a: a: a: a: a: a: a:'], ['the image shows a person in a red costume.'], ['the image shows a person.'], ['the objects are in the image.'], ['the image shows a person wearing a hat.'], ['the objects are in the image.'], ['a: a: a: a: a: a: a: a: a: a: a: a: a: a: a: a:'], ['the object is a human hand.'], ['a: the image is a photograph of a product.'], ['the image shows a person wearing a hat.'], ['a: a: a: a: a: a: a: a: a: a: a: a: a: a: a: a:']]"
data/images/noun/2014-600.jpg,2014,this light-up toy,38,75,39,0,"[['a: the object is a toy with a ball inside.'], ['the object is a ball, a toy, a ball, a toy, a ball, a toy, a ball, a toy, a ball, a toy'], ['the objects in the image are : \\n1.'], ['the objects in the image are : \\n - a ball \\n - a ring \\n - a ring with a ball \\n - a ring with a'], ['the objects are in the image.'], ['a: a: a: a: a: a: a: a: a: a: a: a: a: a: a: a:'], ['the objects are in the image.'], ['the objects are a ball, a cube, a ball, a ball, a ball, a ball, a ball, a ball, a ball, a ball'], ['the objects are in the image.'], ['the objects in the image are : \\n1.'], ['a: the objects in the image are a ball, a ball, a ball, a ball, a ball, a ball, a ball, a ball,'], ['the objects are toys.'], ['the objects in the image are : \\n1.'], ['the objects are in the image.'], ['the objects in the image are : \\n\\n \\n \\n \\n \\n \\n \\n \\n \\n \\n \\n \\'], ['the objects are in the image.'], ['a: a: a: a: a: a: a: a: a: a: a: a: a: a: a: a:'], ['the object is a ball with a handle.'], ['the objects are in the image.'], ['the object in the image is a ball with a string.'], [""the object in the image is a toy called a 'cute little ball'.""], ['the objects are in the image.'], ['the objects in the image are : \\n - a ball \\n - a ring \\n - a ring with a ball \\n - a ring with a'], ['a: a: a: a: a: a: a: a: a: a: a: a: a: a: a: a:'], ['a: a: a: a: a: a: a: a: a: a: a: a: a: a: a: a:'], ['the objects in the image are : \\n\\n1.'], [""the object in the image is a toy called a 'toy ball' \\nq: what is the object in the image? \\na: the""], ['the objects are a variety of animals.'], ['the object is a toy that you can play with your dog.'], ['a: a: a: a: a: a: a: a: a: a: a: a: a: a: a: a:'], ['the objects in the image are : \\n1.'], ['the objects in the image are a set of 3 objects.'], ['the objects in the image are : \\n1.'], ['the objects in the image are a set of six different toys that you can use to teach your child the names of the different objects.'], ['the objects in the image are : \\n\\n - a toy \\n - a ball \\n - a bottle \\n - a stick \\n -'], ['the objects are in the image.'], ['the objects are : \\n1.'], ['the object is a toy.'], ['the objects are in the image.'], ['the object is a toy that you can play with your child.']]"
data/images/noun/2015-600.jpg,2015,ball catcher,38,78,55,10,"[['objects are in the image.'], ['the image shows the objects in the image.'], ['the image shows the objects in the image.'], ['the image shows the objects in the image.'], ['the image shows a person in a wheelchair.'], ['the image is a photo of a product.'], ['the image is a representation of a real object.'], ['the image shows a part of a car.'], ['the image is a screenshot of the app.'], ['the image shows the objects that are in the image.'], ['the image shows the objects in the image.'], ['the image is a photograph of the objects that are in the image.'], ['the image shows a person in a wheelchair.'], ['the image shows the objects that are in the image.'], ['the image is a representation of the objects in the image.'], ['the image is a representation of the objects that are in the image.'], ['the image is a representation of a person with a white background.'], ['the image shows a person with a white helmet.'], ['the image shows the objects in the image.'], ['the image is a representation of the objects in the image.'], ['the image shows a close up of a white object.'], ['the image is a diagram of the objects that are in the image.'], ['the image shows the objects that are in the image.'], ['the image is a photo of a person wearing a helmet.'], ['the image is a photo of a football helmet.'], ['the image shows the objects that are in the image.'], ['the image is a representation of the objects in the image.'], ['the image is a collection of objects.'], ['the image is a close up of the object.'], ['the image is a 3d model of a wheel chair.'], ['the image shows a number of objects that are in the image.'], ['the image shows the object in the center of the image.'], ['the image shows the objects in the image.'], [""the image is a part of the project called 'the project '.""], ['the image is a picture of a person.'], ['the image shows a close-up of the wheel of a bicycle.'], ['the image is a picture of a white plastic object.'], ['the image shows a number of objects that are used in the design of the product.'], ['the image is a diagram of the objects in the image.'], ['the image is a collection of objects that are in the image.']]"
data/images/noun/2016 600dpi.jpg,2016,bird toy,28,21,61,6,"[['the object in the image is a blue plastic hair dryer.'], ['the object in the image is a blue and white plastic laundry bag.'], ['the objects are : \\n1.'], ['the object in the image is a blue plastic hand.'], ['this is a picture of a blue rubber ball.'], ['this is a picture of a blue plastic spool.'], ['this is a picture of a blue and white striped rubber ducky.'], ['this is a set of 4 rubber brushes.'], ['the object in the image is a blue plastic vacuum cleaner.'], ['the object is a blue and white striped nylon rope.'], ['the object in the image is a blue plastic bucket.'], ['the object in the image is a blue and white rubber duck.'], ['this image is a representation of a blue and white striped polyester carpet.'], ['the object in the image is a blue plastic bucket with a handle.'], ['the object is a plastic bag with a handle.'], ['this is a photo of a pile of used toilet paper.'], ['the object in the image is a vacuum cleaner.'], ['the object is a rubber ducky.'], ['the object is a blue rubber ducky.'], ['the object in the image is a white plastic dustbin with a blue lid.'], ['the object in the image is a white plastic vacuum cleaner.'], ['the object is a blue and white plastic toy with a red and white handle.'], ['the object is a blue plastic ball with a white handle and a blue and white striped ribbon.'], ['this is a picture of a blue plastic bucket with a blue handle.'], ['the objects in the image are : \\n1.'], ['this image is of a blue rubber ducky.'], ['this image is a close-up of a blue and white rubber ball.'], ['the objects are in the image.'], ['this is a picture of a blue and white plastic spool of thread.'], ['the object is a blue plastic spool.'], ['the object is a ball of yarn.'], ['this is a photo of a set of three rubber mops, sold as a set.'], ['the object is a blue plastic vacuum cleaner.'], ['the objects in the image are : \\n1.'], ['the object in the image is a plastic bag.'], ['the object in the image is a blue plastic vacuum cleaner.'], ['this is a photograph of a blue and white plastic spool of thread.'], ['the object in the image is a blue plastic vacuum cleaner.'], ['the object is a blue plastic ball with a white handle and a blue and white striped rope.'], ['this image is a representation of a blue plastic spool.']]"
data/images/noun/2017-600.jpg,2017,kenetic wheel,41,29,23,13,"[['the objects are a set of balls in a container.'], ['the image is a 3d model of a toy.'], ['a: a: a: a: a: a: a: a: a: a: a: a: a: a: a: a:'], ['the image is a representation of the objects in the image.'], ['the image is a diagram of a toy car.'], ['a: a: a: a: a: a: a: a: a: a: a: a: a: a: a: a:'], ['the objects are a set of toys.'], ['the image shows a toy airplane and a toy helicopter.'], ['the objects are : a hammer, a screwdriver, a wrench, a wrench with a hook, a wrench with a hook, a screwdriver with a hook'], ['the objects are in the image.'], ['the image shows a set of objects that are used to build a model of a house.'], ['the image is a picture of a set of objects that are in the image.'], ['the objects in the image are a toy car, a ball, a toy boat, a toy plane, a toy helicopter, a toy train, a toy car'], ['the image shows a set of objects that can be used to build a model of a person.'], ['a: a: a: a: a: a: a: a: a: a: a: a: a: a: a: a:'], ['the objects in the image are a set of objects that are used in the game.'], ['the image is a 3d model of a toy car.'], ['the objects in the image are the following : \\n1.'], ['the image shows a toy car with a small wheel.'], ['the objects are : \\n1.'], ['the objects are a set of plastic toys that can be used to teach children about the concept of the circle.'], ['the image shows a set of objects that are in the image.'], ['a: a: a: a: a: a: a: a: a: a: a: a: a: a: a: a:'], ['a: a: a: a: a: a: a: a: a: a: a: a: a: a: a: a:'], ['the image is a representation of the objects in the image.'], ['the image is a 3d model of a toy car.'], ['a: a: a: a: a: a: a: a: a: a: a: a: a: a: a: a:'], ['the image is a representation of a set of objects.'], ['the objects in the image are a set of three objects that can be used as a toy.'], ['the objects in the image are : \\n \\n \\n \\n \\n \\n \\n \\n \\n \\n \\n \\n \\'], ['the image shows a toy, a ball, a rope, a rope ladder, a rope, a rope ladder, a rope, a rope ladder, a rope'], ['the image is a 3d model of a toy.'], ['the objects in the image are a set of plastic toys that are used for teaching children about the world.'], ['the objects in the image are a ball, a chain, a rope, a key, a hook, a hook, a ball, a chain, a rope'], ['the image shows a set of objects that can be used to build a model of a car.'], ['a: a: a: a: a: a: a: a: a: a: a: a: a: a: a: a:'], ['the image is a representation of the objects in the image.'], ['the image shows a set of objects.'], ['the objects are a set of small balls and a large ball.'], ['the image shows a model of a building.']]"
data/images/noun/2018-600.jpg,2018,this coils string,16,50,61,6,"[['the image shows a variety of objects.'], ['the objects in the image are : \\n - a round object \\n - a round object with a small hole \\n - a round object with a small'], ['the image is a part of the product.'], ['the image shows a person with a helmet.'], ['the image is a part of a product.'], ['the image is a picture of a small object.'], ['the objects are : \\n \\n \\n \\n \\n \\n \\n \\n \\n \\n \\n \\n \\n \\n'], ['the image is a collection of objects.'], ['the objects are the following : \\n \\n \\n \\n \\n \\n \\n \\n \\n \\n \\n \\n \\n'], ['this is a picture of a person.'], ['the objects are in the image.'], ['the image is a picture of a yellow object.'], ['the image shows a small lamp with a base.'], ['the image shows the objects in the image.'], ['the image shows a light bulb, a small bulb that is used to light up a room.'], ['the image shows a close-up of a large object.'], ['the image shows a yellow object with a black handle.'], ['the image is a picture of a person.'], ['the image is a photo of a large light bulb.'], ['this is a picture of a lamp.'], ['the image is a diagram of a car.'], ['this is a picture of a yellow object.'], ['the image shows the objects that are in the image.'], ['the image shows a set of four objects.'], ['the image shows a man, a woman and a child.'], ['the image shows the objects that are in the image.'], ['this is a photo of a small lamp.'], ['the image shows a small yellow object.'], ['the objects in the image are : \\n1.'], ['the objects in the image are : \\n \\n \\n \\n \\n \\n \\n \\n \\n \\n \\n \\n \\'], ['the image shows a variety of objects that are used in the industry.'], ['the image is a photograph of a yellow object.'], ['the image shows a pair of pincers.'], ['the objects are in the image.'], ['the image shows a small yellow object.'], ['the image shows the objects that are in the image.'], ['the image shows the objects in the image.'], ['the image shows a collection of objects that are in the image.'], ['the image shows a small object, which is a part of a car.'], ['the image shows a man wearing a helmet.']]"
data/images/noun/2019-600.jpg,2019,cat nip toy,31,67,38,25,"[['the image is a cartoon of a person.'], ['the image is a cartoon of a person with a flower in the mouth.'], ['the image shows a bunch of objects.'], ['a: a: a: a: a: a: a: a: a: a: a: a: a: a: a: a:'], ['this is a picture of a ball with a smiley face.'], ['the object is a yellow ball with a smiley face.'], ['the object is a plastic toy.'], ['the objects are in the image.'], ['the objects are in the image.'], ['this is a picture of a yellow object.'], ['the objects in the image are all the objects in the image.'], ['the image contains a bunch of objects.'], ['the object is a ball with a small light inside.'], ['the image contains a duck and a ball.'], ['this is a photo of a bunch of objects.'], ['a: a : a : a : a : a : a : a : a : a : a : a : a : a : a : a :'], ['the image shows a bird in a cage.'], ['the image shows a person in a box.'], ['the image is a cartoon of a yellow bird with a green beak.'], ['this is a toy.'], ['this is a toy.'], ['the objects are in the image.'], ['the image is a picture of a duck.'], ['the image is a cartoon of a person.'], ['the image shows a group of objects.'], ['the objects are in the image.'], ['the image shows a bird with a red beak.'], ['the objects are in the image.'], ['the objects are in the image.'], ['the object in the image is a plastic egg.'], ['a: a : an object.'], ['the image contains a lot of objects, such as a ball, a flower, a bird, a frog, a fish, a cat, a dog, a'], ['the objects are a small toy, a ball, a bottle, a flower, a bird, a fish, a duck, a frog, a cat, a'], ['a: a : a : a : a : a : a : a : a : a : a : a : a : a : a : a :'], ['this is a picture of a duck.'], ['the image shows a group of objects in a container.'], ['the image is a cartoon of a yellow duck with a mustache.'], ['this is a cartoon of a duck with a balloon on its head.'], ['the objects are in the image.'], ['a: a: a: a: a: a: a: a: a: a: a: a: a: a: a: a:']]"
data/images/noun/2020.jpg,2020,jacobs ladder,41,36,29,6,"[['they are all different kinds of chairs.'], ['the objects are the different types of stacking blocks.'], ['the objects are stacking blocks.'], ['the objects in the image are a set of 4 stacking cups.'], ['the objects in the image are the set of four cubes.'], ['the objects are stacked in a pyramid shape.'], ['the objects are the following : \\n \\n \\n \\n \\n \\n \\n \\n \\n \\n \\n \\n \\n'], ['the objects in the image are the same objects as the ones in the image.'], ['the objects are in the image.'], ['the objects are the following : \\n \\n \\n \\n \\n \\n \\n \\n \\n \\n \\n \\n \\n'], ['the objects are the following : \\n1.'], ['the objects are in the image to help you remember the objects.'], ['the objects in the image are the different colors of the polystyrene balls.'], ['the objects are in the image are the objects that can be seen in the image.'], ['the objects are in the image because they are used to help children with the development of their motor skills.'], ['the objects are in the image.'], ['the objects are a set of colorful wooden cubes.'], ['the objects are a set of colorful blocks.'], ['the objects are in the image because they are part of the set.'], ['they are the objects that are in the image.'], ['the objects in the image are stacking blocks.'], ['the objects are in the image because they are the objects that the students are using to solve the problem.'], ['the objects are the following : \\n1.'], ['the objects are the colored pieces of the puzzle.'], ['they are the objects that you can see in the image.'], ['the objects are used to represent the different levels of the pyramid.'], ['the objects are in the image because they are used in the game.'], ['the objects are a set of stacking blocks.'], ['they are the objects in the image.'], ['the objects are stacked in a pyramid shape.'], ['the objects are the same as the ones in the image.'], ['the objects are in the image because they are used in the game.'], ['the objects are stacked on a table.'], ['they are objects that are made of different materials.'], ['this is a set of objects that you can use to teach the concept of a set.'], ['the objects are a set of cubes.'], ['the objects are made of plastic.'], ['the objects are the same as in the image.'], ['this is a picture of the objects that can be used to play the game.'], ['the objects are the various kinds of chairs that are used in a classroom.']]"
data/images/noun/2021-600.jpg,2021,foam arrow,9,29,84,3,"[['the objects are : \\n1.'], ['the image shows a set of colored objects.'], ['the objects are part of the set of colors in the image.'], ['the objects in the image are the following : \\n \\n \\n \\n \\n \\n \\n \\n \\n \\n \\n \\'], ['this is a picture of the objects that are in the image.'], ['this is a picture of a bunch of different objects.'], ['the objects in the image are the following : \\n \\n \\n \\n \\n \\n \\n \\n \\n \\n \\n \\'], ['the objects in the image are : \\n \\n \\n \\n \\n \\n \\n \\n \\n \\n \\n \\n \\'], ['this image is a collection of objects that can be used in a variety of ways to decorate your home or office.'], ['the objects are in the image are in the image.'], ['the objects in the image are : \\n \\n \\n \\n \\n \\n \\n \\n \\n \\n \\n \\n \\'], ['the objects in the image are small and colorful objects.'], ['the image is a picture of a set of objects.'], ['the image shows a set of objects.'], ['the image shows a person with a long nose, a long ear, and a long hair.'], ['the image shows a bunch of objects.'], ['the objects in the image are : \\n \\n \\n \\n \\n \\n \\n \\n \\n \\n \\n \\n \\'], ['the objects are in the image because they are used in the construction of the image.'], ['the image shows a set of colored objects.'], ['the objects in the image are a set of small round objects.'], ['the objects in the image are the following : \\n \\n \\n \\n \\n \\n \\n \\n \\n \\n \\n \\'], ['the objects are in the image because they are part of the same set.'], ['the objects in the image are the following : \\n1.'], ['the objects in the image are the following : \\n \\n \\n \\n \\n \\n \\n \\n \\n \\n \\n \\'], ['the objects in the image are the following : \\n1.'], ['the image shows a set of objects.'], ['the objects in the image are the following : \\n \\n \\n \\n \\n \\n \\n \\n \\n \\n \\n \\'], ['the objects in the image are the following : \\n1.'], ['the objects in the image are : \\n \\n \\n \\n \\n \\n \\n \\n \\n \\n \\n \\n \\'], ['the objects in the image are small objects that are used to make a custom color.'], ['the image shows a variety of objects.'], ['the objects in the image are : \\n \\n \\n \\n \\n \\n \\n \\n \\n \\n \\n \\n \\'], ['the image is a diagram of the objects in the image.'], ['the image shows the objects that are in the image.'], ['the objects are a set of colored pencils.'], ['the objects in the image are : \\n \\n \\n \\n \\n \\n \\n \\n \\n \\n \\n \\n \\'], ['this image shows a set of objects.'], ['this is a picture of the objects in the image.'], ['the objects in the image are the following : \\n \\n \\n \\n \\n \\n \\n \\n \\n \\n \\n \\'], ['the objects are part of the image.']]"
data/images/noun/2022-600.jpg,2022,marker,9,15,70,13,"[['the objects are in the image are in the image.'], ['the objects are in the image are the following \\na: \\na: \\na: \\na: \\na: \\na'], ['the image is a picture of a set of objects.'], ['the object is a plastic water bottle.'], ['the object is a rubber ball with a flat bottom.'], ['the objects in the image are : \\na: the objects in the image are : \\na: the objects in the image are : \\na'], ['the object in the image is a plastic ball.'], ['the image shows a pile of objects.'], ['the object is a green plastic ball.'], ['the object in the image is a plastic toy with a ball and a string.'], ['the image is of a person wearing a hat.'], ['the image shows the objects of a flower.'], ['the objects are in the image are : \\n \\n \\n \\n \\n \\n \\n \\n \\n \\n \\n \\n'], ['the image shows the objects in the image.'], ['the object is a red ball.'], ['the image shows a green and white ball.'], ['the objects in the image are a pair of earphones and a pair of headphones.'], ['the objects in the image are the following : \\n1.'], ['the objects are the small white dots in the image.'], ['the image is a picture of a flower, and the object in the picture is a flower.'], ['the objects are in the image are : \\na: 1.'], ['the object is a plastic ball.'], ['the objects are in the image are the following : \\n \\n \\n \\n \\n \\n \\n \\n \\n \\n \\n'], ['the object is a small plastic toy with a green base.'], ['the objects in the image are : \\n \\n \\n \\n \\n \\n \\n \\n \\n \\n \\n \\n \\'], ['the objects are in the image.'], ['this is a picture of a person.'], ['the objects are in the image are in the image.'], ['the image is a diagram of the objects in the image.'], ['the image shows a person wearing a cap.'], ['the image shows a man wearing a hat.'], ['the objects are in the image are in the image.'], ['the image shows the objects that are in the image.'], ['the image shows a person wearing a hat.'], ['the objects in the image are : \\na: a: a: a: a: a: a: a: a: a: a: a'], ['the image shows the objects that are used in the industry.'], ['the image is a picture of a golf ball, a golf club, a golf bag, a golf club head, a golf club shaft, a golf club head'], ['the image shows a person wearing a hat.'], ['the objects in the image are the following : \\n1.'], ['the image shows the object in the image.']]"
data/images/noun/2023-600.jpg,2023,color changing ball,13,31,87,17,"[['the image shows a bunch of objects.'], ['the image shows a large number of objects.'], ['the image shows a collection of objects from the past.'], ['the image is a collection of objects that can be used in a variety of ways.'], ['the image shows a collection of objects that are used in the design of the product.'], ['the image is a collection of objects.'], ['the image shows a group of objects.'], ['the image shows a flower with a metal frame.'], ['the image shows a set of objects in a room.'], ['the image shows a collection of objects.'], ['the image is a set of objects that are arranged in a circular pattern.'], ['the image shows a collection of objects that are in the image.'], ['the image shows a collection of objects that are arranged in a circle.'], ['the image is a combination of several objects.'], ['the image is made up of a variety of objects including a ball, a star, a flower, a pyramid, a cube, a cylinder, a sphere,'], ['the image shows a group of objects.'], ['the image shows a collection of objects that are made of a single piece of material.'], ['the image shows a collection of objects.'], ['the image shows a variety of objects.'], ['the image is a collection of objects that are used to create a sculpture.'], ['the image is a collection of objects from a single source.'], ['the image is a collection of objects that are part of a set.'], ['the image shows a collection of objects in a circular arrangement.'], ['the image shows a collection of objects.'], ['the image shows a person with a head and a body.'], ['the image is a representation of the objects that are in the image.'], ['the image is a set of three objects.'], ['the image is made up of several objects.'], ['the image is a collection of objects.'], ['the image shows a collection of objects that are in the shape of a cube.'], ['the image shows a collection of objects.'], ['the image is made up of a variety of objects.'], ['the image is a representation of a group of objects.'], ['the image shows a set of three objects.'], ['the image is a collection of objects.'], ['the image shows a white spherical object with a black base and a white top.'], ['the image shows a large object with a round shape.'], ['the image shows a collection of objects that are made of different materials and are arranged in a way that they can be used as a decoration for a room or a'], ['the image is a collection of objects.'], ['the image is made up of a variety of objects that are used to create the image.']]"
data/images/noun/2024-600.jpg,2024,connected disk toy,81,44,41,3,"[['a: a: a: a: a: a: a: a: a: a: a: a: a: a: a: a:'], ['the objects are in the image.'], ['the image shows a set of objects.'], ['a: a: a: a: a: a: a: a: a: a: a: a: a: a: a: a:'], ['the image shows a set of objects.'], ['a: a : a : a : a : a : a : a : a : a : a : a : a : a : a : a :'], ['the image is a picture of a set of objects.'], ['the image is a puzzle.'], ['a: a set of objects that are used to play a game.'], ['the image shows a set of objects.'], ['a: a: a: a: a: a: a: a: a: a: a: a: a: a: a: a:'], ['the image shows a set of objects.'], ['the image is a diagram of the toy.'], ['a: the image shows a set of objects.'], ['the image is a set of four objects.'], ['a: a: a: a: a: a: a: a: a: a: a: a: a: a: a: a:'], ['the image is a set of objects.'], ['the objects are all different shapes and sizes.'], [""the objects are a set of wooden blocks that are used to play a game called 'pin the tail on the donkey'.""], ['the image shows a person with a red hat.'], ['the image is a representation of a set of objects.'], ['the image shows a toy that is made of a circle and a square.'], ['a: a : a : a : a : a : a : a : a : a : a : a : a : a : a : a :'], ['the image shows a set of objects that are part of a game.'], ['the image shows a number of objects.'], ['a: a: a: a: a: a: a: a: a: a: a: a: a: a: a: a:'], ['the objects are the colored balls.'], ['the image is a diagram of a toy.'], ['the objects are in the image.'], ['a: the objects in the image are a set of four plastic figures.'], ['the objects are in the image.'], ['the image is a collection of different objects that can be used to teach the concept of the letter q.'], ['the objects in the image are a set of wooden blocks.'], ['the image shows a set of four wooden blocks.'], ['the image shows a toy airplane.'], ['the image is a collection of different objects.'], ['the image shows a set of objects.'], ['the image shows a set of objects.'], ['a: a: a: a: a: a: a: a: a: a: a: a: a: a: a: a:'], ['the image is a picture of a set of objects.']]"
data/images/noun/2025-600.jpg,2025,boomerang,6,14,58,13,"[['the image shows a man, a woman, a child, a dog, a horse, a bird, a fish, a plane, a train, a car'], ['the image is a representation of a set of objects.'], ['the image is a picture of a beach.'], ['the image is a representation of a real object.'], ['the image shows a person in a blue swimsuit.'], ['the objects in the image are a set of plastic toys.'], ['the image is a 3d rendering of a single object.'], ['the objects in the image are a pair of shoes.'], ['the image shows a collection of objects.'], ['the image shows a bunch of different objects.'], ['the objects in the image are a set of rubber ducks.'], ['the objects are made of plastic.'], ['the image shows a pair of blue shoes.'], ['the image shows a set of three blue plastic objects.'], ['the image shows a pair of blue shoes.'], ['the image is a representation of the objects in the image.'], ['the objects in the image are : - a plastic, - a rubber, - a plastic, - a rubber, - a plastic, - a plastic, -'], ['the image is a collection of objects that are part of a set of objects that are part of a set of objects.'], ['the image is a representation of the objects in the image.'], ['the objects are in the image because they are the ones that are being used in the image.'], ['the objects are all different shapes and sizes.'], ['the image shows a pair of shoes.'], ['the image is a representation of the objects in the image.'], ['the image shows a pair of shoes.'], ['the image is a visual representation of the objects in the image.'], ['the image shows a person wearing a blue pair of shoes.'], ['the image shows a person in a blue swimsuit.'], ['the image is a rendering of a single object.'], ['the objects are a set of colorful plastic toys.'], ['the image is a visual representation of the objects in the image.'], ['the image is a part of a set of objects that can be used to practice the concept.'], ['the image shows a pair of shoes.'], ['the image shows a pair of shoes.'], ['the image is a 3d model of a person.'], ['the image is a picture of a blue pool float.'], ['the image shows a beach scene with a blue umbrella, a white towel, a yellow beach ball, a red beach ball, a blue beach ball, a white'], ['the image shows a blue and white plastic beach ball.'], ['the image shows a person wearing a blue swimsuit.'], ['the objects in the image are the following : \\n1.'], ['the image is a collection of objects that are used in the design process.']]"
data/images/noun/2026-600.jpg,2026,dog toy,16,71,63,17,"[['the objects in the image are : \\n \\n \\n \\n \\n \\n \\n \\n \\n \\n \\n \\n \\'], ['the objects are shown in the image.'], ['the objects in the image are a set of toys.'], ['the image shows a toy car with a red body and yellow wheels.'], ['the image shows the objects that are in the image.'], ['the objects in the image are toys, balls, and a ball.'], ['the image shows a set of objects that can be used in a game.'], ['the image is a picture of a dog with a ball in his mouth.'], ['the objects are in the image are the following : \\n \\n \\n \\n \\n \\n \\n \\n \\n \\n \\n'], ['the objects in the image are a set of toys.'], ['the objects are toys and animals.'], ['the image shows a toy car, a dog, a ball, a box, a shoe, a spoon, a stick, a stick, a stick, a'], ['the image shows a variety of objects.'], ['the image shows a dog toy with a dog on it.'], ['the objects are in the image are in the image.'], ['the objects in the image are a set of toys that can be used for children.'], ['the image shows a dog toy.'], ['the image shows the objects that are in the image.'], ['the objects in the image are a set of four objects.'], ['the image shows the objects in the image.'], ['the objects in the image are a set of toys.'], ['the image shows a toy car, a dog, a toy horse, a toy tractor, a toy plane, a toy train, a toy car, a toy'], ['the objects in the image are toys.'], ['the objects in the image are a set of toys that are used to teach children about the concept of objects.'], ['the image shows a variety of objects.'], ['the image shows a person sitting on a chair.'], ['the image shows a set of objects.'], ['the image shows a man, a woman, a dog, a cat, a rabbit, a bird, a mouse, a fish, a horse, a cow'], ['the image shows the objects in the image.'], ['the objects in the image are toys.'], ['the objects in the image are : \\n1.'], ['the objects in the image are a dog, a cat, a bird, a horse, a frog, a snake, a mouse, a rabbit, a fish'], ['the objects are the following : \\n1.'], ['the image shows a dog, a duck, a cat, a mouse, a horse, a rabbit, a snake, a frog and a lizard.'], ['the image is a picture of a toy.'], ['the objects in the image are : \\n \\n 1.'], ['the image shows the objects that are in the image.'], ['the image is a set of objects that are used in the game.'], ['the objects in the image are the same objects as in the image.'], ['the image shows a toy car, a ball, a dog, a cat, a horse, a fish, a bird, a mouse, a rabbit, a']]"
data/images/noun/2027-600.jpg,2027,room freshener toy,22,38,47,9,"[['the image shows a group of objects that are being used in the manufacturing process of a product.'], ['the image shows a white ball and a black ball.'], ['a: a: a: a: a: a: a: a: a: a: a: a: a: a: a: a:'], ['the image shows a bird in flight.'], ['the image shows a collection of objects in a room.'], ['the image shows a white object and a red object.'], ['the image shows a variety of objects, such as a ball, a cube, a ball, a cube, a ball, a ball, a cube, a'], ['the image is a part of a set of objects that can be used in the game.'], ['the image shows a white plastic object with a rounded top.'], ['the image shows a cat, a dog, a bird, a fish, a mouse, a pig, a rabbit, a horse, a sheep, a lion'], ['the objects in the image are : \\n \\n \\n \\n \\n \\n \\n \\n \\n \\n \\n \\n \\'], ['the image shows the objects in the image.'], ['the image shows a white ball with a black dot in the center.'], ['the image shows a bird in flight.'], ['the image shows a small ball, a small ball, a small ball, a small ball, a small ball, a small ball, a small ball, a'], ['the image shows a variety of objects.'], ['the image shows a group of objects in a white room.'], ['the image shows a small object.'], ['the image shows a white ball with a red dot in the middle.'], ['the objects in the image are shown in the following table.'], ['a: the image shows a set of objects.'], ['the objects are in the image.'], ['the image shows a bird and a squirrel in a cage.'], ['the objects are in the image are : \\n \\n \\n \\n \\n \\n \\n \\n \\n \\n \\n \\n'], ['the image shows a bird, a flower, a fish, a cat, a dog, a ball, a ball, a ball, a ball, a ball'], ['the objects are in the image.'], ['the image is a picture of a ball.'], ['the image shows a small group of objects.'], ['the image shows the objects in the image.'], ['a: the image shows a white ball with a black dot in the middle.'], ['the image is a representation of the objects in the image.'], ['the image shows a person with a white hat and a black hat.'], ['the image is a picture of a toy.'], ['the image shows a variety of objects, such as a ball, a car, a ball, a box, a ball, a box, a ball, a'], ['the image shows the objects in the image.'], ['the objects are in the image are in the following categories : \\n1.'], ['the image shows the objects in the image.'], ['the image shows a set of objects that are used in the manufacturing of the product.'], ['the image shows a collection of objects.'], ['the image shows the object in the center of the image.']]"
data/images/noun/2028-600.jpg,2028,cat toy found at the pound store,6,47,53,63,"[['the image is made up of different types of objects.'], ['the objects are in the image are : \\n1.'], ['this image shows a flower, a bee, a butterfly, a butterfly, a bee, a flower, a bee, a flower, a bee, a flower'], ['the image shows a pink and white ball with a flower on top.'], ['this image shows a pink and white flower with a stem.'], ['the objects in the image are the following: \\n \\n \\n \\n \\n \\n \\n \\n \\n \\n \\n \\'], ['the image shows a small ball with a small flower on top.'], ['a: the image is a representation of a group of objects.'], ['the image shows a variety of objects that are used in the production of this product.'], ['the image shows a collection of toys.'], ['the image shows a flower, a bird, a butterfly, a flower, a bird, a flower, a bird, a flower, a flower, a flower'], ['the image shows a collection of objects in a pile.'], ['the image shows a bunch of flowers.'], ['this is a picture of a pink flower.'], ['the objects in the image are a variety of objects.'], ['the image shows a bouquet of flowers and a small animal.'], ['the image shows a bunch of pink and white flowers.'], ['the objects in the image are : \\n1.'], ['the image shows a small pink flower.'], ['a: a: a: a: a: a: a: a: a: a: a: a: a: a: a: a:'], ['the image shows a bunch of pink flowers.'], ['the objects in the image are flowers, a ball, a crown, a hat, a bow, a flower, a crown, a ball, a crown,'], ['the objects are in the image are : - a pink flower - a green leaf - a blue flower - a blue flower - a pink flower - a pink flower'], ['the image shows a bunch of flowers.'], ['the image shows a bunch of flowers with a small pink ball on the top of each flower.'], ['the objects in the image are a bunch of pink flowers.'], ['this image is a picture of a small ball.'], ['this image is a representation of a flower.'], ['the image shows a flower.'], ['this is a picture of a flower.'], ['the image is made up of a variety of objects.'], ['the image shows a variety of objects.'], ['the image is a collection of objects that are made of a soft material.'], ['the objects are in the image.'], ['the objects in the image are a set of animals.'], ['the objects in the image are flowers.'], [""the image is a collection of objects that are commonly found in a child's bedroom.""], ['a: a: a: a: a: a: a: a: a: a: a: a: a: a: a: a:'], ['the image shows a bunch of pink flowers.'], ['the image shows a bunch of pink flowers.']]"
data/images/noun/2029-600.jpg,2029,cover for room fresheners,19,27,65,16,"[['the image is a part of a set of objects.'], ['the object is a car.'], ['the image shows a set of objects.'], ['the image shows a variety of objects.'], ['the object in the image is a plastic object.'], ['the objects in the image are a car, a bicycle, a motorcycle, a boat, a plane, a train, a ship, a car, a truck'], ['the image shows a man in a suit, holding a briefcase.'], ['the object in the image is a.'], ['the object in the image is a screw.'], ['the object in the image is a car.'], ['the objects are : \\n \\n \\n \\n \\n \\n \\n \\n \\n \\n \\n \\n \\n \\n'], ['the image shows a variety of objects.'], ['the objects in the image are : \\n \\n \\n \\n \\n \\n \\n \\n \\n \\n \\n \\n \\'], ['the object in the image is a round object with a hole in it.'], ['the image shows a close up of a keyhole.'], ['the image is a picture of a set of objects.'], ['the image is a picture of a person.'], ['the image is a part of a set of images that illustrate the use of a tool.'], ['the image shows a magnifying glass, a magnifying glass is a tool used to magnify an object.'], ['the objects are in the image.'], ['the image is a picture of the object.'], ['the object is a car.'], ['the object in the image is a ball.'], ['the objects in the image are the following : \\n \\n \\n \\n \\n \\n \\n \\n \\n \\n \\n \\'], ['the image shows a small object, which is a key to the image.'], ['the image shows a car with a white roof and a black body.'], ['the objects in the image are a set of small objects that are used in the manufacture of the product.'], ['the image is a picture of the object.'], ['the image shows a person in a car.'], ['the image shows the object in the center of the image.'], ['the image shows a man with a knife and a pistol.'], ['the image is a picture of the object.'], ['the object in the image is a ball.'], ['the image shows a set of objects that are used to make a product.'], ['the object is a car.'], ['the objects are the following : \\n \\n \\n \\n \\n \\n \\n \\n \\n \\n \\n \\n \\n'], ['the image shows a car, a building, a tree, and a person.'], ['the image is made up of several objects.'], ['the image shows the objects in the image.'], ['the image is a picture of a car.']]"
data/images/noun/2030-600.jpg,2030,marker,9,43,53,0,"[['this is a color image of a water fountain.'], ['this is a photo of a toy.'], ['the image shows the objects in the image.'], ['the objects are in the image.'], ['the image shows objects which are in the image.'], ['the image shows the objects in the image.'], ['the image shows the objects in the image.'], ['the image shows the objects that are in the image.'], ['the objects are : \\n \\n \\n \\n \\n \\n \\n \\n \\n \\n \\n \\n \\n \\n'], ['the image shows objects in a container.'], ['the image shows the objects in the image.'], ['the image shows the objects in the image.'], ['the objects are in the image.'], ['the image shows the objects that are in the image.'], ['the objects in the image are : \\n1.'], ['this is a picture of a small object.'], ['the objects in the image are toys.'], ['the image shows a set of objects in a room.'], ['the image shows the objects in the image.'], ['the image shows the objects in the image.'], ['the image shows the objects that are in the image.'], ['this is a set of 5 plastic toys.'], ['the image shows objects that are in the image.'], ['the objects are in the image.'], ['the image shows a set of objects.'], ['the image shows a toy with a small ball on it.'], ['the image shows a group of objects.'], ['the image shows a collection of objects.'], ['the objects are in the image.'], ['the objects are in the image.'], ['the image shows a person with a blue hat.'], ['the image shows objects in the shape of a ball.'], ['the image shows a person in a blue suit with a blue hat.'], ['the image shows a group of objects.'], ['the image shows the objects in the image.'], ['the objects are : \\na: 1.'], ['the objects in the image are the objects that have been given to the children to play with.'], ['the objects are in the image.'], ['the objects are the following : \\n \\n \\n \\n \\n \\n \\n \\n \\n \\n \\n \\n \\n'], ['the image shows the objects in the image.']]"
data/images/noun/2031.jpg,2031,book end,16,32,35,26,"[['the image shows a set of four metal parts.'], ['the objects are : \\n \\n \\n \\n \\n \\n \\n \\n \\n \\n \\n \\n \\n \\n'], ['the image shows a set of three different objects.'], ['the objects in the image are the following : \\n \\n \\n \\n \\n \\n \\n \\n \\n \\n \\n \\'], ['the image shows a set of three objects.'], ['the image shows the objects that are in the image.'], ['the image shows the objects in the following order : \\n1.'], ['the objects in the image are the following : \\n1.'], ['the image shows a set of four objects.'], ['the objects are the following : \\n \\n \\n \\n \\n \\n \\n \\n \\n \\n \\n \\n \\n'], ['the image is a representation of the product, which is a steel bar.'], ['the objects in the image are the following : \\n \\n \\n \\n \\n \\n \\n \\n \\n \\n \\n \\'], ['the objects are in the image.'], ['the image is a close up of the image.'], ['the objects in the image are : \\na: the objects in the image are : \\na: the objects in the image are : \\na'], ['the image is a picture of a set of four objects.'], ['the image shows a set of three objects.'], ['the image is a representation of a set of objects.'], ['the objects are in the image are : \\n \\n \\n \\n \\n \\n \\n \\n \\n \\n \\n \\n'], ['the object on the left is a small metal plate, and the object on the right is a small metal plate.'], ['the objects are in the image.'], ['the object in the image is a screw.'], ['the image shows a group of objects.'], ['the objects are in the image \\nq: what objects are in the image? \\na: the objects are in the image \\nq: what'], ['the objects are in the image.'], ['the image shows a set of four objects.'], ['the image shows a set of four metal objects.'], ['the object in the image is a set of four metal plates.'], ['the image shows a set of four objects.'], ['the image shows the objects in the order of their appearance in the image.'], ['the image shows a set of objects.'], ['the image shows the items in the following order : \\n1.'], ['the image shows a set of four objects.'], ['the image shows a set of four objects.'], ['the image shows a set of three items : a metal bar, a metal chain and a metal hook.'], ['the image shows a pair of scissors.'], ['the image shows a set of three objects.'], ['the objects in the image are a set of stainless steel spoons, which are available in various sizes.'], ['the objects in the image are : \\n1.'], ['the objects are shown in the image.']]"
data/images/noun/2032-600.jpg,2032,submarine,47,90,50,3,"[['the objects are in the image.'], ['the objects in the image are : \\n \\n \\n \\n \\n \\n \\n \\n \\n \\n \\n \\n \\'], ['the objects are in the image.'], ['the objects are the toys that are used in the image.'], ['the objects are in the image.'], ['this is a toy for children.'], ['the objects are in the image.'], ['the objects are in the image.'], ['the image shows the objects that are in the image.'], ['the objects are : \\na: the objects are : \\na: the objects are : \\na: the objects are : \\na:'], ['the image shows a toy boat.'], ['the objects in the image are a set of toys.'], ['the image shows a set of objects.'], ['the objects are in the image.'], ['the image shows a group of objects.'], ['the objects are in the image.'], ['the image shows the objects in the image.'], ['this is a toy.'], ['the objects are : \\n\\na: the objects are : \\n\\na: the objects are : \\n\\na: the objects'], ['the objects are in the image.'], ['the objects are in the image.'], ['this is a toy for children.'], ['the objects in the image are : \\n \\n \\n \\n \\n \\n \\n \\n \\n \\n \\n \\n \\'], ['the image is a picture of a toy.'], ['the image shows a group of objects.'], ['the objects are in the image are : \\n \\n \\n \\n \\n \\n \\n \\n \\n \\n \\n \\n'], ['the objects are in the image.'], ['the objects are in the image are: 1.'], ['the image shows a toy with a propeller on top.'], ['the objects are in the image.'], ['the objects are in the image.'], ['the objects in the image are : \\n \\n \\n \\n \\n \\n \\n \\n \\n \\n \\n \\n \\'], ['the objects in the image are : \\n \\n \\n \\n \\n \\n \\n \\n \\n \\n \\n \\n \\'], ['the objects are : \\na: 1.'], ['the objects are in the image.'], ['the objects in the image are toys, such as a ball, a ball, a ball, a ball, a ball, a ball, a ball, a'], ['the objects are : \\n1.'], ['the objects are in the image.'], ['the objects are in the image.'], ['the objects are in the image.']]"
data/images/noun/2033-600.jpg,2033,cat toy cage,9,57,55,3,"[['the objects in the image are a set of plastic containers with a plastic lid.'], ['the image shows a basket with a handle.'], ['the image shows a set of objects.'], ['the image shows the objects in the image.'], ['the image shows a basket of flowers and a basket of vegetables.'], ['the image is a collection of objects.'], ['the image shows a small group of objects.'], ['the image shows a variety of objects.'], ['the image shows a plastic container with a lid.'], ['the objects in the image are: \\n1.'], ['the image is a picture of a wheelbarrow.'], ['the image shows a set of four objects.'], ['the objects in the image are : \\n \\n \\n \\n \\n \\n \\n \\n \\n \\n \\n \\n \\'], ['the image shows a set of four objects.'], ['the image is a picture of a person in a wheelchair.'], ['the objects are in the image.'], ['the image shows the objects in the image.'], ['the image shows a group of objects that are in the same color and size.'], ['the image shows a pile of plastic crates.'], ['the image shows the objects in the image.'], ['the objects are shown in the image.'], ['the image is a product of the product.'], ['the image is a part of a set of objects that can be used to build a model of a truck.'], ['the image is a product image.'], ['the image shows a variety of objects.'], ['the image shows a small plastic box.'], ['the image is a part of the product.'], ['the image shows a pile of objects.'], ['the objects in the image are : \\n \\n \\n \\n \\n \\n \\n \\n \\n \\n \\n \\n \\'], ['the objects in the image are the following: \\n \\n \\n \\n \\n \\n \\n \\n \\n \\n \\n \\'], ['the image shows a collection of objects.'], ['the objects in the image are the following : \\n \\n \\n \\n \\n \\n \\n \\n \\n \\n \\n \\'], ['the objects in the image are a set of 4 plastic chairs.'], ['the image shows a variety of objects that can be used as a support for the weight of the person.'], ['the objects are the same as the ones in the image.'], ['the image shows a bunch of objects in a container.'], ['the image shows the objects in the image.'], ['the image shows a wheelbarrow, a wheeled cart, a wheel, a wheelbarrow, a wheel, a wheel, a wheel, a wheel'], ['the objects in the image are : \\n \\n \\n \\n \\n \\n \\n \\n \\n \\n \\n \\n \\'], ['the image shows a basket with a handle and a lid.']]"
data/images/noun/2034-600.jpg,2034,worm ball with cut off hands or stars,72,39,45,26,"[['a: the objects in the image are a set of objects that are used in a set of experiments.'], ['a: the objects are in the image.'], ['the objects in the image are a variety of different objects.'], ['the objects in the image are a set of small plastic balls.'], ['the objects in the image are balls of various colors and shapes.'], ['the objects are in the image are in the following categories : \\n\\n\\n\\n\\n\\n\\n\\n\\n\\n'], ['the objects are the ones that are in the image.'], ['a: a: a: a: a: a: a: a: a: a: a: a: a: a: a: a:'], ['a: a: a: a: a: a: a: a: a: a: a: a: a: a: a: a:'], ['this is a 3d model of a person.'], ['a: the objects in the image are the objects that you see in the image.'], ['this is a collection of objects in the image.'], ['this image is a cartoon of a person.'], ['the objects are a set of objects that are in the image.'], ['the objects are in the image are a variety of objects.'], ['the objects are a variety of different shapes and sizes.'], ['the objects are a set of different objects.'], ['the objects in the image are a set of objects that have been isolated from a video.'], ['the objects in the image are balls of different colors.'], ['the objects in the image are all different types of balloons.'], ['a: a pile of objects in a circular shape \\nb: a: a pile of objects in a circular shape \\nc: a: a pile'], ['a: a: a: a: a: a: a: a: a: a: a: a: a: a: a: a:'], ['the objects are made of colored balls.'], ['a: the objects are in the image are a combination of objects from different cultures.'], ['the objects in the image are balls of different colors.'], ['this is a photo of a bunch of objects.'], ['a: a: a: a: a: a: a: a: a: a: a: a: a: a: a: a:'], ['the objects are in the image are in the form of a ball.'], ['this image is a collection of objects.'], ['a: a: a: a: a: a: a: a: a: a: a: a: a: a: a: a:'], ['a: a group of objects \\nq: what objects are in the image? \\na: a: a group of objects \\nq: what'], ['a: a: a: a: a: a: a: a: a: a: a: a: a: a: a: a:'], ['the objects in the image are a group of toys.'], [""the objects in the image are a set of objects from a video game called 'frog jump'.""], ['this is a set of objects from a game called ""what objects are in the image?"" \\n \\n \\n \\n \\n \\n \\n'], ['the objects in the image are a collection of objects that can be used in a variety of ways.'], ['this is a collection of objects that are in the image.'], ['the objects in the image are : \\n\\n \\n \\n \\n \\n \\n \\n \\n \\n \\n \\n \\'], ['a: the objects in the image are a set of colorful, multi-colored, and multi-faceted objects.'], ['the objects are in the image.']]"
data/images/noun/2035-600.jpg,2035,giant pen with pen tip removed and cooper scourer pad on top,13,54,47,13,"[['the image shows the objects in the order in which they are shown in the image.'], ['the object is a plastic brush.'], ['the object in the image is a brush.'], ['the object is a small brush.'], ['the image is a photo of a white object with a red dot.'], [""this is a picture of a toy called 'candy'.""], ['this image shows a group of objects that are in the image.'], ['this is a picture of a rubber duck.'], ['the objects are made of plastic and they are used to clean the hair \\n \\n \\n \\n \\n \\n \\n \\n \\n'], ['the objects are in the image are : \\n1.'], ['the image shows a small object, which is a small brush.'], ['the image shows a plastic brush, a metal brush, a plastic comb, a plastic comb, a metal comb, a plastic comb, a metal comb, a'], ['this is a small plastic object that is used to make a mold for clay.'], ['the objects are the following : \\n1.'], ['the image shows the objects in the image.'], ['the objects in the image are : \\n1.'], ['the objects are in the image are in the image are in the image are in the image are in the image are in the image are in the image are in'], ['this is a picture of a blue rubber ball.'], ['this image shows a small brush and a small cup.'], ['the objects in the image are : \\n \\n1.'], ['this image shows a close-up of a red ball, which is a rubber ball.'], ['the objects are in the image are in the following order \\n1.'], ['the objects are in the image are in the image.'], ['this is a picture of a blue object.'], ['the objects are in the image are : \\n1.'], ['the object in the image is a brush.'], ['the objects in the image are : \\n \\n \\n \\n \\n \\n \\n \\n \\n \\n \\n \\n \\'], ['this image shows the objects in the image.'], ['the image shows a small object.'], ['this image shows the objects in the image.'], ['this image is a photo of a small plastic object.'], ['this image shows the objects that are in the image.'], ['the image is a close-up of a plastic object.'], ['the objects in the image are : \\n1.'], ['this is a picture of a small plastic object.'], ['this image shows the objects in the image.'], ['this is a picture of a broom, and the objects are the bristles, and the handle.'], ['this image shows a ball of clay, which is made of clay, a natural material.'], ['the object is a brush, which is used to paint on the image.'], ['this is a picture of a small plastic toy with a white handle and a red ball.']]"
data/images/noun/2036-600.jpg,2036,cup-and-ball toy,59,70,20,20,"[['the object in the image is a toy drum.'], ['the objects in the image are the following: \\n \\n \\n \\n \\n \\n \\n \\n \\n \\n \\n \\'], ['the image shows a set of six wooden balls.'], ['a: a: a: a: a: a: a: a: a: a: a: a: a: a: a: a:'], ['a: a : a : a : a : a : a : a : a : a : a : a : a : a : a : a :'], ['the objects in the image are a set of wooden blocks, a set of wooden blocks, a set of wooden blocks, a set of wooden blocks, a set'], ['the objects in the image are a wooden mallet, a wooden spoon, a wooden spoon with a wooden handle, a wooden spoon with a wooden handle and a'], ['a: a : a : a : a : a : a : a : a : a : a : a : a : a : a : a :'], ['the object is a toy.'], ['a: a : a : a : a : a : a : a : a : a : a : a : a : a : a : a :'], ['the objects in the image are a set of wooden toys.'], ['the object on the left is a toy drum.'], ['a: a: a: a: a: a: a: a: a: a: a: a: a: a: a: a:'], ['the object is a toy drum.'], ['the image shows a toy, a toy, a toy.'], ['the object is a wooden mallet.'], ['the objects in the image are a set of six wooden balls, each with a different color.'], ['a: a: a: a: a: a: a: a: a: a: a: a: a: a: a: a:'], ['the image shows a toy, a ball, a stick, a drum, a bell, a stick, a stick, a stick, a stick, a stick'], ['the image shows a wooden toy.'], ['a: a: a: a: a: a: a: a: a: a: a: a: a: a: a: a:'], ['the object in the image is a wooden toy.'], ['a: a : a : a : a : a : a : a : a : a : a : a : a : a : a : a :'], ['the objects in the image are a toy drum, a toy tambour, a toy xylophone, a toy bell, a toy triangle, a toy'], ['a: a: a: a: a: a: a: a: a: a: a: a: a: a: a: a:'], ['the object in the image is a toy called a ""drumstick"" or ""drum stick"".'], ['a: a: a: a: a: a: a: a: a: a: a: a: a: a: a: a:'], ['a: a : a : a : a : a : a : a : a : a : a : a : a : a : a : a :'], ['the image shows a toy called a ""q"".'], ['a: a: a: a: a: a: a: a: a: a: a: a: a: a: a: a:'], ['a: a : a : a : a : a : a : a : a : a : a : a : a : a : a : a :'], ['the object in the image is a toy drum.'], ['the objects in the image are a toy called a drum.'], ['a: a: a: a: a: a: a: a: a: a: a: a: a: a: a: a:'], ['a: a: a: a: a: a: a: a: a: a: a: a: a: a: a: a:'], ['a: a: a: a: a: a: a: a: a: a: a: a: a: a: a: a:'], ['the objects in the image are a set of colorful plastic toys that have been used as a teaching tool for children.'], ['a: a: a: a: a: a: a: a: a: a: a: a: a: a: a: a:'], ['the object on the right is a toy.'], ['the object in the image is a toy called a ""q"".']]"
data/images/noun/2037-600.jpg,2037,teething ring with a bit photoshopped out,34,24,37,3,"[['the image is made of objects.'], ['the image shows the objects that are in the image.'], ['the image shows a pink and white bracelet with a pink and white heart on it.'], ['the image shows a number of objects that are used in the production of the rings.'], ['the image is a collection of objects.'], ['the image shows a woman wearing a ring with a gemstone in it.'], ['the image is a representation of a human hand.'], ['the image is a picture of a pink plastic object.'], ['the image shows a pair of hands with a ball and a chain.'], ['the image is a picture of a person with a bracelet.'], ['the image is a representation of the objects that are in the image.'], ['the image shows a variety of objects.'], ['the image is a picture of a bracelet.'], ['the image is a representation of a surgical instrument used to remove a tumor from the body.'], ['the image is made up of a variety of objects including a flower, a bird, a heart, a butterfly, a leaf, a diamond, a star,'], ['the image shows a variety of objects.'], ['the image is a representation of the objects that are in the image.'], ['the image is a picture of a pair of pink plastic rings.'], ['the image shows a set of 3 balls.'], ['the image is a picture of a woman.'], ['the image shows a set of three small objects.'], ['the image is a representation of the objects in the image.'], ['the image is made up of a variety of objects.'], ['the image shows a pink and white bracelet with a pink and white flower charm.'], ['the image is a representation of a human hand.'], ['the image is a representation of a pair of hands holding a ball.'], ['the image is a representation of a human hand.'], ['the image shows a medical device.'], ['the image shows a set of 3 objects.'], ['the image is a representation of the objects in the image.'], ['the image is a representation of the objects in the image.'], ['this image shows a set of objects that are in the image.'], ['the image is a representation of a human hand.'], ['the image shows the objects in the order of their appearance in the image.'], ['this image shows a group of objects.'], ['the image shows the use of a silicone wristband for people with arthritis.'], ['this image is a representation of a person.'], ['the image is a representation of the human body.'], ['the image shows the objects in the order in which they appear in the image.'], ['the image shows the objects in the order they appear in the image.']]"
data/images/noun/2038-600.jpg,2038,heart shaped slinky,56,63,26,6,"[['the objects are made of plastic.'], ['a: what objects are in the image? \\na: a: what objects are in the image? \\na: a: what objects are in'], ['they are the objects in the image.'], ['the objects are in the image.'], ['this is a picture of a set of objects.'], ['the objects are in the image.'], ['the image shows a rainbow of objects.'], ['a: the objects are in the image.'], ['they are the objects in the image.'], ['this image is a collection of objects.'], ['a: a: a: a: a: a: a: a: a: a: a: a: a: a: a: a:'], ['a: a: a: a: a: a: a: a: a: a: a: a: a: a: a: a:'], ['a set of objects that can be arranged in a circle.'], ['the image is a representation of objects that are in the image.'], ['a: a: a: a: a: a: a: a: a: a: a: a: a: a: a: a:'], ['this is a set of 3d printed objects.'], ['they are all objects in the image.'], ['they are balloons.'], ['the image shows a collection of objects.'], ['the image is made of colorful objects.'], ['this is a 3d model of a person.'], ['a: a: a: a: a: a: a: a: a: a: a: a: a: a: a: a:'], ['the image is a collection of objects that are made of rubber.'], ['the objects are in the image are in the form of a cloud.'], ['the objects are in the image.'], ['this image shows a group of objects in a rainbow color.'], ['a: the objects are a set of colorful plastic balls.'], ['the objects are in the image.'], ['the image shows a set of objects in the form of a rainbow.'], ['the objects in the image are : a: a set of three colourful balloons b: a set of three colourful balloons c: a set of three colourful balloons d'], ['this image is a representation of the objects that are in the image.'], ['a: a: a: a: a: a: a: a: a: a: a: a: a: a: a: a:'], ['the image shows a set of objects in a rainbow pattern.'], ['the objects in the image are : - a: the objects in the image are : - a: the objects in the image are : - a: the objects'], ['this is a cloud of objects.'], ['a: what objects are in the image? \\n\\n\\n\\n\\n\\n\\n\\n\\n\\n\\n\\'], ['they are balloons! \\nq: what is the meaning of the image? \\na: it is a balloon! \\nq: what is the'], ['this is a set of 3 colorful objects in the shape of a rainbow.'], ['the objects are in the image.'], ['a set of colorful objects in a rainbow formation.']]"
data/images/noun/2039-600.jpg,2039,led top,28,64,61,13,"[['the image shows a set of objects in a square.'], ['the object is a small cube.'], ['the object in the image is a cube with a hole in it.'], ['the objects in the image are the following \\n \\n \\n \\n \\n \\n \\n \\n \\n \\n \\n \\n'], ['the objects are in the image.'], ['the object is a cube.'], ['the image shows a bunch of different objects, which are used in the game.'], ['the objects in the image are the following \\n \\n \\n \\n \\n \\n \\n \\n \\n \\n \\n \\n'], ['the objects are the following : \\n \\n \\n \\n \\n \\n \\n \\n \\n \\n \\n \\n \\n'], ['the object in the image is a coin.'], ['the objects are the following \\na: a cube \\na: a ball \\na: a pyramid \\na: a square \\na'], ['the object is a triangle with a point.'], ['the object in the image is a ball with a hole in it.'], ['the objects are the same as the ones in the image.'], ['the objects are in the image.'], ['the object is a ball with a hole.'], ['the objects in the image are a set of four objects.'], ['the objects are in the image \\nq: what is the image of the image? \\na: the image of the image is the image \\n'], ['the object in the image is a green cube.'], ['the objects are the three colored cubes in the image.'], ['the objects are : \\n \\n \\n \\n \\n \\n \\n \\n \\n \\n \\n \\n \\n \\n'], ['the objects are in the image.'], ['the objects are in the image in the form of a circle.'], ['the objects are in the image.'], ['the objects are in the image.'], ['the image shows a group of objects.'], ['the objects are : \\n \\n \\n \\n \\n \\n \\n \\n \\n \\n \\n \\n \\n \\n'], ['the objects are in the image.'], ['the objects are in the image.'], ['the image shows the objects in the image.'], ['the image shows a set of objects.'], ['the objects in the image are the following \\n \\n \\n \\n \\n \\n \\n \\n \\n \\n \\n \\n'], ['the image shows a bunch of objects.'], ['the image is a set of four objects.'], ['the objects are the following \\n \\n \\n \\n \\n \\n \\n \\n \\n \\n \\n \\n \\n \\'], ['the objects in the image are : \\n \\n \\n \\n \\n \\n \\n \\n \\n \\n \\n \\n \\'], ['the objects are a set of cubes.'], ['the image shows the objects in the image.'], ['the object is a key.'], ['the image shows a set of objects.']]"
data/images/noun/2040-600.jpg,2040,rubber toy found in toy aisle,31,64,63,16,"[['a: a: a: a: a: a: a: a: a: a: a: a: a: a: a: a:'], ['a: the objects are a ball, a ball with a hole, a ball with a ball, a ball, a ball, a ball, a ball,'], ['this image is a collection of objects that are in the image.'], ['a: the objects in the image are a ball, a sphere, a ball, a ball, a ball, a ball, a ball, a ball,'], ['the object in the image is a soccer ball.'], ['the object in the image is a blue ball with a white stripe on the side.'], ['the objects are balls of different colors and shapes.'], ['the objects in the image are : \\n - a ball \\n - a ball with a hole \\n - a ball with a hole with a ball inside'], ['this is a 3d model of a coral.'], ['a: a: a: a: a: a: a: a: a: a: a: a: a: a: a: a:'], ['a: the objects are in the image.'], ['a: a: a: a: a: a: a: a: a: a: a: a: a: a: a: a:'], ['the image shows a soccer ball with a face and a mouth.'], ['the image is a collection of objects from the game.'], ['the image is a photo of a ball of yarn.'], ['this is a ball with a 3d effect.'], ['the object in the image is a ball with a face.'], ['the image contains a ball, a ball, a ball, a ball, a ball, a ball, a ball, a ball, a ball, a ball'], ['a: a: a: a: a: a: a: a: a: a: a: a: a: a: a: a:'], ['the image is a 3d model of a soccer ball.'], ['this is a shot of a soccer ball in the air.'], ['a: a: a: a: a: a: a: a: a: a: a: a: a: a: a: a:'], ['this image shows a variety of objects.'], ['this image shows a ball with a hole in it.'], ['this image is of a football player in a football field.'], ['the image is made up of the following objects : \\n\\n\\n \\n \\n \\n \\n \\n \\n \\n \\n'], ['this image shows a ball of blue plastic with a white ball on top and a white ball on the bottom.'], ['the image contains a ball and a sphere.'], ['the image is a 3d model of a soccer ball.'], ['the object is a ball with a black and white pattern.'], ['this is a 3d model of a soccer ball.'], ['the image shows a ball of string with a ball of balls on top of it.'], ['the objects in the image are : \\n \\n a ball \\n a stick \\n a ball with a stick \\n a ball with a stick and'], ['the image shows a football player in a ball, which is a sphere.'], ['the image shows a blue ball with a white dot on it.'], ['the objects are in the image.'], ['the image shows a ball with a face and a mouth.'], ['the objects are in the image.'], ['a: a: a: a: a: a: a: a: a: a: a: a: a: a: a: a:'], ['this image is of a blue ball with a yellow ball inside of it.']]"
data/images/noun/2041-600.jpg,2041,massager,34,38,23,20,"[['the objects are a set of wooden cubes.'], ['the image shows a group of objects.'], ['the objects in the image are a set of wooden blocks.'], ['the image shows a group of objects.'], ['the image shows a group of objects.'], ['the image is a representation of the objects in the image.'], ['the objects in the image are a set of colored cubes.'], ['the image is a representation of a set of objects.'], ['the objects are in the image.'], ['the image shows a person with a ball in their hand.'], ['the image is a 3d model of a person.'], ['the image is a representation of the object.'], ['the image shows the objects in the image.'], ['the objects in the image are a set of wooden blocks that are connected by a string.'], ['the image is a representation of a set of objects.'], ['the objects are all made of wood.'], ['the image shows a person holding a ball in his hand.'], ['the image shows a set of objects that can be used to teach the concept of a set.'], ['the objects are in the image.'], ['the image shows a group of objects.'], ['the image shows a wooden puzzle with a ball in the middle.'], ['the image shows a person holding a ball.'], ['the objects in the image are : \\na: the objects in the image are : \\na: the objects in the image are : \\na'], ['the image shows a set of three wooden blocks with a ball attached to each of them.'], ['the objects in the image are the wooden blocks with the blue and white triangles on them.'], ['the image shows a set of three wooden blocks with a cross in the middle.'], ['the image shows a set of objects.'], ['the image shows a group of objects.'], ['the image is a set of three objects.'], ['the image shows a wooden block with a small ball on top.'], ['the objects are in the image.'], ['the objects are in the image.'], ['the image is a representation of the objects in the image.'], ['the objects in the image are a set of wooden cubes.'], ['the image shows a wooden block with a hole in it.'], ['the image shows a person with a ball in their hand.'], ['the image shows a person with a ball and a stick.'], ['the image shows a set of three wooden blocks with a ball in the middle.'], ['the objects in the image are a set of wooden blocks with a ball attached to each end.'], ['the image shows the wooden blocks and the wooden blocks.']]"
data/images/noun/2042-600.jpg,2042,small personal fan without blades,38,67,81,3,"[['the image is a.'], ['the image is a close - up of a toy that has a plastic handle and a plastic ball.'], ['the image is a picture of a man with a white beard.'], ['the objects are in the image.'], ['the objects are shown in the image.'], ['the objects are in the image.'], ['the image shows a man, a woman and a child.'], ['the image is a close up of a white plastic toy.'], ['the image is a color illustration of a man holding a gun.'], ['the image shows a toy with a blue handle.'], ['the image shows a person with a hand.'], ['the objects are : \\n \\n \\n \\n \\n \\n \\n \\n \\n \\n \\n \\n \\n \\n'], ['the image is a close up of a yellow object.'], ['the objects are in the image.'], ['the image shows a person holding a ball in his hand.'], ['the image shows a person with a red cap.'], ['the image is a part of a toy set of a toy.'], ['the image is of a person.'], ['the image shows a toy with a handle and a light bulb.'], ['the objects are : \\n - a hand.'], ['the image shows a person holding a small box.'], ['the image is a photograph of a set of 3 objects.'], ['the image is of a toy.'], ['the image is a part of a toy.'], ['the image shows a set of objects.'], ['the image is a part of a set of objects that can be used in a variety of ways.'], ['the image shows a person holding a hand grenade.'], ['the image is a diagram of the human body.'], ['the image is a representation of a person with a white background.'], ['the image shows a set of objects, including a person, a ball, a box, a can, a knife, a pen, a pair of scissors,'], ['the image shows a bunch of objects.'], ['the objects are in the image.'], ['the objects are in the image.'], ['the objects are in the image.'], ['the objects are a set of 3 different colored balls.'], ['the image shows a man with a rifle.'], ['the objects are a blue plastic ball, a red plastic ball, a yellow plastic ball, a blue plastic ball, a green plastic ball, a white plastic ball'], ['the image is a part of the game.'], ['the objects are : \\n - a plastic toy with a rubber handle \\n - a plastic toy with a rubber handle and a hook \\n - a plastic'], ['the image is of a man wearing a blue shirt and a blue hat.']]"
data/images/noun/2043.jpg,2043,clacker,66,76,65,6,"[['the objects in the image are a toy called a rubber duck and a ball.'], ['the objects are in the image.'], ['a: a: a: a: a: a: a: a: a: a: a: a: a: a: a: a:'], ['the objects are a set of balls, balls, balls, balls, balls, balls, balls, balls, balls, balls, balls, balls, balls,'], ['the objects in the image are balls, balls, balls, balls, balls, balls, balls, balls, balls, balls, balls, balls, balls,'], ['the objects in the image are : \\n - a ball \\n - a stick \\n - a ball with a string \\n - a ball with a'], ['the objects are in the image.'], ['the image shows the objects that are in the image.'], ['the image shows a set of colorful toys.'], ['a: the objects are a set of plastic balls.'], ['the objects in the image are a set of colorful plastic balls.'], ['the objects are in the image.'], ['the objects in the image are : \\n\\n1.'], ['the objects are in the image.'], ['the objects are balls of different colors.'], ['the image shows a toy with a ball on a string.'], ['a: the image shows a set of toys.'], ['the objects in the image are : \\n1.'], ['the image shows a toy with a ball on a string.'], ['the objects in the image are : \\n1.'], ['the image shows a toy.'], ['the image shows the objects in the image.'], ['the image shows the objects in the form of balls.'], ['the objects in the image are : \\n \\n \\n \\n \\n \\n \\n \\n \\n \\n \\n \\n \\'], ['a: the objects in the image are the balls.'], ['the objects are in the image.'], ['the image shows a set of colorful toys.'], ['the image shows a colorful toy.'], ['the image shows a toy that is made of a ball and a stick.'], ['the objects in the image are : \\n - a ball \\n - a stick \\n - a ball with a string \\n - a ball with a'], ['the image shows a set of colorful toys.'], ['a: a: a: a: a: a: a: a: a: a: a: a: a: a: a: a:'], ['a: a: a: a: a: a: a: a: a: a: a: a: a: a: a: a:'], ['the objects are toys, balls, and a ball.'], ['the objects are balls of different colors and shapes.'], ['the image shows a set of toys.'], ['the objects are the toys in the image.'], ['the objects are balls.'], ['a: a: a: a: a: a: a: a: a: a: a: a: a: a: a: a:'], ['the image shows a set of colorful toys.']]"
data/images/noun/2044-600.jpg,2044,diving toy with small weight,6,27,94,6,"[['the objects are in the image.'], ['the objects are balls.'], ['the objects are in the image \\nq: what are the objects in the image? \\na: the objects are in the image \\nq:'], ['the objects in the image are : \\n1.'], ['the objects are in the image.'], ['the image is a set of objects.'], ['this is a collection of objects that are in the image.'], ['the objects are in the image.'], ['the objects in the image are balls, cylinders, spheres, and cones.'], ['the objects are in the image.'], ['the objects are balls, cubes, cylinders, spheres, rods, rings, bars, bars, bars, bars, bars, bars, bars, bars, bars'], ['the objects in the image are balls, cubes, cylinders, spheres, rings, balls, spheres, balls, spheres, spheres, balls, balls, balls,'], ['the objects in the image are balls.'], ['the objects are in the image are : \\n \\n \\n \\n \\n \\n \\n \\n \\n \\n \\n \\n'], ['the objects are in the image.'], ['the objects are in the image \\nq: what objects are in the image? \\na: the objects are in the image \\nq: what'], ['the objects are balls, balls, balls, balls, balls, balls, balls, balls, balls, balls, balls, balls, balls, balls, balls'], ['the objects in the image are balls, balls, balls, balls, balls, balls, balls, balls, balls, balls, balls, balls, balls,'], ['the objects are in the image \\nq: what are the objects in the image? \\na: the objects are in the image \\nq:'], ['this is a vector illustration of the objects in the image.'], ['a: the objects in the image are : \\n \\n \\n \\n \\n \\n \\n \\n \\n \\n \\n \\'], ['this is a set of objects that are in the image.'], ['the objects are in the image.'], ['the objects are balls, they are in the shape of a circle.'], ['the objects are the people in the image.'], ['the objects are in the image are balls, cylinders, cones, and spheres.'], ['the image is a collection of objects.'], ['the image is a set of balls in a row.'], ['the objects in the image are balls, balls, balls, balls, balls, balls, balls, balls, balls, balls, balls, balls, balls,'], ['the objects are balls, balls, balls, balls, balls, balls, balls, balls, balls, balls, balls, balls, balls, balls, balls'], ['the objects are balls, balls, balls, balls, balls, balls, balls, balls, balls, balls, balls, balls, balls, balls, balls'], ['the objects are in the image \\nq: what is the meaning of the image? \\na: the image is a picture of a picture \\n'], ['the objects in the image are the objects in the image.'], ['the objects are in the image.'], ['the objects are in the image.'], ['the image is a collection of objects.'], ['a: the objects are in the image are : \\n1.'], ['the objects are in the image.'], ['the image is a collection of objects.'], ['the objects in the image are : \\n1.']]"
data/images/noun/2045-600.jpg,2045,wooden ball toy,25,29,3,55,"[['the image is a wood block with a design on it.'], ['the objects in the image are : \\n1.'], ['the image shows a wooden spoon with a handle and a flat bottom.'], ['the image shows a wooden spoon with a handle and a wooden spoon with a handle.'], ['the image is a representation of the wooden tools that were used in the kitchen.'], ['the image shows a wooden handle, a wooden spoon, a wooden spatula, a wooden ladle, a wooden ladle, a wooden spoon, a wooden'], ['the image shows a wooden ruler.'], ['the image is a drawing of a wooden spoon.'], ['the image shows a wooden spoon, a wooden spoon with a handle, a wooden spoon with a handle, a wooden spoon with a handle, a wooden spoon with'], ['the image is a set of three wooden spoons, which are used in the kitchen.'], ['the image is a picture of a wooden object.'], ['the objects are in the image.'], ['the image is a drawing of a wooden ruler with a square and a line.'], ['the image is a wooden spoon with a handle and a wooden spoon with a handle and a wooden spoon with a handle and a wooden spoon with a handle and a'], ['the image shows the objects that are in the image.'], ['the objects are a set of knives.'], ['the image shows a wooden paddle with a handle and a long handle.'], ['the image is a collection of tools and equipment that are used in the kitchen.'], ['the image is a picture of a wooden spoon, with a handle, and a wooden spoon with a handle.'], ['the image shows a wooden ruler with a long handle and a metal handle.'], ['the objects in the image are : - the knife - the fork - the spoon - the spoon - the knife - the fork - the knife - the spoon -'], ['the image shows a wooden board with a nail on it.'], ['the image is a representation of a wooden object.'], ['the objects are : - a fork - a spoon - a knife - a spoon - a knife - a fork - a spoon - a knife - a fork -'], ['the objects in the image are : - \\n \\n \\n \\n \\n \\n \\n \\n \\n \\n \\n \\n'], ['the image shows the handle of a wooden spoon.'], ['the image shows the objects in the image.'], ['the image shows a wooden spoon and a wooden ladle.'], ['the image is a representation of a wooden ruler.'], ['the image shows a wooden handle with a wooden grip.'], ['the image is a diagram of the object.'], ['the image is a collection of objects.'], ['the objects are : \\n \\n \\n \\n \\n \\n \\n \\n \\n \\n \\n \\n \\n \\n'], ['the image shows the tools used in the kitchen.'], ['the image is a picture of a wooden spoon, which is a common utensil.'], ['the image is a representation of the object.'], ['the image shows a hand, a knife, a fork, a spoon, a knife, a spoon, a fork, a knife, a spoon, a knife'], ['the image is a drawing of a set of three tools.'], ['the image is a picture of a wooden spoon.'], ['the image shows a wooden object with a handle and a wooden board with a handle.']]"
data/images/noun/2046-600.jpg,2046,keychain with bubbles inside,34,67,42,3,"[['the objects are in the image.'], ['the objects are : \\n \\n \\n \\n \\n \\n \\n \\n \\n \\n \\n \\n \\n \\n'], ['the objects are shown in the image.'], ['the objects are : \\n \\n \\n \\n \\n \\n \\n \\n \\n \\n \\n \\n \\n \\n'], ['the objects are in the image are : \\n \\n \\n \\n \\n \\n \\n \\n \\n \\n \\n \\n'], ['the objects are : \\n \\n \\n \\n \\n \\n \\n \\n \\n \\n \\n \\n \\n \\n'], ['the image is a representation of the objects in the image.'], ['the objects are the blue and white keys of the lock.'], ['the objects are : \\n1.'], ['objects are in the image are in the image.'], ['the objects are : \\n \\n \\n \\n \\n \\n \\n \\n \\n \\n \\n \\n \\n \\n'], ['the objects are : \\n \\n \\n \\n \\n \\n \\n \\n \\n \\n \\n \\n \\n \\n'], ['the objects are : \\n \\n \\n \\n \\n \\n \\n \\n \\n \\n \\n \\n \\n \\n'], ['the objects are in the image are : \\n \\n \\n \\n \\n \\n \\n \\n \\n \\n \\n \\n'], ['the objects are the keys to the safe.'], ['the objects are in the image.'], ['the image shows a person, a dog, a cat, a mouse, a bird, a fish, a bird, a mouse, a cat, a dog'], ['objects are : \\n \\n \\n \\n \\n \\n \\n \\n \\n \\n \\n \\n \\n \\n \\'], ['the objects are : \\n \\n \\n \\n \\n \\n \\n \\n \\n \\n \\n \\n \\n \\n'], ['the objects are in the image \\n \\n \\n \\n \\n \\n \\n \\n \\n \\n \\n \\n \\n'], ['the objects are the key to the image.'], ['the objects are in the image.'], ['the objects are shown in the image.'], ['the objects are in the image.'], ['objects are the numbers and the letters.'], ['the objects are the keys of the lock.'], ['the objects are shown in the image.'], ['the objects are shown in the image.'], ['objects are in the image.'], ['the objects are a key, a pen, a ball, a coin, a keychain, a key, a pen, a ball, a keychain,'], ['the objects are in the image.'], ['the objects are in the image.'], ['objects are in the image \\n \\n \\n \\n \\n \\n \\n \\n \\n \\n \\n \\n \\n \\'], ['objects are in the image \\n \\n \\n \\n \\n \\n \\n \\n \\n \\n \\n \\n \\n \\'], ['the objects are shown in the image.'], ['the objects are the key to the image.'], ['the image contains a number of objects, including a key, a pen, a bottle, a ball, a keychain, a pen, a bottle, a'], ['the objects are : \\n \\n \\n \\n \\n \\n \\n \\n \\n \\n \\n \\n \\n \\n'], ['the image contains a bunch of objects.'], ['the objects are : \\n \\n \\n \\n \\n \\n \\n \\n \\n \\n \\n \\n \\n \\n']]"
data/images/noun/2047-600.jpg,2047,perfume sprayer,41,32,50,3,"[['the objects are in the image.'], ['the image is of a plastic bottle with a cap.'], ['the image shows the product in the form of a bottle.'], ['this is the image of the product.'], ['the image shows the objects in the image.'], ['the objects in the image are the following \\n1.'], ['the image is a photo of the product.'], ['the image shows a product.'], ['the image is a product.'], ['the image shows a bottle of water, a bottle of water, a bottle of water, a bottle of water, a bottle of water, a bottle of water'], ['the image is a sample of the product.'], ['the image is a product image.'], ['the image shows the objects in the image.'], ['the objects are the same as those in the image.'], ['the image is a picture of a product.'], ['the image is a sample of the product.'], ['the image shows the objects that are in the image.'], ['the image is of a small object.'], ['the image is a product of our factory.'], ['the image is a product of the product.'], ['the objects are in the image.'], ['the image is a picture of a product.'], ['the image is a product of our factory.'], ['the image shows the product with the following objects : \\n \\n \\n \\n \\n \\n \\n \\n \\n \\n \\n'], ['the image shows the objects in the image.'], ['this image is a picture of the object.'], ['the image is a photo of a bottle of water.'], ['the image shows the product.'], ['the objects are the following : \\n1.'], ['the image is a part of the product.'], ['the image shows the objects that are in the image.'], ['the objects are the following : \\n1.'], ['the image shows a bottle of water, a glass, a cup, a cup, a bottle of water, a glass, a cup, a bottle of water'], ['the image shows the objects that are in the image.'], ['the image shows the object which is in the picture.'], ['the image is a part of a product.'], ['the image is a product of our company.'], ['the image shows a bottle, a glass, a mug, a cup, a mug, a glass, a bottle, a bottle, a glass, a mug'], ['the image is a picture of a product.'], ['this is a product image.']]"
data/images/noun/2048-600.jpg,2048,worm ball with hands and stars cut off,13,47,55,6,"[['the objects are balls of different colors and sizes.'], ['the objects in the image are toys, balls, and other toys.'], ['the objects in the image are balls.'], ['a: the objects are in the image are in a pile of different objects.'], ['a: the objects in the image are toys.'], ['the objects are toys, balls, and other objects.'], ['the objects in the image are balls, balls, balls, balls, balls, balls, balls, balls, balls, balls, balls, balls, balls,'], ['this is a set of colorful plastic balls with a hole in the middle.'], ['the objects in the image are toys.'], ['the objects in the image are balls of different colors.'], ['the objects are balls and balls.'], ['this image shows a set of colorful toys.'], ['the objects in the image are toys.'], ['the objects are balls of different colors.'], ['the objects in the image are balls, and they are all different colors.'], ['the objects in the image are balls of different colors.'], ['the objects in the image are : \\n \\n \\n \\n \\n \\n \\n \\n \\n \\n \\n \\n \\'], ['a: the objects are in the image.'], ['the objects are balls in a basket.'], ['the objects are in the image.'], ['the objects in the image are balls, balls, balls, balls, balls, balls, balls, balls, balls, balls, balls, balls, balls,'], ['the objects in the image are balls, balls, balls, balls, balls, balls, balls, balls, balls, balls, balls, balls, balls,'], ['a: the objects are toys.'], ['the objects in the image are a set of colorful balls that are used in a variety of activities.'], ['the objects are in the image.'], ['a: the objects in the image are balls of different colors.'], ['a: the objects are toys.'], ['the objects in the image are balls, spheres, balls, balls, balls, balls, balls, balls, balls, balls, balls, balls, balls,'], ['the objects in the image are balls, balls, balls, balls, balls, balls, balls, balls, balls, balls, balls, balls, balls,'], ['a: a : a : a : a : a : a : a : a : a : a : a : a : a : a : a :'], ['the objects in the image are a set of colorful balls, which are used in the game of pong.'], ['the objects are toys, balls, and other objects.'], ['a: the objects are balls in a basket.'], ['this image shows a group of objects.'], ['the objects are balls and the balls are in a pile.'], ['this is a set of colorful balls.'], ['the objects are toys.'], ['a: a: a: a: a: a: a: a: a: a: a: a: a: a: a: a:'], ['the objects are in the image.'], ['the objects are in the image.']]"
data/images/noun/2049-600.jpg,2049,slide whistle,19,44,39,10,"[['the object in the image is a pen.'], ['the image shows a person holding a pen, a pencil, a ruler, and a ruler.'], ['the image is a representation of the objects in the image.'], ['the image is of a pencil, a pen, a ruler, a pen, a pencil, a pen, a pencil, a pen, a pen, a'], ['the image shows a person holding a pencil.'], ['the image is a diagram of the body parts of a person.'], ['the objects are in the image are : - \\na: the objects are in the image are : - \\na: the objects are in the image'], ['the image shows a bunch of objects that are used in the construction of the building.'], ['the image shows the object in the middle of the image.'], ['the image shows a pencil, a ruler, a pencil sharpener, a pen, a pencil sharpener, a pen, a pencil, a ruler, a'], ['the image is a drawing of a person holding a pen.'], ['the image shows the object in the center of the image.'], ['the image shows a person holding a pencil.'], ['the object in the image is a ball.'], ['the object in the image is a plastic ball.'], ['the image is a representation of a person holding a pencil.'], ['the image shows a pen, a pencil, a ruler, a tape measure, a ruler, a pencil, a ruler, a pen, a pencil, a'], ['the object in the image is a metal hook.'], ['the objects are a pencil, a ruler, a tape measure and a pen.'], ['the objects in the image are the following : \\n \\n \\n \\n \\n \\n \\n \\n \\n \\n \\n \\'], ['the objects are : \\n1.'], ['the image is a drawing of a pen, a pencil, a ruler, and a pencil sharpener.'], ['the objects are in the image.'], ['the image is a closeup of the image of a pencil.'], ['the image shows a pen, a pencil, a ruler, a tape measure, and a ruler.'], ['the objects are : - a pencil - a ruler - a tape measure - a pen - a pen holder - a pen - a pen holder - a pen -'], ['the image is a picture of a pencil.'], ['the object is a metal bar with a hook on the end.'], ['the image is a close up of a pen, which is the only object in the image.'], ['the image shows a pencil and a ruler.'], ['the objects in the image are : \\n1.'], ['the image shows a bunch of objects.'], ['the image is a picture of a pen, a pencil, a ruler, a tape measure, a ruler, a pencil, a ruler, a pen, a'], ['the image shows a pen and a pencil.'], ['the image shows the objects that are in the image.'], ['the image shows the objects that are in the image.'], ['the image is of a pencil and a ruler.'], ['the objects in the image are : \\n1.'], ['the image shows a pencil and a ruler.'], ['the image is a drawing of a pen, a pencil, a ruler, a ruler, a ruler, a ruler, a ruler, a ruler, a ruler']]"
data/images/noun/2050-600.jpg,2050,mobile phone stand for a car,31,68,45,0,"[['the image shows the object in the center of the image.'], ['the image shows a small object.'], ['the image shows the objects that are in the image.'], ['the image shows the object.'], ['the objects are the following : \\n \\n \\n \\n \\n \\n \\n \\n \\n \\n \\n \\n \\n'], ['the image shows a standard air conditioner.'], ['the image shows the objects that are in the image.'], ['the image is a part of the product.'], ['the image shows the objects that are in the image.'], ['the image shows the objects that are in the image.'], ['the image shows the objects that are used to make the air conditioner.'], ['the objects in the image are the following : \\n1.'], ['the image shows a part of the product.'], ['the image shows a person wearing a helmet.'], ['the image is a diagram of the objects in the image.'], ['the image shows the object in the center of the image.'], ['the image shows a set of objects, including a round object, a square object and a rectangular object.'], ['the image shows the objects in the image.'], ['the objects in the image are the following : \\n \\n \\n \\n \\n \\n \\n \\n \\n \\n \\n \\'], ['the image shows the parts of a car.'], ['the image shows the objects in the image.'], ['the image shows a part of the product.'], ['the image shows the objects in the image.'], ['the image is a picture of the product.'], ['the objects are the following: \\n1.'], ['the objects are the following: \\n1.'], ['the image shows the object in the middle of the image.'], ['the objects in the image are : \\n \\n \\n \\n \\n \\n \\n \\n \\n \\n \\n \\n \\'], ['the image shows the objects in the image.'], ['the image shows a close up of a circular object.'], ['the image shows the objects that are in the image.'], ['the image shows a manhole cover, which is a device that is used to cover the opening of a manhole.'], ['the image shows the objects that are in the image.'], ['the image is a part of a set of parts.'], ['the objects in the image are the following: \\n \\n \\n \\n \\n \\n \\n \\n \\n \\n \\n \\'], ['the image shows a typical object in the office.'], ['the objects in the image are as follows \\n \\n \\n \\n \\n \\n \\n \\n \\n \\n \\n \\n'], ['the image is a picture of a part of a car.'], ['the image shows a part of a screw.'], ['the image shows a set of the objects.']]"
data/images/noun/2051-600.jpg,2051,finger castanet,53,60,47,9,"[['the objects are a chair, a table, a bowl, a cup, a spoon, a plate, a knife, a fork, a spoon, a spoon'], [""the objects in the image are a child's toy and a water bottle.""], ['the objects in the image are a green plastic toy, a white plastic toy, a pink plastic toy, a yellow plastic toy, a blue plastic toy, a'], ['the objects in the image are a set of plastic plates.'], ['the image shows a set of plastic dishes.'], ['the objects are the following : \\n1.'], ['the image shows a table with a chair.'], ['the objects are a plate, a spoon, a cup, a bowl, a knife, a fork, a knife, a spoon, a knife, a fork'], ['the image is a picture of a toy.'], ['the image is a picture of a set of four plastic toys.'], ['the objects in the image are a cup, a spoon, a plate, a knife, a fork, a knife, a spoon, a cup, a bowl'], ['the objects are a set of four plastic toys.'], ['the image shows a set of objects.'], ['the objects in the image are a spoon, a bowl, a knife, a fork, a cup, a spoon, a knife, a fork, a knife'], ['the image shows a collection of toys.'], ['the objects are a plate, a bowl, a spoon, a fork, a knife, a cup, a bowl, a plate, a glass, a mug'], ['the objects are a set of plastic toys.'], ['the objects are in the image are a bowl, a spoon, a fork, a knife, a spoon, a cup, a plate, a cup, a'], [""the objects are a child's toy and a small plastic cup.""], ['the objects are the toys in the image.'], ['the image is a collection of objects that can be used as a toy or a decoration.'], ['the image shows a set of objects.'], [""the objects in the image are a child's toy, a pair of scissors and a pair of earrings.""], ['the image shows a variety of objects that can be used in the classroom.'], ['the objects in the image are a fork, a spoon, a knife, a knife, a spoon, a fork, a knife, a fork, a knife'], ['the objects in the image are a plastic plate, a plastic spoon, a plastic fork, a plastic knife, a plastic spoon, a plastic fork, a plastic'], ['the objects in the image are a set of plastic plates, cups, bowls, spoons, forks, knives, and other kitchen utensils.'], ['the image shows a variety of objects that are used in daily life.'], ['the image shows a person with a basket and a child with a toy.'], ['the objects are in the image.'], ['the objects are a chair, a table, a lamp and a bowl.'], ['the image is a photo of a toy.'], [""the objects in the image are a set of children's toys.""], ['the image shows the objects in the image.'], ['the objects are in the image.'], ['the image is a picture of a toy.'], [""the image is a photo of a child's toy.""], ['the objects in the image are a toy, a box, a cup, a spoon, a fork, a knife, a knife, a spoon, a fork'], ['the objects are a chair, a table, a mirror, a lamp, a stool, a pot, a bowl, a cup, a plate, a bowl'], ['the objects are in the image.']]"
data/images/noun/2052-600.jpg,2052,noisemaker,41,53,63,7,"[['the image shows a flower pot.'], ['the image is a representation of the object.'], ['the image shows a set of three objects.'], ['the image is a painting.'], ['the image is a picture of a person.'], ['the image shows a flower and a tree.'], ['the image is a picture of a flower.'], ['the image is a representation of a flower.'], ['the image is of a man holding a flower.'], ['the image is a picture of a flower.'], ['the image shows a plant.'], ['the image shows a person holding a flower.'], ['the image shows a woman holding a flower.'], ['the image shows a flower with a green stem.'], ['the image shows a garden.'], ['the image is a diagram of a person holding a flower.'], ['the image is a set of four objects.'], ['the image shows a bunch of objects that are in the image.'], ['the image shows a flower.'], ['the image is of a flower.'], ['the image shows a person with a hand and a foot.'], ['the image is a representation of the objects in the image.'], ['the image is a picture of a flower.'], ['the image shows a bunch of objects that are all different shapes and sizes.'], ['the image shows a person holding a flower.'], ['the image is a photo of a person holding a flower.'], ['the image shows a person holding a flower.'], ['the image shows a person holding a flower.'], ['the image shows a person holding a tool with a handle.'], ['the image shows a person holding a flower.'], ['the image is a painting.'], ['the image shows a person holding a plant.'], ['the image is a picture of a flower.'], ['the image is a set of objects that can be used to identify the image.'], ['the image shows a man in a garden.'], ['the image shows a person holding a tool.'], ['the image is a photo of a flower.'], ['the image shows a bunch of objects.'], ['the image shows a person holding a flower.'], ['the image shows a person holding a garden hose.']]"
data/images/noun/2053-600.jpg,2053,hand castanet,44,79,45,6,"[['the objects are a pair of scissors.'], ['the red object is a fire extinguisher.'], ['the red object is a fire extinguisher.'], ['the image shows a person holding a shovel.'], ['the image shows a person holding a hammer.'], ['the objects are a red and a blue pole.'], ['the image is a stock photo.'], ['the red object is a hammer.'], ['the red object is a red plastic fork.'], ['the image shows a red and white pole with a flag.'], ['the red object is a fire extinguisher.'], ['the objects are a set of four plastic forks.'], ['the image shows a red and white object.'], ['the image is a picture of a red and white object.'], ['the red object is a fork.'], ['the objects in the image are a set of tools used by the photographer to capture the image.'], ['the image is a picture of a red and white pole.'], ['the image is a red circle with a red arrow pointing to it.'], ['the objects are a set of metal hooks for hanging clothes.'], ['the image is a representation of the object.'], ['the image is a red arrow pointing to the left.'], ['the image is a collection of objects that are used in the production of the film.'], ['the image is a photo of a tool.'], ['the image is a photo of a red object.'], ['the objects in the image are a set of four different types of hand tools.'], ['the image shows a person holding a tool in his hand.'], ['the image shows a person holding a hammer.'], ['the image is a stock image.'], ['the image is a picture of a person.'], ['the image is a representation of a group of objects.'], ['the image shows a person with a red umbrella.'], ['the image shows a man holding a hammer.'], ['the red object is a fire extinguisher.'], ['the red object is a fire extinguisher.'], ['the image shows a red object.'], ['the image shows a man with a hammer.'], ['the image is a collection of objects.'], ['the image shows a person holding a hammer.'], ['the red object is a red bicycle.'], ['the red object is a fire extinguisher.']]"
data/images/noun/2054-600.jpg,2054,floating ball game,3,25,38,48,"[['the objects in the image are a set of three wooden spoons.'], ['the image is a wooden toy that is made by hand.'], ['this is a photo of a wooden toy that was used in the early 1900s.'], ['the image is a stock photo.'], ['the objects in the image are : \\na: the objects in the image are : \\na: the objects in the image are : \\na'], ['the objects are in the image.'], ['the objects in the image are : \\n1.'], ['the objects are in the image.'], ['this image is a part of a set of four objects.'], [""the image is a drawing of a man's hand.""], ['the objects are in the image.'], ['the image is a representation of the objects in the image.'], ['this is a picture of a wooden toy.'], ['the image shows a set of wooden spoons.'], ['the image shows the objects that are in the image.'], ['the image shows a wooden spoon, a wooden spoon, a wooden spoon, a wooden spoon, a wooden spoon, a wooden spoon, a wooden spoon, a'], ['the objects are wooden spoons, a wooden spoon, a wooden spoon, a wooden spoon, a wooden spoon, a wooden spoon, a wooden spoon, a'], ['the image shows a wooden spoon, a wooden spoon, a wooden spoon, a wooden spoon, a wooden spoon, a wooden spoon, a wooden spoon, a'], ['the objects in the image are the tools for the construction of the model.'], ['the objects are on the left of the image.'], ['the objects are the ones that are in the image.'], ['the objects are a wooden spoon, a wooden spoon, a wooden spoon, a wooden spoon, a wooden spoon, a wooden spoon, a wooden spoon, a'], ['the image is a picture of a wooden toy, which is a wooden block with a small hole in the middle.'], ['the image is a photo of a wooden object.'], ['the objects are a wooden spoon, a wooden spoon, a wooden spoon, a wooden spoon, a wooden spoon, a wooden spoon, a wooden spoon, a'], ['the objects in the image are wooden blocks.'], ['the objects are wooden spools.'], ['the objects are in the image.'], ['the objects are in the image.'], ['the objects are a wooden spoon, a wooden spoon, a wooden spoon, a wooden spoon, a wooden spoon, a wooden spoon, a wooden spoon, a'], ['the image is a stock image.'], ['the objects in the image are a set of wooden spoons.'], ['the objects in the image are a hammer, a screwdriver, a wrench, a small knife, a small spoon, a small bowl, a small cup,'], ['the objects are in the image.'], ['the image shows the objects in the image.'], ['the image shows a wooden object with a handle.'], ['this is a picture of a wooden block.'], ['the objects are in the image.'], ['the objects in the image are the following : \\n \\n \\n \\n \\n \\n \\n \\n \\n \\n \\n \\'], ['the image shows a wooden spoon, a wooden spoon, a wooden spoon, a wooden spoon, a wooden spoon, a wooden spoon, a wooden spoon, a']]"
data/images/noun/2055-600.jpg,2055,aroma therapy oil burner,13,33,53,13,"[['the image is a collection of objects.'], ['the image is made up of a combination of different objects.'], ['the image is made up of several objects.'], ['the image is made up of a group of objects that are in the shape of a cylinder.'], ['the objects are in the image.'], ['the image is a collection of objects, such as a table, a chair, a lamp, a lamp, a lamp, a lamp, a lamp, a'], ['the image is made up of 3 objects.'], ['the image is a collection of objects from the collection of the company.'], ['the image is made of objects of different sizes and colors.'], ['the image is a combination of two objects : a green and a white object.'], ['the objects in the image are a set of 3 - 4 - 5 - 6 - 7 - 8 - 9 - 10 - 11 - 12 - 13 - 14'], ['the image is a collection of objects.'], ['the image is made up of objects from the collection of the company.'], ['the image shows a set of objects in a room.'], ['the image shows a set of objects that are made of a transparent material.'], ['the image is made up of different objects, each of which has a different color.'], [""the image is made up of a collection of objects called 'the concrete jungle' by designer, which are available in a range of colours and sizes.""], ['the image is a collection of objects.'], ['the image is a collection of objects from the collection of the designer.'], ['the image is made of a collection of small objects.'], ['the image is made up of a variety of objects including a chair, a table, a lamp, a lampshade, a table, a lamp, a'], ['the objects are in the image \\nq: what is the color of the object in the image? \\na: the color of the object is white'], ['the objects are in the image.'], ['the objects are a set of plastic balls.'], ['the image is made up of several objects.'], ['the image is a collection of objects, each with a different color and texture.'], ['the image is a collection of objects.'], ['the image is made up of a series of objects that are all in the same shape and size.'], ['the image shows a collection of objects from the brand, which are designed by.'], ['the image is made of a variety of objects, including a table, a chair, a lamp, a vase, a mirror, a lamp, a lamp'], ['the image is a photo of a white ceramic object.'], ['the objects are in the image.'], ['the image is a collection of objects from the collection of the company.'], ['the image is a collection of objects, each of them is a different object.'], ['the image is a 3d model of a light fixture.'], ['the objects in the image are a set of four chairs.'], ['the image is made up of a series of small objects.'], ['the image is a collection of objects from the collection of the designer.'], ['the image is a group of objects that are in a group.'], ['the image is made up of several objects.']]"
data/images/noun/2056-600.jpg,2056,dog toy,19,59,61,13,"[['this is a color illustration of a toy airplane.'], ['the objects in the image are the ones that are in the image.'], ['the image shows a model of a ship with a model of a person.'], ['the image shows a bunch of objects.'], ['the objects in the image are a set of toys.'], ['the objects in the image are : - a: a - b: b - c: c - d: d - e: e - f: f -'], ['the image is a part of the set of objects.'], ['the image is a part of a set of toys.'], ['this is a coloring page of the toy, which is a toy.'], ['the objects in the image are a set of blocks that can be stacked together to form a variety of shapes.'], ['the objects are shown in the image.'], ['the objects in the image are the different colors of the rainbow.'], ['the image shows a set of objects, each one is a different color.'], ['the objects in the image are a set of wooden blocks that are used in a game of catch.'], ['the objects are in the image.'], ['the image shows a person, a toy, a dog, a cat, a horse, a sheep, a pig, a rabbit, a duck, a pengu'], ['the image shows a bunch of objects that are in the shape of a triangle.'], ['the objects are in the image.'], ['this is a set of objects.'], ['the objects are in the image.'], ['the objects in the image are all different shapes and sizes.'], ['the image shows a person, a car, a boat, a plane, a train, a plane, a helicopter, a plane, a rocket, a rocket'], ['the objects are a variety of shapes and colors.'], ['the objects are in the image \\nq: what objects are in the image? \\na: the objects are in the image \\nq: what'], ['the objects in the image are : \\n \\n \\n \\n \\n \\n \\n \\n \\n \\n \\n \\n \\'], ['the objects are the colored shapes in the image.'], ['this is a color image of a toy.'], ['the image is a 3d model of a toy car with a rotating wheel.'], ['the image is a picture of a wooden toy, a toy with a handle.'], ['the objects in the image are a set of colorful toys.'], ['the image shows a group of objects.'], ['the objects are in the image \\nq: what is the image of? \\na: the image is a picture of a plane \\nq:'], ['the image is a representation of a toy.'], ['the objects are part of a set of toy blocks.'], ['the objects are in the image \\nb: the objects are in the image \\nc: the objects are in the image \\nd: the objects'], ['the image shows a toy airplane in the shape of a triangle.'], ['the objects in the image are a set of plastic blocks.'], ['the image is a representation of a set of objects.'], ['the image shows a toy car with a person on it.'], ['the image is a representation of a set of objects.']]"
data/images/noun/2057-600.jpg,2057,spout for watering can,34,32,35,3,"[['the image is a part of a set of objects.'], ['the image shows a red circle with a white dot in the center.'], ['the image is a picture of a red object.'], ['the red object is a red plastic ball, the yellow object is a yellow plastic ball, the blue object is a blue plastic ball, the green object is a'], ['this is a close up of the image.'], ['the image is a part of the product.'], ['the image is a picture of a red object.'], ['the image is a close up of a small object.'], ['the image is a diagram of a model of a person.'], ['the image is a picture of a person.'], ['the image shows a person with a red hat, a red umbrella, a red bag, a red coat, a red coat, a red jacket, a red'], ['this image is a part of the set of objects.'], ['the image shows a red object, a white object, a yellow object and a blue object.'], ['the red object is a red ball.'], ['the image is a photo of a red ball.'], ['the image is a picture of a person.'], ['the image is a close up of a red and white plastic object.'], ['the image is a diagram of a small object.'], ['the image shows the objects in the image.'], ['the red object is a red plastic bottle.'], ['the image is a part of the product.'], ['the image is a part of the product.'], ['the image is a part of a set of objects.'], ['the red object is a plastic bucket with a handle.'], ['this is a picture of a red and white ball.'], ['the image is a part of the product.'], ['the image is a part of a set of 4 images.'], ['the image shows a person wearing a red cap.'], ['this image is a part of the set of objects in the image.'], ['the red objects are in the image are in the shape of a football.'], ['the image shows the object in the image.'], ['the image shows a man with a red helmet.'], ['the image is a part of the product.'], ['the image is a representation of the objects in the image.'], ['the red object is a red ball.'], ['the image shows a person, a small child, a small animal, a small animal, a small animal, a small animal, a small animal, a small'], ['this image is a part of the red color.'], ['this is a picture of a person.'], ['this is a picture of a person.'], ['the image is a part of a set of objects that are in the image.']]"
data/images/noun/2058-600.jpg,2058,hole for children golf game,22,33,58,3,"[['the image is a picture of a pink object.'], ['the image shows a variety of objects.'], ['the image is a picture of a pink object.'], ['the image shows a person wearing a pink hat and a pink coat.'], ['the image shows a small plastic object.'], ['the image is a collection of objects.'], ['the image is a diagram of the object.'], ['the image shows a person wearing a pink hat and a pink dress.'], ['the image shows a set of objects.'], ['the image shows a variety of objects, including a flower, a table, a bowl, a vase, a bowl, a bowl, a plate, a'], ['the image shows a group of objects.'], ['the image shows a picture of a pink and white object.'], ['the image shows a pink object and a white object.'], ['the image shows a small pink object.'], ['the image is a picture of a pink object.'], ['the image shows a woman holding a baby.'], ['the image is a picture of a woman.'], ['the image shows a variety of objects, including a dog, a cat, a pig, a fish, a horse, a duck, a rabbit, a cow'], ['the image shows a pink and white object.'], ['the image shows a pink and white circular object.'], ['the image shows a variety of objects that are used in the bathroom.'], ['the image shows a pink object and a white object.'], ['the image shows a pink object.'], ['the image shows a pink object.'], ['the image is a picture of a pink plastic object.'], ['the image shows a collection of objects, including a small, pink, and yellow object.'], ['the image is a picture of a pink object.'], ['the image shows a variety of objects, including a chair, a book, a cup, a knife, a spoon, a pen, a phone, a pen'], ['the image shows a pink object, a yellow object, a white object and a blue object.'], ['the image is a representation of the object.'], ['the image shows a pink and white striped object.'], ['this image is a part of a set of images that were used to teach the concept of a circle.'], ['the image shows a pink object and a yellow object.'], ['the image shows a bunch of objects.'], ['the image shows a white and pink object.'], [""the image is a diagram of a woman's vagina.""], ['the image is a representation of the object.'], ['the image is a collection of objects.'], ['the image shows a pink and white object.'], ['the image shows a pink and white object.']]"
data/images/noun/2059-600.jpg,2059,maraca pen,75,92,28,0,"[['the image shows the objects in the image.'], ['the objects are a pen, a ball, a pen, a ball, a pen, a ball, a pen, a ball, a pen, a ball'], ['the image shows the objects in the image.'], ['the objects in the image are : \\n \\n \\n \\n \\n \\n \\n \\n \\n \\n \\n \\n \\'], ['the image is a picture of a man holding a ball in his hand.'], ['the image shows a man holding a small ball.'], ['the image shows a person with a red ball in his hand.'], ['the image shows a person holding a ball.'], ['the image shows a man with a red ball in his hand.'], ['the image is a picture of a ball with a red dot on it.'], ['the image shows a red ball, a green ball, a blue ball, a yellow ball, a white ball, a pink ball, a blue ball, a'], ['the objects in the image are : \\n \\n \\n \\n \\n \\n \\n \\n \\n \\n \\n \\n \\'], ['the objects in the image are a pen, a ruler, a ruler, a ruler, a ruler, a ruler, a ruler, a ruler, a ruler'], ['the image is a toy.'], ['the image shows the objects that are in the image.'], ['the image is a picture of a hand with a ball in it.'], ['the image is a representation of a person.'], ['the image shows the object, which is a toy.'], ['the image shows the objects in the image.'], ['the objects are the following : \\n1.'], ['the image shows a person holding a small ball.'], ['the image shows a white object with a red and blue stripe.'], ['the image shows a toy ball, a small ball, a small ball, a small ball, a small ball, a small ball, a small ball, a'], ['the image shows a person holding a ball.'], ['the image is a set of objects that are used in the game.'], ['the image shows a man with a black penis and a woman with a white vagina.'], ['the image shows a person, a ball, a spoon, a knife, a fork, a spoon, a cup, a cup, a cup, a cup'], ['the image shows a person holding a ball in their hand.'], ['the image is a representation of a person.'], ['the objects are : a : a : a : a : a : a : a : a : a : a : a : a : a : a :'], ['the image is a representation of the object.'], ['the image shows a person, a ball, a cup, a box, a ball, a ball, a cup, a box, a ball, a ball'], ['the objects are : a ball, a spoon, a cup, a fork, a knife, a spoon, a fork, a knife, a spoon, a'], ['the image is a toy that has a small ball inside.'], ['the objects in the image are : \\n - a ball \\n - a ball with a string \\n - a ball with a string with a ball \\'], ['the image shows a person in a chair.'], ['the image shows a set of objects.'], ['the image shows a person holding a ball, a tennis racket, a racket, a racket, a racket, a racket, a racket, a racket, a'], ['the image shows a man and a woman.'], ['the objects are in the image.']]"
data/images/noun/2060-600.jpg,2060,dog toy with removed rope,38,32,55,29,"[['the image is made of objects.'], ['the image is a collection of objects.'], ['the objects are in the image.'], ['the objects are in the image are : \\n\\n1.'], ['the objects in the image are : \\n - a glass of water \\n - a glass of water with a drop of red food coloring \\n - a'], ['the red object is a flower, the green object is a leaf, the blue object is a water drop, the yellow object is a flower, the orange object'], ['the objects are the red, green, and blue balls in the image.'], ['the objects are in the image are in the form of a sphere.'], ['the objects are in the image are in the shape of a circle.'], ['the red object is a red object.'], ['the objects in the image are : \\n \\n \\n \\n \\n \\n \\n \\n \\n \\n \\n \\n \\'], ['the red object is a red ball.'], ['the image shows a group of objects.'], ['the objects are in the image are in the image.'], ['the red objects are the ones that are in the image.'], ['the image shows a bunch of flowers, which are made of water.'], ['the objects in the image are the red and blue spheres.'], ['the objects are in the image.'], ['this image is a collection of objects from the popular game.'], ['the objects in the image are a mixture of different types of objects.'], ['the objects are in the image are in the form of a cube.'], ['the objects in the image are : \\n - a: a red ball \\n - b: a red ball with a hole in it \\n - c'], ['the red object is a piece of red candy.'], ['the objects in the image are the following : \\n \\n 1.'], ['the objects are in the image are the following: \\n \\n \\n \\n \\n \\n \\n \\n \\n \\n \\n'], ['the image shows a group of objects.'], ['the image is a collection of objects.'], ['the red object is a red ball, the yellow object is a yellow ball, the blue object is a blue ball, the green object is a green ball,'], ['the objects in the image are : \\n \\n \\n \\n \\n \\n \\n \\n \\n \\n \\n \\n \\'], ['the image is made of the objects.'], ['the red object is a flower.'], ['the objects are in the image are : \\n \\n \\n \\n \\n \\n \\n \\n \\n \\n \\n \\n'], ['the image shows a bunch of objects in a glass jar.'], ['the red object is a red ball, the yellow object is a yellow ball, the green object is a green ball, the blue object is a blue ball,'], ['the red object is a fire extinguisher.'], ['the objects in the image are : \\n \\n \\n \\n \\n \\n \\n \\n \\n \\n \\n \\n \\'], ['the objects in the image are : \\n \\n \\n \\n \\n \\n \\n \\n \\n \\n \\n \\n \\'], ['the objects are in the image.'], ['the image shows a group of objects.'], ['the image is made of a group of objects.']]"
data/images/noun/2061-600.jpg,2061,dog toy,53,53,59,13,"[['the image shows a toy with a ball on a chain.'], ['the objects in the image are a ball, a cube, a cylinder, a ring, a cone, a sphere, a pyramid, a star, a ring'], ['the image shows a variety of objects.'], ['the image shows a bunch of toys.'], ['the image shows a toy with a ball on a string.'], ['the image shows a variety of objects, including a ball, a ring, a star, a circle, a triangle, a square, a cube, a sphere'], ['the objects in the image are the following: \\n \\n \\n \\n \\n \\n \\n \\n \\n \\n \\n \\'], ['the image shows a toy that is made of plastic.'], ['the objects in the image are a plastic toy.'], ['the objects are a ball, a ring, a star, a ring, a ring, a ball, a ball, a ring, a star, a ball'], ['the image shows a toy with a ball and a chain.'], ['the objects in the image are a ball, a ring, a ring with a ball, a ring with a ball, a ball, a ring with a ball'], ['the image shows a toy car, a ball, a ring, a ring, a toy, a toy, a toy, a toy, a toy, a'], ['the image shows a bunch of toys.'], ['the image shows a toy.'], ['the objects in the image are : \\n1.'], ['the image shows a toy car with a green ball on the top.'], ['the objects are in the image are : \\n1.'], ['the image shows a green and white toy with a ball on top.'], ['the objects in the image are a set of 3 colorful balls.'], ['the objects are balls of different colors.'], ['the objects in the image are a set of balls.'], ['the image shows a set of colorful balls.'], ['the objects are in the image are : \\n1.'], ['the objects in the image are a ball, a ball, a ball, a ball, a ball, a ball, a ball, a ball, a ball'], ['the image shows a colorful toy.'], ['the objects in the image are : \\n1.'], ['the objects are in the image.'], ['the objects in the image are the following : \\n \\n \\n \\n \\n \\n \\n \\n \\n \\n \\n \\'], ['the image shows a toy with a ball and a handle.'], ['the image shows a bunch of objects.'], ['the image shows a toy with a green ball and a black ring.'], ['the image shows a toy with a ball inside it.'], ['the objects in the image are a set of 3 balls.'], ['the image shows a toy, a ball, a toy, a toy, a toy, a toy, a toy, a toy, a toy, a toy'], ['the objects are a variety of toys.'], ['the objects in the image are : \\n1.'], ['the image shows a set of 3 toys.'], ['the image shows a toy with a ball on top.'], ['the image shows a toy car, a toy truck, a toy boat, a toy car, a toy train, a toy helicopter, a toy airplane, a']]"
data/images/noun/2062-600.jpg,2062,dog toy,44,56,29,42,"[['the image is a photograph of a necklace with a pendant.'], ['the image shows a ring with a small round cutout.'], ['this is a picture of a necklace that i made for my daughter.'], ['the image shows a bunch of orange and yellow beads.'], [""this is a photo of a piece of jewelry called a 'diamond'.""], ['the image is a photograph of a red coral.'], ['the image is a photograph of a sculpture by artist.'], [""the image shows a collection of objects from the '90s.""], ['the image is a photo of a necklace.'], ['the object in the image is a pendant.'], ['the object in the image is a diamond.'], ['this is a photo of a necklace, which is made of plastic.'], ['the image is a close up of a gold ring.'], ['the objects in the image are : 1.'], ['the object in the image is a large red pendant with a round cutout on the front.'], ['the image shows a close up of a beautiful ring.'], ['the image is a close up of a large orange coral.'], ['the objects are in the image.'], ['the objects are in the image.'], ['the object is a pendant with a chain.'], ['the object in the image is a ring.'], ['the image shows a close up of a turquoise and orange ring.'], ['the object is a necklace with a pendant.'], ['the objects in the image are the following : \\n \\n \\n \\n \\n \\n \\n \\n \\n \\n \\n \\'], ['the objects are in the image.'], ['this is a close up of a pendant.'], ['the image shows a beautiful bracelet made of gold.'], ['the image is a photograph of a coral, a fossil, and a fossilized coral.'], ['the image shows a collection of colorful objects.'], ['the image is a collection of objects from the film, which is a fictional story about a woman who is forced to wear a crown of jewels that she hates.'], ['the objects in the image are : \\n - a ring with a diamond in it \\n - a bracelet with a diamond in it \\n - a necklace'], ['the image is of a pair of earrings.'], ['the image shows a bracelet with a large stone.'], ['the image is a close up of a coral, which is a type of sea life.'], ['the objects are in the image.'], ['the image is a representation of a set of objects.'], ['the image is a close up of a coral bracelet.'], ['the object is a large red and white plastic bead.'], ['the image is of a pair of earrings by designer.'], ['the objects are in the image.']]"
data/images/noun/2063-600.jpg,2063,magic loops,25,38,13,19,"[['the objects in the image are the following : \\n \\n \\n \\n \\n \\n \\n \\n \\n \\n \\n \\'], ['this image shows a collection of objects that are used in the design of the product.'], ['the image shows a model of a brain.'], ['the objects in the image are : \\n1.'], ['this image is a representation of the objects in the image.'], ['the objects are in the image to show the difference between the different types of objects in the image.'], ['this is a 3d model of a sphere.'], ['the objects in the image are a series of rings and balls.'], ['the objects are made of different materials and are arranged in a circle.'], ['the objects are shown in the image in a random order.'], ['the image is a representation of the objects in the image.'], ['the objects are a collection of different objects that have been used in the making of this image.'], ['the objects in the image are : \\n1.'], ['a series of objects in a circle.'], ['the objects in the image are the following : \\n1.'], ['this is a 3d model of a sphere with a ball and chain attached to it.'], ['the objects are in the image \\nq: what objects are in the image? \\na: the objects are in the image \\nq: what'], ['the objects are in the image \\nq: what objects are in the image? \\na: the objects are in the image \\nq: what'], ['the objects are a collection of objects from the game.'], ['the objects are in the image.'], ['a series of objects and their functions \\nq: what objects are in the image? \\na: a series of objects and their functions \\nq'], ['the objects are the rings of the planet saturn.'], ['the image is a representation of the objects in the image.'], ['the objects are in the image.'], ['the objects in the image are a set of spheres in a circular pattern.'], ['the objects are made of plastic and are hanging on the ceiling.'], ['the image is a 3d model of a space station.'], ['this image is a 3d model of a sphere with a central opening.'], ['a collection of objects in the image \\nq: what objects are in the image? \\na: a collection of objects in the image \\nq'], ['the objects are in the image.'], ['the image is a collection of objects that are in the image.'], ['this image is a representation of the objects in the image.'], ['the image shows a person holding a ball in his hand.'], ['the objects are in the image are the planets and stars in the sky \\nq: what is the image of the image? \\na: the image'], ['a: a: a: a: a: a: a: a: a: a: a: a: a: a: a: a:'], ['the objects are in the image to show the variety of objects that can be made from the material.'], ['the objects are the following : \\n - a ball with a rope attached to it \\n - a chain with a ball attached to it \\n - a'], ['the objects are shown in the image.'], ['the image shows a collection of objects that are used to create a design.'], ['the objects in the image are : \\n1.']]"
data/images/noun/2064-600.jpg,2064,massager,28,33,45,3,"[['the image is of a water pipe with a valve on the end.'], ['the image shows a set of objects.'], ['this is a 3d rendering of a 3d object.'], ['the image shows a set of objects in a 3d environment.'], ['the image is a 3d rendering of a 3d object.'], ['the image shows a metal pipe.'], ['the image shows a rotating object.'], ['the image is a 3d rendering of a 3d object.'], ['the image is a 3d model of a water fountain.'], ['the image is a 3d model of a water fountain.'], ['this image shows the 3d model of a water pipe.'], ['the image is a vector illustration of a person holding a tool.'], ['the image shows a water fountain with a spout.'], ['this image is a collection of objects that are in the image.'], ['this is a picture of a water fountain.'], ['the image is a vector illustration of a water fountain.'], ['the image is a 3d rendering of a water fountain.'], ['the image is a 3d rendering of a plastic water pipe.'], ['the image shows a water pipe.'], ['the image is a collection of objects.'], ['the image is a 3d rendering of a 3d object.'], ['the image shows a man with a metal pipe in his hand.'], ['this is a 3d model of a valve.'], ['click the image to see a larger version of the image.'], ['click on the image to see the list of objects.'], ['the image is a 3d rendering of a model of a water fountain.'], ['the image is a collection of objects.'], ['the image is a water fountain with a fountain head.'], ['this is a small part of a larger set of objects.'], ['the image is a collection of objects.'], ['the image shows a set of objects, each of which is a different color.'], ['this is a 3d rendering of a 3d object.'], ['the image shows a set of objects.'], ['the image is a part of the vector set of the objects.'], ['the image is a 3d rendering of a water fountain.'], ['this image is a vector.'], ['the image is a diagram of the hydraulic system.'], ['the image is a 3d model of a common household object.'], ['the image is a 3d rendering of a plastic water bottle.'], ['this image is a vector illustration of a spool.']]"
