index,image_file,llava_filtered_output
2,data/images/quantifier/test_2.png,"['the smaller part', 'some', 'some', 'the smaller part', 'some', 'some', 'some', 'many', 'few', 'all', 'few', 'few', 'many', 'few', 'few', 'none', 'some', 'almost all', 'many', 'some', 'all', 'all', 'almost all', 'most', 'some', 'none', 'some', 'none', 'few', 'many', 'almost none', 'the smaller part', 'all', 'many', 'none', 'none', 'some', 'some', 'all', 'none']"
5,data/images/quantifier/test_5.png,"['some', 'the smaller part', 'many', 'none', 'most', 'most', 'none', 'some', 'some', 'many', 'none', 'all', 'few', 'some', 'many', 'some', 'all', 'the smaller part', 'few', 'many', 'few', 'some', 'all', 'few', 'almost all', 'few', 'some', 'some', 'all', 'most', 'almost all', 'some', 'few', 'most', 'the smaller part', 'many', 'all', 'many', 'all', 'none']"
13,data/images/quantifier/test_13.png,"['some', 'many', 'some', 'many', 'some', 'almost all', 'some', 'few', 'almost all', 'some', 'some', 'some', 'some', 'most', 'most', 'the smaller part', 'many', 'some', 'few', 'most', 'all', 'few', 'some', 'many', 'many', 'few', 'some', 'all', 'few', 'most', 'almost none', 'almost all', 'few', 'some', 'none', 'few', 'almost all', 'few', 'few', 'the smaller part']"
16,data/images/quantifier/test_16.png,"['none', 'most', 'some', 'most', 'almost none', 'most', 'some', 'all', 'some', 'the smaller part', 'few', 'almost none', 'many', 'almost all', 'many', 'almost none', 'almost none', 'some', 'some', 'some', 'most', 'almost none', 'all', 'most', 'most', 'many', 'the smaller part', 'some', 'many', 'few', 'few', 'some', 'many', 'all', 'few', 'the smaller part', 'many', 'all', 'the smaller part', 'some']"
20,data/images/quantifier/test_20.png,"['almost none', 'the smaller part', 'many', 'few', 'few', 'many', 'most', 'some', 'the smaller part', 'some', 'most', 'many', 'almost all', 'many', 'few', 'all', 'all', 'all', 'some', 'some', 'almost none', 'some', 'almost none', 'few', 'few', 'many', 'few', 'some', 'none', 'few', 'almost all', 'some', 'all', 'all', 'many', 'some', 'many', 'some', 'almost none', 'some']"
24,data/images/quantifier/test_24.png,"['some', 'some', 'most', 'few', 'none', 'the smaller part', 'some', 'some', 'many', 'some', 'many', 'few', 'none', 'all', 'some', 'almost none', 'almost all', 'many', 'almost all', 'most', 'some', 'some', 'almost all', 'all', 'few', 'many', 'some', 'few', 'some', 'almost none', 'almost all', 'many', 'many', 'some', 'most', 'many', 'many', 'few', 'many', 'all']"
25,data/images/quantifier/test_25.png,"['some', 'all', 'most', 'none', 'some', 'few', 'some', 'almost none', 'few', 'most', 'the smaller part', 'few', 'few', 'few', 'most', 'some', 'some', 'many', 'most', 'almost all', 'all', 'some', 'some', 'some', 'almost all', 'some', 'all', 'the smaller part', 'few', 'some', 'many', 'some', 'all', 'the smaller part', 'all', 'some', 'most', 'most', 'some', 'some']"
29,data/images/quantifier/test_29.png,"['none', 'some', 'many', 'almost none', 'most', 'some', 'few', 'most', 'none', 'few', 'almost all', 'most', 'all', 'none', 'the smaller part', 'some', 'almost all', 'the smaller part', 'some', 'the smaller part', 'almost all', 'few', 'few', 'few', 'some', 'almost none', 'some', 'few', 'many', 'the smaller part', 'almost all', 'many', 'the smaller part', 'none', 'none', 'some', 'some', 'few', 'many', 'some']"
37,data/images/quantifier/test_37.png,"['some', 'the smaller part', 'almost none', 'few', 'some', 'some', 'many', 'many', 'many', 'almost all', 'all', 'all', 'many', 'few', 'many', 'some', 'all', 'all', 'many', 'many', 'some', 'some', 'the smaller part', 'few', 'some', 'few', 'some', 'almost all', 'some', 'all', 'all', 'some', 'few', 'most', 'almost none', 'few', 'most', 'many', 'almost all', 'few']"
44,data/images/quantifier/test_44.png,"['many', 'few', 'some', 'almost all', 'none', 'most', 'almost none', 'the smaller part', 'few', 'most', 'almost all', 'some', 'none', 'few', 'some', 'few', 'some', 'few', 'some', 'all', 'few', 'most', 'almost none', 'some', 'almost all', 'some', 'all', 'some', 'some', 'most', 'none', 'some', 'almost none', 'almost all', 'few', 'few', 'many', 'many', 'the smaller part', 'some']"
46,data/images/quantifier/test_46.png,"['the smaller part', 'some', 'most', 'many', 'many', 'almost none', 'some', 'many', 'some', 'none', 'few', 'few', 'few', 'some', 'some', 'most', 'almost none', 'many', 'the smaller part', 'almost all', 'none', 'some', 'many', 'all', 'many', 'all', 'almost all', 'some', 'few', 'almost none', 'the smaller part', 'few', 'none', 'almost none', 'many', 'none', 'some', 'few', 'some', 'many']"
49,data/images/quantifier/test_49.png,"['few', 'few', 'almost all', 'many', 'some', 'few', 'none', 'some', 'all', 'the smaller part', 'many', 'none', 'few', 'almost all', 'many', 'some', 'almost all', 'few', 'all', 'most', 'many', 'many', 'almost none', 'some', 'few', 'most', 'none', 'some', 'almost none', 'some', 'almost all', 'all', 'almost all', 'some', 'almost all', 'all', 'all', 'none', 'many', 'all']"
52,data/images/quantifier/test_52.png,"['some', 'none', 'all', 'some', 'none', 'almost none', 'few', 'none', 'many', 'many', 'almost all', 'some', 'many', 'some', 'few', 'the smaller part', 'many', 'some', 'many', 'almost all', 'many', 'most', 'few', 'few', 'the smaller part', 'all', 'all', 'some', 'some', 'few', 'almost all', 'none', 'none', 'many', 'almost all', 'all', 'few', 'few', 'some', 'few']"
56,data/images/quantifier/test_56.png,"['some', 'all', 'few', 'few', 'all', 'some', 'the smaller part', 'some', 'almost none', 'many', 'some', 'some', 'some', 'some', 'few', 'almost none', 'some', 'some', 'many', 'all', 'none', 'none', 'almost none', 'all', 'many', 'many', 'almost all', 'few', 'almost none', 'almost all', 'some', 'all', 'none', 'some', 'many', 'almost all', 'most', 'many', 'almost none', 'few']"
60,data/images/quantifier/test_60.png,"['few', 'few', 'few', 'few', 'few', 'most', 'few', 'most', 'almost none', 'few', 'almost all', 'few', 'many', 'some', 'many', 'many', 'many', 'most', 'few', 'all', 'all', 'almost none', 'few', 'some', 'few', 'all', 'the smaller part', 'none', 'few', 'none', 'almost all', 'many', 'most', 'many', 'almost all', 'all', 'almost none', 'none', 'few', 'some']"
63,data/images/quantifier/test_63.png,"['many', 'few', 'few', 'almost none', 'all', 'some', 'few', 'almost all', 'almost none', 'all', 'the smaller part', 'many', 'many', 'some', 'some', 'few', 'many', 'the smaller part', 'some', 'almost none', 'most', 'many', 'almost none', 'many', 'some', 'many', 'all', 'some', 'few', 'some', 'many', 'almost all', 'some', 'many', 'the smaller part', 'few', 'few', 'few', 'many', 'few']"
66,data/images/quantifier/test_66.png,"['most', 'almost all', 'almost all', 'almost all', 'some', 'almost all', 'few', 'some', 'few', 'many', 'none', 'all', 'few', 'the smaller part', 'all', 'some', 'almost none', 'all', 'many', 'almost all', 'many', 'all', 'almost all', 'almost none', 'none', 'many', 'almost none', 'few', 'most', 'few', 'almost all', 'the smaller part', 'many', 'many', 'almost none', 'some', 'some', 'almost all', 'almost all', 'many']"
69,data/images/quantifier/test_69.png,"['all', 'some', 'most', 'some', 'almost all', 'all', 'all', 'some', 'some', 'some', 'none', 'almost all', 'the smaller part', 'none', 'some', 'some', 'some', 'some', 'many', 'none', 'most', 'none', 'almost none', 'most', 'few', 'all', 'none', 'almost none', 'none', 'some', 'most', 'some', 'most', 'some', 'some', 'few', 'many', 'all', 'many', 'few']"
76,data/images/quantifier/test_76.png,"['some', 'many', 'none', 'few', 'most', 'few', 'almost all', 'all', 'many', 'none', 'most', 'almost all', 'all', 'few', 'all', 'all', 'most', 'almost all', 'most', 'none', 'most', 'the smaller part', 'none', 'some', 'the smaller part', 'some', 'some', 'some', 'many', 'most', 'all', 'some', 'some', 'almost all', 'all', 'almost all', 'most', 'some', 'none', 'the smaller part']"
84,data/images/quantifier/test_84.png,"['some', 'all', 'some', 'all', 'almost all', 'some', 'none', 'all', 'none', 'some', 'many', 'all', 'all', 'the smaller part', 'none', 'few', 'few', 'few', 'some', 'some', 'few', 'some', 'few', 'the smaller part', 'some', 'all', 'most', 'few', 'almost none', 'some', 'almost none', 'some', 'some', 'almost all', 'many', 'some', 'almost all', 'some', 'some', 'almost all']"
86,data/images/quantifier/test_86.png,"['almost all', 'many', 'many', 'all', 'few', 'almost none', 'many', 'all', 'many', 'none', 'many', 'none', 'none', 'many', 'some', 'almost all', 'all', 'almost none', 'few', 'most', 'many', 'some', 'most', 'many', 'few', 'some', 'almost none', 'many', 'some', 'all', 'almost all', 'few', 'few', 'few', 'almost none', 'few', 'some', 'almost none', 'some', 'almost all']"
93,data/images/quantifier/test_93.png,"['all', 'all', 'some', 'all', 'most', 'some', 'all', 'many', 'some', 'most', 'most', 'some', 'some', 'some', 'few', 'some', 'few', 'many', 'almost none', 'few', 'almost all', 'some', 'all', 'few', 'many', 'some', 'some', 'some', 'many', 'almost all', 'the smaller part', 'most', 'the smaller part', 'few', 'some', 'most', 'the smaller part', 'many', 'all', 'some']"
95,data/images/quantifier/test_95.png,"['some', 'many', 'some', 'none', 'most', 'many', 'few', 'almost all', 'some', 'almost none', 'many', 'some', 'few', 'most', 'some', 'almost none', 'most', 'some', 'all', 'almost all', 'none', 'almost all', 'all', 'most', 'few', 'many', 'almost none', 'many', 'all', 'none', 'most', 'almost all', 'some', 'none', 'most', 'the smaller part', 'none', 'few', 'all', 'the smaller part']"
111,data/images/quantifier/test_111.png,"['many', 'some', 'few', 'many', 'most', 'few', 'almost all', 'some', 'few', 'the smaller part', 'most', 'some', 'few', 'all', 'some', 'the smaller part', 'many', 'all', 'some', 'none', 'many', 'many', 'some', 'all', 'almost all', 'many', 'some', 'some', 'none', 'most', 'few', 'many', 'the smaller part', 'many', 'many', 'almost all', 'none', 'many', 'many', 'few']"
112,data/images/quantifier/test_112.png,"['many', 'some', 'almost all', 'some', 'many', 'many', 'some', 'all', 'almost none', 'some', 'some', 'almost none', 'all', 'many', 'some', 'some', 'almost none', 'none', 'none', 'many', 'some', 'some', 'many', 'none', 'some', 'some', 'some', 'almost none', 'some', 'some', 'many', 'some', 'some', 'all', 'none', 'almost none', 'almost none', 'some', 'some', 'some']"
114,data/images/quantifier/test_114.png,"['none', 'some', 'some', 'all', 'some', 'none', 'almost none', 'none', 'none', 'some', 'almost all', 'some', 'few', 'some', 'few', 'all', 'some', 'some', 'many', 'the smaller part', 'almost all', 'none', 'most', 'some', 'some', 'many', 'many', 'all', 'many', 'few', 'almost all', 'some', 'some', 'none', 'many', 'almost all', 'many', 'all', 'few', 'some']"
115,data/images/quantifier/test_115.png,"['almost none', 'most', 'many', 'almost all', 'none', 'some', 'few', 'few', 'few', 'most', 'some', 'some', 'the smaller part', 'few', 'almost none', 'few', 'almost all', 'all', 'almost none', 'many', 'few', 'some', 'all', 'some', 'some', 'all', 'many', 'some', 'all', 'all', 'some', 'many', 'almost all', 'few', 'all', 'few', 'some', 'many', 'few', 'few']"
116,data/images/quantifier/test_116.png,"['few', 'none', 'none', 'almost all', 'all', 'all', 'most', 'many', 'some', 'some', 'almost none', 'all', 'all', 'none', 'almost none', 'some', 'none', 'some', 'many', 'almost none', 'none', 'some', 'almost all', 'few', 'almost all', 'many', 'almost all', 'some', 'all', 'few', 'almost none', 'none', 'most', 'some', 'almost none', 'none', 'few', 'few', 'many', 'all']"
117,data/images/quantifier/test_117.png,"['some', 'none', 'most', 'some', 'none', 'some', 'none', 'most', 'many', 'few', 'many', 'many', 'the smaller part', 'some', 'none', 'almost none', 'some', 'many', 'some', 'most', 'some', 'almost none', 'many', 'none', 'almost none', 'almost all', 'some', 'many', 'many', 'many', 'almost all', 'all', 'most', 'most', 'all', 'some', 'some', 'few', 'many', 'the smaller part']"
119,data/images/quantifier/test_119.png,"['none', 'many', 'most', 'all', 'all', 'some', 'few', 'all', 'some', 'many', 'few', 'many', 'some', 'almost all', 'many', 'most', 'many', 'some', 'few', 'some', 'few', 'most', 'few', 'few', 'many', 'few', 'many', 'all', 'some', 'all', 'some', 'many', 'almost all', 'some', 'many', 'some', 'some', 'few', 'many', 'the smaller part']"
121,data/images/quantifier/test_121.png,"['few', 'many', 'almost all', 'most', 'some', 'many', 'few', 'almost all', 'almost none', 'some', 'all', 'some', 'few', 'many', 'many', 'most', 'none', 'some', 'some', 'many', 'all', 'some', 'all', 'some', 'few', 'many', 'few', 'many', 'almost none', 'almost none', 'some', 'almost all', 'some', 'many', 'almost none', 'many', 'many', 'some', 'all', 'many']"
122,data/images/quantifier/test_122.png,"['many', 'some', 'few', 'almost all', 'almost all', 'few', 'all', 'the smaller part', 'almost none', 'few', 'none', 'most', 'many', 'almost all', 'almost all', 'many', 'all', 'many', 'all', 'none', 'some', 'some', 'the smaller part', 'all', 'almost all', 'all', 'some', 'some', 'some', 'most', 'most', 'almost all', 'many', 'some', 'some', 'some', 'many', 'many', 'none', 'few']"
128,data/images/quantifier/test_128.png,"['some', 'almost none', 'most', 'some', 'the smaller part', 'almost all', 'most', 'all', 'almost all', 'all', 'none', 'none', 'almost none', 'few', 'many', 'none', 'the smaller part', 'many', 'none', 'the smaller part', 'all', 'many', 'almost all', 'few', 'many', 'almost none', 'few', 'many', 'none', 'some', 'almost all', 'none', 'none', 'none', 'the smaller part', 'none', 'some', 'all', 'none', 'none']"
132,data/images/quantifier/test_132.png,"['some', 'many', 'all', 'some', 'some', 'few', 'the smaller part', 'some', 'all', 'most', 'few', 'many', 'all', 'all', 'few', 'few', 'almost none', 'some', 'almost none', 'all', 'all', 'almost all', 'most', 'some', 'none', 'most', 'many', 'many', 'many', 'the smaller part', 'all', 'most', 'all', 'few', 'all', 'almost all', 'none', 'many', 'the smaller part', 'few']"
134,data/images/quantifier/test_134.png,"['almost none', 'almost none', 'few', 'some', 'some', 'some', 'some', 'almost all', 'many', 'the smaller part', 'almost all', 'some', 'many', 'some', 'many', 'most', 'all', 'most', 'some', 'few', 'few', 'the smaller part', 'most', 'some', 'many', 'few', 'the smaller part', 'the smaller part', 'almost all', 'some', 'some', 'none', 'some', 'none', 'all', 'some', 'all', 'most', 'many', 'many']"
137,data/images/quantifier/test_137.png,"['some', 'almost all', 'few', 'many', 'few', 'some', 'some', 'few', 'all', 'some', 'many', 'few', 'some', 'some', 'almost none', 'many', 'some', 'few', 'some', 'many', 'all', 'many', 'most', 'all', 'some', 'almost all', 'some', 'most', 'most', 'few', 'many', 'almost none', 'none', 'the smaller part', 'almost none', 'few', 'some', 'the smaller part', 'some', 'few']"
143,data/images/quantifier/test_143.png,"['almost all', 'many', 'almost all', 'most', 'many', 'few', 'many', 'many', 'none', 'the smaller part', 'few', 'some', 'none', 'some', 'many', 'some', 'none', 'some', 'few', 'many', 'few', 'the smaller part', 'most', 'all', 'almost all', 'some', 'the smaller part', 'few', 'the smaller part', 'none', 'some', 'some', 'all', 'the smaller part', 'almost all', 'some', 'some', 'many', 'most', 'few']"
146,data/images/quantifier/test_146.png,"['some', 'all', 'few', 'many', 'some', 'none', 'none', 'some', 'few', 'some', 'few', 'some', 'the smaller part', 'almost none', 'all', 'some', 'almost none', 'some', 'many', 'some', 'most', 'none', 'all', 'some', 'none', 'none', 'most', 'almost none', 'almost all', 'some', 'all', 'almost none', 'most', 'many', 'the smaller part', 'many', 'none', 'almost all', 'most', 'most']"
148,data/images/quantifier/test_148.png,"['all', 'the smaller part', 'none', 'most', 'almost all', 'some', 'almost all', 'all', 'some', 'almost none', 'many', 'almost none', 'some', 'few', 'the smaller part', 'many', 'many', 'many', 'few', 'almost none', 'many', 'some', 'some', 'the smaller part', 'some', 'some', 'most', 'some', 'most', 'almost all', 'none', 'some', 'many', 'most', 'some', 'all', 'the smaller part', 'few', 'all', 'most']"
153,data/images/quantifier/test_153.png,"['all', 'almost all', 'almost all', 'all', 'few', 'the smaller part', 'all', 'some', 'all', 'many', 'some', 'few', 'some', 'almost all', 'some', 'all', 'many', 'many', 'few', 'all', 'all', 'some', 'many', 'most', 'many', 'some', 'none', 'all', 'none', 'some', 'none', 'some', 'some', 'none', 'many', 'some', 'all', 'some', 'some', 'some']"
155,data/images/quantifier/test_155.png,"['the smaller part', 'few', 'none', 'some', 'few', 'none', 'few', 'most', 'some', 'many', 'most', 'some', 'many', 'many', 'some', 'few', 'almost all', 'few', 'almost none', 'few', 'few', 'almost none', 'some', 'almost all', 'all', 'many', 'almost all', 'almost none', 'none', 'all', 'few', 'some', 'most', 'all', 'almost none', 'many', 'few', 'some', 'some', 'almost all']"
166,data/images/quantifier/test_166.png,"['some', 'few', 'all', 'all', 'none', 'almost none', 'almost all', 'many', 'none', 'few', 'most', 'few', 'none', 'few', 'some', 'all', 'few', 'most', 'many', 'the smaller part', 'all', 'many', 'most', 'all', 'few', 'few', 'few', 'some', 'many', 'the smaller part', 'few', 'almost none', 'some', 'few', 'some', 'few', 'almost none', 'all', 'some', 'almost all']"
170,data/images/quantifier/test_170.png,"['all', 'many', 'many', 'none', 'some', 'few', 'most', 'many', 'some', 'many', 'most', 'some', 'almost none', 'some', 'some', 'almost none', 'all', 'many', 'many', 'few', 'some', 'the smaller part', 'all', 'almost all', 'some', 'many', 'almost all', 'some', 'almost none', 'almost none', 'almost none', 'none', 'some', 'none', 'many', 'few', 'the smaller part', 'almost none', 'all', 'some']"
174,data/images/quantifier/test_174.png,"['most', 'almost all', 'most', 'the smaller part', 'all', 'few', 'few', 'the smaller part', 'almost none', 'some', 'none', 'almost all', 'all', 'almost none', 'some', 'few', 'most', 'all', 'many', 'most', 'none', 'few', 'some', 'many', 'few', 'some', 'some', 'almost all', 'few', 'the smaller part', 'many', 'all', 'almost all', 'few', 'almost none', 'few', 'all', 'all', 'some', 'almost all']"
176,data/images/quantifier/test_176.png,"['almost all', 'few', 'some', 'almost none', 'many', 'almost none', 'almost none', 'few', 'all', 'none', 'all', 'some', 'some', 'almost none', 'most', 'few', 'some', 'none', 'some', 'all', 'almost all', 'many', 'some', 'many', 'few', 'all', 'few', 'the smaller part', 'few', 'some', 'some', 'the smaller part', 'none', 'some', 'all', 'some', 'all', 'some', 'few', 'many']"
178,data/images/quantifier/test_178.png,"['some', 'few', 'almost all', 'many', 'many', 'some', 'many', 'almost all', 'many', 'few', 'most', 'almost none', 'few', 'many', 'most', 'few', 'most', 'few', 'almost none', 'almost none', 'some', 'some', 'the smaller part', 'some', 'the smaller part', 'the smaller part', 'almost all', 'many', 'some', 'few', 'some', 'many', 'the smaller part', 'almost all', 'all', 'some', 'almost all', 'some', 'few', 'some']"
180,data/images/quantifier/test_180.png,"['none', 'many', 'almost all', 'many', 'some', 'none', 'all', 'the smaller part', 'almost all', 'few', 'many', 'most', 'all', 'many', 'none', 'few', 'none', 'all', 'some', 'some', 'almost all', 'almost none', 'some', 'almost all', 'some', 'some', 'few', 'all', 'some', 'few', 'few', 'almost none', 'some', 'many', 'none', 'almost all', 'all', 'none', 'many', 'many']"
182,data/images/quantifier/test_182.png,"['many', 'almost none', 'none', 'all', 'the smaller part', 'some', 'some', 'few', 'many', 'many', 'few', 'some', 'some', 'some', 'many', 'some', 'few', 'some', 'few', 'many', 'many', 'none', 'none', 'the smaller part', 'most', 'many', 'almost all', 'some', 'all', 'some', 'almost none', 'the smaller part', 'none', 'all', 'few', 'the smaller part', 'some', 'almost all', 'most', 'most']"
195,data/images/quantifier/test_195.png,"['all', 'some', 'some', 'almost all', 'some', 'some', 'some', 'most', 'some', 'the smaller part', 'some', 'some', 'all', 'none', 'almost all', 'none', 'many', 'all', 'many', 'all', 'some', 'some', 'the smaller part', 'few', 'none', 'some', 'few', 'few', 'some', 'some', 'the smaller part', 'most', 'few', 'some', 'all', 'almost none', 'many', 'all', 'most', 'many']"
196,data/images/quantifier/test_196.png,"['some', 'many', 'many', 'few', 'many', 'some', 'few', 'some', 'many', 'all', 'many', 'almost all', 'few', 'some', 'few', 'the smaller part', 'none', 'many', 'almost none', 'most', 'some', 'some', 'almost all', 'few', 'some', 'almost none', 'many', 'few', 'many', 'most', 'many', 'almost all', 'some', 'some', 'none', 'many', 'some', 'some', 'some', 'almost none']"
203,data/images/quantifier/test_203.png,"['the smaller part', 'some', 'the smaller part', 'the smaller part', 'some', 'few', 'some', 'almost none', 'almost all', 'almost none', 'almost all', 'some', 'all', 'few', 'many', 'many', 'some', 'the smaller part', 'some', 'almost none', 'all', 'all', 'none', 'few', 'none', 'almost none', 'almost all', 'many', 'some', 'some', 'the smaller part', 'many', 'few', 'almost all', 'some', 'many', 'all', 'none', 'some', 'all']"
205,data/images/quantifier/test_205.png,"['almost all', 'few', 'some', 'some', 'few', 'some', 'almost none', 'some', 'almost all', 'all', 'the smaller part', 'some', 'few', 'many', 'many', 'few', 'some', 'some', 'many', 'none', 'few', 'few', 'almost all', 'many', 'all', 'the smaller part', 'many', 'some', 'almost all', 'almost all', 'most', 'some', 'all', 'most', 'few', 'some', 'many', 'many', 'many', 'many']"
207,data/images/quantifier/test_207.png,"['all', 'many', 'all', 'the smaller part', 'few', 'many', 'some', 'almost none', 'all', 'some', 'almost none', 'most', 'many', 'few', 'many', 'some', 'some', 'few', 'all', 'few', 'the smaller part', 'some', 'few', 'none', 'few', 'some', 'some', 'almost none', 'many', 'some', 'all', 'none', 'some', 'few', 'most', 'some', 'almost all', 'none', 'few', 'almost all']"
211,data/images/quantifier/test_211.png,"['the smaller part', 'some', 'all', 'almost all', 'many', 'many', 'some', 'some', 'few', 'few', 'some', 'none', 'some', 'most', 'few', 'most', 'some', 'some', 'almost all', 'some', 'none', 'none', 'few', 'almost all', 'many', 'most', 'the smaller part', 'none', 'all', 'many', 'many', 'few', 'some', 'many', 'most', 'the smaller part', 'almost all', 'the smaller part', 'almost none', 'some']"
212,data/images/quantifier/test_212.png,"['almost none', 'all', 'some', 'none', 'almost all', 'few', 'few', 'many', 'some', 'few', 'almost all', 'many', 'few', 'some', 'many', 'few', 'many', 'none', 'all', 'almost all', 'many', 'almost none', 'all', 'almost none', 'the smaller part', 'many', 'few', 'almost none', 'all', 'some', 'some', 'almost none', 'none', 'most', 'some', 'some', 'none', 'some', 'many', 'most']"
215,data/images/quantifier/test_215.png,"['most', 'some', 'many', 'all', 'few', 'few', 'few', 'many', 'many', 'few', 'few', 'almost none', 'all', 'almost all', 'almost none', 'some', 'some', 'all', 'almost all', 'the smaller part', 'many', 'the smaller part', 'some', 'some', 'almost none', 'all', 'few', 'few', 'many', 'some', 'many', 'many', 'almost none', 'some', 'some', 'almost none', 'few', 'many', 'almost all', 'most']"
219,data/images/quantifier/test_219.png,"['all', 'all', 'almost all', 'all', 'none', 'few', 'some', 'some', 'almost all', 'some', 'all', 'few', 'most', 'many', 'many', 'few', 'some', 'few', 'the smaller part', 'few', 'few', 'some', 'few', 'few', 'most', 'many', 'the smaller part', 'few', 'almost none', 'some', 'most', 'some', 'few', 'almost all', 'almost none', 'few', 'many', 'some', 'some', 'none']"
223,data/images/quantifier/test_223.png,"['almost all', 'some', 'few', 'almost all', 'some', 'many', 'most', 'some', 'many', 'many', 'all', 'some', 'none', 'almost all', 'few', 'almost all', 'many', 'many', 'almost all', 'the smaller part', 'many', 'some', 'some', 'almost none', 'few', 'all', 'few', 'all', 'many', 'none', 'none', 'almost all', 'many', 'some', 'most', 'many', 'none', 'few', 'few', 'some']"
224,data/images/quantifier/test_224.png,"['some', 'some', 'some', 'many', 'almost all', 'all', 'few', 'the smaller part', 'some', 'few', 'some', 'some', 'some', 'many', 'some', 'few', 'all', 'almost none', 'many', 'few', 'almost all', 'some', 'all', 'the smaller part', 'many', 'most', 'many', 'many', 'many', 'some', 'the smaller part', 'all', 'all', 'some', 'some', 'most', 'some', 'many', 'all', 'all']"
225,data/images/quantifier/test_225.png,"['all', 'some', 'most', 'all', 'many', 'few', 'almost none', 'none', 'many', 'some', 'few', 'few', 'all', 'some', 'many', 'few', 'some', 'none', 'all', 'some', 'almost all', 'many', 'some', 'some', 'many', 'some', 'all', 'almost all', 'most', 'some', 'most', 'few', 'few', 'almost all', 'many', 'all', 'the smaller part', 'almost all', 'many', 'all']"
230,data/images/quantifier/test_230.png,"['almost all', 'almost all', 'none', 'all', 'many', 'almost all', 'few', 'most', 'few', 'some', 'many', 'all', 'most', 'all', 'few', 'almost all', 'none', 'none', 'many', 'some', 'almost none', 'some', 'many', 'some', 'many', 'few', 'some', 'none', 'many', 'most', 'many', 'all', 'all', 'most', 'almost all', 'none', 'some', 'none', 'many', 'almost all']"
231,data/images/quantifier/test_231.png,"['all', 'many', 'almost all', 'few', 'almost none', 'some', 'none', 'many', 'some', 'the smaller part', 'some', 'all', 'most', 'almost all', 'some', 'none', 'some', 'all', 'many', 'the smaller part', 'some', 'many', 'some', 'few', 'few', 'none', 'many', 'some', 'some', 'few', 'some', 'the smaller part', 'many', 'all', 'almost all', 'few', 'many', 'some', 'almost none', 'almost all']"
235,data/images/quantifier/test_235.png,"['few', 'few', 'all', 'few', 'some', 'almost none', 'most', 'almost all', 'almost all', 'few', 'some', 'almost all', 'many', 'some', 'few', 'the smaller part', 'some', 'some', 'many', 'most', 'all', 'all', 'all', 'all', 'few', 'almost all', 'most', 'all', 'many', 'many', 'most', 'some', 'all', 'some', 'some', 'few', 'all', 'few', 'few', 'almost none']"
242,data/images/quantifier/test_242.png,"['none', 'almost none', 'most', 'some', 'none', 'many', 'almost none', 'many', 'almost all', 'many', 'many', 'some', 'almost all', 'some', 'some', 'most', 'many', 'few', 'all', 'the smaller part', 'some', 'the smaller part', 'none', 'almost all', 'almost none', 'many', 'all', 'few', 'most', 'many', 'almost all', 'almost all', 'the smaller part', 'all', 'few', 'many', 'many', 'the smaller part', 'many', 'the smaller part']"
246,data/images/quantifier/test_246.png,"['some', 'all', 'few', 'almost all', 'almost all', 'none', 'some', 'all', 'some', 'most', 'most', 'some', 'some', 'all', 'some', 'few', 'few', 'few', 'many', 'some', 'the smaller part', 'few', 'none', 'some', 'some', 'all', 'most', 'few', 'almost all', 'some', 'some', 'some', 'none', 'almost none', 'almost all', 'some', 'the smaller part', 'many', 'few', 'almost all']"
247,data/images/quantifier/test_247.png,"['some', 'almost none', 'some', 'some', 'all', 'few', 'almost none', 'some', 'almost all', 'some', 'few', 'some', 'none', 'many', 'some', 'many', 'some', 'some', 'none', 'none', 'many', 'few', 'some', 'most', 'almost all', 'many', 'none', 'some', 'few', 'few', 'few', 'some', 'all', 'most', 'few', 'almost all', 'most', 'all', 'all', 'few']"
252,data/images/quantifier/test_252.png,"['the smaller part', 'few', 'some', 'most', 'many', 'some', 'none', 'few', 'few', 'some', 'some', 'some', 'almost none', 'some', 'none', 'some', 'some', 'many', 'few', 'almost all', 'none', 'the smaller part', 'all', 'the smaller part', 'almost all', 'none', 'some', 'many', 'the smaller part', 'few', 'almost all', 'most', 'almost none', 'many', 'some', 'none', 'some', 'most', 'all', 'most']"
255,data/images/quantifier/test_255.png,"['all', 'some', 'none', 'some', 'most', 'almost all', 'none', 'almost all', 'none', 'many', 'none', 'few', 'almost all', 'the smaller part', 'most', 'none', 'some', 'many', 'most', 'none', 'all', 'some', 'many', 'some', 'all', 'some', 'almost none', 'some', 'some', 'the smaller part', 'the smaller part', 'few', 'almost all', 'some', 'few', 'almost all', 'all', 'some', 'the smaller part', 'none']"
260,data/images/quantifier/test_260.png,"['almost none', 'all', 'many', 'all', 'all', 'most', 'almost all', 'none', 'most', 'some', 'most', 'many', 'many', 'some', 'almost all', 'many', 'few', 'many', 'some', 'almost all', 'many', 'all', 'most', 'all', 'all', 'some', 'many', 'many', 'some', 'some', 'many', 'none', 'none', 'almost all', 'almost all', 'none', 'some', 'most', 'many', 'few']"
261,data/images/quantifier/test_261.png,"['all', 'some', 'some', 'all', 'few', 'many', 'the smaller part', 'some', 'some', 'almost none', 'many', 'almost none', 'the smaller part', 'all', 'almost none', 'few', 'all', 'the smaller part', 'most', 'none', 'some', 'few', 'all', 'none', 'the smaller part', 'some', 'none', 'almost all', 'almost all', 'some', 'all', 'the smaller part', 'many', 'all', 'almost all', 'almost none', 'none', 'many', 'some', 'few']"
263,data/images/quantifier/test_263.png,"['some', 'few', 'all', 'few', 'almost none', 'the smaller part', 'some', 'the smaller part', 'some', 'many', 'almost none', 'many', 'almost all', 'few', 'some', 'some', 'the smaller part', 'some', 'few', 'some', 'all', 'almost none', 'some', 'almost all', 'some', 'almost none', 'few', 'few', 'many', 'almost all', 'few', 'some', 'none', 'some', 'almost none', 'some', 'most', 'almost all', 'few', 'some']"
278,data/images/quantifier/test_278.png,"['many', 'all', 'many', 'some', 'most', 'many', 'many', 'some', 'almost none', 'some', 'almost all', 'all', 'all', 'some', 'almost all', 'many', 'few', 'none', 'the smaller part', 'none', 'almost all', 'none', 'many', 'few', 'some', 'many', 'some', 'some', 'many', 'none', 'some', 'few', 'none', 'none', 'some', 'the smaller part', 'some', 'some', 'some', 'many']"
279,data/images/quantifier/test_279.png,"['some', 'almost all', 'most', 'some', 'some', 'many', 'few', 'many', 'many', 'some', 'all', 'all', 'all', 'some', 'few', 'many', 'most', 'many', 'none', 'few', 'almost all', 'all', 'few', 'almost none', 'few', 'few', 'some', 'some', 'the smaller part', 'all', 'many', 'some', 'none', 'almost none', 'most', 'some', 'few', 'some', 'the smaller part', 'almost all']"
287,data/images/quantifier/test_287.png,"['almost none', 'some', 'some', 'almost all', 'the smaller part', 'almost all', 'almost none', 'many', 'some', 'none', 'some', 'most', 'many', 'some', 'almost all', 'many', 'some', 'many', 'almost all', 'few', 'some', 'many', 'many', 'few', 'few', 'almost all', 'few', 'some', 'few', 'most', 'few', 'some', 'few', 'almost none', 'some', 'almost none', 'few', 'some', 'all', 'few']"
289,data/images/quantifier/test_289.png,"['some', 'almost none', 'some', 'many', 'some', 'none', 'many', 'some', 'many', 'almost all', 'almost none', 'almost all', 'some', 'few', 'some', 'almost all', 'few', 'most', 'some', 'some', 'almost all', 'some', 'almost all', 'few', 'almost none', 'many', 'few', 'none', 'almost all', 'many', 'few', 'almost all', 'some', 'many', 'almost all', 'the smaller part', 'some', 'few', 'many', 'none']"
307,data/images/quantifier/test_307.png,"['almost none', 'all', 'some', 'many', 'some', 'many', 'many', 'almost all', 'some', 'the smaller part', 'all', 'some', 'some', 'some', 'some', 'all', 'few', 'some', 'some', 'all', 'almost all', 'almost all', 'none', 'few', 'some', 'few', 'almost all', 'almost all', 'almost all', 'many', 'none', 'some', 'the smaller part', 'none', 'few', 'some', 'almost all', 'many', 'almost none', 'all']"
308,data/images/quantifier/test_308.png,"['some', 'some', 'none', 'some', 'all', 'all', 'many', 'some', 'almost none', 'none', 'some', 'some', 'many', 'some', 'all', 'many', 'some', 'few', 'all', 'all', 'most', 'almost all', 'few', 'most', 'many', 'some', 'some', 'most', 'few', 'few', 'many', 'almost all', 'all', 'most', 'all', 'some', 'some', 'some', 'almost all', 'some']"
317,data/images/quantifier/test_317.png,"['few', 'some', 'many', 'some', 'few', 'many', 'many', 'all', 'few', 'none', 'the smaller part', 'none', 'none', 'some', 'some', 'many', 'few', 'most', 'almost all', 'few', 'the smaller part', 'few', 'some', 'some', 'few', 'few', 'some', 'few', 'few', 'some', 'some', 'almost all', 'some', 'many', 'all', 'all', 'most', 'almost all', 'almost all', 'most']"
324,data/images/quantifier/test_324.png,"['almost none', 'few', 'many', 'all', 'almost all', 'many', 'none', 'few', 'some', 'few', 'some', 'almost none', 'some', 'many', 'some', 'almost none', 'all', 'none', 'all', 'many', 'some', 'some', 'most', 'all', 'few', 'the smaller part', 'many', 'few', 'almost all', 'most', 'all', 'almost all', 'almost all', 'almost all', 'the smaller part', 'all', 'all', 'some', 'many', 'almost none']"
328,data/images/quantifier/test_328.png,"['almost all', 'the smaller part', 'some', 'some', 'almost none', 'almost none', 'most', 'many', 'some', 'few', 'many', 'some', 'almost all', 'few', 'the smaller part', 'most', 'some', 'some', 'many', 'almost none', 'some', 'few', 'the smaller part', 'almost all', 'many', 'none', 'few', 'many', 'all', 'some', 'few', 'almost none', 'some', 'some', 'few', 'most', 'many', 'some', 'all', 'some']"
333,data/images/quantifier/test_333.png,"['all', 'few', 'many', 'most', 'some', 'many', 'almost none', 'almost all', 'few', 'most', 'many', 'many', 'many', 'the smaller part', 'few', 'most', 'most', 'many', 'almost none', 'some', 'almost all', 'none', 'almost all', 'many', 'many', 'some', 'none', 'none', 'all', 'some', 'many', 'many', 'all', 'almost all', 'some', 'almost all', 'few', 'few', 'some', 'few']"
335,data/images/quantifier/test_335.png,"['some', 'many', 'almost none', 'none', 'all', 'some', 'almost none', 'the smaller part', 'few', 'all', 'some', 'many', 'almost none', 'the smaller part', 'few', 'almost none', 'many', 'none', 'few', 'few', 'none', 'few', 'all', 'almost all', 'many', 'some', 'some', 'almost all', 'almost all', 'all', 'most', 'many', 'many', 'all', 'some', 'few', 'few', 'almost none', 'most', 'the smaller part']"
340,data/images/quantifier/test_340.png,"['all', 'some', 'some', 'some', 'some', 'all', 'few', 'the smaller part', 'some', 'almost none', 'most', 'many', 'none', 'some', 'some', 'almost all', 'some', 'most', 'few', 'many', 'all', 'many', 'most', 'some', 'all', 'almost all', 'most', 'many', 'few', 'all', 'all', 'almost none', 'few', 'almost all', 'all', 'some', 'almost all', 'few', 'some', 'many']"
345,data/images/quantifier/test_345.png,"['some', 'some', 'many', 'almost all', 'some', 'many', 'some', 'the smaller part', 'some', 'none', 'almost none', 'all', 'many', 'many', 'few', 'few', 'some', 'many', 'all', 'few', 'almost all', 'some', 'many', 'many', 'some', 'few', 'some', 'some', 'few', 'none', 'almost all', 'none', 'some', 'almost none', 'all', 'many', 'most', 'almost all', 'the smaller part', 'some']"
348,data/images/quantifier/test_348.png,"['almost all', 'most', 'some', 'some', 'some', 'some', 'most', 'some', 'some', 'all', 'all', 'most', 'few', 'some', 'most', 'the smaller part', 'many', 'few', 'some', 'none', 'many', 'many', 'few', 'all', 'many', 'none', 'almost all', 'some', 'some', 'few', 'many', 'all', 'some', 'most', 'many', 'many', 'almost all', 'most', 'some', 'none']"
351,data/images/quantifier/test_351.png,"['some', 'most', 'all', 'many', 'some', 'all', 'none', 'many', 'almost none', 'many', 'few', 'almost none', 'almost none', 'some', 'many', 'almost none', 'some', 'the smaller part', 'none', 'none', 'few', 'some', 'many', 'none', 'few', 'few', 'most', 'none', 'almost none', 'the smaller part', 'all', 'all', 'few', 'all', 'the smaller part', 'few', 'some', 'many', 'many', 'many']"
357,data/images/quantifier/test_357.png,"['none', 'many', 'almost none', 'some', 'some', 'some', 'some', 'almost all', 'many', 'many', 'some', 'all', 'some', 'some', 'some', 'many', 'all', 'few', 'the smaller part', 'all', 'some', 'some', 'few', 'some', 'few', 'some', 'none', 'some', 'many', 'some', 'few', 'most', 'none', 'many', 'some', 'many', 'most', 'some', 'few', 'almost all']"
358,data/images/quantifier/test_358.png,"['all', 'few', 'many', 'some', 'almost all', 'the smaller part', 'some', 'almost all', 'many', 'most', 'the smaller part', 'few', 'most', 'many', 'many', 'all', 'some', 'none', 'few', 'almost none', 'the smaller part', 'none', 'almost none', 'none', 'some', 'almost none', 'almost none', 'the smaller part', 'some', 'the smaller part', 'the smaller part', 'few', 'many', 'few', 'almost none', 'some', 'many', 'none', 'few', 'some']"
362,data/images/quantifier/test_362.png,"['many', 'all', 'many', 'almost all', 'some', 'many', 'few', 'almost none', 'many', 'almost none', 'almost all', 'almost all', 'few', 'some', 'most', 'all', 'few', 'all', 'almost none', 'few', 'the smaller part', 'most', 'some', 'most', 'some', 'almost none', 'some', 'some', 'the smaller part', 'few', 'almost none', 'some', 'none', 'most', 'some', 'some', 'some', 'all', 'some', 'most']"
363,data/images/quantifier/test_363.png,"['most', 'few', 'few', 'some', 'none', 'many', 'all', 'many', 'all', 'almost none', 'few', 'many', 'few', 'almost all', 'some', 'some', 'the smaller part', 'most', 'all', 'none', 'the smaller part', 'none', 'the smaller part', 'almost none', 'some', 'many', 'many', 'almost all', 'the smaller part', 'none', 'none', 'most', 'almost none', 'some', 'few', 'all', 'none', 'few', 'many', 'none']"
371,data/images/quantifier/test_371.png,"['almost all', 'some', 'some', 'almost all', 'almost all', 'most', 'most', 'few', 'few', 'most', 'none', 'many', 'some', 'some', 'all', 'some', 'most', 'many', 'none', 'some', 'some', 'almost none', 'few', 'some', 'all', 'most', 'most', 'some', 'the smaller part', 'few', 'all', 'few', 'few', 'all', 'few', 'some', 'some', 'almost all', 'almost all', 'many']"
374,data/images/quantifier/test_374.png,"['most', 'some', 'some', 'almost all', 'many', 'some', 'some', 'all', 'the smaller part', 'many', 'many', 'some', 'many', 'all', 'few', 'few', 'some', 'most', 'few', 'the smaller part', 'all', 'many', 'most', 'many', 'few', 'some', 'the smaller part', 'some', 'almost all', 'many', 'most', 'some', 'some', 'all', 'many', 'some', 'all', 'some', 'few', 'few']"
375,data/images/quantifier/test_375.png,"['most', 'most', 'almost all', 'some', 'many', 'some', 'almost none', 'some', 'few', 'all', 'almost none', 'the smaller part', 'some', 'none', 'few', 'few', 'none', 'none', 'all', 'some', 'some', 'all', 'some', 'some', 'all', 'most', 'some', 'none', 'most', 'none', 'many', 'all', 'almost all', 'some', 'few', 'some', 'almost all', 'some', 'some', 'few']"
383,data/images/quantifier/test_383.png,"['few', 'many', 'many', 'none', 'many', 'many', 'many', 'few', 'all', 'most', 'almost all', 'all', 'some', 'few', 'most', 'none', 'many', 'none', 'the smaller part', 'all', 'some', 'almost all', 'none', 'few', 'none', 'almost all', 'some', 'almost all', 'all', 'some', 'some', 'many', 'almost none', 'some', 'some', 'none', 'almost all', 'few', 'some', 'some']"
385,data/images/quantifier/test_385.png,"['many', 'the smaller part', 'the smaller part', 'many', 'few', 'many', 'the smaller part', 'the smaller part', 'few', 'all', 'some', 'some', 'almost all', 'all', 'some', 'some', 'many', 'all', 'some', 'the smaller part', 'most', 'few', 'none', 'the smaller part', 'almost all', 'none', 'some', 'many', 'some', 'all', 'almost all', 'some', 'all', 'most', 'almost all', 'many', 'many', 'none', 'some', 'many']"
387,data/images/quantifier/test_387.png,"['some', 'some', 'many', 'almost none', 'few', 'few', 'all', 'none', 'some', 'most', 'few', 'all', 'some', 'many', 'the smaller part', 'some', 'some', 'many', 'none', 'few', 'almost all', 'few', 'many', 'few', 'most', 'the smaller part', 'almost none', 'some', 'all', 'almost all', 'many', 'all', 'almost all', 'almost all', 'some', 'almost none', 'almost all', 'the smaller part', 'few', 'most']"
390,data/images/quantifier/test_390.png,"['none', 'some', 'many', 'some', 'few', 'many', 'almost all', 'few', 'almost all', 'none', 'all', 'few', 'many', 'all', 'almost none', 'many', 'almost none', 'many', 'none', 'some', 'none', 'some', 'the smaller part', 'few', 'none', 'few', 'none', 'some', 'almost none', 'some', 'almost none', 'all', 'the smaller part', 'some', 'most', 'some', 'almost none', 'some', 'almost none', 'almost all']"
394,data/images/quantifier/test_394.png,"['some', 'all', 'most', 'almost all', 'few', 'almost all', 'almost all', 'many', 'most', 'some', 'all', 'few', 'most', 'almost none', 'many', 'all', 'few', 'some', 'many', 'the smaller part', 'some', 'some', 'few', 'some', 'almost none', 'few', 'all', 'some', 'almost none', 'some', 'many', 'most', 'the smaller part', 'many', 'many', 'few', 'some', 'most', 'none', 'few']"
396,data/images/quantifier/test_396.png,"['almost none', 'almost none', 'few', 'some', 'none', 'many', 'few', 'some', 'some', 'some', 'some', 'few', 'some', 'none', 'none', 'some', 'almost all', 'all', 'almost all', 'almost none', 'some', 'some', 'some', 'few', 'many', 'many', 'some', 'some', 'few', 'almost all', 'some', 'none', 'the smaller part', 'all', 'some', 'all', 'some', 'few', 'some', 'all']"
398,data/images/quantifier/test_398.png,"['the smaller part', 'some', 'most', 'some', 'some', 'many', 'almost all', 'few', 'all', 'the smaller part', 'some', 'all', 'almost none', 'none', 'some', 'almost all', 'almost none', 'some', 'almost all', 'many', 'few', 'some', 'most', 'none', 'few', 'many', 'few', 'none', 'many', 'almost none', 'some', 'most', 'most', 'few', 'all', 'all', 'none', 'many', 'few', 'many']"
404,data/images/quantifier/test_404.png,"['most', 'some', 'almost all', 'few', 'almost all', 'almost none', 'many', 'all', 'few', 'almost none', 'almost all', 'some', 'all', 'almost all', 'none', 'most', 'most', 'almost none', 'the smaller part', 'all', 'many', 'almost all', 'the smaller part', 'few', 'none', 'some', 'the smaller part', 'all', 'some', 'most', 'none', 'almost none', 'many', 'some', 'all', 'some', 'some', 'most', 'some', 'almost none']"
406,data/images/quantifier/test_406.png,"['many', 'some', 'many', 'some', 'some', 'most', 'all', 'some', 'almost all', 'some', 'the smaller part', 'many', 'almost none', 'some', 'all', 'the smaller part', 'the smaller part', 'the smaller part', 'the smaller part', 'many', 'many', 'the smaller part', 'most', 'few', 'many', 'almost all', 'some', 'some', 'almost none', 'almost none', 'many', 'almost all', 'the smaller part', 'almost all', 'none', 'none', 'few', 'many', 'few', 'almost none']"
407,data/images/quantifier/test_407.png,"['almost all', 'many', 'few', 'all', 'the smaller part', 'all', 'many', 'many', 'few', 'some', 'the smaller part', 'few', 'almost all', 'most', 'few', 'some', 'none', 'many', 'many', 'almost all', 'most', 'some', 'the smaller part', 'almost all', 'many', 'almost all', 'all', 'almost none', 'few', 'almost all', 'almost none', 'the smaller part', 'many', 'almost none', 'almost all', 'most', 'none', 'many', 'some', 'almost none']"
410,data/images/quantifier/test_410.png,"['all', 'none', 'almost none', 'some', 'some', 'some', 'most', 'some', 'almost none', 'all', 'the smaller part', 'some', 'the smaller part', 'many', 'none', 'none', 'almost all', 'some', 'almost all', 'almost none', 'none', 'some', 'none', 'most', 'none', 'many', 'none', 'some', 'most', 'almost all', 'few', 'few', 'some', 'some', 'some', 'most', 'the smaller part', 'the smaller part', 'some', 'all']"
411,data/images/quantifier/test_411.png,"['none', 'some', 'few', 'almost none', 'almost all', 'many', 'the smaller part', 'almost all', 'all', 'many', 'many', 'all', 'none', 'all', 'some', 'most', 'almost none', 'none', 'some', 'the smaller part', 'some', 'almost all', 'many', 'some', 'some', 'some', 'few', 'the smaller part', 'all', 'many', 'most', 'almost all', 'many', 'most', 'few', 'many', 'few', 'few', 'some', 'some']"
413,data/images/quantifier/test_413.png,"['all', 'few', 'some', 'all', 'many', 'few', 'almost all', 'none', 'most', 'almost none', 'the smaller part', 'all', 'none', 'almost none', 'many', 'many', 'few', 'some', 'few', 'some', 'many', 'some', 'almost none', 'some', 'all', 'few', 'the smaller part', 'all', 'few', 'few', 'few', 'all', 'all', 'most', 'most', 'few', 'few', 'some', 'almost all', 'almost none']"
417,data/images/quantifier/test_417.png,"['many', 'almost all', 'all', 'almost none', 'some', 'many', 'all', 'some', 'some', 'almost all', 'most', 'the smaller part', 'few', 'some', 'few', 'most', 'few', 'many', 'many', 'few', 'most', 'some', 'some', 'none', 'many', 'some', 'all', 'almost none', 'almost none', 'all', 'almost none', 'most', 'almost all', 'the smaller part', 'some', 'the smaller part', 'few', 'some', 'most', 'some']"
419,data/images/quantifier/test_419.png,"['some', 'few', 'many', 'many', 'some', 'almost none', 'none', 'most', 'some', 'most', 'many', 'few', 'most', 'some', 'almost all', 'many', 'many', 'few', 'all', 'all', 'almost all', 'some', 'some', 'most', 'almost all', 'all', 'almost none', 'many', 'almost all', 'some', 'almost all', 'almost none', 'none', 'almost all', 'all', 'many', 'some', 'almost all', 'some', 'most']"
426,data/images/quantifier/test_426.png,"['almost all', 'few', 'almost none', 'most', 'few', 'some', 'some', 'the smaller part', 'the smaller part', 'the smaller part', 'few', 'few', 'all', 'all', 'almost all', 'few', 'most', 'few', 'the smaller part', 'some', 'some', 'some', 'some', 'some', 'some', 'the smaller part', 'all', 'few', 'most', 'almost none', 'most', 'most', 'all', 'almost all', 'some', 'almost none', 'most', 'none', 'many', 'almost all']"
428,data/images/quantifier/test_428.png,"['some', 'most', 'many', 'some', 'many', 'some', 'most', 'some', 'all', 'many', 'many', 'some', 'few', 'few', 'few', 'all', 'some', 'some', 'the smaller part', 'all', 'some', 'almost none', 'some', 'some', 'many', 'some', 'some', 'some', 'some', 'most', 'all', 'many', 'some', 'all', 'almost all', 'all', 'none', 'most', 'many', 'some']"
429,data/images/quantifier/test_429.png,"['all', 'some', 'some', 'many', 'many', 'some', 'some', 'many', 'some', 'almost none', 'most', 'few', 'some', 'some', 'few', 'none', 'few', 'all', 'the smaller part', 'few', 'almost all', 'many', 'some', 'many', 'some', 'few', 'some', 'most', 'almost none', 'most', 'the smaller part', 'many', 'most', 'some', 'some', 'almost all', 'all', 'some', 'almost all', 'none']"
432,data/images/quantifier/test_432.png,"['some', 'some', 'almost none', 'almost none', 'some', 'all', 'most', 'almost all', 'none', 'some', 'most', 'many', 'some', 'almost all', 'some', 'all', 'most', 'some', 'few', 'some', 'most', 'none', 'many', 'all', 'most', 'many', 'almost none', 'none', 'some', 'few', 'some', 'almost none', 'few', 'many', 'some', 'few', 'almost all', 'almost all', 'few', 'some']"
433,data/images/quantifier/test_433.png,"['many', 'almost none', 'few', 'most', 'most', 'some', 'some', 'some', 'many', 'the smaller part', 'some', 'all', 'most', 'all', 'most', 'some', 'most', 'some', 'most', 'few', 'few', 'all', 'most', 'some', 'few', 'some', 'some', 'almost all', 'many', 'many', 'all', 'some', 'some', 'the smaller part', 'almost all', 'none', 'many', 'some', 'some', 'none']"
434,data/images/quantifier/test_434.png,"['none', 'some', 'some', 'all', 'many', 'many', 'many', 'many', 'almost none', 'many', 'most', 'many', 'some', 'almost none', 'none', 'some', 'almost all', 'few', 'almost all', 'almost none', 'many', 'many', 'few', 'almost all', 'many', 'some', 'many', 'some', 'almost none', 'most', 'none', 'few', 'some', 'some', 'almost none', 'many', 'some', 'few', 'none', 'many']"
436,data/images/quantifier/test_436.png,"['some', 'almost all', 'many', 'some', 'most', 'almost none', 'almost none', 'all', 'almost none', 'few', 'all', 'few', 'none', 'some', 'many', 'many', 'the smaller part', 'few', 'few', 'some', 'the smaller part', 'almost none', 'few', 'almost none', 'few', 'few', 'most', 'none', 'none', 'some', 'almost all', 'many', 'all', 'many', 'all', 'some', 'most', 'the smaller part', 'none', 'some']"
443,data/images/quantifier/test_443.png,"['all', 'all', 'almost none', 'many', 'almost none', 'most', 'the smaller part', 'all', 'most', 'most', 'many', 'many', 'some', 'none', 'almost all', 'many', 'many', 'some', 'few', 'all', 'almost none', 'most', 'many', 'some', 'few', 'some', 'many', 'all', 'all', 'almost none', 'none', 'many', 'few', 'some', 'few', 'some', 'the smaller part', 'few', 'many', 'many']"
445,data/images/quantifier/test_445.png,"['some', 'the smaller part', 'none', 'almost none', 'many', 'some', 'some', 'almost all', 'all', 'all', 'almost none', 'the smaller part', 'some', 'some', 'few', 'many', 'many', 'few', 'most', 'many', 'most', 'many', 'almost all', 'almost all', 'few', 'some', 'almost none', 'some', 'few', 'some', 'some', 'almost none', 'most', 'almost none', 'all', 'all', 'almost all', 'many', 'few', 'all']"
454,data/images/quantifier/test_454.png,"['almost all', 'most', 'many', 'some', 'most', 'many', 'almost none', 'almost none', 'most', 'many', 'none', 'all', 'almost none', 'some', 'almost none', 'none', 'all', 'none', 'all', 'all', 'all', 'almost all', 'few', 'some', 'many', 'all', 'almost all', 'almost none', 'some', 'all', 'many', 'some', 'almost none', 'many', 'few', 'some', 'none', 'few', 'some', 'most']"
458,data/images/quantifier/test_458.png,"['almost none', 'almost all', 'almost all', 'most', 'almost none', 'most', 'some', 'most', 'almost none', 'some', 'some', 'almost none', 'some', 'all', 'many', 'none', 'some', 'all', 'many', 'none', 'almost all', 'some', 'almost all', 'all', 'almost none', 'all', 'some', 'none', 'almost all', 'all', 'few', 'most', 'almost none', 'some', 'some', 'many', 'few', 'the smaller part', 'all', 'some']"
463,data/images/quantifier/test_463.png,"['some', 'none', 'almost none', 'none', 'the smaller part', 'the smaller part', 'few', 'many', 'some', 'all', 'almost none', 'almost none', 'some', 'many', 'some', 'most', 'some', 'none', 'few', 'many', 'all', 'the smaller part', 'none', 'many', 'many', 'most', 'some', 'some', 'all', 'few', 'some', 'almost none', 'all', 'the smaller part', 'almost all', 'almost all', 'all', 'all', 'the smaller part', 'all']"
472,data/images/quantifier/test_472.png,"['some', 'none', 'all', 'the smaller part', 'almost none', 'few', 'almost none', 'most', 'all', 'almost none', 'many', 'some', 'some', 'almost all', 'none', 'some', 'almost all', 'almost all', 'few', 'the smaller part', 'all', 'some', 'some', 'none', 'none', 'most', 'all', 'the smaller part', 'none', 'most', 'few', 'few', 'all', 'many', 'some', 'few', 'some', 'none', 'all', 'few']"
473,data/images/quantifier/test_473.png,"['few', 'many', 'almost none', 'some', 'some', 'the smaller part', 'few', 'few', 'some', 'few', 'all', 'none', 'all', 'some', 'some', 'all', 'almost none', 'many', 'most', 'none', 'few', 'almost all', 'most', 'almost all', 'some', 'almost all', 'some', 'all', 'many', 'some', 'some', 'many', 'most', 'all', 'most', 'some', 'few', 'some', 'some', 'all']"
483,data/images/quantifier/test_483.png,"['few', 'few', 'the smaller part', 'many', 'most', 'the smaller part', 'none', 'none', 'some', 'some', 'none', 'few', 'almost all', 'all', 'none', 'some', 'many', 'almost none', 'almost all', 'some', 'most', 'all', 'many', 'almost all', 'most', 'none', 'most', 'almost none', 'many', 'some', 'almost all', 'almost all', 'some', 'almost none', 'the smaller part', 'few', 'all', 'almost all', 'many', 'some']"
484,data/images/quantifier/test_484.png,"['almost none', 'almost none', 'almost none', 'almost all', 'some', 'almost all', 'all', 'some', 'few', 'none', 'most', 'the smaller part', 'many', 'some', 'many', 'few', 'the smaller part', 'few', 'some', 'some', 'the smaller part', 'all', 'some', 'most', 'some', 'the smaller part', 'most', 'all', 'some', 'the smaller part', 'few', 'most', 'some', 'few', 'all', 'some', 'almost all', 'all', 'all', 'many']"
485,data/images/quantifier/test_485.png,"['few', 'almost none', 'some', 'many', 'almost none', 'some', 'some', 'some', 'most', 'many', 'some', 'some', 'few', 'almost all', 'some', 'most', 'few', 'some', 'few', 'almost none', 'many', 'most', 'some', 'none', 'few', 'some', 'all', 'most', 'few', 'most', 'some', 'many', 'most', 'all', 'none', 'all', 'some', 'many', 'none', 'many']"
495,data/images/quantifier/test_495.png,"['all', 'many', 'almost all', 'few', 'some', 'the smaller part', 'most', 'the smaller part', 'almost none', 'some', 'many', 'many', 'some', 'some', 'almost all', 'few', 'many', 'all', 'some', 'the smaller part', 'many', 'most', 'few', 'some', 'some', 'all', 'many', 'the smaller part', 'many', 'almost all', 'many', 'few', 'some', 'none', 'almost all', 'some', 'few', 'most', 'few', 'almost none']"
496,data/images/quantifier/test_496.png,"['some', 'few', 'the smaller part', 'many', 'almost none', 'many', 'all', 'almost all', 'many', 'the smaller part', 'few', 'all', 'many', 'many', 'almost all', 'some', 'few', 'most', 'none', 'almost none', 'none', 'many', 'the smaller part', 'the smaller part', 'the smaller part', 'almost none', 'some', 'few', 'some', 'few', 'many', 'few', 'the smaller part', 'the smaller part', 'many', 'all', 'almost none', 'most', 'almost none', 'none']"
498,data/images/quantifier/test_498.png,"['some', 'almost all', 'almost all', 'many', 'almost none', 'almost none', 'all', 'some', 'most', 'many', 'few', 'some', 'some', 'all', 'almost none', 'some', 'almost none', 'many', 'almost all', 'few', 'the smaller part', 'all', 'some', 'none', 'almost none', 'almost none', 'none', 'all', 'almost none', 'many', 'some', 'many', 'some', 'some', 'few', 'few', 'few', 'most', 'all', 'almost all']"
499,data/images/quantifier/test_499.png,"['none', 'few', 'some', 'few', 'none', 'the smaller part', 'many', 'almost none', 'the smaller part', 'few', 'few', 'all', 'some', 'many', 'many', 'some', 'some', 'many', 'some', 'some', 'many', 'the smaller part', 'some', 'all', 'few', 'many', 'few', 'all', 'few', 'none', 'almost all', 'many', 'some', 'all', 'many', 'some', 'none', 'the smaller part', 'many', 'many']"
502,data/images/quantifier/test_502.png,"['many', 'all', 'some', 'the smaller part', 'some', 'many', 'most', 'some', 'none', 'many', 'all', 'almost all', 'almost all', 'almost all', 'some', 'almost none', 'none', 'some', 'the smaller part', 'few', 'some', 'many', 'some', 'few', 'few', 'almost all', 'most', 'almost all', 'many', 'almost all', 'many', 'some', 'all', 'almost all', 'most', 'many', 'few', 'many', 'some', 'few']"
507,data/images/quantifier/test_507.png,"['few', 'almost all', 'most', 'some', 'some', 'some', 'many', 'the smaller part', 'some', 'none', 'some', 'some', 'none', 'some', 'almost none', 'the smaller part', 'the smaller part', 'some', 'almost all', 'few', 'some', 'few', 'almost all', 'almost all', 'some', 'some', 'most', 'many', 'many', 'all', 'few', 'some', 'many', 'all', 'the smaller part', 'almost all', 'many', 'some', 'some', 'most']"
515,data/images/quantifier/test_515.png,"['most', 'some', 'none', 'most', 'few', 'some', 'none', 'none', 'some', 'most', 'the smaller part', 'almost none', 'many', 'few', 'some', 'few', 'some', 'some', 'some', 'almost none', 'almost none', 'many', 'most', 'many', 'the smaller part', 'some', 'the smaller part', 'few', 'some', 'some', 'the smaller part', 'few', 'few', 'some', 'none', 'almost none', 'some', 'many', 'some', 'almost none']"
520,data/images/quantifier/test_520.png,"['many', 'the smaller part', 'few', 'many', 'none', 'all', 'almost none', 'most', 'the smaller part', 'all', 'almost all', 'many', 'most', 'all', 'most', 'all', 'almost all', 'almost none', 'few', 'all', 'some', 'almost all', 'the smaller part', 'many', 'many', 'many', 'many', 'none', 'many', 'some', 'most', 'some', 'some', 'some', 'many', 'many', 'some', 'none', 'most', 'all']"
532,data/images/quantifier/test_532.png,"['few', 'none', 'some', 'some', 'some', 'none', 'some', 'many', 'few', 'many', 'few', 'some', 'few', 'few', 'some', 'some', 'few', 'few', 'few', 'almost none', 'all', 'the smaller part', 'many', 'most', 'almost all', 'almost all', 'almost none', 'none', 'some', 'few', 'some', 'almost all', 'most', 'few', 'few', 'many', 'almost none', 'some', 'few', 'some']"
540,data/images/quantifier/test_540.png,"['many', 'few', 'some', 'some', 'the smaller part', 'some', 'most', 'some', 'few', 'the smaller part', 'many', 'some', 'many', 'some', 'some', 'few', 'some', 'few', 'the smaller part', 'some', 'some', 'the smaller part', 'most', 'some', 'many', 'almost all', 'many', 'most', 'some', 'many', 'none', 'none', 'none', 'some', 'almost none', 'none', 'few', 'some', 'some', 'almost all']"
543,data/images/quantifier/test_543.png,"['many', 'many', 'all', 'some', 'some', 'none', 'few', 'some', 'some', 'all', 'almost all', 'many', 'some', 'many', 'all', 'some', 'most', 'some', 'almost all', 'all', 'all', 'the smaller part', 'some', 'almost none', 'almost none', 'all', 'few', 'some', 'almost none', 'all', 'almost all', 'few', 'many', 'the smaller part', 'almost none', 'most', 'all', 'some', 'the smaller part', 'all']"
545,data/images/quantifier/test_545.png,"['almost all', 'few', 'many', 'many', 'some', 'few', 'none', 'all', 'many', 'some', 'all', 'most', 'some', 'almost all', 'some', 'most', 'some', 'many', 'many', 'most', 'most', 'almost all', 'all', 'most', 'many', 'almost none', 'almost all', 'most', 'almost none', 'few', 'many', 'many', 'few', 'some', 'many', 'almost none', 'none', 'many', 'few', 'all']"
546,data/images/quantifier/test_546.png,"['few', 'many', 'the smaller part', 'almost none', 'almost none', 'many', 'all', 'almost all', 'all', 'few', 'almost none', 'all', 'some', 'many', 'most', 'none', 'many', 'most', 'all', 'none', 'the smaller part', 'some', 'almost none', 'almost all', 'some', 'many', 'few', 'many', 'some', 'many', 'some', 'some', 'few', 'none', 'all', 'none', 'all', 'few', 'some', 'many']"
547,data/images/quantifier/test_547.png,"['some', 'some', 'few', 'almost all', 'most', 'many', 'almost all', 'all', 'some', 'most', 'many', 'all', 'most', 'some', 'the smaller part', 'none', 'few', 'some', 'some', 'some', 'all', 'some', 'some', 'many', 'some', 'few', 'the smaller part', 'some', 'many', 'many', 'all', 'some', 'many', 'all', 'all', 'almost none', 'the smaller part', 'most', 'almost none', 'some']"
549,data/images/quantifier/test_549.png,"['many', 'few', 'some', 'almost all', 'some', 'some', 'many', 'some', 'many', 'some', 'some', 'many', 'few', 'few', 'almost all', 'few', 'most', 'almost all', 'all', 'the smaller part', 'all', 'few', 'most', 'many', 'all', 'many', 'some', 'almost all', 'many', 'all', 'all', 'most', 'most', 'few', 'some', 'almost all', 'some', 'some', 'almost none', 'many']"
553,data/images/quantifier/test_553.png,"['few', 'few', 'some', 'none', 'most', 'none', 'almost all', 'some', 'some', 'almost all', 'few', 'some', 'almost none', 'most', 'most', 'many', 'all', 'some', 'some', 'almost all', 'few', 'almost all', 'few', 'almost none', 'some', 'many', 'many', 'all', 'almost none', 'some', 'many', 'many', 'many', 'some', 'some', 'some', 'few', 'none', 'some', 'few']"
557,data/images/quantifier/test_557.png,"['the smaller part', 'some', 'many', 'many', 'some', 'all', 'some', 'few', 'most', 'all', 'almost none', 'some', 'some', 'some', 'almost all', 'all', 'almost all', 'all', 'many', 'most', 'few', 'some', 'many', 'all', 'some', 'many', 'the smaller part', 'most', 'none', 'the smaller part', 'some', 'some', 'some', 'almost none', 'some', 'many', 'few', 'few', 'almost none', 'almost all']"
558,data/images/quantifier/test_558.png,"['many', 'few', 'almost none', 'almost all', 'none', 'the smaller part', 'most', 'most', 'all', 'many', 'almost all', 'few', 'the smaller part', 'some', 'few', 'few', 'all', 'the smaller part', 'all', 'most', 'almost none', 'some', 'many', 'some', 'some', 'few', 'many', 'many', 'all', 'few', 'some', 'most', 'some', 'almost none', 'some', 'none', 'all', 'some', 'the smaller part', 'almost all']"
562,data/images/quantifier/test_562.png,"['most', 'almost none', 'none', 'almost all', 'the smaller part', 'some', 'some', 'some', 'the smaller part', 'almost none', 'many', 'many', 'many', 'few', 'most', 'some', 'almost all', 'almost none', 'some', 'some', 'many', 'some', 'some', 'some', 'almost all', 'almost all', 'all', 'few', 'almost all', 'none', 'almost none', 'almost all', 'most', 'most', 'few', 'none', 'all', 'none', 'many', 'almost all']"
572,data/images/quantifier/test_572.png,"['many', 'few', 'the smaller part', 'all', 'some', 'almost all', 'few', 'few', 'some', 'some', 'many', 'few', 'few', 'some', 'some', 'many', 'few', 'few', 'the smaller part', 'few', 'many', 'the smaller part', 'most', 'some', 'some', 'some', 'some', 'almost none', 'few', 'almost none', 'most', 'almost none', 'some', 'many', 'some', 'almost all', 'many', 'many', 'few', 'few']"
587,data/images/quantifier/test_587.png,"['all', 'few', 'many', 'few', 'few', 'the smaller part', 'few', 'some', 'some', 'many', 'many', 'few', 'many', 'few', 'few', 'almost all', 'the smaller part', 'some', 'none', 'most', 'all', 'some', 'some', 'some', 'the smaller part', 'most', 'some', 'few', 'almost none', 'some', 'few', 'none', 'most', 'many', 'none', 'many', 'many', 'almost none', 'some', 'some']"
590,data/images/quantifier/test_590.png,"['some', 'few', 'some', 'almost all', 'some', 'the smaller part', 'almost none', 'some', 'some', 'many', 'the smaller part', 'almost all', 'none', 'almost all', 'some', 'most', 'many', 'all', 'almost none', 'few', 'few', 'some', 'some', 'few', 'some', 'some', 'few', 'few', 'many', 'all', 'some', 'few', 'almost none', 'some', 'many', 'most', 'most', 'the smaller part', 'many', 'many']"
592,data/images/quantifier/test_592.png,"['almost none', 'some', 'some', 'some', 'almost none', 'some', 'some', 'almost all', 'some', 'the smaller part', 'few', 'few', 'some', 'few', 'almost none', 'some', 'few', 'some', 'most', 'some', 'all', 'few', 'none', 'many', 'the smaller part', 'few', 'some', 'almost all', 'few', 'none', 'some', 'many', 'almost all', 'some', 'some', 'all', 'almost none', 'some', 'the smaller part', 'some']"
593,data/images/quantifier/test_593.png,"['almost all', 'some', 'almost all', 'the smaller part', 'all', 'none', 'many', 'the smaller part', 'the smaller part', 'many', 'some', 'some', 'many', 'none', 'some', 'some', 'some', 'few', 'few', 'few', 'many', 'some', 'few', 'all', 'the smaller part', 'almost none', 'the smaller part', 'some', 'many', 'almost all', 'almost all', 'almost all', 'almost none', 'most', 'many', 'most', 'many', 'almost all', 'all', 'some']"
596,data/images/quantifier/test_596.png,"['many', 'all', 'some', 'most', 'almost none', 'many', 'few', 'none', 'most', 'some', 'some', 'none', 'almost none', 'some', 'almost none', 'many', 'some', 'some', 'some', 'all', 'almost none', 'some', 'none', 'all', 'all', 'many', 'few', 'many', 'all', 'none', 'most', 'few', 'some', 'most', 'some', 'many', 'most', 'all', 'all', 'many']"
606,data/images/quantifier/test_606.png,"['some', 'few', 'some', 'few', 'some', 'few', 'almost all', 'all', 'few', 'few', 'almost none', 'none', 'all', 'some', 'some', 'the smaller part', 'some', 'some', 'all', 'most', 'some', 'some', 'some', 'almost none', 'many', 'many', 'many', 'some', 'many', 'many', 'most', 'most', 'some', 'all', 'none', 'many', 'some', 'most', 'some', 'some']"
609,data/images/quantifier/test_609.png,"['few', 'the smaller part', 'almost all', 'all', 'many', 'almost all', 'many', 'few', 'none', 'almost all', 'some', 'some', 'many', 'none', 'some', 'all', 'some', 'few', 'most', 'all', 'none', 'the smaller part', 'almost all', 'almost all', 'none', 'many', 'most', 'almost all', 'many', 'none', 'few', 'few', 'some', 'few', 'none', 'almost all', 'few', 'many', 'few', 'none']"
616,data/images/quantifier/test_616.png,"['all', 'all', 'most', 'some', 'few', 'most', 'none', 'none', 'none', 'almost none', 'few', 'some', 'few', 'some', 'some', 'many', 'many', 'almost all', 'the smaller part', 'many', 'some', 'most', 'few', 'some', 'some', 'some', 'some', 'all', 'some', 'the smaller part', 'most', 'none', 'few', 'many', 'many', 'some', 'almost all', 'almost all', 'some', 'almost all']"
622,data/images/quantifier/test_622.png,"['the smaller part', 'few', 'few', 'some', 'most', 'few', 'most', 'most', 'many', 'few', 'almost all', 'almost none', 'most', 'almost all', 'some', 'some', 'all', 'many', 'some', 'few', 'almost all', 'some', 'many', 'few', 'the smaller part', 'many', 'almost none', 'the smaller part', 'many', 'many', 'almost all', 'almost none', 'few', 'the smaller part', 'none', 'many', 'almost all', 'most', 'few', 'many']"
623,data/images/quantifier/test_623.png,"['many', 'some', 'many', 'most', 'almost all', 'almost all', 'almost none', 'none', 'few', 'few', 'almost all', 'some', 'most', 'some', 'almost none', 'most', 'none', 'almost none', 'some', 'almost none', 'some', 'few', 'many', 'some', 'many', 'some', 'some', 'few', 'some', 'none', 'many', 'most', 'most', 'some', 'some', 'the smaller part', 'some', 'all', 'some', 'almost all']"
628,data/images/quantifier/test_628.png,"['almost all', 'most', 'some', 'few', 'some', 'all', 'almost none', 'many', 'many', 'almost all', 'many', 'most', 'all', 'some', 'the smaller part', 'all', 'few', 'none', 'none', 'many', 'some', 'few', 'many', 'some', 'many', 'almost all', 'none', 'almost none', 'none', 'all', 'few', 'all', 'some', 'some', 'few', 'almost none', 'the smaller part', 'some', 'many', 'all']"
637,data/images/quantifier/test_637.png,"['all', 'most', 'few', 'many', 'many', 'some', 'few', 'almost none', 'none', 'all', 'many', 'some', 'almost all', 'most', 'most', 'almost none', 'some', 'almost none', 'none', 'some', 'few', 'none', 'some', 'some', 'some', 'some', 'some', 'few', 'almost none', 'none', 'many', 'all', 'some', 'almost none', 'almost none', 'none', 'most', 'all', 'none', 'few']"
638,data/images/quantifier/test_638.png,"['many', 'many', 'few', 'almost none', 'few', 'none', 'some', 'almost none', 'few', 'some', 'many', 'some', 'the smaller part', 'few', 'some', 'many', 'almost all', 'none', 'many', 'almost none', 'few', 'some', 'all', 'many', 'few', 'most', 'some', 'many', 'almost none', 'some', 'all', 'some', 'many', 'some', 'almost all', 'many', 'few', 'almost none', 'many', 'none']"
644,data/images/quantifier/test_644.png,"['few', 'many', 'most', 'many', 'most', 'most', 'most', 'some', 'all', 'some', 'some', 'most', 'some', 'many', 'many', 'most', 'almost all', 'almost all', 'none', 'all', 'some', 'almost all', 'few', 'many', 'none', 'some', 'most', 'none', 'some', 'some', 'some', 'almost all', 'almost none', 'almost all', 'almost all', 'all', 'some', 'some', 'most', 'all']"
645,data/images/quantifier/test_645.png,"['all', 'all', 'many', 'almost none', 'the smaller part', 'some', 'the smaller part', 'few', 'almost none', 'some', 'few', 'almost all', 'almost all', 'most', 'few', 'few', 'none', 'some', 'none', 'few', 'some', 'few', 'all', 'some', 'almost all', 'many', 'some', 'all', 'most', 'some', 'some', 'few', 'none', 'the smaller part', 'almost none', 'the smaller part', 'none', 'almost all', 'all', 'some']"
647,data/images/quantifier/test_647.png,"['many', 'some', 'some', 'some', 'few', 'some', 'few', 'few', 'the smaller part', 'all', 'all', 'all', 'some', 'most', 'the smaller part', 'some', 'many', 'few', 'some', 'none', 'some', 'none', 'many', 'almost all', 'some', 'few', 'some', 'some', 'the smaller part', 'many', 'many', 'all', 'some', 'some', 'none', 'few', 'few', 'some', 'none', 'almost none']"
649,data/images/quantifier/test_649.png,"['most', 'almost all', 'few', 'most', 'almost none', 'some', 'most', 'some', 'some', 'many', 'almost all', 'all', 'many', 'almost none', 'all', 'most', 'all', 'many', 'most', 'most', 'some', 'some', 'some', 'the smaller part', 'all', 'almost all', 'none', 'some', 'some', 'many', 'all', 'some', 'many', 'many', 'all', 'almost all', 'all', 'almost all', 'all', 'none']"
654,data/images/quantifier/test_654.png,"['some', 'many', 'almost all', 'many', 'many', 'most', 'many', 'almost all', 'some', 'many', 'many', 'many', 'few', 'some', 'all', 'all', 'some', 'some', 'some', 'none', 'the smaller part', 'many', 'almost all', 'many', 'some', 'some', 'almost all', 'few', 'many', 'many', 'most', 'few', 'almost none', 'few', 'none', 'most', 'all', 'some', 'none', 'some']"
657,data/images/quantifier/test_657.png,"['few', 'most', 'few', 'almost all', 'many', 'many', 'some', 'most', 'some', 'some', 'some', 'some', 'almost all', 'the smaller part', 'many', 'most', 'none', 'few', 'most', 'some', 'all', 'all', 'almost all', 'none', 'almost all', 'almost all', 'few', 'all', 'some', 'few', 'all', 'some', 'all', 'some', 'most', 'many', 'many', 'many', 'few', 'all']"
661,data/images/quantifier/test_661.png,"['most', 'few', 'none', 'many', 'some', 'most', 'some', 'all', 'some', 'almost none', 'none', 'some', 'few', 'some', 'most', 'some', 'some', 'few', 'many', 'some', 'many', 'some', 'many', 'some', 'all', 'some', 'almost all', 'all', 'none', 'few', 'few', 'many', 'few', 'the smaller part', 'almost none', 'most', 'many', 'none', 'most', 'some']"
668,data/images/quantifier/test_668.png,"['all', 'few', 'few', 'some', 'the smaller part', 'most', 'the smaller part', 'some', 'most', 'some', 'almost all', 'most', 'few', 'all', 'many', 'many', 'most', 'many', 'almost all', 'some', 'some', 'some', 'few', 'few', 'none', 'all', 'many', 'many', 'some', 'many', 'some', 'most', 'many', 'almost none', 'all', 'almost all', 'most', 'most', 'many', 'many']"
674,data/images/quantifier/test_674.png,"['the smaller part', 'none', 'almost all', 'some', 'few', 'many', 'few', 'some', 'most', 'almost all', 'all', 'many', 'none', 'some', 'some', 'the smaller part', 'some', 'the smaller part', 'few', 'almost all', 'many', 'some', 'none', 'all', 'most', 'most', 'none', 'few', 'some', 'most', 'some', 'some', 'almost all', 'almost all', 'some', 'the smaller part', 'few', 'some', 'none', 'some']"
675,data/images/quantifier/test_675.png,"['almost all', 'few', 'most', 'the smaller part', 'many', 'all', 'almost none', 'none', 'most', 'some', 'almost none', 'all', 'all', 'some', 'none', 'all', 'the smaller part', 'all', 'many', 'many', 'many', 'most', 'few', 'none', 'all', 'some', 'none', 'few', 'some', 'some', 'all', 'few', 'the smaller part', 'all', 'few', 'almost none', 'all', 'many', 'most', 'most']"
681,data/images/quantifier/test_681.png,"['some', 'some', 'some', 'some', 'the smaller part', 'many', 'all', 'few', 'almost all', 'some', 'none', 'some', 'some', 'none', 'some', 'most', 'almost all', 'most', 'many', 'most', 'many', 'most', 'most', 'many', 'some', 'the smaller part', 'almost all', 'the smaller part', 'all', 'many', 'many', 'many', 'many', 'some', 'most', 'none', 'many', 'some', 'few', 'almost all']"
688,data/images/quantifier/test_688.png,"['many', 'the smaller part', 'many', 'the smaller part', 'some', 'most', 'many', 'all', 'few', 'some', 'some', 'few', 'most', 'none', 'almost all', 'most', 'few', 'many', 'few', 'almost all', 'some', 'few', 'all', 'few', 'most', 'all', 'some', 'most', 'the smaller part', 'almost none', 'almost none', 'many', 'almost all', 'some', 'all', 'none', 'many', 'almost none', 'none', 'some']"
692,data/images/quantifier/test_692.png,"['all', 'few', 'some', 'almost all', 'almost all', 'almost all', 'most', 'most', 'the smaller part', 'the smaller part', 'many', 'some', 'almost none', 'almost all', 'few', 'some', 'few', 'almost all', 'almost all', 'few', 'many', 'all', 'few', 'some', 'few', 'all', 'almost all', 'all', 'almost all', 'almost none', 'almost all', 'few', 'few', 'all', 'some', 'few', 'some', 'none', 'many', 'almost none']"
697,data/images/quantifier/test_697.png,"['none', 'most', 'almost none', 'most', 'none', 'the smaller part', 'few', 'few', 'many', 'almost none', 'most', 'some', 'all', 'all', 'some', 'almost none', 'almost none', 'some', 'few', 'the smaller part', 'all', 'some', 'few', 'few', 'few', 'few', 'many', 'some', 'some', 'almost none', 'almost all', 'some', 'almost all', 'almost none', 'none', 'some', 'all', 'almost all', 'some', 'some']"
702,data/images/quantifier/test_702.png,"['all', 'some', 'few', 'many', 'none', 'many', 'almost all', 'some', 'none', 'some', 'almost none', 'all', 'all', 'many', 'all', 'many', 'some', 'almost none', 'some', 'some', 'few', 'almost all', 'some', 'almost all', 'almost all', 'some', 'most', 'some', 'none', 'almost none', 'some', 'almost all', 'some', 'many', 'many', 'some', 'some', 'almost none', 'none', 'many']"
704,data/images/quantifier/test_704.png,"['some', 'most', 'some', 'many', 'some', 'the smaller part', 'almost all', 'some', 'all', 'most', 'some', 'few', 'few', 'almost all', 'almost all', 'many', 'few', 'some', 'almost all', 'some', 'some', 'few', 'some', 'many', 'few', 'few', 'many', 'the smaller part', 'few', 'some', 'almost all', 'most', 'almost none', 'all', 'few', 'almost all', 'all', 'all', 'the smaller part', 'almost none']"
705,data/images/quantifier/test_705.png,"['all', 'the smaller part', 'some', 'some', 'some', 'few', 'all', 'the smaller part', 'some', 'some', 'some', 'many', 'few', 'most', 'almost all', 'some', 'almost all', 'almost all', 'few', 'none', 'some', 'few', 'almost all', 'many', 'some', 'few', 'few', 'few', 'none', 'few', 'all', 'many', 'almost all', 'some', 'few', 'many', 'many', 'all', 'most', 'some']"
712,data/images/quantifier/test_712.png,"['the smaller part', 'almost all', 'few', 'all', 'almost all', 'most', 'some', 'all', 'almost all', 'few', 'all', 'some', 'some', 'almost all', 'some', 'none', 'all', 'some', 'some', 'some', 'almost all', 'many', 'few', 'most', 'some', 'few', 'some', 'none', 'all', 'all', 'most', 'all', 'many', 'few', 'some', 'most', 'the smaller part', 'few', 'all', 'some']"
716,data/images/quantifier/test_716.png,"['almost all', 'few', 'some', 'some', 'few', 'none', 'the smaller part', 'all', 'none', 'few', 'almost all', 'some', 'all', 'almost all', 'none', 'many', 'all', 'many', 'few', 'many', 'some', 'almost all', 'some', 'all', 'few', 'almost none', 'all', 'few', 'few', 'some', 'none', 'some', 'almost all', 'the smaller part', 'all', 'many', 'many', 'many', 'almost all', 'few']"
721,data/images/quantifier/test_721.png,"['the smaller part', 'some', 'many', 'almost all', 'all', 'almost none', 'all', 'few', 'none', 'almost all', 'many', 'all', 'almost all', 'some', 'most', 'few', 'most', 'all', 'few', 'some', 'some', 'all', 'none', 'almost all', 'some', 'few', 'most', 'almost none', 'some', 'many', 'all', 'almost none', 'all', 'almost none', 'almost none', 'none', 'some', 'most', 'some', 'many']"
730,data/images/quantifier/test_730.png,"['the smaller part', 'most', 'almost all', 'all', 'many', 'most', 'most', 'few', 'the smaller part', 'some', 'some', 'all', 'many', 'almost none', 'some', 'many', 'almost all', 'the smaller part', 'many', 'some', 'many', 'many', 'some', 'many', 'almost all', 'almost all', 'some', 'some', 'many', 'some', 'few', 'most', 'the smaller part', 'many', 'most', 'few', 'many', 'many', 'none', 'some']"
731,data/images/quantifier/test_731.png,"['many', 'most', 'the smaller part', 'all', 'few', 'none', 'few', 'few', 'the smaller part', 'few', 'most', 'few', 'all', 'many', 'all', 'all', 'almost all', 'many', 'most', 'many', 'almost all', 'none', 'most', 'almost none', 'few', 'almost none', 'almost none', 'some', 'some', 'almost all', 'few', 'many', 'many', 'almost none', 'many', 'none', 'most', 'most', 'many', 'all']"
735,data/images/quantifier/test_735.png,"['few', 'most', 'few', 'many', 'some', 'almost none', 'almost none', 'almost all', 'many', 'all', 'most', 'none', 'some', 'most', 'most', 'some', 'almost all', 'most', 'most', 'most', 'few', 'almost none', 'some', 'all', 'most', 'some', 'few', 'the smaller part', 'none', 'some', 'many', 'many', 'none', 'few', 'some', 'some', 'all', 'almost all', 'all', 'almost none']"
736,data/images/quantifier/test_736.png,"['some', 'almost all', 'none', 'few', 'all', 'many', 'few', 'few', 'many', 'many', 'almost none', 'many', 'many', 'some', 'all', 'most', 'most', 'some', 'almost none', 'some', 'almost none', 'almost all', 'none', 'all', 'almost all', 'some', 'most', 'many', 'none', 'few', 'few', 'few', 'none', 'most', 'none', 'almost none', 'none', 'some', 'some', 'all']"
740,data/images/quantifier/test_740.png,"['the smaller part', 'almost none', 'most', 'some', 'some', 'almost all', 'many', 'all', 'almost none', 'almost all', 'none', 'almost none', 'few', 'some', 'many', 'almost all', 'all', 'some', 'some', 'almost none', 'some', 'some', 'many', 'none', 'many', 'some', 'some', 'most', 'some', 'many', 'some', 'some', 'some', 'almost none', 'almost all', 'few', 'most', 'some', 'almost none', 'none']"
758,data/images/quantifier/test_758.png,"['almost none', 'many', 'few', 'none', 'all', 'the smaller part', 'most', 'some', 'none', 'some', 'almost all', 'some', 'many', 'many', 'few', 'almost all', 'some', 'all', 'almost all', 'some', 'some', 'most', 'many', 'many', 'some', 'some', 'the smaller part', 'some', 'most', 'the smaller part', 'few', 'many', 'many', 'few', 'many', 'few', 'most', 'some', 'few', 'some']"
760,data/images/quantifier/test_760.png,"['all', 'some', 'most', 'most', 'none', 'almost all', 'many', 'none', 'many', 'almost none', 'all', 'the smaller part', 'some', 'some', 'many', 'few', 'some', 'many', 'all', 'none', 'many', 'few', 'almost none', 'almost none', 'almost none', 'few', 'most', 'few', 'almost all', 'the smaller part', 'some', 'few', 'almost none', 'the smaller part', 'almost none', 'some', 'many', 'none', 'few', 'none']"
763,data/images/quantifier/test_763.png,"['almost none', 'some', 'some', 'all', 'many', 'none', 'few', 'some', 'none', 'some', 'almost none', 'almost none', 'all', 'many', 'some', 'none', 'all', 'none', 'the smaller part', 'almost none', 'some', 'few', 'almost none', 'most', 'some', 'almost none', 'none', 'few', 'most', 'few', 'almost none', 'almost all', 'the smaller part', 'the smaller part', 'almost none', 'some', 'many', 'none', 'few', 'some']"
768,data/images/quantifier/test_768.png,"['some', 'few', 'few', 'some', 'few', 'most', 'all', 'the smaller part', 'few', 'few', 'some', 'all', 'the smaller part', 'the smaller part', 'most', 'all', 'almost all', 'almost all', 'some', 'none', 'many', 'few', 'almost all', 'few', 'many', 'most', 'none', 'many', 'some', 'all', 'all', 'some', 'some', 'few', 'many', 'all', 'most', 'all', 'few', 'many']"
770,data/images/quantifier/test_770.png,"['most', 'almost none', 'almost none', 'many', 'few', 'many', 'almost all', 'many', 'the smaller part', 'some', 'few', 'some', 'many', 'most', 'all', 'almost none', 'none', 'few', 'none', 'some', 'the smaller part', 'many', 'all', 'few', 'the smaller part', 'none', 'few', 'most', 'few', 'many', 'some', 'some', 'some', 'many', 'some', 'many', 'some', 'many', 'few', 'many']"
774,data/images/quantifier/test_774.png,"['some', 'many', 'many', 'many', 'most', 'none', 'almost none', 'most', 'few', 'some', 'almost all', 'almost all', 'many', 'none', 'some', 'few', 'almost all', 'almost none', 'all', 'few', 'most', 'almost none', 'few', 'few', 'almost none', 'few', 'none', 'all', 'all', 'many', 'all', 'some', 'none', 'few', 'many', 'all', 'few', 'many', 'most', 'almost none']"
778,data/images/quantifier/test_778.png,"['all', 'few', 'few', 'some', 'some', 'almost all', 'some', 'many', 'most', 'none', 'many', 'none', 'many', 'many', 'many', 'almost all', 'almost none', 'all', 'some', 'all', 'almost none', 'some', 'few', 'few', 'almost none', 'some', 'almost all', 'some', 'most', 'some', 'almost none', 'none', 'few', 'the smaller part', 'almost none', 'some', 'almost none', 'almost all', 'many', 'some']"
779,data/images/quantifier/test_779.png,"['most', 'almost all', 'some', 'the smaller part', 'all', 'some', 'many', 'some', 'some', 'none', 'the smaller part', 'many', 'all', 'almost all', 'few', 'the smaller part', 'few', 'many', 'all', 'all', 'some', 'some', 'many', 'almost none', 'many', 'some', 'some', 'few', 'some', 'most', 'some', 'many', 'almost none', 'few', 'some', 'few', 'almost all', 'few', 'few', 'all']"
784,data/images/quantifier/test_784.png,"['few', 'some', 'some', 'the smaller part', 'few', 'few', 'many', 'some', 'most', 'all', 'some', 'few', 'some', 'few', 'some', 'few', 'some', 'the smaller part', 'some', 'many', 'some', 'some', 'many', 'all', 'some', 'many', 'some', 'some', 'most', 'many', 'almost all', 'most', 'none', 'almost all', 'none', 'some', 'most', 'some', 'some', 'few']"
786,data/images/quantifier/test_786.png,"['almost all', 'most', 'the smaller part', 'the smaller part', 'many', 'some', 'all', 'many', 'few', 'all', 'few', 'most', 'few', 'few', 'many', 'all', 'many', 'none', 'some', 'some', 'the smaller part', 'almost none', 'many', 'many', 'many', 'many', 'none', 'many', 'almost all', 'all', 'some', 'many', 'almost all', 'none', 'all', 'most', 'some', 'few', 'many', 'some']"
787,data/images/quantifier/test_787.png,"['none', 'few', 'all', 'all', 'some', 'all', 'many', 'many', 'many', 'almost none', 'the smaller part', 'some', 'many', 'all', 'all', 'some', 'some', 'almost none', 'none', 'some', 'many', 'almost all', 'most', 'all', 'almost all', 'almost all', 'most', 'all', 'most', 'none', 'the smaller part', 'all', 'some', 'few', 'few', 'none', 'many', 'the smaller part', 'all', 'many']"
791,data/images/quantifier/test_791.png,"['many', 'most', 'all', 'almost none', 'some', 'all', 'some', 'some', 'some', 'some', 'the smaller part', 'many', 'many', 'almost none', 'some', 'few', 'all', 'some', 'some', 'none', 'almost all', 'all', 'many', 'some', 'some', 'all', 'some', 'some', 'almost all', 'almost none', 'all', 'some', 'some', 'few', 'some', 'none', 'some', 'many', 'almost all', 'almost all']"
793,data/images/quantifier/test_793.png,"['all', 'none', 'few', 'almost all', 'many', 'few', 'some', 'few', 'many', 'few', 'some', 'all', 'almost all', 'many', 'some', 'many', 'some', 'almost all', 'some', 'almost none', 'almost none', 'most', 'most', 'none', 'all', 'many', 'all', 'almost all', 'most', 'the smaller part', 'all', 'none', 'almost none', 'none', 'almost all', 'few', 'none', 'almost all', 'many', 'some']"
794,data/images/quantifier/test_794.png,"['some', 'most', 'few', 'almost none', 'some', 'almost all', 'some', 'all', 'many', 'almost none', 'some', 'many', 'almost all', 'none', 'all', 'all', 'few', 'most', 'few', 'almost none', 'the smaller part', 'almost all', 'some', 'few', 'most', 'the smaller part', 'some', 'all', 'some', 'many', 'few', 'many', 'some', 'all', 'many', 'none', 'almost all', 'many', 'all', 'almost all']"
795,data/images/quantifier/test_795.png,"['some', 'almost all', 'some', 'many', 'few', 'most', 'some', 'some', 'many', 'few', 'some', 'many', 'many', 'many', 'some', 'all', 'almost all', 'all', 'few', 'most', 'some', 'almost all', 'most', 'some', 'few', 'almost all', 'many', 'most', 'almost none', 'all', 'most', 'all', 'some', 'some', 'almost none', 'many', 'few', 'many', 'few', 'all']"
796,data/images/quantifier/test_796.png,"['few', 'almost all', 'few', 'all', 'few', 'most', 'all', 'most', 'most', 'few', 'some', 'some', 'most', 'some', 'few', 'almost all', 'almost none', 'almost all', 'many', 'almost all', 'some', 'few', 'some', 'all', 'almost all', 'many', 'many', 'all', 'some', 'all', 'all', 'some', 'few', 'all', 'some', 'almost all', 'all', 'all', 'some', 'almost all']"
799,data/images/quantifier/test_799.png,"['many', 'some', 'almost none', 'many', 'some', 'none', 'some', 'few', 'many', 'some', 'some', 'many', 'the smaller part', 'none', 'none', 'most', 'few', 'none', 'the smaller part', 'few', 'few', 'some', 'many', 'the smaller part', 'many', 'some', 'some', 'most', 'all', 'few', 'the smaller part', 'few', 'some', 'some', 'some', 'none', 'some', 'most', 'few', 'most']"
800,data/images/quantifier/test_800.png,"['many', 'some', 'few', 'some', 'some', 'some', 'almost all', 'some', 'few', 'the smaller part', 'many', 'many', 'almost all', 'the smaller part', 'none', 'many', 'none', 'all', 'most', 'all', 'some', 'almost all', 'many', 'some', 'none', 'some', 'few', 'many', 'many', 'many', 'almost none', 'all', 'some', 'almost all', 'none', 'some', 'some', 'all', 'all', 'many']"
804,data/images/quantifier/test_804.png,"['almost none', 'many', 'many', 'some', 'few', 'almost all', 'almost all', 'some', 'some', 'most', 'few', 'few', 'most', 'the smaller part', 'almost none', 'all', 'none', 'few', 'some', 'most', 'some', 'all', 'many', 'almost none', 'most', 'many', 'almost none', 'some', 'few', 'almost all', 'almost none', 'some', 'few', 'most', 'almost all', 'many', 'some', 'few', 'some', 'almost all']"
806,data/images/quantifier/test_806.png,"['few', 'the smaller part', 'none', 'many', 'some', 'some', 'the smaller part', 'some', 'some', 'some', 'few', 'few', 'almost all', 'none', 'few', 'all', 'the smaller part', 'some', 'some', 'most', 'most', 'some', 'almost none', 'many', 'many', 'some', 'some', 'few', 'none', 'many', 'almost none', 'none', 'none', 'some', 'all', 'many', 'almost all', 'none', 'some', 'some']"
812,data/images/quantifier/test_812.png,"['many', 'many', 'the smaller part', 'all', 'some', 'some', 'few', 'many', 'few', 'few', 'almost all', 'few', 'some', 'few', 'many', 'the smaller part', 'none', 'the smaller part', 'almost all', 'all', 'some', 'most', 'almost all', 'few', 'many', 'few', 'some', 'many', 'the smaller part', 'few', 'some', 'some', 'all', 'few', 'most', 'almost all', 'few', 'few', 'all', 'few']"
818,data/images/quantifier/test_818.png,"['some', 'some', 'almost all', 'the smaller part', 'some', 'some', 'none', 'almost all', 'many', 'almost none', 'some', 'all', 'some', 'most', 'most', 'most', 'some', 'the smaller part', 'few', 'few', 'some', 'none', 'none', 'few', 'few', 'all', 'almost none', 'most', 'the smaller part', 'few', 'the smaller part', 'the smaller part', 'some', 'few', 'some', 'many', 'few', 'none', 'almost none', 'most']"
819,data/images/quantifier/test_819.png,"['most', 'some', 'some', 'many', 'many', 'almost all', 'almost none', 'almost all', 'some', 'almost none', 'all', 'some', 'almost none', 'some', 'most', 'few', 'many', 'some', 'few', 'none', 'most', 'many', 'many', 'some', 'some', 'some', 'almost all', 'few', 'none', 'most', 'the smaller part', 'some', 'many', 'few', 'almost all', 'most', 'few', 'some', 'most', 'some']"
820,data/images/quantifier/test_820.png,"['almost none', 'none', 'some', 'all', 'most', 'most', 'almost none', 'almost none', 'many', 'the smaller part', 'none', 'all', 'many', 'none', 'few', 'almost all', 'few', 'almost all', 'almost none', 'many', 'almost none', 'almost none', 'some', 'none', 'many', 'almost all', 'all', 'almost all', 'all', 'some', 'almost all', 'all', 'some', 'all', 'most', 'all', 'some', 'some', 'many', 'the smaller part']"
823,data/images/quantifier/test_823.png,"['none', 'many', 'some', 'some', 'all', 'all', 'none', 'all', 'almost all', 'some', 'some', 'all', 'many', 'most', 'some', 'some', 'almost all', 'many', 'most', 'many', 'few', 'most', 'all', 'almost none', 'most', 'all', 'many', 'almost all', 'almost all', 'few', 'most', 'some', 'most', 'the smaller part', 'all', 'some', 'almost all', 'none', 'many', 'few']"
829,data/images/quantifier/test_829.png,"['many', 'most', 'the smaller part', 'none', 'none', 'few', 'almost none', 'all', 'many', 'many', 'some', 'the smaller part', 'the smaller part', 'few', 'many', 'few', 'many', 'few', 'few', 'few', 'almost all', 'almost none', 'almost none', 'the smaller part', 'many', 'few', 'almost all', 'many', 'many', 'none', 'few', 'many', 'many', 'almost none', 'almost all', 'some', 'some', 'most', 'none', 'some']"
835,data/images/quantifier/test_835.png,"['almost all', 'none', 'some', 'few', 'few', 'almost all', 'almost none', 'none', 'most', 'few', 'some', 'the smaller part', 'some', 'few', 'some', 'almost all', 'all', 'most', 'some', 'all', 'none', 'some', 'the smaller part', 'some', 'some', 'few', 'some', 'the smaller part', 'none', 'most', 'some', 'many', 'some', 'all', 'most', 'many', 'some', 'many', 'almost all', 'some']"
836,data/images/quantifier/test_836.png,"['some', 'almost all', 'almost all', 'almost all', 'almost none', 'few', 'many', 'almost none', 'many', 'few', 'most', 'some', 'the smaller part', 'few', 'all', 'most', 'some', 'almost none', 'almost all', 'many', 'almost none', 'few', 'all', 'almost all', 'many', 'some', 'almost none', 'almost none', 'some', 'some', 'few', 'almost all', 'many', 'almost all', 'the smaller part', 'most', 'all', 'almost none', 'some', 'all']"
837,data/images/quantifier/test_837.png,"['some', 'some', 'all', 'almost none', 'many', 'many', 'most', 'some', 'none', 'some', 'all', 'the smaller part', 'some', 'few', 'some', 'few', 'most', 'some', 'few', 'some', 'none', 'many', 'some', 'almost all', 'all', 'all', 'many', 'some', 'some', 'some', 'many', 'some', 'some', 'some', 'some', 'none', 'some', 'some', 'some', 'few']"
849,data/images/quantifier/test_849.png,"['none', 'few', 'most', 'few', 'none', 'few', 'few', 'all', 'almost all', 'none', 'many', 'some', 'almost none', 'all', 'almost all', 'some', 'some', 'almost none', 'some', 'almost none', 'some', 'none', 'all', 'many', 'most', 'some', 'most', 'the smaller part', 'all', 'some', 'some', 'few', 'many', 'almost all', 'some', 'none', 'many', 'almost none', 'some', 'almost all']"
850,data/images/quantifier/test_850.png,"['some', 'some', 'some', 'some', 'some', 'few', 'few', 'many', 'none', 'almost all', 'almost all', 'some', 'many', 'many', 'almost all', 'some', 'almost all', 'all', 'some', 'almost none', 'the smaller part', 'few', 'all', 'few', 'some', 'many', 'some', 'none', 'the smaller part', 'almost all', 'the smaller part', 'all', 'none', 'some', 'some', 'most', 'none', 'almost all', 'almost none', 'many']"
855,data/images/quantifier/test_855.png,"['few', 'almost none', 'some', 'all', 'some', 'all', 'the smaller part', 'few', 'some', 'few', 'few', 'some', 'some', 'all', 'many', 'all', 'the smaller part', 'most', 'almost all', 'many', 'the smaller part', 'almost all', 'many', 'some', 'none', 'some', 'some', 'most', 'all', 'all', 'some', 'some', 'almost all', 'some', 'most', 'few', 'most', 'most', 'many', 'few']"
857,data/images/quantifier/test_857.png,"['few', 'few', 'almost all', 'some', 'all', 'many', 'many', 'almost all', 'some', 'almost all', 'almost none', 'none', 'none', 'some', 'the smaller part', 'the smaller part', 'some', 'few', 'none', 'some', 'many', 'some', 'none', 'almost all', 'almost all', 'most', 'all', 'many', 'some', 'some', 'almost all', 'all', 'some', 'almost all', 'most', 'most', 'many', 'the smaller part', 'almost all', 'few']"
864,data/images/quantifier/test_864.png,"['many', 'some', 'some', 'almost all', 'some', 'some', 'almost none', 'some', 'most', 'almost all', 'almost all', 'almost all', 'almost all', 'some', 'none', 'few', 'some', 'none', 'all', 'some', 'many', 'almost all', 'most', 'some', 'some', 'some', 'almost all', 'some', 'some', 'most', 'all', 'few', 'many', 'some', 'all', 'the smaller part', 'some', 'almost all', 'many', 'all']"
867,data/images/quantifier/test_867.png,"['none', 'many', 'all', 'none', 'none', 'almost all', 'none', 'some', 'almost none', 'many', 'most', 'none', 'many', 'almost none', 'almost all', 'almost none', 'most', 'the smaller part', 'almost all', 'almost all', 'most', 'none', 'some', 'few', 'some', 'almost all', 'some', 'all', 'many', 'some', 'most', 'many', 'few', 'some', 'some', 'few', 'many', 'all', 'most', 'most']"
873,data/images/quantifier/test_873.png,"['the smaller part', 'many', 'few', 'all', 'most', 'few', 'all', 'many', 'some', 'none', 'the smaller part', 'some', 'most', 'the smaller part', 'many', 'few', 'few', 'some', 'many', 'almost none', 'none', 'some', 'the smaller part', 'the smaller part', 'few', 'some', 'almost none', 'none', 'most', 'the smaller part', 'many', 'some', 'many', 'some', 'some', 'many', 'few', 'almost none', 'some', 'few']"
874,data/images/quantifier/test_874.png,"['many', 'many', 'many', 'many', 'few', 'all', 'some', 'the smaller part', 'some', 'few', 'few', 'all', 'some', 'the smaller part', 'almost none', 'the smaller part', 'some', 'none', 'some', 'some', 'few', 'most', 'the smaller part', 'many', 'many', 'none', 'the smaller part', 'some', 'almost all', 'many', 'all', 'many', 'almost all', 'many', 'almost all', 'few', 'some', 'few', 'many', 'many']"
875,data/images/quantifier/test_875.png,"['many', 'almost all', 'most', 'many', 'some', 'almost none', 'few', 'almost all', 'many', 'some', 'many', 'the smaller part', 'almost all', 'many', 'all', 'none', 'few', 'many', 'few', 'most', 'many', 'some', 'few', 'many', 'the smaller part', 'some', 'many', 'none', 'many', 'none', 'some', 'almost none', 'almost all', 'many', 'most', 'many', 'almost all', 'some', 'none', 'some']"
879,data/images/quantifier/test_879.png,"['none', 'none', 'all', 'some', 'some', 'almost none', 'some', 'some', 'none', 'the smaller part', 'many', 'some', 'many', 'many', 'some', 'almost all', 'some', 'many', 'many', 'almost all', 'almost none', 'few', 'the smaller part', 'some', 'many', 'none', 'almost none', 'some', 'few', 'few', 'many', 'some', 'some', 'none', 'none', 'all', 'some', 'some', 'some', 'the smaller part']"
892,data/images/quantifier/test_892.png,"['most', 'the smaller part', 'almost none', 'almost all', 'most', 'some', 'most', 'almost all', 'none', 'almost none', 'most', 'most', 'some', 'few', 'all', 'none', 'most', 'all', 'many', 'most', 'the smaller part', 'none', 'some', 'almost none', 'some', 'some', 'some', 'few', 'many', 'most', 'all', 'most', 'the smaller part', 'some', 'none', 'few', 'many', 'all', 'almost all', 'almost all']"
902,data/images/quantifier/test_902.png,"['some', 'few', 'most', 'the smaller part', 'none', 'almost none', 'almost none', 'almost all', 'some', 'all', 'some', 'all', 'none', 'all', 'many', 'all', 'most', 'some', 'some', 'some', 'the smaller part', 'many', 'many', 'almost none', 'almost none', 'the smaller part', 'some', 'none', 'few', 'many', 'almost none', 'some', 'almost all', 'all', 'many', 'almost all', 'few', 'all', 'almost all', 'few']"
905,data/images/quantifier/test_905.png,"['some', 'the smaller part', 'many', 'some', 'some', 'all', 'all', 'the smaller part', 'some', 'few', 'many', 'many', 'some', 'most', 'many', 'almost none', 'some', 'none', 'many', 'all', 'none', 'none', 'some', 'some', 'many', 'almost all', 'many', 'all', 'some', 'none', 'few', 'none', 'most', 'few', 'almost none', 'few', 'almost all', 'some', 'all', 'some']"
909,data/images/quantifier/test_909.png,"['many', 'many', 'some', 'none', 'almost all', 'some', 'many', 'some', 'most', 'some', 'most', 'some', 'almost all', 'most', 'almost all', 'some', 'some', 'many', 'all', 'few', 'most', 'all', 'most', 'few', 'some', 'some', 'almost all', 'almost all', 'none', 'many', 'most', 'few', 'almost all', 'few', 'none', 'almost none', 'many', 'all', 'some', 'many']"
911,data/images/quantifier/test_911.png,"['the smaller part', 'most', 'none', 'almost all', 'the smaller part', 'all', 'many', 'all', 'some', 'almost all', 'few', 'some', 'most', 'few', 'some', 'none', 'some', 'many', 'almost all', 'many', 'most', 'most', 'almost none', 'some', 'few', 'some', 'almost all', 'some', 'few', 'many', 'some', 'almost all', 'some', 'almost none', 'all', 'many', 'few', 'few', 'some', 'all']"
912,data/images/quantifier/test_912.png,"['most', 'some', 'some', 'few', 'almost none', 'many', 'some', 'some', 'all', 'many', 'almost all', 'many', 'almost all', 'some', 'all', 'some', 'almost all', 'all', 'none', 'some', 'all', 'many', 'none', 'most', 'almost all', 'most', 'almost all', 'none', 'almost all', 'almost all', 'some', 'almost none', 'none', 'some', 'some', 'almost none', 'none', 'all', 'almost all', 'some']"
913,data/images/quantifier/test_913.png,"['the smaller part', 'almost all', 'all', 'some', 'almost all', 'all', 'all', 'almost all', 'many', 'few', 'some', 'the smaller part', 'some', 'some', 'all', 'the smaller part', 'some', 'many', 'few', 'all', 'almost all', 'the smaller part', 'none', 'some', 'all', 'some', 'few', 'most', 'none', 'some', 'most', 'many', 'none', 'many', 'almost none', 'many', 'almost all', 'many', 'all', 'many']"
914,data/images/quantifier/test_914.png,"['many', 'some', 'some', 'some', 'many', 'none', 'most', 'some', 'some', 'many', 'almost all', 'almost none', 'the smaller part', 'many', 'almost none', 'all', 'almost all', 'most', 'some', 'some', 'most', 'some', 'the smaller part', 'some', 'all', 'some', 'the smaller part', 'some', 'few', 'some', 'all', 'few', 'almost all', 'most', 'none', 'all', 'all', 'many', 'some', 'none']"
920,data/images/quantifier/test_920.png,"['some', 'almost all', 'some', 'almost all', 'all', 'some', 'none', 'almost all', 'few', 'the smaller part', 'few', 'none', 'most', 'few', 'almost none', 'almost none', 'some', 'almost all', 'some', 'almost none', 'almost all', 'some', 'some', 'the smaller part', 'the smaller part', 'some', 'all', 'most', 'almost none', 'almost all', 'all', 'all', 'many', 'some', 'almost none', 'some', 'few', 'all', 'some', 'many']"
921,data/images/quantifier/test_921.png,"['almost none', 'many', 'some', 'few', 'some', 'most', 'many', 'many', 'some', 'almost all', 'many', 'some', 'almost none', 'none', 'the smaller part', 'many', 'some', 'many', 'almost none', 'all', 'all', 'some', 'almost all', 'few', 'the smaller part', 'most', 'almost none', 'almost none', 'all', 'many', 'none', 'almost all', 'few', 'some', 'some', 'some', 'all', 'almost none', 'almost all', 'few']"
929,data/images/quantifier/test_929.png,"['all', 'some', 'some', 'some', 'few', 'almost all', 'some', 'many', 'most', 'all', 'none', 'most', 'all', 'few', 'some', 'almost all', 'some', 'none', 'few', 'some', 'almost all', 'all', 'most', 'many', 'many', 'the smaller part', 'all', 'almost all', 'all', 'all', 'some', 'many', 'few', 'many', 'some', 'the smaller part', 'some', 'all', 'many', 'few']"
938,data/images/quantifier/test_938.png,"['all', 'most', 'some', 'many', 'almost all', 'some', 'all', 'all', 'the smaller part', 'few', 'almost all', 'most', 'some', 'most', 'all', 'almost none', 'most', 'many', 'many', 'almost none', 'almost none', 'the smaller part', 'some', 'some', 'many', 'most', 'the smaller part', 'some', 'all', 'none', 'many', 'many', 'some', 'almost all', 'many', 'none', 'the smaller part', 'none', 'many', 'the smaller part']"
939,data/images/quantifier/test_939.png,"['most', 'none', 'all', 'many', 'most', 'most', 'almost none', 'some', 'some', 'almost none', 'all', 'almost none', 'many', 'many', 'some', 'some', 'some', 'almost all', 'all', 'some', 'few', 'some', 'some', 'few', 'almost none', 'some', 'almost all', 'almost none', 'the smaller part', 'many', 'almost all', 'all', 'some', 'none', 'some', 'many', 'some', 'the smaller part', 'all', 'many']"
948,data/images/quantifier/test_948.png,"['some', 'few', 'almost none', 'almost none', 'all', 'some', 'all', 'almost none', 'most', 'few', 'few', 'some', 'all', 'the smaller part', 'many', 'some', 'almost all', 'none', 'the smaller part', 'many', 'almost all', 'some', 'almost none', 'almost all', 'all', 'almost none', 'all', 'all', 'many', 'many', 'many', 'many', 'none', 'all', 'some', 'few', 'almost all', 'few', 'almost all', 'none']"
950,data/images/quantifier/test_950.png,"['some', 'some', 'almost all', 'all', 'all', 'almost none', 'almost all', 'some', 'many', 'all', 'most', 'all', 'the smaller part', 'none', 'few', 'few', 'some', 'none', 'almost all', 'few', 'some', 'none', 'many', 'none', 'most', 'all', 'all', 'few', 'none', 'some', 'few', 'some', 'few', 'many', 'almost all', 'few', 'some', 'some', 'almost all', 'some']"
951,data/images/quantifier/test_951.png,"['few', 'none', 'almost none', 'all', 'few', 'most', 'some', 'some', 'some', 'many', 'none', 'all', 'some', 'many', 'almost none', 'many', 'almost all', 'many', 'some', 'some', 'few', 'some', 'almost none', 'many', 'many', 'most', 'most', 'some', 'some', 'some', 'none', 'all', 'almost all', 'few', 'some', 'some', 'almost all', 'many', 'most', 'few']"
953,data/images/quantifier/test_953.png,"['few', 'few', 'some', 'many', 'few', 'some', 'many', 'many', 'some', 'few', 'all', 'almost none', 'almost all', 'many', 'all', 'many', 'all', 'all', 'all', 'many', 'all', 'some', 'most', 'some', 'the smaller part', 'many', 'some', 'almost none', 'few', 'some', 'most', 'none', 'none', 'some', 'all', 'some', 'almost none', 'some', 'all', 'none']"
963,data/images/quantifier/test_963.png,"['none', 'many', 'few', 'most', 'all', 'few', 'some', 'all', 'all', 'few', 'some', 'most', 'none', 'some', 'few', 'almost all', 'few', 'many', 'some', 'many', 'many', 'most', 'few', 'none', 'all', 'none', 'some', 'all', 'all', 'almost none', 'some', 'many', 'some', 'some', 'some', 'many', 'some', 'some', 'all', 'the smaller part']"
964,data/images/quantifier/test_964.png,"['some', 'most', 'many', 'many', 'almost all', 'all', 'few', 'some', 'almost all', 'some', 'many', 'some', 'some', 'all', 'many', 'almost none', 'all', 'most', 'few', 'most', 'few', 'some', 'most', 'many', 'some', 'many', 'some', 'all', 'few', 'many', 'the smaller part', 'all', 'some', 'few', 'some', 'almost all', 'some', 'many', 'the smaller part', 'none']"
966,data/images/quantifier/test_966.png,"['many', 'all', 'all', 'almost all', 'few', 'many', 'some', 'some', 'the smaller part', 'all', 'none', 'almost none', 'almost all', 'the smaller part', 'few', 'all', 'most', 'some', 'many', 'all', 'most', 'almost none', 'most', 'some', 'few', 'few', 'some', 'none', 'almost all', 'many', 'some', 'most', 'some', 'some', 'most', 'many', 'all', 'almost all', 'most', 'few']"
968,data/images/quantifier/test_968.png,"['the smaller part', 'some', 'some', 'some', 'all', 'many', 'almost none', 'many', 'few', 'most', 'all', 'some', 'most', 'some', 'many', 'the smaller part', 'some', 'many', 'the smaller part', 'many', 'few', 'the smaller part', 'almost none', 'almost all', 'the smaller part', 'all', 'many', 'the smaller part', 'few', 'the smaller part', 'some', 'all', 'most', 'some', 'some', 'some', 'many', 'some', 'few', 'almost all']"
969,data/images/quantifier/test_969.png,"['some', 'some', 'none', 'most', 'the smaller part', 'few', 'some', 'few', 'the smaller part', 'none', 'some', 'few', 'most', 'some', 'all', 'some', 'some', 'few', 'some', 'all', 'many', 'few', 'some', 'most', 'few', 'some', 'some', 'some', 'some', 'few', 'almost none', 'some', 'few', 'almost none', 'most', 'most', 'most', 'some', 'some', 'many']"
971,data/images/quantifier/test_971.png,"['almost none', 'few', 'many', 'some', 'almost none', 'almost all', 'all', 'almost none', 'few', 'the smaller part', 'many', 'some', 'some', 'the smaller part', 'many', 'some', 'all', 'almost all', 'many', 'none', 'the smaller part', 'almost none', 'almost none', 'many', 'some', 'some', 'few', 'almost all', 'almost all', 'almost all', 'almost none', 'many', 'almost all', 'many', 'all', 'many', 'some', 'some', 'some', 'none']"
974,data/images/quantifier/test_974.png,"['some', 'most', 'none', 'few', 'none', 'few', 'almost all', 'some', 'almost all', 'the smaller part', 'some', 'few', 'almost all', 'most', 'none', 'few', 'some', 'some', 'the smaller part', 'almost all', 'few', 'many', 'almost all', 'some', 'almost all', 'many', 'some', 'the smaller part', 'none', 'some', 'most', 'few', 'all', 'almost all', 'few', 'some', 'almost all', 'some', 'some', 'many']"
977,data/images/quantifier/test_977.png,"['almost none', 'some', 'many', 'many', 'many', 'some', 'many', 'almost none', 'many', 'some', 'almost all', 'all', 'some', 'none', 'some', 'most', 'some', 'all', 'none', 'almost none', 'none', 'most', 'few', 'many', 'some', 'all', 'the smaller part', 'none', 'some', 'some', 'some', 'many', 'few', 'almost all', 'all', 'some', 'all', 'almost none', 'few', 'almost all']"
982,data/images/quantifier/test_982.png,"['some', 'all', 'the smaller part', 'some', 'few', 'almost none', 'none', 'few', 'some', 'some', 'few', 'almost all', 'all', 'all', 'some', 'almost all', 'all', 'almost all', 'most', 'few', 'none', 'all', 'some', 'none', 'many', 'all', 'some', 'none', 'none', 'most', 'few', 'some', 'almost all', 'some', 'most', 'none', 'all', 'many', 'all', 'few']"
997,data/images/quantifier/test_997.png,"['most', 'some', 'many', 'some', 'few', 'some', 'almost all', 'some', 'many', 'few', 'some', 'few', 'many', 'none', 'almost all', 'many', 'all', 'almost none', 'some', 'some', 'some', 'many', 'all', 'all', 'some', 'almost all', 'many', 'all', 'some', 'some', 'most', 'many', 'few', 'none', 'few', 'none', 'most', 'all', 'all', 'many']"
999,data/images/quantifier/test_999.png,"['some', 'few', 'none', 'some', 'few', 'few', 'some', 'some', 'some', 'all', 'almost all', 'many', 'almost all', 'none', 'few', 'all', 'all', 'some', 'few', 'almost all', 'all', 'some', 'few', 'some', 'none', 'many', 'most', 'few', 'the smaller part', 'some', 'some', 'all', 'many', 'the smaller part', 'few', 'some', 'all', 'some', 'few', 'few']"
1006,data/images/quantifier/test_1006.png,"['the smaller part', 'few', 'some', 'some', 'few', 'almost none', 'some', 'none', 'none', 'some', 'almost all', 'almost all', 'all', 'few', 'some', 'some', 'all', 'some', 'some', 'all', 'some', 'few', 'almost none', 'almost none', 'almost all', 'almost all', 'none', 'all', 'almost all', 'some', 'most', 'the smaller part', 'some', 'some', 'many', 'many', 'some', 'almost all', 'some', 'none']"
1012,data/images/quantifier/test_1012.png,"['some', 'many', 'almost none', 'some', 'some', 'few', 'most', 'the smaller part', 'some', 'some', 'some', 'almost all', 'most', 'most', 'some', 'all', 'many', 'some', 'some', 'many', 'almost none', 'none', 'all', 'some', 'few', 'some', 'few', 'almost all', 'almost all', 'all', 'many', 'all', 'few', 'some', 'few', 'most', 'many', 'few', 'many', 'some']"
1015,data/images/quantifier/test_1015.png,"['some', 'few', 'all', 'some', 'many', 'almost all', 'almost none', 'some', 'the smaller part', 'all', 'the smaller part', 'all', 'some', 'almost all', 'many', 'few', 'some', 'many', 'the smaller part', 'none', 'some', 'none', 'some', 'some', 'some', 'none', 'none', 'few', 'many', 'the smaller part', 'the smaller part', 'some', 'some', 'many', 'few', 'almost all', 'almost all', 'many', 'few', 'all']"
1018,data/images/quantifier/test_1018.png,"['many', 'some', 'some', 'few', 'some', 'almost all', 'few', 'all', 'most', 'some', 'almost none', 'many', 'none', 'few', 'most', 'some', 'many', 'some', 'some', 'few', 'almost none', 'some', 'almost none', 'most', 'most', 'some', 'almost all', 'some', 'almost none', 'some', 'some', 'all', 'many', 'some', 'some', 'the smaller part', 'few', 'few', 'some', 'some']"
1020,data/images/quantifier/test_1020.png,"['almost none', 'almost all', 'few', 'some', 'many', 'almost all', 'none', 'none', 'most', 'all', 'some', 'some', 'few', 'most', 'some', 'none', 'almost none', 'none', 'most', 'almost none', 'few', 'all', 'many', 'many', 'many', 'some', 'some', 'all', 'some', 'many', 'some', 'many', 'some', 'some', 'none', 'almost all', 'almost none', 'almost all', 'some', 'all']"
1022,data/images/quantifier/test_1022.png,"['almost none', 'some', 'some', 'some', 'almost all', 'some', 'few', 'many', 'most', 'none', 'none', 'almost all', 'many', 'none', 'none', 'all', 'some', 'almost all', 'the smaller part', 'all', 'some', 'few', 'some', 'some', 'almost all', 'some', 'the smaller part', 'most', 'almost all', 'many', 'almost all', 'few', 'few', 'some', 'almost all', 'few', 'most', 'many', 'some', 'some']"
1023,data/images/quantifier/test_1023.png,"['almost none', 'some', 'some', 'most', 'some', 'almost all', 'all', 'all', 'the smaller part', 'many', 'many', 'almost none', 'some', 'some', 'almost all', 'few', 'some', 'many', 'few', 'almost none', 'few', 'few', 'all', 'none', 'some', 'some', 'some', 'some', 'none', 'many', 'the smaller part', 'some', 'some', 'many', 'almost none', 'many', 'none', 'many', 'many', 'few']"
1038,data/images/quantifier/test_1038.png,"['the smaller part', 'most', 'almost none', 'few', 'many', 'the smaller part', 'some', 'none', 'some', 'some', 'many', 'almost all', 'some', 'almost all', 'the smaller part', 'most', 'some', 'most', 'the smaller part', 'many', 'some', 'many', 'most', 'many', 'some', 'few', 'few', 'almost all', 'some', 'almost all', 'almost all', 'almost none', 'some', 'none', 'few', 'many', 'all', 'none', 'some', 'none']"
1039,data/images/quantifier/test_1039.png,"['most', 'none', 'almost all', 'some', 'some', 'some', 'some', 'few', 'none', 'all', 'none', 'most', 'the smaller part', 'many', 'almost all', 'few', 'most', 'many', 'the smaller part', 'many', 'the smaller part', 'almost all', 'all', 'all', 'all', 'most', 'many', 'almost all', 'none', 'some', 'some', 'the smaller part', 'all', 'almost all', 'some', 'some', 'some', 'all', 'many', 'few']"
1040,data/images/quantifier/test_1040.png,"['some', 'the smaller part', 'the smaller part', 'almost none', 'most', 'some', 'few', 'some', 'some', 'many', 'almost none', 'all', 'almost all', 'the smaller part', 'few', 'almost none', 'some', 'some', 'some', 'few', 'few', 'most', 'some', 'some', 'almost none', 'most', 'almost none', 'many', 'some', 'all', 'some', 'all', 'most', 'many', 'many', 'some', 'almost all', 'some', 'some', 'some']"
1043,data/images/quantifier/test_1043.png,"['some', 'many', 'none', 'almost all', 'the smaller part', 'none', 'some', 'many', 'few', 'almost all', 'some', 'almost all', 'many', 'some', 'almost all', 'almost none', 'most', 'few', 'almost none', 'most', 'almost all', 'all', 'some', 'the smaller part', 'some', 'some', 'all', 'many', 'most', 'many', 'some', 'many', 'some', 'some', 'almost all', 'many', 'the smaller part', 'some', 'many', 'most']"
1046,data/images/quantifier/test_1046.png,"['many', 'few', 'all', 'all', 'almost none', 'most', 'some', 'all', 'some', 'many', 'almost none', 'none', 'almost none', 'many', 'almost all', 'almost all', 'some', 'many', 'many', 'all', 'some', 'many', 'some', 'few', 'some', 'some', 'many', 'few', 'some', 'the smaller part', 'many', 'some', 'none', 'some', 'some', 'few', 'the smaller part', 'many', 'some', 'none']"
1047,data/images/quantifier/test_1047.png,"['all', 'few', 'none', 'many', 'most', 'many', 'most', 'many', 'few', 'some', 'few', 'many', 'some', 'none', 'all', 'some', 'most', 'all', 'some', 'many', 'almost all', 'all', 'many', 'none', 'some', 'many', 'almost all', 'none', 'most', 'some', 'many', 'few', 'all', 'some', 'many', 'almost all', 'some', 'few', 'many', 'almost all']"
1055,data/images/quantifier/test_1055.png,"['almost all', 'many', 'few', 'all', 'most', 'the smaller part', 'some', 'some', 'few', 'none', 'some', 'some', 'all', 'none', 'most', 'most', 'all', 'many', 'almost all', 'all', 'the smaller part', 'almost none', 'all', 'none', 'few', 'the smaller part', 'some', 'some', 'none', 'all', 'the smaller part', 'many', 'most', 'none', 'many', 'some', 'most', 'some', 'almost none', 'all']"
1057,data/images/quantifier/test_1057.png,"['all', 'some', 'few', 'some', 'few', 'some', 'the smaller part', 'none', 'all', 'most', 'none', 'the smaller part', 'all', 'some', 'some', 'some', 'the smaller part', 'many', 'almost all', 'almost all', 'none', 'none', 'almost none', 'most', 'few', 'many', 'all', 'none', 'some', 'many', 'few', 'most', 'few', 'the smaller part', 'almost all', 'all', 'none', 'many', 'few', 'some']"
1058,data/images/quantifier/test_1058.png,"['most', 'almost all', 'almost none', 'few', 'none', 'some', 'some', 'few', 'some', 'few', 'few', 'some', 'few', 'many', 'many', 'some', 'none', 'some', 'almost all', 'all', 'many', 'none', 'the smaller part', 'many', 'none', 'none', 'some', 'some', 'almost all', 'some', 'some', 'many', 'almost all', 'few', 'most', 'some', 'most', 'all', 'most', 'many']"
1065,data/images/quantifier/test_1065.png,"['few', 'none', 'few', 'none', 'many', 'almost all', 'many', 'all', 'all', 'most', 'almost none', 'few', 'almost none', 'some', 'few', 'few', 'all', 'the smaller part', 'some', 'few', 'many', 'almost all', 'almost all', 'few', 'all', 'few', 'some', 'most', 'many', 'some', 'almost all', 'some', 'many', 'few', 'few', 'almost all', 'none', 'all', 'none', 'few']"
1068,data/images/quantifier/test_1068.png,"['the smaller part', 'none', 'none', 'the smaller part', 'some', 'some', 'some', 'some', 'almost none', 'all', 'some', 'few', 'some', 'some', 'almost all', 'some', 'some', 'none', 'some', 'almost all', 'few', 'all', 'some', 'few', 'almost all', 'some', 'many', 'almost none', 'some', 'some', 'all', 'most', 'none', 'all', 'some', 'none', 'many', 'most', 'almost none', 'the smaller part']"
1077,data/images/quantifier/test_1077.png,"['many', 'all', 'few', 'all', 'almost all', 'none', 'some', 'all', 'few', 'some', 'almost none', 'few', 'most', 'the smaller part', 'few', 'few', 'some', 'many', 'few', 'some', 'many', 'few', 'all', 'almost all', 'many', 'some', 'all', 'many', 'many', 'some', 'some', 'almost all', 'the smaller part', 'almost all', 'many', 'many', 'many', 'almost all', 'all', 'almost all']"
1080,data/images/quantifier/test_1080.png,"['most', 'some', 'none', 'the smaller part', 'almost all', 'almost all', 'almost all', 'some', 'some', 'some', 'many', 'all', 'many', 'many', 'few', 'most', 'many', 'many', 'most', 'none', 'all', 'many', 'some', 'some', 'many', 'some', 'most', 'some', 'few', 'almost none', 'many', 'many', 'few', 'none', 'some', 'all', 'none', 'none', 'the smaller part', 'many']"
1084,data/images/quantifier/test_1084.png,"['some', 'some', 'some', 'some', 'the smaller part', 'some', 'many', 'almost none', 'almost none', 'few', 'many', 'most', 'few', 'some', 'some', 'few', 'none', 'few', 'none', 'almost none', 'almost none', 'some', 'all', 'the smaller part', 'almost all', 'many', 'none', 'some', 'few', 'many', 'none', 'almost all', 'most', 'all', 'none', 'few', 'almost none', 'many', 'most', 'all']"
1085,data/images/quantifier/test_1085.png,"['many', 'many', 'some', 'most', 'none', 'many', 'few', 'most', 'few', 'many', 'most', 'the smaller part', 'some', 'few', 'almost all', 'some', 'some', 'almost none', 'few', 'most', 'many', 'some', 'many', 'some', 'few', 'few', 'some', 'many', 'many', 'most', 'all', 'most', 'some', 'some', 'some', 'some', 'most', 'few', 'all', 'many']"
1089,data/images/quantifier/test_1089.png,"['most', 'many', 'few', 'almost none', 'some', 'few', 'many', 'some', 'few', 'all', 'the smaller part', 'all', 'all', 'almost none', 'few', 'the smaller part', 'few', 'some', 'almost none', 'most', 'almost none', 'none', 'most', 'few', 'almost all', 'some', 'few', 'the smaller part', 'some', 'almost none', 'almost none', 'some', 'some', 'some', 'most', 'the smaller part', 'many', 'almost all', 'almost all', 'many']"
1094,data/images/quantifier/test_1094.png,"['almost all', 'some', 'few', 'most', 'none', 'none', 'all', 'few', 'almost all', 'almost all', 'almost all', 'most', 'all', 'all', 'the smaller part', 'few', 'some', 'none', 'all', 'many', 'none', 'many', 'almost all', 'some', 'all', 'few', 'many', 'none', 'many', 'some', 'none', 'all', 'the smaller part', 'many', 'some', 'most', 'few', 'few', 'the smaller part', 'some']"
1096,data/images/quantifier/test_1096.png,"['the smaller part', 'few', 'almost all', 'almost all', 'some', 'almost all', 'the smaller part', 'some', 'all', 'many', 'some', 'almost all', 'the smaller part', 'many', 'some', 'almost all', 'many', 'some', 'almost none', 'some', 'few', 'almost none', 'all', 'some', 'almost all', 'few', 'the smaller part', 'few', 'some', 'most', 'some', 'none', 'none', 'many', 'some', 'almost none', 'some', 'almost all', 'all', 'some']"
1102,data/images/quantifier/test_1102.png,"['all', 'many', 'none', 'few', 'some', 'all', 'some', 'the smaller part', 'almost all', 'the smaller part', 'few', 'some', 'many', 'none', 'some', 'all', 'almost none', 'some', 'some', 'most', 'some', 'all', 'most', 'some', 'almost none', 'none', 'almost all', 'the smaller part', 'some', 'the smaller part', 'most', 'some', 'many', 'some', 'many', 'none', 'most', 'few', 'some', 'all']"
1103,data/images/quantifier/test_1103.png,"['none', 'many', 'none', 'many', 'some', 'almost none', 'some', 'none', 'most', 'few', 'some', 'almost all', 'some', 'few', 'all', 'most', 'most', 'almost none', 'few', 'the smaller part', 'many', 'almost none', 'some', 'many', 'few', 'almost none', 'few', 'almost all', 'many', 'many', 'some', 'almost all', 'some', 'the smaller part', 'almost none', 'few', 'some', 'many', 'some', 'many']"
1104,data/images/quantifier/test_1104.png,"['many', 'some', 'all', 'some', 'most', 'almost none', 'many', 'most', 'the smaller part', 'few', 'none', 'all', 'almost none', 'some', 'almost all', 'the smaller part', 'almost all', 'some', 'many', 'many', 'many', 'almost all', 'almost none', 'most', 'most', 'most', 'some', 'some', 'all', 'all', 'almost all', 'some', 'few', 'many', 'some', 'few', 'few', 'some', 'the smaller part', 'none']"
1105,data/images/quantifier/test_1105.png,"['most', 'many', 'all', 'some', 'the smaller part', 'some', 'none', 'many', 'almost all', 'few', 'the smaller part', 'the smaller part', 'almost all', 'some', 'almost none', 'almost none', 'some', 'some', 'few', 'some', 'none', 'many', 'some', 'all', 'some', 'almost all', 'many', 'many', 'few', 'many', 'most', 'few', 'some', 'most', 'some', 'the smaller part', 'all', 'some', 'some', 'most']"
1112,data/images/quantifier/test_1112.png,"['few', 'few', 'none', 'all', 'all', 'almost none', 'all', 'some', 'few', 'some', 'many', 'many', 'none', 'many', 'none', 'most', 'many', 'almost none', 'few', 'some', 'many', 'few', 'all', 'almost none', 'some', 'none', 'few', 'few', 'almost none', 'some', 'some', 'almost all', 'almost none', 'all', 'the smaller part', 'few', 'all', 'almost all', 'none', 'many']"
1113,data/images/quantifier/test_1113.png,"['few', 'some', 'some', 'some', 'some', 'none', 'some', 'the smaller part', 'some', 'most', 'many', 'all', 'many', 'almost all', 'some', 'none', 'most', 'none', 'some', 'many', 'some', 'some', 'some', 'many', 'the smaller part', 'none', 'all', 'almost all', 'all', 'all', 'most', 'all', 'many', 'almost none', 'some', 'the smaller part', 'almost none', 'most', 'some', 'some']"
1114,data/images/quantifier/test_1114.png,"['none', 'some', 'the smaller part', 'almost none', 'almost none', 'many', 'many', 'few', 'almost all', 'most', 'some', 'many', 'almost all', 'some', 'few', 'almost none', 'some', 'the smaller part', 'some', 'none', 'most', 'few', 'almost none', 'many', 'few', 'some', 'many', 'almost none', 'few', 'some', 'the smaller part', 'few', 'none', 'few', 'the smaller part', 'some', 'all', 'almost none', 'the smaller part', 'all']"
1115,data/images/quantifier/test_1115.png,"['some', 'some', 'the smaller part', 'most', 'most', 'some', 'all', 'some', 'many', 'some', 'many', 'none', 'all', 'few', 'most', 'almost all', 'almost none', 'the smaller part', 'some', 'almost none', 'many', 'almost none', 'the smaller part', 'almost all', 'many', 'all', 'almost all', 'few', 'all', 'none', 'some', 'some', 'none', 'many', 'most', 'almost none', 'few', 'some', 'some', 'all']"
1116,data/images/quantifier/test_1116.png,"['many', 'some', 'all', 'many', 'almost none', 'none', 'many', 'all', 'many', 'none', 'most', 'some', 'almost all', 'many', 'some', 'few', 'the smaller part', 'many', 'few', 'none', 'few', 'all', 'some', 'many', 'none', 'almost all', 'many', 'some', 'few', 'none', 'almost none', 'few', 'the smaller part', 'some', 'all', 'many', 'some', 'some', 'almost all', 'all']"
1118,data/images/quantifier/test_1118.png,"['almost all', 'most', 'none', 'most', 'most', 'all', 'many', 'few', 'many', 'some', 'almost all', 'few', 'some', 'almost none', 'few', 'few', 'few', 'some', 'many', 'few', 'none', 'none', 'many', 'some', 'many', 'many', 'few', 'none', 'all', 'most', 'almost all', 'most', 'many', 'few', 'few', 'some', 'some', 'almost none', 'the smaller part', 'few']"
1123,data/images/quantifier/test_1123.png,"['many', 'all', 'the smaller part', 'some', 'almost all', 'some', 'most', 'most', 'some', 'some', 'few', 'all', 'some', 'the smaller part', 'some', 'all', 'many', 'few', 'some', 'all', 'some', 'many', 'all', 'none', 'the smaller part', 'almost all', 'almost all', 'none', 'few', 'none', 'none', 'some', 'almost none', 'many', 'many', 'few', 'some', 'many', 'some', 'some']"
1129,data/images/quantifier/test_1129.png,"['all', 'none', 'many', 'few', 'few', 'the smaller part', 'none', 'some', 'many', 'none', 'none', 'all', 'many', 'all', 'some', 'almost none', 'some', 'none', 'few', 'all', 'none', 'few', 'many', 'few', 'most', 'some', 'many', 'none', 'almost all', 'almost all', 'none', 'most', 'some', 'few', 'some', 'few', 'some', 'almost all', 'some', 'none']"
1131,data/images/quantifier/test_1131.png,"['some', 'many', 'some', 'all', 'the smaller part', 'almost all', 'the smaller part', 'some', 'some', 'many', 'most', 'all', 'almost none', 'few', 'some', 'some', 'some', 'many', 'few', 'some', 'some', 'most', 'all', 'many', 'some', 'some', 'some', 'almost none', 'some', 'some', 'some', 'some', 'some', 'some', 'almost all', 'many', 'almost all', 'few', 'almost all', 'almost all']"
1132,data/images/quantifier/test_1132.png,"['none', 'all', 'some', 'almost all', 'some', 'few', 'most', 'some', 'almost all', 'almost all', 'some', 'few', 'few', 'all', 'many', 'the smaller part', 'many', 'few', 'some', 'most', 'many', 'many', 'almost none', 'some', 'none', 'many', 'few', 'some', 'none', 'some', 'almost none', 'few', 'some', 'many', 'most', 'most', 'all', 'the smaller part', 'some', 'many']"
1138,data/images/quantifier/test_1138.png,"['some', 'almost all', 'some', 'many', 'many', 'none', 'most', 'few', 'all', 'some', 'many', 'few', 'some', 'almost none', 'almost all', 'almost all', 'almost all', 'some', 'almost all', 'some', 'some', 'some', 'some', 'almost none', 'almost all', 'most', 'many', 'almost all', 'almost all', 'all', 'some', 'some', 'almost all', 'all', 'some', 'most', 'many', 'many', 'none', 'almost none']"
1143,data/images/quantifier/test_1143.png,"['few', 'almost all', 'some', 'some', 'all', 'many', 'the smaller part', 'some', 'some', 'none', 'some', 'some', 'almost all', 'all', 'some', 'almost all', 'few', 'all', 'almost all', 'almost all', 'almost none', 'all', 'few', 'some', 'most', 'all', 'few', 'some', 'few', 'none', 'none', 'many', 'all', 'the smaller part', 'many', 'almost all', 'some', 'all', 'few', 'many']"
1147,data/images/quantifier/test_1147.png,"['none', 'many', 'many', 'all', 'some', 'all', 'many', 'some', 'all', 'all', 'almost all', 'few', 'some', 'the smaller part', 'all', 'all', 'some', 'some', 'all', 'none', 'all', 'most', 'almost none', 'some', 'almost all', 'few', 'many', 'almost all', 'almost none', 'some', 'many', 'some', 'most', 'many', 'almost all', 'most', 'few', 'all', 'none', 'some']"
1150,data/images/quantifier/test_1150.png,"['few', 'most', 'the smaller part', 'many', 'some', 'many', 'some', 'the smaller part', 'most', 'few', 'most', 'few', 'the smaller part', 'some', 'many', 'many', 'many', 'almost all', 'some', 'many', 'some', 'all', 'few', 'few', 'many', 'almost none', 'few', 'the smaller part', 'few', 'none', 'some', 'all', 'most', 'some', 'most', 'most', 'almost none', 'the smaller part', 'few', 'some']"
1165,data/images/quantifier/test_1165.png,"['the smaller part', 'many', 'none', 'few', 'some', 'the smaller part', 'most', 'none', 'many', 'some', 'many', 'none', 'many', 'most', 'some', 'many', 'some', 'few', 'all', 'some', 'some', 'almost all', 'all', 'some', 'most', 'most', 'many', 'most', 'few', 'most', 'none', 'few', 'many', 'none', 'almost none', 'all', 'none', 'almost all', 'many', 'many']"
1166,data/images/quantifier/test_1166.png,"['few', 'many', 'almost none', 'many', 'many', 'some', 'few', 'few', 'all', 'most', 'almost all', 'almost all', 'almost none', 'almost none', 'many', 'some', 'the smaller part', 'many', 'few', 'many', 'most', 'none', 'many', 'many', 'almost all', 'all', 'some', 'many', 'few', 'some', 'almost all', 'some', 'some', 'almost all', 'all', 'all', 'few', 'almost all', 'some', 'none']"
1174,data/images/quantifier/test_1174.png,"['few', 'almost none', 'all', 'some', 'many', 'all', 'most', 'most', 'most', 'some', 'many', 'none', 'some', 'the smaller part', 'few', 'some', 'almost all', 'many', 'some', 'some', 'almost all', 'almost all', 'almost none', 'almost all', 'some', 'some', 'most', 'few', 'few', 'many', 'the smaller part', 'the smaller part', 'all', 'the smaller part', 'almost all', 'some', 'all', 'most', 'none', 'many']"
1184,data/images/quantifier/test_1184.png,"['few', 'some', 'most', 'some', 'none', 'all', 'the smaller part', 'many', 'all', 'some', 'some', 'few', 'all', 'almost none', 'all', 'some', 'some', 'many', 'some', 'some', 'almost none', 'almost none', 'none', 'all', 'all', 'almost all', 'all', 'few', 'some', 'the smaller part', 'many', 'the smaller part', 'many', 'most', 'few', 'almost none', 'almost all', 'none', 'few', 'almost all']"
1185,data/images/quantifier/test_1185.png,"['none', 'many', 'many', 'some', 'many', 'all', 'the smaller part', 'most', 'many', 'almost all', 'almost all', 'some', 'some', 'many', 'all', 'most', 'almost all', 'the smaller part', 'all', 'some', 'some', 'all', 'few', 'some', 'almost all', 'none', 'few', 'many', 'few', 'the smaller part', 'many', 'all', 'few', 'almost all', 'many', 'almost none', 'the smaller part', 'some', 'some', 'almost none']"
1191,data/images/quantifier/test_1191.png,"['few', 'few', 'some', 'most', 'some', 'none', 'few', 'many', 'some', 'many', 'some', 'some', 'few', 'few', 'many', 'many', 'none', 'some', 'most', 'many', 'many', 'some', 'many', 'some', 'the smaller part', 'none', 'almost none', 'many', 'most', 'some', 'many', 'many', 'almost none', 'almost none', 'few', 'few', 'some', 'all', 'few', 'few']"
1192,data/images/quantifier/test_1192.png,"['some', 'none', 'few', 'many', 'most', 'many', 'few', 'almost none', 'the smaller part', 'most', 'all', 'almost none', 'almost none', 'few', 'few', 'some', 'many', 'almost all', 'some', 'almost all', 'some', 'some', 'all', 'almost none', 'none', 'few', 'some', 'all', 'none', 'some', 'many', 'all', 'most', 'most', 'almost none', 'many', 'many', 'some', 'none', 'some']"
1204,data/images/quantifier/test_1204.png,"['most', 'all', 'some', 'many', 'none', 'few', 'all', 'some', 'many', 'none', 'the smaller part', 'almost none', 'none', 'the smaller part', 'few', 'many', 'many', 'many', 'some', 'all', 'some', 'almost none', 'some', 'some', 'many', 'few', 'the smaller part', 'most', 'some', 'some', 'few', 'the smaller part', 'the smaller part', 'few', 'many', 'none', 'none', 'some', 'all', 'some']"
1208,data/images/quantifier/test_1208.png,"['some', 'many', 'some', 'most', 'almost all', 'the smaller part', 'all', 'most', 'few', 'few', 'some', 'some', 'most', 'almost none', 'some', 'none', 'few', 'some', 'almost none', 'some', 'all', 'all', 'some', 'few', 'some', 'few', 'almost all', 'some', 'almost all', 'some', 'all', 'some', 'some', 'few', 'the smaller part', 'all', 'many', 'none', 'some', 'most']"
1211,data/images/quantifier/test_1211.png,"['few', 'few', 'almost all', 'almost all', 'most', 'some', 'almost all', 'most', 'few', 'few', 'most', 'most', 'few', 'none', 'the smaller part', 'almost all', 'all', 'many', 'most', 'few', 'many', 'some', 'few', 'none', 'some', 'most', 'almost all', 'none', 'many', 'some', 'some', 'none', 'almost all', 'almost all', 'many', 'few', 'some', 'the smaller part', 'almost all', 'none']"
1212,data/images/quantifier/test_1212.png,"['some', 'some', 'some', 'most', 'many', 'some', 'most', 'few', 'many', 'the smaller part', 'almost none', 'many', 'none', 'some', 'some', 'almost all', 'some', 'some', 'none', 'none', 'few', 'most', 'some', 'all', 'all', 'many', 'few', 'none', 'most', 'some', 'some', 'many', 'all', 'some', 'almost all', 'almost all', 'few', 'some', 'all', 'the smaller part']"
1221,data/images/quantifier/test_1221.png,"['many', 'many', 'few', 'some', 'few', 'none', 'some', 'many', 'all', 'most', 'the smaller part', 'few', 'almost none', 'few', 'all', 'some', 'some', 'none', 'all', 'almost all', 'some', 'most', 'the smaller part', 'some', 'few', 'all', 'all', 'none', 'few', 'almost none', 'almost all', 'few', 'some', 'some', 'many', 'all', 'some', 'none', 'many', 'none']"
1222,data/images/quantifier/test_1222.png,"['almost all', 'almost all', 'some', 'few', 'all', 'many', 'almost all', 'none', 'the smaller part', 'none', 'most', 'many', 'some', 'all', 'some', 'almost all', 'most', 'some', 'many', 'few', 'almost none', 'almost all', 'many', 'few', 'some', 'almost all', 'some', 'all', 'some', 'few', 'all', 'some', 'some', 'almost all', 'almost all', 'almost all', 'many', 'some', 'many', 'many']"
1226,data/images/quantifier/test_1226.png,"['some', 'the smaller part', 'many', 'none', 'many', 'none', 'all', 'none', 'all', 'some', 'some', 'all', 'almost none', 'many', 'many', 'most', 'all', 'most', 'most', 'many', 'many', 'some', 'all', 'none', 'all', 'almost none', 'many', 'few', 'all', 'the smaller part', 'most', 'some', 'some', 'many', 'almost all', 'few', 'most', 'none', 'some', 'none']"
1227,data/images/quantifier/test_1227.png,"['some', 'some', 'some', 'none', 'some', 'almost none', 'few', 'all', 'the smaller part', 'the smaller part', 'few', 'none', 'many', 'some', 'almost all', 'all', 'few', 'many', 'many', 'some', 'almost all', 'all', 'most', 'many', 'most', 'some', 'none', 'some', 'all', 'all', 'few', 'few', 'the smaller part', 'few', 'all', 'almost all', 'some', 'many', 'some', 'all']"
1228,data/images/quantifier/test_1228.png,"['some', 'all', 'the smaller part', 'some', 'none', 'the smaller part', 'few', 'many', 'few', 'some', 'all', 'some', 'many', 'the smaller part', 'the smaller part', 'most', 'few', 'some', 'many', 'some', 'some', 'some', 'almost all', 'most', 'none', 'some', 'many', 'some', 'the smaller part', 'almost all', 'all', 'all', 'almost none', 'some', 'most', 'almost all', 'many', 'some', 'some', 'all']"
1235,data/images/quantifier/test_1235.png,"['all', 'many', 'some', 'the smaller part', 'almost all', 'almost none', 'some', 'most', 'none', 'some', 'most', 'many', 'the smaller part', 'most', 'few', 'all', 'almost all', 'many', 'few', 'many', 'almost all', 'none', 'some', 'few', 'none', 'few', 'almost all', 'many', 'few', 'most', 'none', 'some', 'some', 'most', 'all', 'many', 'almost none', 'some', 'most', 'almost all']"
1237,data/images/quantifier/test_1237.png,"['none', 'the smaller part', 'few', 'some', 'few', 'almost all', 'most', 'some', 'some', 'some', 'almost all', 'all', 'some', 'many', 'few', 'some', 'few', 'some', 'the smaller part', 'the smaller part', 'all', 'some', 'all', 'some', 'few', 'none', 'all', 'the smaller part', 'some', 'almost none', 'almost all', 'the smaller part', 'almost none', 'many', 'many', 'most', 'none', 'many', 'all', 'most']"
1247,data/images/quantifier/test_1247.png,"['most', 'most', 'all', 'many', 'many', 'all', 'all', 'most', 'many', 'many', 'most', 'some', 'many', 'none', 'none', 'few', 'some', 'some', 'few', 'the smaller part', 'most', 'some', 'some', 'many', 'some', 'few', 'most', 'few', 'almost all', 'some', 'few', 'almost none', 'almost none', 'the smaller part', 'few', 'many', 'some', 'few', 'almost none', 'almost none']"
1248,data/images/quantifier/test_1248.png,"['most', 'most', 'some', 'almost none', 'some', 'most', 'almost all', 'some', 'none', 'some', 'some', 'most', 'almost all', 'some', 'none', 'the smaller part', 'many', 'many', 'many', 'all', 'some', 'some', 'most', 'none', 'all', 'many', 'all', 'some', 'many', 'some', 'all', 'few', 'some', 'many', 'some', 'almost all', 'many', 'some', 'most', 'many']"
1253,data/images/quantifier/test_1253.png,"['none', 'almost all', 'some', 'almost none', 'many', 'some', 'some', 'few', 'almost none', 'most', 'some', 'few', 'none', 'all', 'most', 'some', 'the smaller part', 'some', 'almost all', 'many', 'the smaller part', 'many', 'many', 'few', 'many', 'few', 'some', 'none', 'some', 'many', 'some', 'some', 'none', 'some', 'some', 'many', 'many', 'almost all', 'few', 'all']"
1254,data/images/quantifier/test_1254.png,"['few', 'some', 'all', 'almost none', 'some', 'many', 'some', 'few', 'few', 'almost none', 'some', 'some', 'few', 'many', 'some', 'some', 'many', 'some', 'few', 'all', 'most', 'some', 'some', 'almost none', 'none', 'some', 'few', 'few', 'some', 'few', 'all', 'some', 'few', 'the smaller part', 'the smaller part', 'few', 'most', 'few', 'all', 'some']"
1261,data/images/quantifier/test_1261.png,"['few', 'few', 'some', 'most', 'some', 'none', 'many', 'the smaller part', 'many', 'some', 'most', 'almost all', 'many', 'many', 'some', 'some', 'many', 'many', 'many', 'almost all', 'none', 'none', 'all', 'many', 'some', 'almost all', 'most', 'almost all', 'few', 'few', 'few', 'the smaller part', 'almost none', 'some', 'the smaller part', 'almost all', 'some', 'the smaller part', 'many', 'some']"
1263,data/images/quantifier/test_1263.png,"['almost none', 'the smaller part', 'some', 'almost all', 'many', 'most', 'the smaller part', 'almost none', 'few', 'all', 'few', 'many', 'some', 'some', 'many', 'all', 'some', 'the smaller part', 'few', 'almost none', 'some', 'few', 'almost none', 'few', 'many', 'some', 'all', 'some', 'many', 'few', 'few', 'some', 'many', 'few', 'many', 'many', 'almost all', 'almost none', 'almost none', 'all']"
1268,data/images/quantifier/test_1268.png,"['the smaller part', 'none', 'many', 'none', 'almost all', 'all', 'most', 'many', 'some', 'some', 'almost all', 'many', 'almost none', 'most', 'many', 'most', 'all', 'the smaller part', 'some', 'some', 'almost none', 'some', 'none', 'all', 'almost none', 'almost all', 'almost none', 'none', 'many', 'none', 'many', 'almost none', 'few', 'almost all', 'many', 'almost none', 'all', 'few', 'some', 'many']"
1270,data/images/quantifier/test_1270.png,"['few', 'many', 'few', 'some', 'all', 'almost none', 'many', 'some', 'none', 'some', 'none', 'some', 'many', 'most', 'many', 'few', 'almost all', 'few', 'many', 'none', 'some', 'all', 'some', 'some', 'many', 'few', 'some', 'many', 'almost none', 'none', 'almost all', 'almost none', 'some', 'almost all', 'few', 'some', 'almost none', 'almost all', 'most', 'some']"
1273,data/images/quantifier/test_1273.png,"['all', 'few', 'some', 'some', 'most', 'almost all', 'few', 'many', 'none', 'all', 'few', 'some', 'some', 'some', 'many', 'the smaller part', 'few', 'some', 'some', 'few', 'the smaller part', 'none', 'few', 'some', 'some', 'all', 'almost none', 'almost none', 'some', 'some', 'almost none', 'some', 'few', 'almost none', 'many', 'some', 'almost all', 'many', 'some', 'all']"
1282,data/images/quantifier/test_1282.png,"['many', 'all', 'many', 'some', 'some', 'few', 'many', 'none', 'some', 'the smaller part', 'most', 'all', 'none', 'some', 'the smaller part', 'all', 'almost none', 'all', 'few', 'few', 'some', 'many', 'almost all', 'all', 'all', 'all', 'almost all', 'all', 'some', 'many', 'many', 'few', 'none', 'almost none', 'many', 'few', 'the smaller part', 'many', 'almost all', 'all']"
1290,data/images/quantifier/test_1290.png,"['the smaller part', 'many', 'all', 'most', 'many', 'almost none', 'most', 'some', 'some', 'the smaller part', 'most', 'the smaller part', 'all', 'few', 'the smaller part', 'many', 'some', 'many', 'some', 'almost none', 'some', 'most', 'many', 'all', 'few', 'the smaller part', 'all', 'many', 'none', 'almost all', 'most', 'almost all', 'some', 'some', 'few', 'almost all', 'few', 'few', 'almost none', 'all']"
1292,data/images/quantifier/test_1292.png,"['many', 'almost all', 'few', 'almost all', 'most', 'none', 'some', 'some', 'some', 'some', 'few', 'almost none', 'the smaller part', 'all', 'almost all', 'almost all', 'almost all', 'many', 'some', 'all', 'almost none', 'some', 'most', 'the smaller part', 'few', 'many', 'none', 'the smaller part', 'many', 'most', 'many', 'few', 'none', 'few', 'some', 'all', 'some', 'many', 'some', 'most']"
1295,data/images/quantifier/test_1295.png,"['some', 'many', 'many', 'many', 'few', 'many', 'almost all', 'some', 'few', 'none', 'many', 'none', 'many', 'some', 'many', 'few', 'some', 'none', 'almost none', 'few', 'most', 'some', 'some', 'almost all', 'all', 'some', 'almost all', 'almost none', 'many', 'few', 'some', 'many', 'few', 'none', 'many', 'almost none', 'few', 'many', 'some', 'the smaller part']"
1300,data/images/quantifier/test_1300.png,"['some', 'almost all', 'few', 'almost none', 'almost all', 'some', 'some', 'many', 'almost none', 'most', 'many', 'the smaller part', 'the smaller part', 'most', 'all', 'some', 'some', 'some', 'almost none', 'the smaller part', 'the smaller part', 'few', 'most', 'all', 'many', 'many', 'none', 'some', 'some', 'some', 'some', 'some', 'few', 'the smaller part', 'some', 'many', 'many', 'most', 'many', 'few']"
1301,data/images/quantifier/test_1301.png,"['most', 'all', 'few', 'few', 'many', 'few', 'almost none', 'some', 'some', 'some', 'most', 'few', 'some', 'all', 'all', 'some', 'almost all', 'some', 'some', 'many', 'few', 'many', 'some', 'some', 'some', 'few', 'the smaller part', 'almost all', 'almost none', 'few', 'some', 'many', 'some', 'few', 'none', 'all', 'all', 'few', 'some', 'some']"
1305,data/images/quantifier/test_1305.png,"['many', 'some', 'all', 'few', 'most', 'almost none', 'some', 'almost all', 'many', 'all', 'none', 'many', 'most', 'few', 'some', 'none', 'the smaller part', 'few', 'all', 'almost all', 'few', 'most', 'none', 'few', 'almost all', 'few', 'few', 'most', 'all', 'few', 'some', 'many', 'few', 'few', 'none', 'few', 'the smaller part', 'some', 'many', 'some']"
1310,data/images/quantifier/test_1310.png,"['all', 'none', 'almost none', 'some', 'none', 'many', 'many', 'almost none', 'none', 'the smaller part', 'some', 'almost none', 'some', 'all', 'almost all', 'almost all', 'many', 'many', 'the smaller part', 'all', 'almost all', 'all', 'almost all', 'almost none', 'almost none', 'few', 'some', 'some', 'all', 'some', 'many', 'some', 'almost all', 'many', 'few', 'almost all', 'some', 'few', 'almost none', 'many']"
1316,data/images/quantifier/test_1316.png,"['some', 'few', 'some', 'few', 'some', 'many', 'none', 'almost all', 'some', 'many', 'many', 'all', 'some', 'some', 'many', 'none', 'many', 'most', 'some', 'none', 'all', 'most', 'all', 'many', 'few', 'many', 'none', 'some', 'all', 'many', 'almost all', 'some', 'almost none', 'the smaller part', 'most', 'some', 'most', 'almost all', 'some', 'few']"
1320,data/images/quantifier/test_1320.png,"['all', 'many', 'few', 'many', 'many', 'many', 'some', 'most', 'almost none', 'most', 'all', 'almost all', 'the smaller part', 'few', 'some', 'many', 'some', 'almost none', 'few', 'some', 'some', 'some', 'none', 'some', 'almost all', 'many', 'many', 'few', 'almost all', 'some', 'most', 'many', 'the smaller part', 'the smaller part', 'many', 'few', 'some', 'some', 'almost all', 'most']"
1323,data/images/quantifier/test_1323.png,"['all', 'most', 'few', 'all', 'the smaller part', 'most', 'many', 'most', 'some', 'most', 'many', 'some', 'almost none', 'all', 'none', 'almost all', 'some', 'most', 'some', 'some', 'none', 'few', 'some', 'many', 'few', 'most', 'most', 'few', 'all', 'none', 'many', 'some', 'most', 'some', 'many', 'many', 'few', 'many', 'few', 'some']"
1325,data/images/quantifier/test_1325.png,"['almost none', 'many', 'some', 'some', 'almost all', 'some', 'almost none', 'some', 'many', 'some', 'some', 'most', 'the smaller part', 'few', 'the smaller part', 'some', 'almost none', 'many', 'most', 'some', 'none', 'few', 'almost none', 'most', 'many', 'few', 'some', 'many', 'all', 'all', 'almost all', 'few', 'many', 'some', 'many', 'most', 'the smaller part', 'some', 'almost none', 'almost all']"
1329,data/images/quantifier/test_1329.png,"['few', 'some', 'none', 'almost none', 'many', 'some', 'none', 'few', 'the smaller part', 'most', 'some', 'few', 'many', 'the smaller part', 'some', 'some', 'few', 'almost all', 'almost none', 'the smaller part', 'none', 'almost none', 'none', 'the smaller part', 'all', 'some', 'some', 'all', 'all', 'none', 'all', 'all', 'many', 'almost all', 'none', 'some', 'few', 'all', 'almost none', 'none']"
1331,data/images/quantifier/test_1331.png,"['few', 'all', 'few', 'almost none', 'some', 'the smaller part', 'almost all', 'all', 'the smaller part', 'some', 'few', 'some', 'some', 'most', 'few', 'almost all', 'some', 'none', 'some', 'some', 'all', 'some', 'some', 'all', 'all', 'many', 'few', 'all', 'few', 'many', 'none', 'most', 'most', 'most', 'some', 'some', 'many', 'almost none', 'almost all', 'many']"
1345,data/images/quantifier/test_1345.png,"['many', 'some', 'some', 'all', 'almost all', 'almost none', 'many', 'most', 'few', 'few', 'almost all', 'all', 'all', 'some', 'almost none', 'some', 'almost all', 'many', 'few', 'all', 'none', 'many', 'some', 'all', 'all', 'many', 'almost all', 'almost all', 'almost all', 'few', 'none', 'some', 'almost all', 'none', 'most', 'almost none', 'none', 'none', 'none', 'almost all']"
1350,data/images/quantifier/test_1350.png,"['some', 'almost all', 'almost none', 'some', 'many', 'few', 'some', 'almost all', 'all', 'many', 'few', 'some', 'the smaller part', 'many', 'many', 'many', 'the smaller part', 'almost all', 'some', 'most', 'all', 'few', 'many', 'some', 'some', 'some', 'most', 'many', 'most', 'many', 'almost none', 'few', 'some', 'the smaller part', 'some', 'all', 'some', 'few', 'some', 'some']"
1352,data/images/quantifier/test_1352.png,"['many', 'some', 'all', 'all', 'almost all', 'none', 'almost all', 'some', 'some', 'almost all', 'some', 'almost all', 'almost all', 'few', 'some', 'few', 'some', 'many', 'some', 'all', 'some', 'almost none', 'some', 'almost all', 'few', 'some', 'some', 'many', 'almost none', 'almost none', 'none', 'all', 'almost none', 'few', 'many', 'many', 'most', 'almost none', 'the smaller part', 'some']"
1354,data/images/quantifier/test_1354.png,"['almost none', 'some', 'all', 'most', 'many', 'the smaller part', 'some', 'none', 'almost none', 'the smaller part', 'none', 'most', 'the smaller part', 'few', 'some', 'few', 'the smaller part', 'many', 'some', 'many', 'most', 'all', 'most', 'almost none', 'most', 'some', 'many', 'the smaller part', 'many', 'many', 'all', 'many', 'the smaller part', 'some', 'some', 'few', 'some', 'the smaller part', 'none', 'some']"
1355,data/images/quantifier/test_1355.png,"['few', 'the smaller part', 'some', 'almost all', 'most', 'most', 'the smaller part', 'none', 'some', 'some', 'none', 'none', 'some', 'all', 'the smaller part', 'many', 'all', 'some', 'all', 'some', 'many', 'none', 'some', 'most', 'few', 'some', 'some', 'many', 'none', 'most', 'few', 'many', 'the smaller part', 'the smaller part', 'few', 'some', 'few', 'some', 'few', 'almost none']"
1358,data/images/quantifier/test_1358.png,"['the smaller part', 'almost all', 'most', 'the smaller part', 'all', 'all', 'none', 'many', 'some', 'almost all', 'few', 'the smaller part', 'almost all', 'almost none', 'some', 'some', 'none', 'some', 'almost all', 'many', 'some', 'almost none', 'few', 'many', 'all', 'some', 'some', 'few', 'some', 'all', 'almost none', 'some', 'few', 'some', 'few', 'all', 'most', 'some', 'almost all', 'few']"
1362,data/images/quantifier/test_1362.png,"['none', 'almost none', 'many', 'some', 'the smaller part', 'few', 'almost none', 'some', 'some', 'the smaller part', 'some', 'none', 'all', 'all', 'all', 'many', 'some', 'all', 'few', 'all', 'some', 'most', 'few', 'few', 'almost none', 'many', 'some', 'many', 'few', 'many', 'most', 'some', 'none', 'few', 'almost none', 'some', 'few', 'most', 'some', 'some']"
1363,data/images/quantifier/test_1363.png,"['almost none', 'some', 'many', 'few', 'few', 'almost none', 'most', 'few', 'most', 'many', 'many', 'some', 'some', 'some', 'many', 'almost all', 'almost all', 'many', 'almost none', 'some', 'almost all', 'few', 'most', 'almost all', 'many', 'some', 'all', 'some', 'the smaller part', 'all', 'few', 'many', 'some', 'some', 'some', 'some', 'some', 'the smaller part', 'some', 'some']"
1367,data/images/quantifier/test_1367.png,"['almost none', 'few', 'almost all', 'the smaller part', 'some', 'almost all', 'some', 'many', 'many', 'some', 'many', 'almost all', 'most', 'the smaller part', 'all', 'all', 'almost none', 'some', 'almost none', 'most', 'few', 'the smaller part', 'many', 'few', 'some', 'few', 'most', 'none', 'many', 'all', 'some', 'almost none', 'some', 'many', 'almost none', 'some', 'almost none', 'few', 'many', 'almost all']"
1371,data/images/quantifier/test_1371.png,"['almost none', 'many', 'many', 'some', 'none', 'all', 'all', 'all', 'few', 'most', 'almost none', 'none', 'almost all', 'all', 'none', 'some', 'some', 'almost none', 'some', 'almost all', 'almost all', 'none', 'some', 'many', 'none', 'some', 'some', 'most', 'some', 'almost none', 'all', 'none', 'almost none', 'almost none', 'most', 'most', 'the smaller part', 'none', 'few', 'all']"
1372,data/images/quantifier/test_1372.png,"['almost none', 'few', 'none', 'many', 'almost none', 'the smaller part', 'the smaller part', 'most', 'almost all', 'some', 'almost none', 'some', 'all', 'none', 'most', 'almost all', 'most', 'all', 'almost all', 'all', 'almost all', 'all', 'almost none', 'some', 'some', 'almost all', 'almost all', 'most', 'few', 'almost all', 'almost all', 'few', 'most', 'many', 'few', 'the smaller part', 'some', 'few', 'many', 'some']"
1373,data/images/quantifier/test_1373.png,"['few', 'most', 'all', 'almost none', 'none', 'some', 'many', 'many', 'all', 'few', 'some', 'some', 'almost all', 'all', 'almost none', 'none', 'all', 'many', 'all', 'some', 'almost all', 'few', 'few', 'almost all', 'some', 'none', 'the smaller part', 'some', 'many', 'all', 'few', 'many', 'some', 'almost all', 'some', 'some', 'the smaller part', 'some', 'most', 'some']"
1379,data/images/quantifier/test_1379.png,"['none', 'some', 'many', 'many', 'few', 'most', 'many', 'all', 'few', 'many', 'some', 'many', 'some', 'few', 'many', 'all', 'all', 'almost all', 'most', 'many', 'many', 'almost all', 'some', 'all', 'none', 'none', 'some', 'almost all', 'few', 'almost all', 'none', 'few', 'most', 'none', 'none', 'the smaller part', 'almost none', 'the smaller part', 'few', 'few']"
1384,data/images/quantifier/test_1384.png,"['some', 'almost all', 'almost none', 'many', 'some', 'some', 'some', 'some', 'some', 'all', 'few', 'almost all', 'some', 'some', 'the smaller part', 'few', 'many', 'some', 'few', 'most', 'few', 'some', 'the smaller part', 'most', 'all', 'some', 'all', 'most', 'many', 'many', 'few', 'some', 'some', 'almost all', 'many', 'most', 'few', 'many', 'some', 'all']"
1391,data/images/quantifier/test_1391.png,"['all', 'almost none', 'almost all', 'all', 'few', 'many', 'the smaller part', 'all', 'most', 'all', 'few', 'some', 'many', 'some', 'many', 'some', 'many', 'all', 'some', 'some', 'some', 'many', 'some', 'some', 'most', 'most', 'some', 'some', 'many', 'none', 'none', 'almost none', 'all', 'almost all', 'some', 'none', 'few', 'almost all', 'some', 'some']"
1396,data/images/quantifier/test_1396.png,"['most', 'many', 'most', 'all', 'most', 'all', 'many', 'few', 'some', 'few', 'some', 'many', 'few', 'some', 'most', 'few', 'many', 'some', 'almost none', 'none', 'almost all', 'none', 'many', 'few', 'many', 'almost all', 'almost none', 'many', 'few', 'few', 'many', 'many', 'almost none', 'almost all', 'many', 'the smaller part', 'few', 'the smaller part', 'few', 'some']"
1401,data/images/quantifier/test_1401.png,"['some', 'some', 'some', 'almost none', 'some', 'almost none', 'some', 'almost all', 'the smaller part', 'all', 'none', 'some', 'almost all', 'some', 'some', 'almost none', 'some', 'few', 'all', 'some', 'all', 'almost all', 'few', 'the smaller part', 'none', 'many', 'few', 'all', 'all', 'some', 'almost all', 'none', 'many', 'all', 'some', 'almost none', 'many', 'the smaller part', 'few', 'most']"
1402,data/images/quantifier/test_1402.png,"['all', 'none', 'many', 'some', 'none', 'none', 'all', 'some', 'many', 'some', 'many', 'some', 'some', 'some', 'many', 'some', 'almost none', 'many', 'some', 'few', 'none', 'most', 'some', 'all', 'some', 'some', 'none', 'some', 'some', 'most', 'almost none', 'most', 'none', 'some', 'many', 'many', 'almost all', 'all', 'few', 'none']"
1404,data/images/quantifier/test_1404.png,"['few', 'many', 'some', 'some', 'some', 'some', 'almost all', 'all', 'all', 'none', 'all', 'few', 'none', 'almost none', 'some', 'almost all', 'none', 'some', 'some', 'many', 'few', 'the smaller part', 'all', 'many', 'many', 'some', 'most', 'some', 'some', 'many', 'almost none', 'all', 'many', 'few', 'the smaller part', 'all', 'few', 'almost all', 'the smaller part', 'all']"
1409,data/images/quantifier/test_1409.png,"['many', 'many', 'some', 'all', 'all', 'all', 'almost all', 'some', 'none', 'the smaller part', 'some', 'all', 'many', 'all', 'some', 'all', 'few', 'none', 'few', 'the smaller part', 'some', 'almost all', 'some', 'some', 'many', 'some', 'some', 'some', 'some', 'most', 'almost none', 'all', 'none', 'some', 'the smaller part', 'none', 'few', 'few', 'none', 'many']"
1411,data/images/quantifier/test_1411.png,"['some', 'all', 'some', 'most', 'some', 'most', 'some', 'all', 'many', 'some', 'almost all', 'some', 'few', 'all', 'almost all', 'some', 'most', 'none', 'some', 'many', 'few', 'all', 'almost all', 'many', 'most', 'many', 'many', 'most', 'some', 'few', 'none', 'almost all', 'almost none', 'most', 'some', 'some', 'some', 'most', 'many', 'most']"
1418,data/images/quantifier/test_1418.png,"['almost all', 'almost all', 'many', 'few', 'the smaller part', 'almost all', 'some', 'most', 'few', 'many', 'almost all', 'few', 'few', 'some', 'few', 'most', 'few', 'some', 'some', 'most', 'all', 'almost none', 'almost all', 'most', 'none', 'all', 'many', 'most', 'some', 'the smaller part', 'many', 'all', 'few', 'almost all', 'all', 'many', 'most', 'some', 'some', 'few']"
1421,data/images/quantifier/test_1421.png,"['few', 'almost none', 'almost all', 'none', 'the smaller part', 'few', 'many', 'almost none', 'none', 'the smaller part', 'few', 'some', 'many', 'almost none', 'many', 'some', 'all', 'some', 'some', 'most', 'all', 'many', 'many', 'many', 'all', 'almost all', 'some', 'many', 'all', 'some', 'none', 'some', 'some', 'almost none', 'the smaller part', 'none', 'some', 'almost all', 'most', 'many']"
1425,data/images/quantifier/test_1425.png,"['many', 'the smaller part', 'some', 'many', 'almost none', 'some', 'almost none', 'many', 'some', 'many', 'some', 'some', 'some', 'some', 'some', 'many', 'almost none', 'none', 'most', 'none', 'some', 'the smaller part', 'most', 'the smaller part', 'almost none', 'many', 'many', 'some', 'the smaller part', 'none', 'all', 'some', 'many', 'few', 'almost all', 'some', 'some', 'many', 'many', 'few']"
1434,data/images/quantifier/test_1434.png,"['few', 'none', 'the smaller part', 'most', 'almost all', 'few', 'many', 'almost none', 'some', 'all', 'some', 'none', 'few', 'most', 'some', 'most', 'all', 'some', 'some', 'almost all', 'few', 'almost all', 'none', 'some', 'few', 'some', 'most', 'some', 'some', 'all', 'few', 'almost none', 'all', 'none', 'none', 'few', 'some', 'some', 'some', 'almost all']"
1436,data/images/quantifier/test_1436.png,"['many', 'some', 'almost all', 'most', 'few', 'some', 'some', 'some', 'all', 'few', 'almost all', 'most', 'almost none', 'none', 'almost all', 'all', 'the smaller part', 'almost all', 'some', 'many', 'most', 'many', 'almost all', 'many', 'few', 'few', 'many', 'many', 'some', 'some', 'almost none', 'few', 'few', 'almost all', 'most', 'some', 'almost none', 'few', 'some', 'all']"
1444,data/images/quantifier/test_1444.png,"['some', 'many', 'almost all', 'some', 'none', 'many', 'few', 'many', 'some', 'few', 'few', 'none', 'all', 'almost all', 'almost none', 'the smaller part', 'some', 'almost all', 'most', 'all', 'some', 'few', 'some', 'few', 'almost none', 'many', 'almost none', 'most', 'few', 'few', 'some', 'few', 'almost all', 'few', 'most', 'none', 'some', 'almost none', 'none', 'some']"
1450,data/images/quantifier/test_1450.png,"['some', 'most', 'most', 'some', 'almost all', 'almost none', 'some', 'many', 'all', 'many', 'some', 'all', 'many', 'many', 'most', 'none', 'none', 'most', 'almost none', 'the smaller part', 'many', 'many', 'almost all', 'all', 'many', 'some', 'some', 'most', 'most', 'almost none', 'few', 'almost none', 'the smaller part', 'none', 'some', 'almost none', 'all', 'some', 'few', 'many']"
1451,data/images/quantifier/test_1451.png,"['almost all', 'all', 'all', 'many', 'all', 'all', 'few', 'almost all', 'few', 'most', 'the smaller part', 'none', 'none', 'some', 'the smaller part', 'many', 'none', 'few', 'none', 'few', 'almost all', 'none', 'many', 'some', 'few', 'few', 'few', 'some', 'some', 'some', 'almost none', 'some', 'few', 'the smaller part', 'many', 'almost all', 'all', 'almost all', 'some', 'few']"
1455,data/images/quantifier/test_1455.png,"['all', 'many', 'few', 'all', 'few', 'few', 'many', 'almost none', 'all', 'many', 'all', 'some', 'none', 'most', 'the smaller part', 'some', 'none', 'some', 'some', 'some', 'some', 'many', 'few', 'all', 'many', 'almost none', 'some', 'almost none', 'the smaller part', 'all', 'most', 'some', 'the smaller part', 'all', 'most', 'some', 'the smaller part', 'some', 'some', 'some']"
1457,data/images/quantifier/test_1457.png,"['most', 'almost all', 'all', 'few', 'almost none', 'some', 'none', 'some', 'few', 'some', 'the smaller part', 'the smaller part', 'some', 'most', 'some', 'almost none', 'many', 'many', 'most', 'many', 'few', 'some', 'almost none', 'many', 'almost none', 'some', 'some', 'few', 'almost all', 'most', 'many', 'few', 'many', 'all', 'few', 'almost all', 'few', 'some', 'none', 'some']"
1458,data/images/quantifier/test_1458.png,"['many', 'some', 'many', 'most', 'some', 'few', 'almost all', 'few', 'almost all', 'the smaller part', 'almost none', 'many', 'few', 'few', 'none', 'almost all', 'the smaller part', 'almost all', 'most', 'many', 'all', 'many', 'most', 'some', 'many', 'none', 'none', 'few', 'most', 'many', 'many', 'most', 'almost all', 'many', 'some', 'some', 'all', 'all', 'some', 'most']"
1460,data/images/quantifier/test_1460.png,"['some', 'few', 'many', 'some', 'some', 'none', 'few', 'some', 'all', 'none', 'some', 'some', 'none', 'some', 'few', 'almost all', 'many', 'few', 'many', 'some', 'few', 'few', 'few', 'all', 'all', 'few', 'almost none', 'many', 'some', 'almost all', 'all', 'none', 'all', 'almost all', 'almost none', 'all', 'few', 'some', 'many', 'some']"
1469,data/images/quantifier/test_1469.png,"['the smaller part', 'almost none', 'many', 'most', 'none', 'almost none', 'almost none', 'some', 'many', 'some', 'none', 'almost all', 'most', 'many', 'almost all', 'some', 'some', 'almost all', 'almost all', 'almost all', 'most', 'the smaller part', 'many', 'many', 'many', 'some', 'almost none', 'none', 'some', 'most', 'many', 'most', 'almost none', 'few', 'few', 'many', 'many', 'all', 'many', 'almost none']"
1470,data/images/quantifier/test_1470.png,"['many', 'almost all', 'some', 'some', 'many', 'some', 'many', 'some', 'some', 'some', 'many', 'most', 'most', 'some', 'most', 'none', 'all', 'many', 'few', 'some', 'none', 'none', 'few', 'some', 'most', 'all', 'many', 'almost none', 'most', 'many', 'the smaller part', 'many', 'almost all', 'none', 'the smaller part', 'few', 'some', 'few', 'almost none', 'few']"
1480,data/images/quantifier/test_1480.png,"['some', 'all', 'many', 'many', 'most', 'all', 'almost none', 'the smaller part', 'all', 'many', 'some', 'almost all', 'few', 'some', 'many', 'the smaller part', 'some', 'some', 'many', 'many', 'most', 'the smaller part', 'some', 'all', 'few', 'almost all', 'almost none', 'some', 'all', 'almost all', 'some', 'some', 'some', 'none', 'none', 'all', 'few', 'many', 'almost none', 'almost none']"
1483,data/images/quantifier/test_1483.png,"['none', 'many', 'few', 'few', 'almost none', 'almost all', 'almost none', 'many', 'all', 'few', 'some', 'many', 'many', 'some', 'the smaller part', 'the smaller part', 'almost none', 'almost all', 'almost none', 'some', 'many', 'most', 'many', 'some', 'few', 'almost all', 'none', 'almost none', 'none', 'many', 'almost none', 'many', 'few', 'none', 'almost all', 'some', 'some', 'some', 'almost all', 'few']"
1486,data/images/quantifier/test_1486.png,"['few', 'some', 'few', 'some', 'the smaller part', 'few', 'almost all', 'some', 'none', 'almost none', 'none', 'some', 'few', 'most', 'many', 'some', 'some', 'none', 'almost all', 'some', 'many', 'the smaller part', 'almost all', 'some', 'many', 'some', 'few', 'the smaller part', 'most', 'all', 'many', 'many', 'some', 'almost all', 'most', 'the smaller part', 'most', 'many', 'some', 'few']"
1488,data/images/quantifier/test_1488.png,"['many', 'most', 'few', 'almost all', 'the smaller part', 'almost none', 'none', 'few', 'some', 'many', 'almost none', 'few', 'the smaller part', 'some', 'some', 'some', 'most', 'few', 'the smaller part', 'some', 'the smaller part', 'many', 'few', 'almost all', 'many', 'most', 'none', 'some', 'most', 'most', 'some', 'the smaller part', 'none', 'few', 'many', 'few', 'none', 'none', 'few', 'many']"
1495,data/images/quantifier/test_1495.png,"['few', 'all', 'some', 'many', 'some', 'none', 'almost all', 'some', 'some', 'most', 'many', 'most', 'some', 'none', 'most', 'few', 'none', 'almost all', 'few', 'all', 'few', 'some', 'some', 'many', 'most', 'none', 'many', 'most', 'some', 'many', 'almost all', 'none', 'some', 'few', 'many', 'some', 'some', 'none', 'some', 'some']"
1498,data/images/quantifier/test_1498.png,"['few', 'many', 'some', 'many', 'almost all', 'few', 'few', 'some', 'some', 'some', 'the smaller part', 'few', 'many', 'few', 'many', 'almost none', 'some', 'most', 'all', 'many', 'few', 'few', 'few', 'all', 'few', 'most', 'none', 'the smaller part', 'few', 'some', 'the smaller part', 'all', 'some', 'few', 'some', 'few', 'most', 'many', 'many', 'some']"
1499,data/images/quantifier/test_1499.png,"['some', 'few', 'some', 'all', 'some', 'some', 'few', 'almost all', 'some', 'all', 'many', 'some', 'the smaller part', 'almost none', 'some', 'most', 'many', 'some', 'all', 'some', 'almost all', 'some', 'some', 'few', 'few', 'almost none', 'most', 'the smaller part', 'all', 'most', 'many', 'many', 'most', 'many', 'many', 'some', 'few', 'many', 'some', 'few']"
1505,data/images/quantifier/test_1505.png,"['few', 'many', 'many', 'few', 'none', 'few', 'many', 'some', 'few', 'none', 'most', 'some', 'none', 'few', 'some', 'the smaller part', 'many', 'almost none', 'almost none', 'all', 'some', 'the smaller part', 'some', 'many', 'many', 'some', 'none', 'many', 'all', 'many', 'almost all', 'most', 'the smaller part', 'most', 'few', 'all', 'none', 'almost none', 'few', 'almost none']"
1509,data/images/quantifier/test_1509.png,"['all', 'some', 'none', 'many', 'all', 'many', 'the smaller part', 'few', 'many', 'many', 'almost all', 'none', 'few', 'many', 'some', 'many', 'few', 'most', 'almost none', 'many', 'some', 'all', 'some', 'some', 'few', 'some', 'few', 'many', 'none', 'some', 'many', 'all', 'many', 'few', 'few', 'the smaller part', 'some', 'some', 'all', 'few']"
1517,data/images/quantifier/test_1517.png,"['none', 'many', 'the smaller part', 'almost all', 'few', 'almost all', 'most', 'few', 'some', 'some', 'most', 'some', 'some', 'most', 'none', 'the smaller part', 'few', 'most', 'some', 'few', 'all', 'few', 'the smaller part', 'few', 'the smaller part', 'some', 'almost all', 'some', 'most', 'most', 'the smaller part', 'some', 'some', 'all', 'almost all', 'many', 'all', 'almost all', 'most', 'few']"
1519,data/images/quantifier/test_1519.png,"['all', 'all', 'all', 'none', 'the smaller part', 'almost all', 'few', 'some', 'some', 'the smaller part', 'some', 'almost none', 'some', 'almost all', 'almost all', 'many', 'few', 'many', 'almost none', 'the smaller part', 'some', 'many', 'few', 'few', 'many', 'some', 'some', 'all', 'the smaller part', 'few', 'none', 'some', 'some', 'some', 'almost none', 'some', 'the smaller part', 'many', 'some', 'almost none']"
1525,data/images/quantifier/test_1525.png,"['almost none', 'almost none', 'almost none', 'many', 'almost none', 'all', 'some', 'all', 'all', 'none', 'most', 'few', 'many', 'some', 'few', 'some', 'few', 'all', 'many', 'few', 'some', 'none', 'almost all', 'all', 'all', 'some', 'some', 'none', 'few', 'the smaller part', 'some', 'all', 'few', 'few', 'most', 'almost all', 'some', 'none', 'many', 'the smaller part']"
1529,data/images/quantifier/test_1529.png,"['few', 'few', 'none', 'some', 'some', 'many', 'the smaller part', 'some', 'many', 'the smaller part', 'many', 'many', 'none', 'the smaller part', 'some', 'almost all', 'few', 'the smaller part', 'the smaller part', 'the smaller part', 'many', 'some', 'almost none', 'some', 'almost all', 'many', 'some', 'some', 'many', 'almost none', 'all', 'some', 'none', 'many', 'some', 'almost none', 'all', 'many', 'some', 'none']"
1538,data/images/quantifier/test_1538.png,"['some', 'some', 'many', 'almost all', 'all', 'some', 'most', 'few', 'many', 'all', 'most', 'many', 'none', 'some', 'some', 'most', 'almost all', 'few', 'the smaller part', 'almost all', 'some', 'almost all', 'most', 'all', 'some', 'none', 'many', 'all', 'many', 'some', 'many', 'many', 'some', 'almost all', 'many', 'few', 'all', 'many', 'some', 'none']"
1542,data/images/quantifier/test_1542.png,"['many', 'none', 'the smaller part', 'almost none', 'some', 'few', 'many', 'many', 'many', 'many', 'almost all', 'none', 'almost none', 'none', 'many', 'many', 'all', 'some', 'many', 'the smaller part', 'none', 'few', 'all', 'many', 'few', 'almost all', 'most', 'many', 'some', 'almost none', 'all', 'none', 'some', 'almost none', 'almost none', 'some', 'most', 'many', 'all', 'none']"
1546,data/images/quantifier/test_1546.png,"['none', 'none', 'some', 'some', 'none', 'some', 'few', 'most', 'almost none', 'few', 'many', 'few', 'many', 'many', 'the smaller part', 'many', 'few', 'none', 'almost all', 'many', 'some', 'many', 'few', 'many', 'almost none', 'some', 'most', 'almost all', 'all', 'almost all', 'all', 'none', 'some', 'almost none', 'few', 'many', 'some', 'some', 'none', 'none']"
1552,data/images/quantifier/test_1552.png,"['almost all', 'most', 'few', 'some', 'none', 'almost none', 'almost all', 'some', 'almost all', 'none', 'many', 'few', 'the smaller part', 'almost none', 'none', 'few', 'most', 'most', 'few', 'some', 'most', 'many', 'many', 'all', 'some', 'some', 'few', 'most', 'all', 'almost all', 'almost all', 'almost all', 'many', 'many', 'few', 'few', 'all', 'almost none', 'few', 'many']"
1553,data/images/quantifier/test_1553.png,"['many', 'some', 'some', 'few', 'none', 'most', 'some', 'all', 'almost none', 'some', 'some', 'all', 'almost all', 'many', 'many', 'many', 'some', 'all', 'many', 'none', 'some', 'some', 'most', 'almost all', 'almost none', 'some', 'many', 'many', 'some', 'almost all', 'some', 'all', 'few', 'some', 'almost all', 'many', 'the smaller part', 'all', 'most', 'almost all']"
1556,data/images/quantifier/test_1556.png,"['most', 'the smaller part', 'many', 'many', 'some', 'all', 'none', 'many', 'all', 'most', 'some', 'some', 'many', 'most', 'all', 'many', 'some', 'almost none', 'some', 'some', 'some', 'almost none', 'all', 'some', 'some', 'few', 'some', 'few', 'all', 'some', 'few', 'almost all', 'none', 'some', 'almost none', 'few', 'the smaller part', 'few', 'some', 'some']"
1561,data/images/quantifier/test_1561.png,"['many', 'some', 'some', 'the smaller part', 'many', 'some', 'many', 'many', 'some', 'some', 'few', 'most', 'the smaller part', 'few', 'the smaller part', 'the smaller part', 'some', 'few', 'some', 'few', 'almost none', 'all', 'some', 'all', 'none', 'all', 'many', 'most', 'few', 'all', 'almost all', 'most', 'none', 'none', 'some', 'none', 'few', 'none', 'the smaller part', 'few']"
1570,data/images/quantifier/test_1570.png,"['all', 'some', 'all', 'few', 'few', 'almost all', 'almost none', 'many', 'almost all', 'some', 'almost all', 'many', 'few', 'all', 'some', 'some', 'many', 'many', 'some', 'almost all', 'some', 'some', 'most', 'almost all', 'the smaller part', 'many', 'few', 'few', 'none', 'few', 'some', 'many', 'many', 'few', 'many', 'many', 'almost all', 'few', 'most', 'some']"
1571,data/images/quantifier/test_1571.png,"['almost none', 'none', 'almost all', 'some', 'few', 'some', 'almost none', 'almost all', 'almost none', 'some', 'many', 'almost all', 'few', 'some', 'some', 'some', 'few', 'many', 'some', 'none', 'few', 'most', 'few', 'some', 'many', 'some', 'almost none', 'some', 'some', 'some', 'almost all', 'none', 'few', 'many', 'few', 'none', 'some', 'almost none', 'none', 'all']"
1572,data/images/quantifier/test_1572.png,"['most', 'some', 'some', 'few', 'few', 'all', 'few', 'some', 'some', 'some', 'all', 'many', 'the smaller part', 'all', 'almost none', 'most', 'almost none', 'some', 'many', 'most', 'almost all', 'some', 'almost all', 'the smaller part', 'none', 'almost none', 'some', 'some', 'most', 'all', 'most', 'almost all', 'many', 'many', 'many', 'few', 'some', 'all', 'some', 'the smaller part']"
1573,data/images/quantifier/test_1573.png,"['many', 'many', 'few', 'none', 'some', 'few', 'almost all', 'most', 'many', 'some', 'none', 'some', 'all', 'almost none', 'some', 'almost none', 'many', 'none', 'many', 'few', 'almost none', 'few', 'some', 'all', 'almost all', 'some', 'the smaller part', 'few', 'most', 'few', 'almost none', 'the smaller part', 'none', 'some', 'most', 'most', 'some', 'few', 'some', 'some']"
1585,data/images/quantifier/test_1585.png,"['all', 'most', 'most', 'few', 'almost all', 'the smaller part', 'most', 'all', 'few', 'many', 'some', 'all', 'some', 'some', 'most', 'all', 'none', 'some', 'some', 'some', 'many', 'none', 'most', 'some', 'few', 'some', 'some', 'almost all', 'some', 'none', 'some', 'the smaller part', 'the smaller part', 'almost all', 'some', 'few', 'almost all', 'some', 'some', 'none']"
1587,data/images/quantifier/test_1587.png,"['few', 'none', 'many', 'few', 'many', 'all', 'most', 'some', 'the smaller part', 'some', 'the smaller part', 'many', 'almost all', 'few', 'none', 'the smaller part', 'many', 'almost all', 'few', 'many', 'almost all', 'some', 'some', 'some', 'few', 'the smaller part', 'almost none', 'many', 'many', 'some', 'almost all', 'none', 'many', 'some', 'some', 'few', 'some', 'few', 'some', 'almost all']"
1588,data/images/quantifier/test_1588.png,"['none', 'almost all', 'most', 'some', 'almost all', 'most', 'few', 'all', 'few', 'the smaller part', 'some', 'all', 'many', 'almost none', 'most', 'none', 'many', 'many', 'most', 'many', 'some', 'some', 'some', 'most', 'some', 'many', 'almost all', 'most', 'few', 'none', 'none', 'some', 'all', 'many', 'all', 'some', 'almost all', 'almost all', 'some', 'some']"
1591,data/images/quantifier/test_1591.png,"['all', 'many', 'almost all', 'some', 'some', 'the smaller part', 'most', 'many', 'many', 'many', 'most', 'many', 'all', 'many', 'most', 'almost all', 'all', 'almost all', 'almost all', 'the smaller part', 'some', 'all', 'all', 'almost all', 'many', 'few', 'none', 'some', 'almost none', 'some', 'many', 'none', 'some', 'some', 'most', 'some', 'few', 'few', 'the smaller part', 'many']"
1592,data/images/quantifier/test_1592.png,"['many', 'almost none', 'some', 'almost none', 'all', 'many', 'many', 'some', 'many', 'some', 'all', 'few', 'many', 'the smaller part', 'all', 'many', 'many', 'few', 'almost all', 'some', 'some', 'many', 'few', 'some', 'all', 'some', 'some', 'some', 'the smaller part', 'some', 'all', 'almost none', 'some', 'none', 'some', 'few', 'most', 'none', 'few', 'few']"
1595,data/images/quantifier/test_1595.png,"['most', 'many', 'some', 'some', 'many', 'few', 'many', 'most', 'almost none', 'many', 'all', 'almost none', 'few', 'many', 'some', 'the smaller part', 'many', 'some', 'some', 'the smaller part', 'most', 'almost none', 'many', 'the smaller part', 'few', 'almost none', 'few', 'almost all', 'the smaller part', 'some', 'few', 'almost none', 'few', 'some', 'almost all', 'many', 'some', 'many', 'some', 'some']"
1599,data/images/quantifier/test_1599.png,"['none', 'almost all', 'some', 'many', 'many', 'all', 'few', 'none', 'the smaller part', 'almost none', 'some', 'few', 'some', 'few', 'many', 'some', 'some', 'most', 'some', 'almost all', 'the smaller part', 'none', 'none', 'some', 'most', 'few', 'few', 'almost all', 'many', 'almost all', 'some', 'none', 'many', 'few', 'most', 'many', 'some', 'some', 'some', 'most']"
1611,data/images/quantifier/test_1611.png,"['the smaller part', 'some', 'none', 'some', 'some', 'few', 'almost all', 'many', 'some', 'many', 'none', 'many', 'some', 'all', 'many', 'all', 'the smaller part', 'few', 'few', 'almost all', 'some', 'the smaller part', 'some', 'some', 'most', 'most', 'many', 'almost all', 'none', 'some', 'all', 'few', 'some', 'almost none', 'almost none', 'almost none', 'almost none', 'most', 'few', 'almost all']"
1612,data/images/quantifier/test_1612.png,"['all', 'most', 'all', 'some', 'many', 'all', 'none', 'the smaller part', 'none', 'some', 'few', 'almost all', 'all', 'some', 'some', 'most', 'almost all', 'none', 'most', 'some', 'some', 'all', 'almost all', 'none', 'few', 'some', 'many', 'few', 'some', 'few', 'none', 'some', 'almost none', 'none', 'none', 'some', 'many', 'many', 'many', 'almost none']"
1617,data/images/quantifier/test_1617.png,"['the smaller part', 'many', 'all', 'many', 'some', 'some', 'some', 'almost none', 'some', 'many', 'some', 'few', 'most', 'all', 'none', 'almost all', 'most', 'few', 'most', 'some', 'some', 'the smaller part', 'some', 'most', 'some', 'many', 'few', 'some', 'almost none', 'few', 'almost none', 'some', 'none', 'many', 'some', 'some', 'many', 'many', 'many', 'none']"
1618,data/images/quantifier/test_1618.png,"['many', 'many', 'many', 'some', 'some', 'all', 'many', 'some', 'almost none', 'most', 'most', 'few', 'the smaller part', 'all', 'few', 'some', 'many', 'almost all', 'none', 'few', 'many', 'few', 'few', 'all', 'many', 'some', 'none', 'few', 'almost all', 'some', 'all', 'some', 'many', 'some', 'all', 'the smaller part', 'some', 'some', 'few', 'few']"
1619,data/images/quantifier/test_1619.png,"['some', 'all', 'some', 'almost none', 'most', 'few', 'almost all', 'all', 'few', 'many', 'all', 'few', 'the smaller part', 'all', 'few', 'most', 'many', 'none', 'some', 'few', 'many', 'some', 'some', 'all', 'none', 'none', 'few', 'few', 'some', 'none', 'some', 'some', 'many', 'almost all', 'most', 'most', 'some', 'almost all', 'many', 'most']"
1629,data/images/quantifier/test_1629.png,"['all', 'none', 'the smaller part', 'almost all', 'some', 'some', 'few', 'almost all', 'none', 'almost all', 'few', 'some', 'few', 'some', 'some', 'many', 'almost all', 'the smaller part', 'many', 'almost none', 'some', 'most', 'some', 'all', 'almost none', 'most', 'none', 'some', 'few', 'some', 'some', 'none', 'all', 'none', 'most', 'many', 'some', 'few', 'many', 'few']"
1634,data/images/quantifier/test_1634.png,"['many', 'some', 'some', 'all', 'none', 'few', 'some', 'many', 'some', 'all', 'few', 'some', 'none', 'almost none', 'all', 'some', 'few', 'the smaller part', 'the smaller part', 'many', 'some', 'almost all', 'few', 'many', 'all', 'all', 'some', 'many', 'almost none', 'most', 'almost all', 'almost all', 'some', 'some', 'many', 'few', 'some', 'some', 'all', 'many']"
1640,data/images/quantifier/test_1640.png,"['the smaller part', 'some', 'most', 'most', 'most', 'some', 'most', 'none', 'almost none', 'some', 'most', 'few', 'none', 'all', 'all', 'some', 'none', 'almost none', 'many', 'almost all', 'few', 'few', 'some', 'almost all', 'some', 'many', 'none', 'almost all', 'almost all', 'many', 'none', 'some', 'many', 'almost all', 'many', 'many', 'most', 'almost all', 'few', 'few']"
1641,data/images/quantifier/test_1641.png,"['many', 'some', 'many', 'some', 'some', 'some', 'none', 'all', 'almost none', 'the smaller part', 'some', 'almost all', 'some', 'few', 'many', 'many', 'most', 'none', 'many', 'almost all', 'most', 'some', 'all', 'many', 'some', 'few', 'most', 'some', 'some', 'almost all', 'the smaller part', 'some', 'all', 'all', 'many', 'some', 'almost all', 'many', 'some', 'few']"
1651,data/images/quantifier/test_1651.png,"['almost all', 'some', 'almost all', 'the smaller part', 'all', 'some', 'none', 'most', 'the smaller part', 'few', 'many', 'many', 'all', 'most', 'some', 'almost all', 'most', 'the smaller part', 'almost all', 'almost all', 'few', 'the smaller part', 'many', 'few', 'none', 'some', 'many', 'many', 'almost all', 'many', 'few', 'most', 'almost all', 'all', 'few', 'almost none', 'almost all', 'some', 'almost all', 'few']"
1652,data/images/quantifier/test_1652.png,"['most', 'few', 'almost all', 'some', 'many', 'all', 'few', 'many', 'most', 'almost all', 'some', 'some', 'many', 'few', 'some', 'all', 'all', 'almost none', 'some', 'many', 'some', 'none', 'many', 'some', 'many', 'the smaller part', 'some', 'many', 'some', 'some', 'some', 'some', 'most', 'few', 'none', 'many', 'all', 'some', 'some', 'most']"
1663,data/images/quantifier/test_1663.png,"['most', 'few', 'some', 'almost all', 'some', 'many', 'none', 'all', 'some', 'most', 'the smaller part', 'all', 'the smaller part', 'none', 'none', 'none', 'all', 'almost all', 'many', 'most', 'none', 'almost all', 'some', 'most', 'most', 'none', 'most', 'few', 'all', 'some', 'almost none', 'many', 'all', 'some', 'many', 'almost all', 'most', 'many', 'all', 'many']"
1666,data/images/quantifier/test_1666.png,"['almost all', 'many', 'all', 'some', 'all', 'many', 'few', 'almost all', 'some', 'almost none', 'some', 'most', 'some', 'many', 'few', 'all', 'all', 'some', 'most', 'almost all', 'all', 'many', 'most', 'almost none', 'almost none', 'few', 'many', 'some', 'the smaller part', 'many', 'most', 'all', 'many', 'most', 'some', 'many', 'most', 'all', 'almost all', 'some']"
1668,data/images/quantifier/test_1668.png,"['some', 'almost none', 'few', 'all', 'most', 'some', 'none', 'some', 'some', 'all', 'some', 'almost all', 'almost all', 'some', 'none', 'many', 'none', 'most', 'almost all', 'some', 'many', 'some', 'few', 'some', 'many', 'none', 'some', 'almost none', 'some', 'all', 'few', 'some', 'few', 'none', 'almost none', 'almost none', 'some', 'most', 'some', 'none']"
1669,data/images/quantifier/test_1669.png,"['some', 'few', 'some', 'the smaller part', 'some', 'almost all', 'some', 'some', 'some', 'most', 'many', 'many', 'all', 'some', 'some', 'most', 'some', 'almost all', 'all', 'some', 'many', 'some', 'most', 'most', 'almost all', 'some', 'few', 'some', 'some', 'almost all', 'the smaller part', 'the smaller part', 'most', 'almost all', 'all', 'few', 'almost none', 'some', 'most', 'none']"
1673,data/images/quantifier/test_1673.png,"['few', 'the smaller part', 'almost all', 'all', 'all', 'all', 'none', 'few', 'few', 'almost all', 'few', 'most', 'none', 'most', 'many', 'some', 'all', 'many', 'all', 'almost none', 'some', 'many', 'many', 'some', 'almost all', 'some', 'some', 'the smaller part', 'some', 'most', 'most', 'almost all', 'some', 'some', 'some', 'some', 'all', 'many', 'many', 'few']"
1675,data/images/quantifier/test_1675.png,"['many', 'few', 'few', 'the smaller part', 'some', 'almost all', 'few', 'some', 'none', 'some', 'some', 'all', 'the smaller part', 'almost all', 'some', 'all', 'few', 'all', 'some', 'some', 'many', 'almost all', 'almost all', 'almost all', 'the smaller part', 'few', 'some', 'none', 'many', 'none', 'most', 'some', 'many', 'none', 'some', 'some', 'few', 'none', 'some', 'few']"
1677,data/images/quantifier/test_1677.png,"['all', 'all', 'none', 'all', 'most', 'almost all', 'few', 'almost none', 'some', 'some', 'some', 'the smaller part', 'some', 'all', 'many', 'none', 'some', 'few', 'few', 'the smaller part', 'some', 'all', 'some', 'all', 'almost none', 'many', 'some', 'some', 'few', 'few', 'almost all', 'few', 'none', 'some', 'some', 'many', 'many', 'almost none', 'many', 'some']"
1683,data/images/quantifier/test_1683.png,"['some', 'few', 'almost none', 'some', 'almost all', 'few', 'all', 'few', 'few', 'many', 'some', 'the smaller part', 'few', 'few', 'some', 'all', 'all', 'all', 'almost all', 'the smaller part', 'few', 'some', 'almost all', 'almost none', 'almost all', 'most', 'almost all', 'almost none', 'almost all', 'some', 'some', 'almost all', 'some', 'almost none', 'the smaller part', 'almost none', 'many', 'almost none', 'some', 'many']"
1687,data/images/quantifier/test_1687.png,"['almost none', 'few', 'many', 'some', 'all', 'some', 'some', 'few', 'few', 'some', 'none', 'some', 'some', 'some', 'most', 'some', 'almost all', 'few', 'almost all', 'many', 'most', 'all', 'all', 'few', 'almost none', 'almost all', 'few', 'almost all', 'many', 'few', 'all', 'all', 'most', 'many', 'many', 'some', 'some', 'few', 'few', 'some']"
1690,data/images/quantifier/test_1690.png,"['few', 'almost all', 'few', 'some', 'most', 'the smaller part', 'many', 'none', 'some', 'some', 'some', 'all', 'almost none', 'none', 'many', 'some', 'almost none', 'some', 'the smaller part', 'few', 'few', 'some', 'some', 'few', 'all', 'some', 'many', 'most', 'almost none', 'the smaller part', 'few', 'none', 'some', 'few', 'none', 'all', 'almost none', 'few', 'all', 'none']"
1693,data/images/quantifier/test_1693.png,"['many', 'many', 'all', 'few', 'few', 'some', 'the smaller part', 'most', 'some', 'almost none', 'some', 'almost none', 'the smaller part', 'none', 'none', 'some', 'none', 'almost all', 'all', 'some', 'almost none', 'almost all', 'all', 'some', 'few', 'many', 'few', 'the smaller part', 'almost none', 'many', 'almost all', 'many', 'some', 'many', 'the smaller part', 'almost none', 'almost all', 'almost none', 'almost none', 'few']"
1695,data/images/quantifier/test_1695.png,"['none', 'many', 'none', 'none', 'none', 'some', 'many', 'all', 'few', 'many', 'some', 'most', 'few', 'some', 'some', 'few', 'few', 'many', 'all', 'all', 'the smaller part', 'few', 'some', 'many', 'all', 'almost none', 'all', 'some', 'few', 'many', 'few', 'almost all', 'none', 'the smaller part', 'many', 'most', 'almost all', 'some', 'almost all', 'some']"
1699,data/images/quantifier/test_1699.png,"['some', 'all', 'almost none', 'few', 'almost all', 'few', 'almost all', 'almost none', 'all', 'all', 'most', 'all', 'none', 'many', 'most', 'all', 'some', 'many', 'almost none', 'some', 'almost none', 'none', 'some', 'many', 'some', 'almost none', 'almost none', 'some', 'all', 'many', 'many', 'all', 'all', 'some', 'all', 'some', 'few', 'some', 'all', 'some']"
1703,data/images/quantifier/test_1703.png,"['none', 'few', 'all', 'the smaller part', 'most', 'many', 'none', 'many', 'some', 'many', 'most', 'few', 'many', 'some', 'most', 'few', 'all', 'almost all', 'many', 'some', 'all', 'few', 'few', 'the smaller part', 'few', 'most', 'the smaller part', 'some', 'none', 'almost none', 'few', 'some', 'few', 'few', 'all', 'none', 'few', 'the smaller part', 'the smaller part', 'many']"
1704,data/images/quantifier/test_1704.png,"['the smaller part', 'some', 'many', 'few', 'all', 'many', 'most', 'some', 'some', 'some', 'almost none', 'almost none', 'most', 'most', 'some', 'most', 'many', 'some', 'almost none', 'many', 'almost none', 'many', 'almost all', 'many', 'almost none', 'some', 'many', 'most', 'few', 'almost all', 'many', 'almost none', 'few', 'the smaller part', 'all', 'almost none', 'most', 'some', 'few', 'few']"
1716,data/images/quantifier/test_1716.png,"['many', 'some', 'some', 'many', 'none', 'many', 'many', 'almost all', 'some', 'none', 'many', 'some', 'some', 'none', 'almost all', 'many', 'none', 'all', 'all', 'many', 'few', 'all', 'none', 'the smaller part', 'all', 'some', 'almost all', 'many', 'almost all', 'few', 'almost none', 'almost none', 'all', 'few', 'none', 'some', 'few', 'almost none', 'many', 'many']"
1720,data/images/quantifier/test_1720.png,"['the smaller part', 'some', 'many', 'many', 'few', 'most', 'some', 'the smaller part', 'all', 'some', 'almost none', 'many', 'some', 'almost all', 'few', 'few', 'many', 'almost all', 'none', 'few', 'few', 'all', 'many', 'some', 'many', 'some', 'most', 'most', 'few', 'most', 'some', 'the smaller part', 'almost all', 'some', 'some', 'all', 'some', 'almost all', 'almost all', 'some']"
1721,data/images/quantifier/test_1721.png,"['none', 'all', 'all', 'few', 'some', 'some', 'many', 'most', 'some', 'many', 'many', 'some', 'few', 'some', 'all', 'none', 'some', 'almost all', 'few', 'few', 'almost none', 'none', 'none', 'many', 'almost all', 'some', 'none', 'many', 'almost none', 'the smaller part', 'many', 'some', 'some', 'many', 'few', 'some', 'few', 'most', 'many', 'some']"
1724,data/images/quantifier/test_1724.png,"['some', 'few', 'almost all', 'some', 'some', 'almost all', 'some', 'the smaller part', 'almost all', 'many', 'most', 'many', 'most', 'some', 'all', 'the smaller part', 'most', 'some', 'none', 'the smaller part', 'some', 'many', 'few', 'some', 'all', 'few', 'all', 'many', 'few', 'few', 'some', 'the smaller part', 'all', 'few', 'all', 'the smaller part', 'most', 'all', 'almost all', 'most']"
1726,data/images/quantifier/test_1726.png,"['all', 'many', 'most', 'most', 'many', 'almost all', 'the smaller part', 'none', 'the smaller part', 'some', 'many', 'almost none', 'none', 'some', 'many', 'some', 'some', 'few', 'none', 'many', 'some', 'few', 'some', 'most', 'many', 'almost all', 'most', 'all', 'almost all', 'none', 'some', 'almost none', 'almost all', 'few', 'many', 'some', 'many', 'some', 'many', 'some']"
1732,data/images/quantifier/test_1732.png,"['few', 'few', 'almost all', 'none', 'the smaller part', 'the smaller part', 'the smaller part', 'many', 'many', 'many', 'none', 'some', 'the smaller part', 'few', 'none', 'almost none', 'none', 'some', 'many', 'few', 'many', 'many', 'few', 'almost none', 'none', 'some', 'almost none', 'few', 'many', 'most', 'many', 'some', 'some', 'none', 'almost none', 'the smaller part', 'almost all', 'all', 'many', 'all']"
1736,data/images/quantifier/test_1736.png,"['some', 'many', 'most', 'almost all', 'none', 'the smaller part', 'some', 'few', 'all', 'none', 'some', 'few', 'most', 'some', 'some', 'most', 'few', 'all', 'some', 'most', 'some', 'the smaller part', 'few', 'most', 'none', 'many', 'some', 'the smaller part', 'some', 'some', 'almost none', 'some', 'few', 'none', 'all', 'few', 'most', 'some', 'many', 'all']"
1738,data/images/quantifier/test_1738.png,"['many', 'many', 'all', 'almost none', 'some', 'many', 'almost none', 'some', 'some', 'almost none', 'few', 'all', 'some', 'some', 'some', 'almost all', 'most', 'almost all', 'many', 'almost none', 'few', 'many', 'few', 'many', 'none', 'some', 'many', 'few', 'many', 'some', 'all', 'none', 'almost none', 'most', 'some', 'most', 'many', 'all', 'almost all', 'most']"
1739,data/images/quantifier/test_1739.png,"['none', 'some', 'some', 'almost all', 'many', 'all', 'almost all', 'few', 'all', 'few', 'some', 'most', 'few', 'most', 'most', 'many', 'almost none', 'all', 'many', 'none', 'few', 'some', 'all', 'most', 'the smaller part', 'most', 'some', 'some', 'some', 'many', 'the smaller part', 'most', 'most', 'most', 'none', 'some', 'some', 'few', 'some', 'the smaller part']"
1740,data/images/quantifier/test_1740.png,"['some', 'few', 'the smaller part', 'almost none', 'some', 'most', 'the smaller part', 'none', 'all', 'none', 'none', 'many', 'some', 'most', 'many', 'all', 'many', 'almost none', 'most', 'few', 'many', 'many', 'all', 'many', 'all', 'none', 'most', 'none', 'the smaller part', 'some', 'all', 'the smaller part', 'some', 'many', 'the smaller part', 'almost none', 'many', 'few', 'some', 'almost all']"
1741,data/images/quantifier/test_1741.png,"['some', 'almost all', 'none', 'almost all', 'all', 'some', 'almost none', 'almost all', 'some', 'some', 'some', 'almost all', 'almost all', 'some', 'all', 'almost all', 'many', 'few', 'none', 'none', 'some', 'almost all', 'many', 'many', 'few', 'some', 'some', 'some', 'many', 'some', 'many', 'some', 'some', 'the smaller part', 'few', 'some', 'the smaller part', 'many', 'many', 'almost none']"
1749,data/images/quantifier/test_1749.png,"['many', 'many', 'most', 'all', 'many', 'many', 'few', 'some', 'many', 'all', 'all', 'many', 'some', 'none', 'some', 'few', 'almost all', 'almost all', 'almost all', 'most', 'some', 'some', 'the smaller part', 'none', 'some', 'almost none', 'many', 'some', 'almost all', 'some', 'many', 'many', 'some', 'most', 'few', 'none', 'some', 'almost all', 'some', 'most']"
1750,data/images/quantifier/test_1750.png,"['almost all', 'most', 'none', 'many', 'many', 'some', 'many', 'some', 'few', 'many', 'the smaller part', 'some', 'some', 'few', 'some', 'the smaller part', 'all', 'some', 'few', 'few', 'some', 'almost all', 'almost none', 'most', 'some', 'many', 'many', 'all', 'most', 'none', 'none', 'some', 'few', 'many', 'almost all', 'all', 'all', 'all', 'many', 'some']"
1753,data/images/quantifier/test_1753.png,"['some', 'most', 'almost all', 'some', 'few', 'some', 'the smaller part', 'none', 'many', 'some', 'many', 'many', 'none', 'none', 'many', 'almost all', 'few', 'all', 'almost none', 'some', 'most', 'some', 'few', 'many', 'almost all', 'few', 'all', 'many', 'all', 'almost none', 'many', 'none', 'many', 'few', 'none', 'some', 'almost all', 'some', 'some', 'almost none']"
1761,data/images/quantifier/test_1761.png,"['many', 'almost all', 'none', 'the smaller part', 'some', 'all', 'many', 'many', 'some', 'all', 'some', 'some', 'almost all', 'some', 'none', 'most', 'some', 'all', 'most', 'almost none', 'almost all', 'some', 'some', 'some', 'some', 'few', 'few', 'many', 'all', 'almost all', 'none', 'all', 'almost none', 'many', 'almost all', 'most', 'many', 'almost all', 'almost all', 'most']"
1762,data/images/quantifier/test_1762.png,"['almost none', 'almost all', 'some', 'most', 'all', 'some', 'many', 'almost none', 'few', 'some', 'many', 'the smaller part', 'all', 'almost none', 'almost none', 'the smaller part', 'some', 'all', 'many', 'some', 'most', 'some', 'some', 'all', 'some', 'none', 'all', 'the smaller part', 'many', 'few', 'all', 'some', 'some', 'all', 'almost all', 'most', 'some', 'all', 'most', 'all']"
1765,data/images/quantifier/test_1765.png,"['most', 'some', 'few', 'almost none', 'almost none', 'some', 'some', 'some', 'almost all', 'some', 'some', 'few', 'many', 'almost all', 'some', 'some', 'some', 'almost all', 'almost all', 'almost all', 'the smaller part', 'many', 'few', 'all', 'almost all', 'almost all', 'many', 'almost none', 'few', 'many', 'most', 'most', 'most', 'some', 'some', 'all', 'almost all', 'most', 'none', 'some']"
1768,data/images/quantifier/test_1768.png,"['some', 'almost all', 'many', 'some', 'almost none', 'many', 'few', 'some', 'all', 'some', 'some', 'some', 'the smaller part', 'the smaller part', 'almost none', 'some', 'some', 'the smaller part', 'most', 'the smaller part', 'many', 'all', 'some', 'all', 'few', 'few', 'none', 'none', 'many', 'some', 'some', 'almost none', 'many', 'some', 'many', 'few', 'all', 'almost none', 'most', 'all']"
1771,data/images/quantifier/test_1771.png,"['some', 'the smaller part', 'many', 'most', 'some', 'most', 'many', 'the smaller part', 'some', 'some', 'none', 'some', 'most', 'almost none', 'almost all', 'most', 'the smaller part', 'few', 'almost none', 'many', 'the smaller part', 'some', 'all', 'almost all', 'many', 'most', 'the smaller part', 'all', 'almost all', 'almost none', 'almost all', 'almost none', 'all', 'few', 'all', 'many', 'few', 'many', 'many', 'some']"
1773,data/images/quantifier/test_1773.png,"['almost none', 'some', 'few', 'many', 'almost all', 'few', 'many', 'some', 'almost none', 'all', 'none', 'many', 'some', 'most', 'almost all', 'the smaller part', 'all', 'almost all', 'few', 'few', 'many', 'most', 'almost none', 'few', 'most', 'some', 'some', 'the smaller part', 'almost none', 'some', 'some', 'some', 'some', 'many', 'almost all', 'some', 'many', 'some', 'few', 'few']"
1777,data/images/quantifier/test_1777.png,"['almost all', 'few', 'some', 'all', 'all', 'most', 'some', 'some', 'many', 'many', 'almost all', 'some', 'most', 'many', 'many', 'all', 'many', 'most', 'many', 'the smaller part', 'many', 'few', 'almost none', 'none', 'almost all', 'few', 'many', 'some', 'almost none', 'none', 'almost none', 'few', 'almost all', 'some', 'some', 'many', 'almost all', 'the smaller part', 'almost none', 'most']"
1793,data/images/quantifier/test_1793.png,"['some', 'most', 'some', 'none', 'most', 'most', 'many', 'almost all', 'few', 'some', 'many', 'none', 'many', 'most', 'none', 'the smaller part', 'some', 'almost none', 'some', 'most', 'none', 'some', 'many', 'many', 'most', 'many', 'most', 'most', 'almost all', 'almost all', 'few', 'none', 'none', 'almost all', 'some', 'many', 'some', 'none', 'almost all', 'many']"
1795,data/images/quantifier/test_1795.png,"['some', 'almost all', 'the smaller part', 'some', 'few', 'almost all', 'some', 'few', 'some', 'none', 'none', 'some', 'none', 'some', 'almost all', 'some', 'some', 'many', 'almost all', 'many', 'none', 'some', 'many', 'some', 'the smaller part', 'some', 'few', 'some', 'many', 'some', 'some', 'none', 'some', 'all', 'some', 'many', 'many', 'few', 'almost none', 'all']"
1798,data/images/quantifier/test_1798.png,"['the smaller part', 'some', 'the smaller part', 'few', 'few', 'some', 'some', 'many', 'the smaller part', 'almost none', 'the smaller part', 'all', 'some', 'all', 'some', 'some', 'some', 'the smaller part', 'none', 'none', 'none', 'almost all', 'some', 'some', 'almost all', 'some', 'some', 'few', 'some', 'almost none', 'none', 'few', 'few', 'all', 'almost none', 'all', 'some', 'all', 'some', 'few']"
1800,data/images/quantifier/test_1800.png,"['many', 'some', 'almost all', 'all', 'few', 'some', 'few', 'all', 'few', 'some', 'many', 'some', 'few', 'almost none', 'few', 'all', 'almost none', 'few', 'some', 'none', 'the smaller part', 'few', 'all', 'most', 'some', 'many', 'few', 'all', 'almost all', 'all', 'some', 'some', 'all', 'many', 'many', 'none', 'almost none', 'few', 'some', 'almost all']"
1803,data/images/quantifier/test_1803.png,"['almost all', 'some', 'none', 'few', 'almost all', 'all', 'few', 'some', 'all', 'all', 'most', 'almost all', 'some', 'some', 'almost all', 'few', 'the smaller part', 'many', 'some', 'none', 'none', 'all', 'some', 'few', 'all', 'all', 'many', 'many', 'few', 'few', 'the smaller part', 'some', 'all', 'some', 'many', 'all', 'all', 'all', 'few', 'almost all']"
1805,data/images/quantifier/test_1805.png,"['some', 'some', 'almost all', 'all', 'all', 'some', 'none', 'almost none', 'many', 'almost none', 'many', 'almost all', 'most', 'almost none', 'many', 'all', 'the smaller part', 'few', 'the smaller part', 'few', 'many', 'some', 'some', 'the smaller part', 'the smaller part', 'some', 'few', 'few', 'some', 'all', 'almost none', 'some', 'all', 'some', 'some', 'all', 'almost none', 'none', 'all', 'many']"
1807,data/images/quantifier/test_1807.png,"['some', 'few', 'none', 'none', 'some', 'almost all', 'many', 'all', 'none', 'almost none', 'some', 'most', 'many', 'almost none', 'some', 'most', 'some', 'many', 'many', 'few', 'all', 'many', 'many', 'few', 'many', 'many', 'all', 'none', 'few', 'all', 'many', 'few', 'none', 'many', 'some', 'the smaller part', 'some', 'many', 'many', 'some']"
1809,data/images/quantifier/test_1809.png,"['all', 'most', 'none', 'few', 'some', 'some', 'some', 'almost all', 'some', 'many', 'some', 'most', 'many', 'many', 'some', 'some', 'many', 'few', 'most', 'few', 'few', 'almost all', 'almost none', 'all', 'many', 'almost none', 'the smaller part', 'none', 'almost all', 'most', 'almost all', 'all', 'almost all', 'almost none', 'the smaller part', 'few', 'none', 'some', 'most', 'some']"
1813,data/images/quantifier/test_1813.png,"['some', 'few', 'many', 'all', 'many', 'many', 'many', 'some', 'many', 'few', 'some', 'most', 'many', 'the smaller part', 'all', 'few', 'the smaller part', 'many', 'all', 'all', 'all', 'the smaller part', 'none', 'some', 'some', 'few', 'few', 'all', 'almost all', 'almost none', 'most', 'almost none', 'many', 'many', 'almost none', 'none', 'most', 'some', 'almost none', 'some']"
1815,data/images/quantifier/test_1815.png,"['some', 'many', 'many', 'all', 'some', 'the smaller part', 'almost none', 'some', 'the smaller part', 'many', 'almost all', 'many', 'some', 'most', 'some', 'the smaller part', 'some', 'none', 'some', 'some', 'none', 'some', 'few', 'few', 'few', 'the smaller part', 'some', 'few', 'the smaller part', 'some', 'almost all', 'few', 'many', 'many', 'almost all', 'some', 'almost all', 'many', 'almost all', 'some']"
1817,data/images/quantifier/test_1817.png,"['none', 'none', 'almost all', 'many', 'almost all', 'few', 'many', 'many', 'some', 'many', 'most', 'most', 'almost all', 'almost none', 'some', 'almost none', 'the smaller part', 'some', 'few', 'almost none', 'all', 'few', 'none', 'most', 'few', 'all', 'all', 'none', 'few', 'many', 'some', 'few', 'few', 'some', 'some', 'few', 'some', 'all', 'all', 'many']"
1822,data/images/quantifier/test_1822.png,"['most', 'most', 'many', 'most', 'none', 'none', 'all', 'almost none', 'almost all', 'some', 'all', 'all', 'most', 'few', 'most', 'most', 'most', 'some', 'few', 'some', 'few', 'all', 'few', 'some', 'most', 'most', 'some', 'some', 'all', 'some', 'almost all', 'all', 'none', 'some', 'few', 'many', 'almost none', 'some', 'some', 'some']"
1824,data/images/quantifier/test_1824.png,"['the smaller part', 'almost all', 'many', 'almost all', 'all', 'some', 'none', 'some', 'almost none', 'almost all', 'almost none', 'few', 'some', 'some', 'the smaller part', 'the smaller part', 'all', 'almost all', 'almost all', 'some', 'many', 'some', 'some', 'some', 'almost all', 'almost all', 'all', 'none', 'most', 'almost all', 'all', 'most', 'all', 'all', 'almost all', 'many', 'many', 'some', 'some', 'most']"
1829,data/images/quantifier/test_1829.png,"['none', 'almost all', 'some', 'many', 'many', 'many', 'all', 'all', 'the smaller part', 'few', 'some', 'the smaller part', 'almost all', 'some', 'some', 'some', 'almost all', 'almost none', 'some', 'many', 'some', 'all', 'some', 'some', 'all', 'few', 'almost none', 'few', 'many', 'almost all', 'most', 'many', 'few', 'few', 'none', 'some', 'most', 'none', 'many', 'many']"
1832,data/images/quantifier/test_1832.png,"['some', 'almost none', 'some', 'almost all', 'most', 'almost none', 'most', 'some', 'few', 'almost none', 'the smaller part', 'some', 'most', 'most', 'none', 'some', 'none', 'most', 'few', 'almost none', 'most', 'some', 'most', 'some', 'some', 'almost none', 'some', 'many', 'some', 'some', 'many', 'none', 'most', 'many', 'none', 'few', 'almost none', 'most', 'almost all', 'many']"
1839,data/images/quantifier/test_1839.png,"['none', 'many', 'all', 'none', 'some', 'some', 'almost all', 'many', 'almost none', 'many', 'almost all', 'many', 'most', 'some', 'all', 'many', 'few', 'all', 'none', 'some', 'almost none', 'many', 'few', 'some', 'few', 'some', 'some', 'some', 'all', 'almost all', 'most', 'some', 'many', 'the smaller part', 'most', 'the smaller part', 'all', 'most', 'many', 'few']"
1842,data/images/quantifier/test_1842.png,"['many', 'some', 'many', 'all', 'none', 'none', 'almost all', 'some', 'many', 'few', 'some', 'some', 'some', 'almost all', 'all', 'most', 'none', 'almost none', 'few', 'some', 'some', 'none', 'some', 'many', 'most', 'few', 'many', 'some', 'many', 'many', 'few', 'all', 'most', 'many', 'some', 'most', 'some', 'some', 'most', 'most']"
1846,data/images/quantifier/test_1846.png,"['almost all', 'some', 'some', 'few', 'many', 'some', 'none', 'some', 'some', 'almost all', 'the smaller part', 'some', 'none', 'few', 'few', 'almost none', 'most', 'most', 'all', 'almost all', 'many', 'the smaller part', 'almost all', 'almost all', 'some', 'some', 'all', 'all', 'the smaller part', 'some', 'the smaller part', 'all', 'none', 'none', 'most', 'some', 'some', 'most', 'all', 'some']"
1851,data/images/quantifier/test_1851.png,"['almost all', 'many', 'almost all', 'many', 'few', 'some', 'almost all', 'most', 'many', 'almost all', 'some', 'most', 'few', 'some', 'the smaller part', 'some', 'all', 'the smaller part', 'many', 'all', 'some', 'many', 'some', 'none', 'most', 'few', 'almost all', 'none', 'few', 'some', 'most', 'almost all', 'almost all', 'the smaller part', 'many', 'some', 'all', 'few', 'many', 'some']"
1852,data/images/quantifier/test_1852.png,"['some', 'most', 'some', 'few', 'the smaller part', 'none', 'all', 'many', 'some', 'some', 'all', 'none', 'many', 'all', 'many', 'almost all', 'few', 'many', 'few', 'some', 'all', 'almost all', 'some', 'all', 'some', 'few', 'many', 'few', 'none', 'many', 'few', 'some', 'all', 'few', 'all', 'few', 'most', 'almost all', 'few', 'none']"
1853,data/images/quantifier/test_1853.png,"['the smaller part', 'almost none', 'many', 'some', 'many', 'few', 'almost all', 'many', 'almost all', 'all', 'some', 'most', 'some', 'many', 'few', 'all', 'few', 'some', 'the smaller part', 'many', 'none', 'most', 'most', 'none', 'almost all', 'many', 'almost all', 'the smaller part', 'many', 'some', 'most', 'few', 'some', 'few', 'many', 'all', 'many', 'many', 'many', 'some']"
1855,data/images/quantifier/test_1855.png,"['all', 'many', 'most', 'almost all', 'the smaller part', 'all', 'some', 'almost all', 'the smaller part', 'some', 'almost none', 'almost none', 'many', 'some', 'almost none', 'some', 'some', 'few', 'many', 'some', 'almost none', 'many', 'most', 'few', 'some', 'all', 'some', 'most', 'almost all', 'few', 'some', 'most', 'almost all', 'all', 'some', 'none', 'most', 'few', 'all', 'almost none']"
1860,data/images/quantifier/test_1860.png,"['few', 'almost none', 'some', 'almost all', 'all', 'few', 'few', 'few', 'none', 'some', 'almost all', 'many', 'many', 'none', 'almost none', 'none', 'almost none', 'all', 'few', 'few', 'almost all', 'some', 'many', 'most', 'all', 'all', 'all', 'all', 'all', 'almost all', 'some', 'many', 'some', 'the smaller part', 'almost all', 'most', 'all', 'almost none', 'most', 'almost none']"
1861,data/images/quantifier/test_1861.png,"['some', 'some', 'the smaller part', 'all', 'some', 'some', 'most', 'many', 'almost none', 'almost none', 'the smaller part', 'few', 'few', 'many', 'the smaller part', 'some', 'many', 'almost none', 'many', 'some', 'some', 'none', 'many', 'few', 'almost none', 'many', 'all', 'some', 'few', 'many', 'almost none', 'few', 'many', 'few', 'many', 'some', 'almost none', 'the smaller part', 'none', 'many']"
1862,data/images/quantifier/test_1862.png,"['most', 'all', 'some', 'some', 'many', 'few', 'almost none', 'almost all', 'all', 'some', 'few', 'many', 'many', 'all', 'some', 'almost none', 'many', 'many', 'some', 'few', 'almost all', 'some', 'almost all', 'few', 'none', 'many', 'some', 'some', 'the smaller part', 'some', 'some', 'few', 'all', 'many', 'almost none', 'some', 'some', 'none', 'none', 'some']"
1872,data/images/quantifier/test_1872.png,"['some', 'almost all', 'few', 'some', 'many', 'most', 'none', 'some', 'none', 'none', 'some', 'all', 'all', 'few', 'some', 'none', 'almost all', 'some', 'few', 'almost all', 'none', 'some', 'the smaller part', 'some', 'all', 'the smaller part', 'almost none', 'few', 'all', 'few', 'some', 'almost none', 'many', 'few', 'almost none', 'the smaller part', 'almost all', 'many', 'few', 'all']"
1876,data/images/quantifier/test_1876.png,"['many', 'none', 'some', 'most', 'some', 'few', 'all', 'some', 'almost all', 'few', 'most', 'few', 'none', 'some', 'most', 'many', 'some', 'few', 'some', 'few', 'few', 'none', 'many', 'some', 'some', 'almost all', 'most', 'few', 'most', 'the smaller part', 'some', 'almost all', 'some', 'the smaller part', 'almost none', 'almost all', 'almost none', 'none', 'some', 'none']"
1879,data/images/quantifier/test_1879.png,"['few', 'almost all', 'some', 'all', 'all', 'some', 'some', 'none', 'few', 'all', 'some', 'many', 'some', 'some', 'some', 'some', 'many', 'all', 'all', 'none', 'few', 'none', 'many', 'many', 'some', 'almost all', 'none', 'almost none', 'almost all', 'some', 'many', 'almost all', 'many', 'many', 'almost none', 'most', 'some', 'almost none', 'all', 'none']"
1882,data/images/quantifier/test_1882.png,"['many', 'all', 'some', 'some', 'none', 'some', 'many', 'some', 'few', 'many', 'all', 'almost all', 'some', 'the smaller part', 'some', 'none', 'almost all', 'the smaller part', 'many', 'almost all', 'all', 'almost none', 'all', 'few', 'some', 'all', 'few', 'all', 'some', 'some', 'almost all', 'many', 'few', 'almost all', 'most', 'many', 'few', 'most', 'some', 'many']"
1885,data/images/quantifier/test_1885.png,"['some', 'all', 'all', 'some', 'almost none', 'few', 'few', 'none', 'few', 'most', 'all', 'some', 'none', 'all', 'all', 'the smaller part', 'many', 'all', 'some', 'some', 'none', 'most', 'almost none', 'none', 'some', 'some', 'some', 'some', 'all', 'few', 'the smaller part', 'most', 'almost all', 'most', 'almost all', 'many', 'many', 'none', 'many', 'all']"
1886,data/images/quantifier/test_1886.png,"['none', 'most', 'many', 'the smaller part', 'all', 'the smaller part', 'some', 'many', 'few', 'few', 'some', 'most', 'few', 'almost none', 'few', 'almost all', 'some', 'the smaller part', 'the smaller part', 'few', 'some', 'few', 'some', 'all', 'some', 'almost all', 'some', 'many', 'few', 'none', 'almost all', 'almost none', 'few', 'few', 'many', 'all', 'some', 'some', 'the smaller part', 'almost none']"
1890,data/images/quantifier/test_1890.png,"['some', 'many', 'many', 'some', 'none', 'few', 'some', 'the smaller part', 'many', 'some', 'most', 'many', 'some', 'many', 'some', 'many', 'few', 'some', 'few', 'most', 'almost all', 'most', 'some', 'the smaller part', 'some', 'most', 'all', 'none', 'few', 'almost all', 'all', 'few', 'few', 'few', 'some', 'some', 'the smaller part', 'some', 'all', 'few']"
1892,data/images/quantifier/test_1892.png,"['the smaller part', 'almost none', 'none', 'many', 'few', 'many', 'none', 'most', 'some', 'almost all', 'almost none', 'almost all', 'many', 'almost all', 'all', 'many', 'some', 'all', 'all', 'many', 'few', 'all', 'all', 'almost all', 'all', 'many', 'almost all', 'few', 'almost all', 'almost all', 'few', 'some', 'some', 'some', 'almost all', 'all', 'few', 'few', 'most', 'none']"
1900,data/images/quantifier/test_1900.png,"['almost all', 'few', 'some', 'almost all', 'many', 'few', 'some', 'many', 'almost none', 'all', 'some', 'few', 'almost none', 'some', 'all', 'most', 'the smaller part', 'none', 'few', 'almost none', 'almost all', 'none', 'few', 'none', 'many', 'few', 'most', 'most', 'few', 'few', 'almost none', 'the smaller part', 'many', 'some', 'few', 'few', 'some', 'many', 'almost all', 'almost none']"
1913,data/images/quantifier/test_1913.png,"['few', 'all', 'almost all', 'some', 'the smaller part', 'some', 'some', 'almost all', 'few', 'many', 'almost none', 'none', 'many', 'some', 'few', 'all', 'all', 'the smaller part', 'all', 'some', 'almost all', 'many', 'some', 'all', 'some', 'some', 'almost all', 'many', 'the smaller part', 'some', 'some', 'all', 'few', 'some', 'almost none', 'all', 'many', 'none', 'many', 'almost none']"
1919,data/images/quantifier/test_1919.png,"['all', 'many', 'none', 'almost all', 'almost all', 'some', 'some', 'few', 'some', 'none', 'the smaller part', 'some', 'some', 'some', 'some', 'few', 'few', 'none', 'some', 'many', 'some', 'none', 'almost all', 'many', 'many', 'few', 'few', 'some', 'many', 'the smaller part', 'some', 'many', 'almost all', 'almost all', 'all', 'some', 'many', 'many', 'some', 'few']"
1924,data/images/quantifier/test_1924.png,"['some', 'almost all', 'many', 'all', 'some', 'some', 'the smaller part', 'almost all', 'some', 'some', 'some', 'almost all', 'all', 'none', 'some', 'some', 'some', 'almost none', 'most', 'some', 'some', 'some', 'almost all', 'some', 'some', 'some', 'few', 'all', 'almost all', 'almost all', 'none', 'all', 'many', 'few', 'none', 'many', 'none', 'almost none', 'almost none', 'many']"
1930,data/images/quantifier/test_1930.png,"['all', 'almost all', 'few', 'few', 'almost none', 'many', 'few', 'many', 'all', 'many', 'many', 'most', 'all', 'the smaller part', 'almost none', 'all', 'most', 'many', 'the smaller part', 'most', 'all', 'none', 'many', 'almost none', 'all', 'some', 'almost all', 'few', 'some', 'some', 'some', 'the smaller part', 'many', 'many', 'all', 'many', 'almost none', 'some', 'few', 'all']"
1936,data/images/quantifier/test_1936.png,"['most', 'few', 'many', 'almost all', 'all', 'most', 'almost none', 'all', 'almost none', 'the smaller part', 'almost none', 'none', 'almost none', 'many', 'some', 'many', 'many', 'many', 'most', 'few', 'few', 'all', 'almost all', 'some', 'many', 'many', 'all', 'some', 'few', 'almost all', 'none', 'few', 'none', 'most', 'some', 'few', 'almost none', 'many', 'almost all', 'almost none']"
1938,data/images/quantifier/test_1938.png,"['few', 'all', 'some', 'some', 'some', 'none', 'the smaller part', 'many', 'almost none', 'most', 'almost all', 'almost none', 'some', 'some', 'some', 'almost all', 'some', 'many', 'some', 'almost none', 'some', 'almost all', 'all', 'the smaller part', 'some', 'some', 'almost all', 'many', 'none', 'none', 'few', 'none', 'some', 'all', 'the smaller part', 'none', 'few', 'some', 'all', 'almost none']"
1944,data/images/quantifier/test_1944.png,"['some', 'some', 'none', 'the smaller part', 'the smaller part', 'most', 'few', 'some', 'some', 'the smaller part', 'some', 'the smaller part', 'all', 'almost none', 'the smaller part', 'few', 'some', 'few', 'almost all', 'few', 'many', 'some', 'most', 'almost all', 'some', 'all', 'all', 'the smaller part', 'few', 'many', 'all', 'some', 'some', 'the smaller part', 'none', 'some', 'few', 'some', 'few', 'none']"
1953,data/images/quantifier/test_1953.png,"['few', 'many', 'few', 'most', 'almost all', 'almost all', 'some', 'some', 'some', 'most', 'most', 'few', 'most', 'almost all', 'few', 'most', 'the smaller part', 'many', 'almost none', 'the smaller part', 'few', 'the smaller part', 'many', 'some', 'few', 'some', 'some', 'some', 'most', 'most', 'some', 'some', 'many', 'many', 'few', 'some', 'some', 'almost none', 'all', 'many']"
1954,data/images/quantifier/test_1954.png,"['few', 'all', 'the smaller part', 'some', 'almost all', 'few', 'many', 'some', 'some', 'many', 'none', 'some', 'some', 'almost all', 'the smaller part', 'many', 'some', 'none', 'many', 'most', 'all', 'many', 'some', 'many', 'almost all', 'none', 'almost all', 'some', 'most', 'few', 'many', 'some', 'few', 'many', 'none', 'the smaller part', 'few', 'some', 'some', 'all']"
1955,data/images/quantifier/test_1955.png,"['many', 'almost all', 'many', 'all', 'some', 'most', 'some', 'some', 'most', 'some', 'almost all', 'all', 'few', 'all', 'the smaller part', 'some', 'all', 'some', 'all', 'many', 'many', 'almost none', 'some', 'few', 'all', 'none', 'many', 'few', 'almost all', 'the smaller part', 'all', 'many', 'many', 'many', 'almost all', 'many', 'almost none', 'many', 'most', 'most']"
1956,data/images/quantifier/test_1956.png,"['many', 'almost none', 'almost all', 'almost all', 'all', 'few', 'some', 'few', 'some', 'some', 'most', 'many', 'almost none', 'some', 'some', 'almost none', 'many', 'most', 'almost none', 'the smaller part', 'some', 'none', 'all', 'almost none', 'some', 'almost all', 'almost none', 'most', 'some', 'many', 'some', 'the smaller part', 'none', 'some', 'the smaller part', 'all', 'almost all', 'few', 'some', 'many']"
1962,data/images/quantifier/test_1962.png,"['many', 'many', 'all', 'none', 'all', 'most', 'some', 'all', 'few', 'many', 'almost none', 'few', 'all', 'none', 'almost none', 'few', 'most', 'few', 'most', 'few', 'all', 'few', 'many', 'most', 'almost all', 'all', 'many', 'few', 'few', 'some', 'almost none', 'some', 'all', 'some', 'many', 'few', 'few', 'many', 'many', 'all']"
1968,data/images/quantifier/test_1968.png,"['almost all', 'some', 'some', 'almost all', 'few', 'all', 'many', 'few', 'the smaller part', 'few', 'all', 'all', 'few', 'all', 'almost all', 'all', 'few', 'some', 'none', 'many', 'some', 'all', 'few', 'almost all', 'some', 'some', 'almost all', 'many', 'some', 'some', 'some', 'none', 'none', 'some', 'few', 'some', 'none', 'all', 'many', 'almost none']"
1975,data/images/quantifier/test_1975.png,"['some', 'many', 'most', 'some', 'none', 'all', 'almost all', 'almost all', 'few', 'all', 'some', 'few', 'some', 'most', 'the smaller part', 'many', 'almost all', 'some', 'few', 'almost none', 'some', 'few', 'many', 'the smaller part', 'almost all', 'some', 'many', 'few', 'some', 'most', 'almost all', 'most', 'all', 'most', 'some', 'few', 'many', 'some', 'many', 'some']"
1977,data/images/quantifier/test_1977.png,"['all', 'some', 'some', 'almost all', 'almost all', 'almost none', 'few', 'almost all', 'the smaller part', 'many', 'most', 'many', 'the smaller part', 'some', 'some', 'most', 'all', 'all', 'almost none', 'few', 'all', 'all', 'some', 'many', 'few', 'the smaller part', 'almost all', 'some', 'few', 'few', 'the smaller part', 'some', 'most', 'many', 'almost none', 'many', 'almost none', 'most', 'some', 'many']"
1979,data/images/quantifier/test_1979.png,"['all', 'almost none', 'all', 'many', 'few', 'most', 'some', 'some', 'some', 'almost all', 'some', 'many', 'few', 'almost all', 'almost none', 'some', 'almost none', 'many', 'some', 'almost none', 'few', 'some', 'few', 'none', 'many', 'few', 'few', 'many', 'some', 'some', 'almost none', 'few', 'many', 'the smaller part', 'the smaller part', 'many', 'almost all', 'some', 'the smaller part', 'some']"
1982,data/images/quantifier/test_1982.png,"['some', 'all', 'almost all', 'few', 'the smaller part', 'few', 'almost none', 'most', 'many', 'few', 'none', 'all', 'all', 'few', 'some', 'none', 'some', 'some', 'many', 'all', 'almost none', 'some', 'many', 'none', 'almost all', 'some', 'most', 'some', 'all', 'many', 'the smaller part', 'many', 'few', 'many', 'some', 'most', 'few', 'none', 'few', 'many']"
1994,data/images/quantifier/test_1994.png,"['few', 'some', 'almost all', 'many', 'some', 'almost all', 'few', 'some', 'many', 'almost none', 'almost none', 'few', 'almost none', 'some', 'most', 'few', 'some', 'almost all', 'all', 'the smaller part', 'most', 'few', 'most', 'some', 'many', 'most', 'many', 'the smaller part', 'few', 'few', 'the smaller part', 'the smaller part', 'many', 'almost none', 'some', 'few', 'many', 'some', 'all', 'some']"
1997,data/images/quantifier/test_1997.png,"['almost all', 'none', 'some', 'some', 'some', 'the smaller part', 'none', 'none', 'none', 'most', 'some', 'many', 'the smaller part', 'many', 'almost all', 'some', 'all', 'some', 'all', 'almost none', 'few', 'most', 'some', 'most', 'many', 'few', 'the smaller part', 'few', 'none', 'few', 'some', 'almost none', 'many', 'almost none', 'all', 'some', 'many', 'all', 'almost all', 'many']"
2001,data/images/quantifier/test_2001.png,"['many', 'almost all', 'many', 'some', 'the smaller part', 'all', 'most', 'all', 'most', 'few', 'some', 'some', 'many', 'the smaller part', 'none', 'all', 'few', 'the smaller part', 'some', 'almost all', 'none', 'none', 'some', 'some', 'some', 'many', 'some', 'almost none', 'few', 'almost all', 'almost all', 'most', 'almost all', 'some', 'most', 'some', 'some', 'few', 'almost all', 'some']"
2006,data/images/quantifier/test_2006.png,"['almost all', 'some', 'almost all', 'almost none', 'few', 'many', 'none', 'most', 'almost all', 'some', 'some', 'few', 'almost none', 'most', 'all', 'most', 'few', 'all', 'some', 'some', 'none', 'all', 'some', 'almost all', 'almost all', 'most', 'few', 'some', 'none', 'many', 'some', 'none', 'almost all', 'some', 'some', 'the smaller part', 'many', 'many', 'few', 'many']"
2011,data/images/quantifier/test_2011.png,"['some', 'many', 'many', 'all', 'all', 'none', 'few', 'most', 'some', 'all', 'some', 'few', 'some', 'almost none', 'many', 'few', 'the smaller part', 'the smaller part', 'most', 'some', 'none', 'the smaller part', 'all', 'some', 'none', 'few', 'the smaller part', 'many', 'some', 'some', 'all', 'none', 'some', 'many', 'some', 'all', 'many', 'all', 'some', 'few']"
2012,data/images/quantifier/test_2012.png,"['all', 'many', 'few', 'none', 'none', 'some', 'some', 'almost all', 'most', 'all', 'few', 'most', 'some', 'almost none', 'some', 'almost all', 'most', 'almost all', 'all', 'none', 'some', 'most', 'some', 'all', 'some', 'some', 'none', 'few', 'some', 'none', 'the smaller part', 'most', 'few', 'few', 'all', 'most', 'almost all', 'some', 'some', 'most']"
2019,data/images/quantifier/test_2019.png,"['most', 'the smaller part', 'almost all', 'many', 'all', 'none', 'some', 'many', 'many', 'few', 'most', 'almost all', 'almost all', 'most', 'some', 'none', 'many', 'almost all', 'many', 'almost none', 'some', 'the smaller part', 'almost none', 'some', 'few', 'many', 'many', 'none', 'many', 'none', 'almost none', 'some', 'few', 'all', 'some', 'many', 'few', 'all', 'some', 'many']"
2023,data/images/quantifier/test_2023.png,"['many', 'some', 'few', 'all', 'all', 'some', 'almost none', 'many', 'few', 'the smaller part', 'almost all', 'all', 'none', 'most', 'few', 'many', 'many', 'many', 'many', 'many', 'all', 'none', 'almost all', 'almost all', 'some', 'some', 'many', 'the smaller part', 'many', 'few', 'few', 'none', 'all', 'few', 'none', 'almost none', 'some', 'almost all', 'few', 'some']"
2024,data/images/quantifier/test_2024.png,"['none', 'all', 'most', 'few', 'few', 'some', 'many', 'some', 'some', 'few', 'almost none', 'most', 'many', 'none', 'most', 'many', 'few', 'most', 'some', 'few', 'the smaller part', 'almost all', 'some', 'all', 'all', 'all', 'many', 'almost all', 'almost none', 'almost all', 'few', 'almost all', 'almost all', 'many', 'some', 'most', 'some', 'many', 'most', 'some']"
2026,data/images/quantifier/test_2026.png,"['the smaller part', 'all', 'most', 'most', 'few', 'most', 'the smaller part', 'many', 'most', 'few', 'none', 'almost none', 'many', 'some', 'some', 'many', 'almost all', 'none', 'many', 'few', 'none', 'almost none', 'most', 'almost all', 'few', 'many', 'many', 'few', 'most', 'few', 'almost none', 'many', 'most', 'all', 'many', 'few', 'few', 'few', 'many', 'few']"
2027,data/images/quantifier/test_2027.png,"['all', 'some', 'almost none', 'few', 'few', 'many', 'many', 'some', 'many', 'few', 'many', 'almost none', 'some', 'some', 'most', 'some', 'some', 'some', 'none', 'almost none', 'all', 'the smaller part', 'few', 'some', 'some', 'almost all', 'many', 'almost all', 'almost all', 'few', 'many', 'some', 'most', 'all', 'none', 'few', 'none', 'many', 'some', 'all']"
2028,data/images/quantifier/test_2028.png,"['some', 'some', 'many', 'many', 'none', 'many', 'the smaller part', 'almost all', 'most', 'almost all', 'some', 'many', 'most', 'many', 'almost all', 'all', 'some', 'none', 'most', 'almost all', 'the smaller part', 'many', 'some', 'almost none', 'many', 'none', 'some', 'all', 'few', 'some', 'the smaller part', 'many', 'many', 'all', 'many', 'many', 'most', 'none', 'all', 'none']"
2029,data/images/quantifier/test_2029.png,"['all', 'almost all', 'many', 'all', 'some', 'many', 'some', 'many', 'some', 'all', 'many', 'few', 'almost none', 'none', 'almost all', 'some', 'most', 'none', 'many', 'some', 'none', 'some', 'all', 'some', 'none', 'most', 'some', 'the smaller part', 'none', 'many', 'some', 'few', 'most', 'all', 'almost none', 'some', 'some', 'some', 'few', 'almost all']"
2033,data/images/quantifier/test_2033.png,"['many', 'many', 'almost all', 'few', 'none', 'few', 'many', 'some', 'some', 'none', 'many', 'many', 'almost all', 'most', 'some', 'almost none', 'almost all', 'most', 'almost none', 'many', 'many', 'the smaller part', 'some', 'few', 'the smaller part', 'the smaller part', 'some', 'most', 'many', 'few', 'some', 'the smaller part', 'many', 'almost none', 'many', 'almost none', 'most', 'the smaller part', 'all', 'almost none']"
2036,data/images/quantifier/test_2036.png,"['almost none', 'some', 'all', 'some', 'some', 'some', 'some', 'most', 'many', 'few', 'few', 'some', 'all', 'some', 'some', 'none', 'many', 'almost all', 'all', 'none', 'some', 'many', 'few', 'none', 'many', 'some', 'all', 'few', 'some', 'almost all', 'all', 'few', 'none', 'some', 'many', 'all', 'all', 'almost none', 'most', 'the smaller part']"
2038,data/images/quantifier/test_2038.png,"['most', 'few', 'almost none', 'all', 'some', 'almost none', 'none', 'all', 'many', 'most', 'few', 'the smaller part', 'few', 'almost all', 'some', 'some', 'few', 'all', 'none', 'almost all', 'many', 'some', 'none', 'some', 'many', 'all', 'all', 'few', 'some', 'almost none', 'almost none', 'some', 'most', 'some', 'almost none', 'none', 'almost all', 'all', 'the smaller part', 'some']"
2047,data/images/quantifier/test_2047.png,"['some', 'some', 'most', 'most', 'most', 'almost none', 'almost none', 'almost none', 'some', 'none', 'the smaller part', 'few', 'none', 'all', 'few', 'some', 'most', 'almost none', 'many', 'few', 'all', 'most', 'all', 'all', 'all', 'few', 'most', 'none', 'most', 'some', 'some', 'some', 'many', 'many', 'the smaller part', 'all', 'the smaller part', 'almost all', 'some', 'many']"
2050,data/images/quantifier/test_2050.png,"['few', 'almost all', 'some', 'most', 'few', 'almost all', 'many', 'all', 'almost all', 'few', 'few', 'all', 'all', 'all', 'all', 'most', 'some', 'some', 'all', 'few', 'all', 'all', 'many', 'few', 'some', 'all', 'few', 'many', 'almost all', 'almost none', 'few', 'almost all', 'some', 'most', 'some', 'few', 'some', 'many', 'many', 'some']"
2053,data/images/quantifier/test_2053.png,"['few', 'none', 'some', 'many', 'almost none', 'almost all', 'all', 'most', 'many', 'almost none', 'most', 'most', 'none', 'some', 'many', 'few', 'few', 'almost all', 'some', 'almost none', 'some', 'many', 'the smaller part', 'the smaller part', 'none', 'some', 'almost all', 'all', 'the smaller part', 'most', 'all', 'some', 'none', 'almost none', 'almost all', 'few', 'the smaller part', 'many', 'almost none', 'the smaller part']"
2057,data/images/quantifier/test_2057.png,"['all', 'all', 'almost all', 'some', 'many', 'few', 'all', 'some', 'some', 'all', 'some', 'almost all', 'some', 'the smaller part', 'some', 'all', 'none', 'the smaller part', 'almost none', 'the smaller part', 'all', 'many', 'none', 'most', 'many', 'many', 'none', 'most', 'some', 'many', 'few', 'some', 'many', 'almost all', 'many', 'some', 'most', 'almost none', 'some', 'almost none']"
2060,data/images/quantifier/test_2060.png,"['almost all', 'the smaller part', 'almost all', 'many', 'the smaller part', 'all', 'some', 'few', 'all', 'almost all', 'few', 'none', 'some', 'all', 'some', 'few', 'many', 'some', 'some', 'most', 'some', 'many', 'many', 'some', 'some', 'almost all', 'many', 'almost all', 'the smaller part', 'almost all', 'most', 'many', 'some', 'none', 'some', 'many', 'almost all', 'some', 'none', 'some']"
2064,data/images/quantifier/test_2064.png,"['few', 'many', 'almost none', 'most', 'many', 'many', 'most', 'none', 'many', 'almost all', 'all', 'the smaller part', 'almost none', 'some', 'few', 'some', 'none', 'almost none', 'some', 'many', 'some', 'few', 'many', 'almost all', 'almost none', 'almost none', 'almost all', 'few', 'few', 'all', 'many', 'most', 'some', 'almost none', 'few', 'few', 'almost all', 'all', 'some', 'many']"
2066,data/images/quantifier/test_2066.png,"['none', 'some', 'few', 'all', 'many', 'almost all', 'some', 'few', 'all', 'many', 'none', 'few', 'all', 'some', 'few', 'some', 'almost none', 'few', 'few', 'the smaller part', 'some', 'many', 'all', 'some', 'none', 'few', 'few', 'many', 'few', 'all', 'almost all', 'many', 'almost all', 'some', 'some', 'the smaller part', 'some', 'many', 'few', 'almost none']"
2067,data/images/quantifier/test_2067.png,"['none', 'few', 'few', 'none', 'few', 'many', 'some', 'some', 'some', 'almost all', 'many', 'some', 'some', 'few', 'none', 'almost none', 'all', 'almost all', 'almost none', 'few', 'all', 'none', 'almost none', 'almost none', 'some', 'some', 'almost none', 'most', 'all', 'some', 'all', 'most', 'few', 'most', 'many', 'few', 'almost none', 'most', 'many', 'most']"
2069,data/images/quantifier/test_2069.png,"['some', 'the smaller part', 'some', 'all', 'almost none', 'almost all', 'many', 'almost none', 'most', 'some', 'most', 'the smaller part', 'none', 'some', 'some', 'none', 'some', 'some', 'few', 'some', 'some', 'none', 'few', 'some', 'almost none', 'almost none', 'few', 'many', 'almost none', 'few', 'many', 'many', 'many', 'the smaller part', 'many', 'almost all', 'few', 'almost all', 'none', 'none']"
2070,data/images/quantifier/test_2070.png,"['few', 'many', 'few', 'some', 'almost all', 'some', 'some', 'few', 'many', 'the smaller part', 'many', 'most', 'few', 'all', 'many', 'many', 'all', 'some', 'some', 'some', 'almost all', 'few', 'some', 'most', 'many', 'almost none', 'none', 'many', 'some', 'most', 'the smaller part', 'none', 'some', 'almost none', 'some', 'none', 'almost all', 'almost all', 'few', 'almost none']"
2071,data/images/quantifier/test_2071.png,"['none', 'none', 'the smaller part', 'some', 'some', 'some', 'many', 'none', 'some', 'none', 'all', 'some', 'none', 'few', 'all', 'all', 'some', 'many', 'all', 'some', 'some', 'some', 'the smaller part', 'some', 'few', 'many', 'many', 'almost none', 'most', 'some', 'few', 'all', 'all', 'almost all', 'most', 'almost all', 'some', 'almost all', 'some', 'almost all']"
2086,data/images/quantifier/test_2086.png,"['almost all', 'most', 'all', 'most', 'few', 'almost all', 'none', 'almost all', 'many', 'none', 'some', 'few', 'some', 'all', 'all', 'many', 'most', 'most', 'most', 'none', 'all', 'many', 'almost all', 'all', 'almost all', 'some', 'some', 'some', 'most', 'all', 'many', 'none', 'some', 'many', 'none', 'most', 'the smaller part', 'some', 'few', 'some']"
2090,data/images/quantifier/test_2090.png,"['all', 'few', 'many', 'some', 'the smaller part', 'most', 'all', 'few', 'few', 'some', 'almost all', 'some', 'some', 'some', 'few', 'almost none', 'almost all', 'some', 'few', 'all', 'some', 'some', 'the smaller part', 'almost none', 'few', 'all', 'some', 'many', 'many', 'the smaller part', 'none', 'some', 'many', 'all', 'some', 'all', 'some', 'all', 'most', 'all']"
2095,data/images/quantifier/test_2095.png,"['all', 'some', 'many', 'none', 'none', 'almost all', 'the smaller part', 'the smaller part', 'some', 'few', 'some', 'many', 'some', 'few', 'some', 'some', 'few', 'few', 'almost all', 'some', 'the smaller part', 'all', 'almost all', 'almost none', 'many', 'some', 'many', 'some', 'most', 'almost none', 'some', 'all', 'none', 'many', 'almost all', 'some', 'most', 'many', 'many', 'all']"
2099,data/images/quantifier/test_2099.png,"['almost all', 'few', 'none', 'many', 'almost all', 'some', 'the smaller part', 'many', 'most', 'most', 'few', 'few', 'some', 'few', 'some', 'few', 'all', 'few', 'some', 'almost none', 'few', 'many', 'the smaller part', 'some', 'some', 'some', 'none', 'few', 'all', 'almost all', 'some', 'almost all', 'few', 'few', 'few', 'almost none', 'some', 'all', 'some', 'many']"
2113,data/images/quantifier/test_2113.png,"['some', 'many', 'many', 'almost all', 'some', 'almost none', 'most', 'some', 'almost all', 'none', 'almost all', 'most', 'many', 'few', 'almost none', 'almost none', 'none', 'some', 'many', 'few', 'all', 'almost all', 'almost none', 'few', 'all', 'few', 'some', 'few', 'almost all', 'almost all', 'none', 'many', 'few', 'some', 'most', 'many', 'few', 'most', 'most', 'almost none']"
2115,data/images/quantifier/test_2115.png,"['all', 'almost all', 'few', 'some', 'most', 'almost none', 'many', 'all', 'many', 'none', 'many', 'many', 'the smaller part', 'many', 'some', 'some', 'the smaller part', 'many', 'few', 'many', 'most', 'few', 'most', 'the smaller part', 'the smaller part', 'many', 'few', 'almost all', 'most', 'few', 'all', 'few', 'most', 'some', 'many', 'few', 'some', 'almost all', 'none', 'some']"
2123,data/images/quantifier/test_2123.png,"['all', 'some', 'few', 'most', 'some', 'some', 'some', 'all', 'all', 'all', 'all', 'many', 'all', 'few', 'many', 'many', 'many', 'many', 'many', 'the smaller part', 'some', 'almost none', 'many', 'some', 'many', 'many', 'some', 'almost none', 'few', 'some', 'all', 'many', 'many', 'some', 'many', 'most', 'the smaller part', 'few', 'all', 'the smaller part']"
2142,data/images/quantifier/test_2142.png,"['some', 'almost all', 'some', 'many', 'many', 'few', 'some', 'almost none', 'none', 'none', 'some', 'some', 'almost all', 'some', 'some', 'all', 'some', 'some', 'most', 'many', 'few', 'the smaller part', 'almost all', 'none', 'many', 'many', 'many', 'almost all', 'few', 'few', 'almost none', 'all', 'the smaller part', 'almost all', 'some', 'many', 'some', 'almost all', 'many', 'many']"
2146,data/images/quantifier/test_2146.png,"['all', 'some', 'none', 'all', 'all', 'few', 'some', 'some', 'almost none', 'some', 'the smaller part', 'almost all', 'few', 'none', 'most', 'some', 'none', 'all', 'few', 'all', 'some', 'few', 'almost none', 'some', 'all', 'none', 'few', 'many', 'few', 'few', 'all', 'some', 'the smaller part', 'many', 'none', 'many', 'almost all', 'none', 'many', 'all']"
2147,data/images/quantifier/test_2147.png,"['all', 'few', 'few', 'few', 'many', 'almost all', 'almost none', 'some', 'none', 'none', 'some', 'most', 'some', 'few', 'some', 'many', 'some', 'few', 'some', 'some', 'many', 'many', 'most', 'few', 'some', 'none', 'almost all', 'none', 'the smaller part', 'some', 'many', 'the smaller part', 'the smaller part', 'most', 'few', 'none', 'almost all', 'all', 'all', 'few']"
2150,data/images/quantifier/test_2150.png,"['almost all', 'many', 'many', 'many', 'almost none', 'some', 'some', 'some', 'almost none', 'all', 'none', 'some', 'many', 'some', 'the smaller part', 'some', 'all', 'some', 'the smaller part', 'some', 'all', 'many', 'all', 'many', 'some', 'most', 'many', 'some', 'many', 'most', 'some', 'some', 'few', 'few', 'many', 'some', 'many', 'the smaller part', 'many', 'few']"
2152,data/images/quantifier/test_2152.png,"['most', 'all', 'most', 'few', 'most', 'some', 'some', 'some', 'some', 'almost all', 'many', 'few', 'some', 'almost all', 'few', 'many', 'many', 'all', 'few', 'most', 'almost none', 'few', 'none', 'some', 'most', 'most', 'some', 'most', 'some', 'most', 'almost all', 'almost all', 'some', 'few', 'many', 'few', 'few', 'many', 'most', 'most']"
2153,data/images/quantifier/test_2153.png,"['most', 'many', 'some', 'the smaller part', 'none', 'all', 'some', 'some', 'few', 'almost all', 'almost none', 'all', 'few', 'almost none', 'many', 'many', 'none', 'some', 'almost none', 'few', 'almost all', 'almost all', 'most', 'few', 'all', 'all', 'few', 'some', 'few', 'few', 'some', 'some', 'some', 'none', 'all', 'some', 'many', 'few', 'none', 'almost none']"
2160,data/images/quantifier/test_2160.png,"['most', 'many', 'many', 'almost all', 'many', 'all', 'some', 'many', 'many', 'some', 'most', 'few', 'almost all', 'few', 'most', 'some', 'some', 'few', 'some', 'almost all', 'almost all', 'some', 'almost all', 'few', 'many', 'almost none', 'all', 'almost none', 'all', 'few', 'almost none', 'none', 'almost all', 'the smaller part', 'few', 'all', 'all', 'most', 'some', 'many']"
2163,data/images/quantifier/test_2163.png,"['many', 'few', 'all', 'none', 'almost none', 'all', 'some', 'most', 'few', 'few', 'most', 'almost none', 'none', 'all', 'some', 'all', 'the smaller part', 'few', 'almost all', 'few', 'few', 'all', 'some', 'most', 'many', 'all', 'many', 'none', 'few', 'some', 'almost none', 'none', 'many', 'few', 'almost none', 'many', 'none', 'few', 'almost none', 'all']"
2164,data/images/quantifier/test_2164.png,"['the smaller part', 'almost none', 'many', 'some', 'some', 'some', 'many', 'the smaller part', 'all', 'most', 'most', 'all', 'all', 'almost all', 'none', 'most', 'some', 'almost all', 'few', 'many', 'some', 'few', 'many', 'some', 'some', 'almost none', 'many', 'some', 'almost all', 'some', 'some', 'some', 'all', 'almost none', 'some', 'some', 'most', 'some', 'almost all', 'all']"
2166,data/images/quantifier/test_2166.png,"['some', 'almost all', 'some', 'many', 'the smaller part', 'some', 'all', 'many', 'all', 'few', 'some', 'many', 'the smaller part', 'most', 'many', 'some', 'all', 'many', 'some', 'most', 'none', 'almost none', 'all', 'almost none', 'none', 'almost none', 'most', 'most', 'almost all', 'almost none', 'few', 'the smaller part', 'many', 'almost all', 'few', 'almost all', 'some', 'most', 'almost none', 'almost all']"
2172,data/images/quantifier/test_2172.png,"['many', 'some', 'most', 'some', 'some', 'almost none', 'all', 'all', 'all', 'almost all', 'many', 'few', 'some', 'few', 'some', 'some', 'many', 'some', 'none', 'many', 'none', 'none', 'few', 'many', 'many', 'all', 'many', 'none', 'almost all', 'almost none', 'few', 'most', 'some', 'some', 'some', 'all', 'almost all', 'some', 'almost none', 'none']"
2174,data/images/quantifier/test_2174.png,"['none', 'all', 'none', 'many', 'some', 'some', 'almost none', 'few', 'few', 'all', 'some', 'most', 'all', 'almost all', 'all', 'few', 'some', 'almost none', 'most', 'all', 'some', 'none', 'the smaller part', 'few', 'few', 'all', 'none', 'some', 'some', 'all', 'almost all', 'few', 'some', 'almost all', 'some', 'all', 'some', 'some', 'most', 'most']"
2184,data/images/quantifier/test_2184.png,"['some', 'all', 'most', 'almost all', 'some', 'few', 'some', 'few', 'many', 'all', 'all', 'some', 'some', 'many', 'some', 'almost all', 'all', 'some', 'most', 'almost all', 'few', 'the smaller part', 'the smaller part', 'almost all', 'almost none', 'some', 'all', 'none', 'some', 'some', 'almost all', 'some', 'few', 'few', 'almost all', 'some', 'many', 'all', 'many', 'many']"
2185,data/images/quantifier/test_2185.png,"['some', 'almost all', 'almost all', 'some', 'many', 'all', 'few', 'none', 'most', 'the smaller part', 'some', 'most', 'none', 'almost all', 'some', 'few', 'almost all', 'most', 'some', 'few', 'many', 'some', 'all', 'many', 'almost all', 'all', 'few', 'almost all', 'some', 'almost all', 'many', 'few', 'some', 'none', 'almost none', 'all', 'many', 'few', 'almost all', 'almost all']"
2190,data/images/quantifier/test_2190.png,"['many', 'almost all', 'few', 'the smaller part', 'almost all', 'almost none', 'few', 'almost none', 'some', 'some', 'some', 'some', 'some', 'some', 'many', 'none', 'almost none', 'some', 'most', 'many', 'many', 'few', 'few', 'few', 'some', 'few', 'some', 'some', 'some', 'some', 'almost none', 'all', 'none', 'none', 'many', 'most', 'few', 'few', 'the smaller part', 'almost none']"
2195,data/images/quantifier/test_2195.png,"['the smaller part', 'many', 'few', 'some', 'all', 'many', 'almost all', 'none', 'many', 'all', 'the smaller part', 'some', 'some', 'some', 'few', 'few', 'few', 'many', 'almost none', 'most', 'almost none', 'few', 'few', 'almost all', 'few', 'the smaller part', 'few', 'few', 'none', 'few', 'none', 'most', 'few', 'none', 'most', 'almost all', 'many', 'almost none', 'all', 'most']"
2196,data/images/quantifier/test_2196.png,"['almost all', 'some', 'few', 'the smaller part', 'few', 'none', 'many', 'almost all', 'few', 'almost all', 'some', 'most', 'none', 'most', 'few', 'almost all', 'few', 'few', 'some', 'almost none', 'many', 'many', 'few', 'some', 'none', 'some', 'few', 'almost all', 'almost all', 'all', 'none', 'almost all', 'all', 'the smaller part', 'few', 'almost all', 'many', 'almost all', 'many', 'the smaller part']"
2199,data/images/quantifier/test_2199.png,"['many', 'many', 'almost all', 'some', 'few', 'almost all', 'few', 'few', 'many', 'almost all', 'many', 'some', 'most', 'the smaller part', 'all', 'most', 'few', 'many', 'almost none', 'all', 'none', 'few', 'almost none', 'almost all', 'many', 'almost all', 'few', 'some', 'almost none', 'none', 'the smaller part', 'some', 'all', 'all', 'all', 'almost all', 'all', 'some', 'few', 'most']"
2200,data/images/quantifier/test_2200.png,"['most', 'none', 'most', 'some', 'almost none', 'some', 'none', 'some', 'almost all', 'most', 'few', 'some', 'all', 'all', 'none', 'some', 'almost none', 'some', 'some', 'many', 'many', 'many', 'many', 'some', 'almost all', 'some', 'none', 'some', 'few', 'many', 'most', 'almost all', 'some', 'few', 'most', 'almost none', 'none', 'many', 'all', 'few']"
2202,data/images/quantifier/test_2202.png,"['all', 'almost all', 'many', 'most', 'some', 'almost none', 'some', 'all', 'many', 'some', 'few', 'some', 'many', 'some', 'all', 'many', 'none', 'few', 'almost all', 'the smaller part', 'all', 'some', 'none', 'some', 'all', 'almost none', 'all', 'some', 'most', 'few', 'many', 'many', 'many', 'almost all', 'some', 'many', 'almost none', 'the smaller part', 'none', 'many']"
2209,data/images/quantifier/test_2209.png,"['almost all', 'many', 'the smaller part', 'all', 'almost all', 'few', 'the smaller part', 'most', 'some', 'none', 'the smaller part', 'almost none', 'many', 'none', 'few', 'none', 'most', 'almost none', 'most', 'almost none', 'almost none', 'many', 'few', 'few', 'all', 'all', 'all', 'almost all', 'many', 'the smaller part', 'almost none', 'some', 'many', 'all', 'many', 'all', 'some', 'most', 'many', 'some']"
2210,data/images/quantifier/test_2210.png,"['many', 'some', 'none', 'all', 'almost all', 'most', 'some', 'few', 'most', 'most', 'many', 'none', 'many', 'many', 'some', 'none', 'some', 'most', 'few', 'some', 'many', 'all', 'almost all', 'most', 'most', 'almost all', 'many', 'some', 'most', 'all', 'some', 'some', 'almost all', 'all', 'many', 'none', 'almost all', 'most', 'many', 'almost all']"
2213,data/images/quantifier/test_2213.png,"['all', 'some', 'most', 'some', 'the smaller part', 'most', 'many', 'the smaller part', 'some', 'almost none', 'many', 'almost none', 'some', 'many', 'many', 'some', 'almost all', 'some', 'many', 'few', 'almost none', 'few', 'all', 'most', 'some', 'none', 'some', 'some', 'some', 'almost none', 'almost none', 'some', 'most', 'some', 'some', 'most', 'few', 'almost none', 'some', 'none']"
2220,data/images/quantifier/test_2220.png,"['many', 'almost none', 'none', 'some', 'some', 'many', 'most', 'none', 'none', 'the smaller part', 'most', 'none', 'some', 'all', 'many', 'almost all', 'few', 'many', 'almost none', 'some', 'some', 'the smaller part', 'the smaller part', 'many', 'many', 'none', 'all', 'none', 'many', 'almost none', 'few', 'some', 'all', 'almost all', 'few', 'almost all', 'many', 'few', 'some', 'some']"
2226,data/images/quantifier/test_2226.png,"['most', 'almost all', 'the smaller part', 'the smaller part', 'many', 'almost all', 'many', 'the smaller part', 'all', 'all', 'many', 'some', 'all', 'some', 'some', 'few', 'almost all', 'none', 'some', 'all', 'few', 'many', 'almost none', 'some', 'many', 'some', 'few', 'some', 'some', 'many', 'many', 'many', 'many', 'most', 'all', 'all', 'few', 'none', 'almost none', 'some']"
2227,data/images/quantifier/test_2227.png,"['some', 'few', 'some', 'the smaller part', 'almost none', 'none', 'all', 'the smaller part', 'some', 'the smaller part', 'some', 'many', 'almost all', 'all', 'some', 'almost all', 'almost all', 'some', 'all', 'some', 'the smaller part', 'none', 'some', 'most', 'none', 'all', 'all', 'most', 'some', 'many', 'none', 'some', 'most', 'the smaller part', 'few', 'some', 'few', 'none', 'many', 'most']"
2228,data/images/quantifier/test_2228.png,"['some', 'many', 'most', 'almost all', 'almost all', 'few', 'all', 'few', 'some', 'some', 'some', 'many', 'all', 'some', 'all', 'some', 'some', 'most', 'many', 'some', 'none', 'few', 'some', 'many', 'almost none', 'few', 'few', 'many', 'none', 'few', 'many', 'many', 'almost none', 'all', 'some', 'few', 'many', 'none', 'none', 'the smaller part']"
2230,data/images/quantifier/test_2230.png,"['all', 'almost all', 'few', 'few', 'some', 'many', 'most', 'almost all', 'all', 'all', 'none', 'none', 'some', 'few', 'few', 'few', 'many', 'many', 'few', 'many', 'few', 'some', 'most', 'almost all', 'few', 'some', 'the smaller part', 'many', 'few', 'many', 'many', 'many', 'many', 'some', 'few', 'many', 'most', 'all', 'few', 'few']"
2232,data/images/quantifier/test_2232.png,"['almost all', 'many', 'some', 'some', 'all', 'most', 'many', 'few', 'most', 'all', 'all', 'few', 'many', 'some', 'some', 'few', 'some', 'almost none', 'all', 'all', 'the smaller part', 'some', 'some', 'almost none', 'some', 'many', 'some', 'some', 'some', 'some', 'many', 'almost all', 'some', 'almost all', 'many', 'almost all', 'many', 'some', 'few', 'almost all']"
2238,data/images/quantifier/test_2238.png,"['some', 'some', 'all', 'some', 'few', 'most', 'none', 'almost all', 'none', 'few', 'all', 'none', 'almost all', 'almost all', 'none', 'many', 'some', 'few', 'most', 'many', 'almost all', 'almost all', 'few', 'many', 'all', 'some', 'the smaller part', 'few', 'many', 'almost none', 'most', 'few', 'some', 'many', 'many', 'some', 'few', 'many', 'the smaller part', 'almost none']"
2248,data/images/quantifier/test_2248.png,"['all', 'all', 'almost none', 'some', 'almost all', 'some', 'almost none', 'most', 'many', 'the smaller part', 'most', 'the smaller part', 'some', 'almost all', 'some', 'many', 'almost all', 'few', 'few', 'all', 'many', 'some', 'few', 'most', 'almost all', 'many', 'the smaller part', 'all', 'many', 'most', 'many', 'most', 'some', 'the smaller part', 'some', 'many', 'all', 'none', 'some', 'none']"
2253,data/images/quantifier/test_2253.png,"['some', 'few', 'few', 'many', 'most', 'some', 'none', 'all', 'few', 'none', 'almost all', 'some', 'many', 'almost none', 'most', 'none', 'almost all', 'some', 'few', 'many', 'many', 'some', 'some', 'almost none', 'some', 'all', 'many', 'some', 'almost all', 'few', 'few', 'almost none', 'many', 'all', 'almost none', 'few', 'few', 'some', 'all', 'almost all']"
2258,data/images/quantifier/test_2258.png,"['few', 'all', 'some', 'few', 'many', 'few', 'almost all', 'almost none', 'all', 'many', 'some', 'many', 'almost none', 'almost all', 'some', 'few', 'almost all', 'some', 'many', 'almost all', 'some', 'few', 'all', 'almost none', 'many', 'most', 'few', 'almost all', 'most', 'few', 'some', 'almost none', 'few', 'few', 'many', 'the smaller part', 'many', 'many', 'almost none', 'few']"
2264,data/images/quantifier/test_2264.png,"['all', 'none', 'some', 'almost all', 'many', 'all', 'almost all', 'some', 'none', 'few', 'few', 'almost all', 'almost none', 'some', 'few', 'all', 'many', 'none', 'many', 'none', 'some', 'all', 'few', 'all', 'some', 'all', 'some', 'many', 'almost all', 'few', 'few', 'most', 'many', 'some', 'many', 'some', 'almost none', 'the smaller part', 'none', 'most']"
2265,data/images/quantifier/test_2265.png,"['none', 'many', 'all', 'some', 'the smaller part', 'almost none', 'none', 'almost none', 'some', 'the smaller part', 'all', 'almost none', 'most', 'almost all', 'few', 'all', 'some', 'some', 'some', 'all', 'some', 'almost none', 'many', 'few', 'all', 'all', 'almost none', 'many', 'some', 'almost all', 'some', 'the smaller part', 'most', 'many', 'many', 'none', 'many', 'many', 'some', 'none']"
2268,data/images/quantifier/test_2268.png,"['all', 'many', 'few', 'some', 'almost all', 'some', 'almost none', 'many', 'none', 'many', 'almost all', 'some', 'some', 'none', 'some', 'few', 'many', 'many', 'some', 'almost none', 'almost all', 'some', 'almost all', 'many', 'some', 'some', 'many', 'many', 'some', 'all', 'few', 'most', 'the smaller part', 'few', 'almost none', 'some', 'almost all', 'all', 'almost all', 'few']"
2278,data/images/quantifier/test_2278.png,"['almost all', 'many', 'none', 'the smaller part', 'many', 'some', 'some', 'few', 'many', 'many', 'most', 'few', 'none', 'some', 'few', 'most', 'most', 'few', 'almost all', 'some', 'many', 'few', 'most', 'all', 'some', 'many', 'almost none', 'many', 'some', 'some', 'some', 'some', 'many', 'many', 'some', 'few', 'many', 'almost all', 'some', 'some']"
2283,data/images/quantifier/test_2283.png,"['almost none', 'all', 'some', 'few', 'some', 'many', 'all', 'few', 'many', 'many', 'some', 'almost all', 'none', 'almost all', 'many', 'few', 'some', 'all', 'almost none', 'some', 'some', 'almost none', 'none', 'some', 'almost all', 'all', 'none', 'few', 'few', 'most', 'all', 'some', 'most', 'some', 'some', 'some', 'some', 'many', 'some', 'most']"
2288,data/images/quantifier/test_2288.png,"['many', 'some', 'some', 'the smaller part', 'all', 'few', 'most', 'many', 'some', 'none', 'almost all', 'many', 'some', 'few', 'almost none', 'few', 'many', 'all', 'none', 'few', 'all', 'some', 'few', 'all', 'all', 'all', 'few', 'the smaller part', 'almost all', 'almost all', 'some', 'many', 'the smaller part', 'few', 'almost all', 'few', 'almost none', 'few', 'most', 'few']"
2290,data/images/quantifier/test_2290.png,"['few', 'all', 'few', 'almost all', 'many', 'some', 'all', 'many', 'many', 'most', 'many', 'almost all', 'none', 'almost all', 'some', 'few', 'some', 'the smaller part', 'none', 'some', 'few', 'almost all', 'none', 'few', 'few', 'almost all', 'almost none', 'few', 'many', 'many', 'many', 'most', 'most', 'all', 'many', 'few', 'some', 'all', 'all', 'almost all']"
2294,data/images/quantifier/test_2294.png,"['many', 'many', 'some', 'some', 'the smaller part', 'few', 'none', 'few', 'many', 'almost all', 'some', 'almost all', 'some', 'few', 'all', 'some', 'all', 'almost all', 'many', 'some', 'few', 'some', 'almost all', 'some', 'many', 'some', 'some', 'the smaller part', 'many', 'some', 'all', 'some', 'some', 'all', 'some', 'some', 'some', 'few', 'many', 'some']"
2302,data/images/quantifier/test_2302.png,"['the smaller part', 'almost none', 'the smaller part', 'all', 'many', 'some', 'many', 'all', 'some', 'some', 'some', 'some', 'many', 'all', 'many', 'most', 'almost all', 'none', 'some', 'many', 'some', 'some', 'few', 'the smaller part', 'almost all', 'many', 'none', 'many', 'almost all', 'all', 'some', 'few', 'many', 'some', 'many', 'some', 'many', 'many', 'few', 'almost none']"
2315,data/images/quantifier/test_2315.png,"['some', 'some', 'the smaller part', 'many', 'most', 'none', 'few', 'many', 'some', 'the smaller part', 'many', 'some', 'almost none', 'none', 'all', 'some', 'some', 'almost none', 'all', 'some', 'some', 'some', 'many', 'all', 'few', 'all', 'almost all', 'all', 'few', 'most', 'all', 'all', 'some', 'few', 'none', 'almost all', 'almost all', 'many', 'some', 'the smaller part']"
2320,data/images/quantifier/test_2320.png,"['almost all', 'many', 'most', 'none', 'most', 'some', 'most', 'some', 'almost all', 'some', 'few', 'most', 'almost none', 'none', 'almost all', 'none', 'most', 'none', 'some', 'few', 'the smaller part', 'none', 'few', 'all', 'few', 'none', 'all', 'almost all', 'almost all', 'many', 'many', 'many', 'all', 'some', 'almost all', 'none', 'many', 'some', 'most', 'few']"
2321,data/images/quantifier/test_2321.png,"['some', 'some', 'few', 'some', 'all', 'some', 'many', 'some', 'most', 'few', 'some', 'some', 'none', 'many', 'some', 'none', 'most', 'many', 'almost all', 'many', 'some', 'the smaller part', 'most', 'few', 'many', 'some', 'few', 'many', 'some', 'some', 'none', 'almost none', 'all', 'almost all', 'all', 'all', 'the smaller part', 'all', 'some', 'few']"
2327,data/images/quantifier/test_2327.png,"['none', 'few', 'most', 'most', 'the smaller part', 'some', 'almost all', 'few', 'none', 'most', 'most', 'most', 'most', 'some', 'none', 'all', 'all', 'the smaller part', 'many', 'some', 'almost all', 'all', 'some', 'the smaller part', 'many', 'almost all', 'none', 'almost none', 'most', 'none', 'few', 'almost all', 'none', 'the smaller part', 'almost all', 'some', 'some', 'all', 'many', 'all']"
2334,data/images/quantifier/test_2334.png,"['few', 'none', 'none', 'few', 'almost all', 'most', 'all', 'some', 'many', 'the smaller part', 'few', 'some', 'almost all', 'most', 'the smaller part', 'none', 'almost all', 'most', 'some', 'some', 'almost none', 'almost all', 'many', 'none', 'all', 'none', 'the smaller part', 'all', 'most', 'many', 'all', 'none', 'some', 'almost all', 'all', 'none', 'some', 'all', 'some', 'some']"
2341,data/images/quantifier/test_2341.png,"['all', 'some', 'some', 'most', 'all', 'some', 'the smaller part', 'most', 'some', 'almost all', 'almost none', 'the smaller part', 'the smaller part', 'few', 'few', 'many', 'some', 'all', 'almost none', 'the smaller part', 'many', 'most', 'none', 'almost none', 'many', 'few', 'many', 'all', 'most', 'the smaller part', 'many', 'most', 'many', 'few', 'some', 'few', 'many', 'none', 'some', 'many']"
2343,data/images/quantifier/test_2343.png,"['some', 'many', 'almost all', 'all', 'all', 'all', 'some', 'none', 'none', 'none', 'few', 'many', 'the smaller part', 'some', 'few', 'many', 'all', 'some', 'almost none', 'some', 'almost none', 'few', 'all', 'some', 'many', 'the smaller part', 'most', 'all', 'many', 'none', 'almost all', 'none', 'some', 'none', 'few', 'some', 'the smaller part', 'most', 'some', 'some']"
2344,data/images/quantifier/test_2344.png,"['none', 'almost all', 'many', 'the smaller part', 'most', 'few', 'none', 'many', 'some', 'few', 'most', 'some', 'few', 'some', 'few', 'some', 'some', 'many', 'few', 'many', 'almost all', 'many', 'few', 'many', 'many', 'almost all', 'some', 'some', 'some', 'almost all', 'few', 'all', 'few', 'some', 'almost all', 'some', 'all', 'none', 'many', 'many']"
2346,data/images/quantifier/test_2346.png,"['many', 'some', 'some', 'all', 'few', 'some', 'all', 'none', 'some', 'almost all', 'few', 'some', 'almost all', 'some', 'all', 'some', 'none', 'all', 'almost none', 'some', 'few', 'many', 'the smaller part', 'all', 'few', 'few', 'all', 'almost all', 'some', 'some', 'some', 'most', 'many', 'all', 'few', 'many', 'few', 'all', 'all', 'some']"
2350,data/images/quantifier/test_2350.png,"['few', 'many', 'few', 'all', 'the smaller part', 'some', 'some', 'some', 'all', 'some', 'all', 'some', 'almost all', 'the smaller part', 'some', 'most', 'many', 'almost none', 'most', 'the smaller part', 'none', 'the smaller part', 'most', 'few', 'some', 'all', 'many', 'few', 'some', 'some', 'many', 'some', 'many', 'the smaller part', 'almost none', 'few', 'all', 'some', 'some', 'many']"
2351,data/images/quantifier/test_2351.png,"['almost all', 'many', 'almost all', 'most', 'few', 'all', 'some', 'many', 'most', 'almost none', 'few', 'many', 'most', 'many', 'most', 'some', 'many', 'many', 'most', 'some', 'many', 'all', 'many', 'many', 'many', 'almost all', 'all', 'some', 'the smaller part', 'some', 'all', 'many', 'most', 'almost none', 'all', 'many', 'few', 'some', 'some', 'all']"
2352,data/images/quantifier/test_2352.png,"['almost none', 'almost all', 'most', 'few', 'some', 'some', 'most', 'few', 'almost all', 'many', 'many', 'none', 'some', 'almost all', 'few', 'many', 'most', 'many', 'some', 'some', 'many', 'the smaller part', 'few', 'almost none', 'few', 'all', 'most', 'some', 'almost none', 'almost all', 'the smaller part', 'some', 'some', 'many', 'almost all', 'many', 'some', 'many', 'the smaller part', 'all']"
2355,data/images/quantifier/test_2355.png,"['the smaller part', 'some', 'all', 'almost all', 'few', 'few', 'few', 'most', 'most', 'all', 'few', 'most', 'all', 'some', 'most', 'some', 'few', 'most', 'some', 'some', 'few', 'most', 'almost all', 'most', 'some', 'almost none', 'some', 'many', 'some', 'some', 'many', 'almost all', 'some', 'some', 'most', 'many', 'some', 'all', 'most', 'some']"
2362,data/images/quantifier/test_2362.png,"['none', 'some', 'the smaller part', 'few', 'some', 'none', 'most', 'few', 'all', 'some', 'none', 'all', 'some', 'many', 'some', 'some', 'some', 'few', 'most', 'none', 'all', 'many', 'all', 'most', 'some', 'almost none', 'almost none', 'almost none', 'the smaller part', 'almost none', 'all', 'almost none', 'some', 'all', 'some', 'few', 'none', 'all', 'some', 'few']"
2363,data/images/quantifier/test_2363.png,"['the smaller part', 'few', 'almost none', 'many', 'none', 'some', 'all', 'all', 'many', 'few', 'none', 'all', 'all', 'none', 'few', 'many', 'some', 'some', 'almost none', 'some', 'none', 'some', 'the smaller part', 'almost all', 'most', 'many', 'all', 'almost all', 'none', 'some', 'some', 'some', 'almost none', 'many', 'many', 'all', 'some', 'many', 'some', 'some']"
2368,data/images/quantifier/test_2368.png,"['many', 'few', 'some', 'some', 'all', 'many', 'some', 'many', 'none', 'many', 'many', 'few', 'all', 'none', 'some', 'almost all', 'almost none', 'the smaller part', 'many', 'many', 'all', 'some', 'the smaller part', 'many', 'all', 'all', 'many', 'almost all', 'few', 'almost none', 'almost none', 'some', 'few', 'some', 'almost all', 'almost all', 'some', 'almost all', 'the smaller part', 'none']"
2369,data/images/quantifier/test_2369.png,"['almost all', 'some', 'few', 'some', 'most', 'many', 'most', 'few', 'some', 'almost all', 'many', 'many', 'few', 'the smaller part', 'most', 'many', 'many', 'almost none', 'the smaller part', 'some', 'the smaller part', 'many', 'some', 'the smaller part', 'all', 'few', 'some', 'few', 'some', 'most', 'some', 'some', 'almost all', 'almost none', 'almost all', 'many', 'some', 'almost all', 'almost all', 'few']"
2375,data/images/quantifier/test_2375.png,"['almost none', 'the smaller part', 'most', 'the smaller part', 'none', 'most', 'many', 'almost none', 'few', 'some', 'none', 'all', 'some', 'almost none', 'most', 'almost none', 'almost none', 'the smaller part', 'none', 'almost all', 'almost all', 'some', 'some', 'few', 'almost all', 'none', 'many', 'few', 'the smaller part', 'almost none', 'most', 'many', 'all', 'some', 'the smaller part', 'none', 'none', 'almost all', 'all', 'many']"
2376,data/images/quantifier/test_2376.png,"['few', 'many', 'many', 'some', 'some', 'few', 'some', 'almost all', 'few', 'some', 'none', 'some', 'almost all', 'few', 'all', 'most', 'almost all', 'few', 'few', 'some', 'some', 'few', 'most', 'most', 'few', 'all', 'many', 'many', 'all', 'almost all', 'few', 'many', 'few', 'few', 'almost all', 'none', 'many', 'almost none', 'many', 'almost all']"
2380,data/images/quantifier/test_2380.png,"['all', 'few', 'almost none', 'almost all', 'some', 'none', 'most', 'many', 'few', 'none', 'almost all', 'most', 'some', 'almost all', 'few', 'some', 'most', 'some', 'almost all', 'few', 'some', 'many', 'almost none', 'none', 'none', 'almost none', 'almost all', 'all', 'few', 'some', 'none', 'none', 'some', 'few', 'many', 'almost all', 'some', 'few', 'all', 'most']"
2384,data/images/quantifier/test_2384.png,"['none', 'most', 'some', 'the smaller part', 'some', 'almost all', 'almost none', 'some', 'all', 'few', 'none', 'almost all', 'the smaller part', 'some', 'some', 'all', 'many', 'few', 'many', 'many', 'few', 'all', 'almost all', 'none', 'all', 'almost none', 'almost all', 'some', 'none', 'most', 'some', 'few', 'all', 'many', 'the smaller part', 'all', 'few', 'few', 'few', 'some']"
2386,data/images/quantifier/test_2386.png,"['few', 'all', 'few', 'all', 'many', 'few', 'almost all', 'all', 'many', 'some', 'all', 'most', 'some', 'some', 'some', 'all', 'some', 'most', 'all', 'some', 'none', 'some', 'the smaller part', 'none', 'some', 'some', 'some', 'some', 'some', 'some', 'most', 'almost all', 'almost none', 'few', 'all', 'some', 'most', 'some', 'all', 'almost none']"
2388,data/images/quantifier/test_2388.png,"['few', 'many', 'almost all', 'none', 'almost all', 'almost all', 'few', 'most', 'all', 'none', 'most', 'the smaller part', 'all', 'all', 'few', 'most', 'almost none', 'some', 'some', 'some', 'almost all', 'some', 'some', 'none', 'many', 'many', 'all', 'few', 'almost none', 'many', 'some', 'almost all', 'all', 'almost all', 'few', 'the smaller part', 'few', 'almost all', 'all', 'few']"
2392,data/images/quantifier/test_2392.png,"['many', 'many', 'few', 'many', 'few', 'few', 'almost all', 'most', 'some', 'none', 'almost all', 'none', 'most', 'some', 'most', 'few', 'many', 'some', 'some', 'many', 'some', 'none', 'few', 'none', 'almost all', 'few', 'some', 'few', 'some', 'many', 'most', 'most', 'many', 'many', 'almost all', 'almost all', 'almost none', 'few', 'the smaller part', 'many']"
2394,data/images/quantifier/test_2394.png,"['almost all', 'some', 'some', 'almost all', 'many', 'some', 'most', 'most', 'the smaller part', 'almost none', 'many', 'some', 'some', 'some', 'almost none', 'almost none', 'many', 'some', 'most', 'some', 'the smaller part', 'some', 'some', 'few', 'almost none', 'many', 'some', 'many', 'some', 'almost none', 'some', 'all', 'few', 'some', 'few', 'many', 'few', 'few', 'some', 'few']"
2396,data/images/quantifier/test_2396.png,"['few', 'most', 'some', 'many', 'some', 'some', 'none', 'few', 'few', 'none', 'all', 'most', 'some', 'many', 'few', 'almost none', 'some', 'many', 'few', 'almost all', 'some', 'most', 'most', 'some', 'none', 'some', 'all', 'few', 'some', 'all', 'some', 'some', 'few', 'many', 'almost none', 'all', 'the smaller part', 'all', 'few', 'some']"
2411,data/images/quantifier/test_2411.png,"['few', 'few', 'some', 'few', 'most', 'almost none', 'many', 'all', 'almost none', 'none', 'many', 'almost all', 'the smaller part', 'few', 'some', 'some', 'some', 'many', 'few', 'all', 'all', 'some', 'few', 'some', 'some', 'all', 'all', 'few', 'the smaller part', 'none', 'many', 'many', 'all', 'almost none', 'some', 'almost none', 'almost all', 'many', 'many', 'few']"
2418,data/images/quantifier/test_2418.png,"['many', 'some', 'most', 'none', 'the smaller part', 'some', 'many', 'most', 'few', 'all', 'most', 'few', 'some', 'none', 'almost all', 'almost all', 'some', 'many', 'some', 'some', 'some', 'none', 'almost all', 'all', 'almost none', 'most', 'many', 'few', 'almost none', 'all', 'most', 'many', 'few', 'the smaller part', 'all', 'some', 'few', 'almost all', 'some', 'all']"
2422,data/images/quantifier/test_2422.png,"['many', 'some', 'most', 'almost none', 'almost all', 'none', 'many', 'some', 'all', 'some', 'few', 'few', 'many', 'some', 'few', 'some', 'many', 'few', 'the smaller part', 'some', 'few', 'almost none', 'few', 'many', 'most', 'almost none', 'some', 'some', 'almost all', 'most', 'few', 'few', 'most', 'many', 'some', 'some', 'almost none', 'almost all', 'few', 'the smaller part']"
2427,data/images/quantifier/test_2427.png,"['many', 'many', 'some', 'all', 'many', 'many', 'almost all', 'none', 'none', 'all', 'some', 'almost all', 'many', 'some', 'some', 'some', 'some', 'none', 'some', 'all', 'many', 'some', 'some', 'few', 'some', 'most', 'few', 'the smaller part', 'few', 'few', 'most', 'few', 'some', 'almost all', 'most', 'most', 'most', 'most', 'many', 'all']"
2430,data/images/quantifier/test_2430.png,"['almost none', 'none', 'many', 'none', 'some', 'all', 'some', 'some', 'most', 'almost all', 'none', 'many', 'some', 'all', 'some', 'almost none', 'almost none', 'none', 'many', 'the smaller part', 'some', 'few', 'many', 'some', 'all', 'many', 'many', 'many', 'almost none', 'all', 'some', 'many', 'many', 'almost none', 'few', 'few', 'some', 'few', 'all', 'few']"
2434,data/images/quantifier/test_2434.png,"['almost all', 'some', 'all', 'the smaller part', 'some', 'some', 'almost all', 'some', 'the smaller part', 'all', 'some', 'almost all', 'almost none', 'some', 'few', 'almost none', 'all', 'few', 'almost all', 'almost none', 'few', 'most', 'many', 'almost all', 'some', 'some', 'few', 'few', 'few', 'many', 'all', 'many', 'few', 'some', 'all', 'almost all', 'all', 'many', 'all', 'many']"
2437,data/images/quantifier/test_2437.png,"['many', 'the smaller part', 'some', 'almost all', 'most', 'some', 'many', 'almost none', 'most', 'most', 'all', 'some', 'the smaller part', 'few', 'many', 'few', 'all', 'all', 'none', 'some', 'some', 'all', 'almost none', 'most', 'the smaller part', 'most', 'the smaller part', 'almost all', 'many', 'almost none', 'none', 'some', 'many', 'many', 'many', 'many', 'few', 'some', 'many', 'most']"
2441,data/images/quantifier/test_2441.png,"['almost all', 'few', 'all', 'few', 'most', 'some', 'none', 'the smaller part', 'some', 'all', 'many', 'most', 'some', 'the smaller part', 'almost all', 'some', 'many', 'some', 'some', 'some', 'few', 'many', 'none', 'few', 'many', 'the smaller part', 'some', 'some', 'all', 'most', 'some', 'almost all', 'all', 'most', 'most', 'many', 'few', 'some', 'some', 'many']"
2442,data/images/quantifier/test_2442.png,"['many', 'almost all', 'some', 'all', 'almost none', 'all', 'almost all', 'many', 'all', 'many', 'the smaller part', 'almost none', 'almost all', 'many', 'many', 'many', 'none', 'most', 'almost all', 'many', 'almost all', 'almost none', 'all', 'some', 'almost all', 'few', 'few', 'almost all', 'the smaller part', 'almost all', 'many', 'none', 'some', 'all', 'many', 'all', 'few', 'almost none', 'many', 'most']"
2449,data/images/quantifier/test_2449.png,"['some', 'the smaller part', 'many', 'none', 'none', 'none', 'almost all', 'the smaller part', 'most', 'few', 'some', 'few', 'almost all', 'some', 'many', 'some', 'some', 'some', 'many', 'few', 'some', 'none', 'some', 'some', 'all', 'all', 'most', 'some', 'most', 'some', 'none', 'many', 'none', 'almost none', 'few', 'almost all', 'some', 'few', 'few', 'many']"
2452,data/images/quantifier/test_2452.png,"['many', 'many', 'the smaller part', 'many', 'few', 'all', 'many', 'all', 'many', 'few', 'all', 'many', 'the smaller part', 'all', 'some', 'some', 'some', 'some', 'few', 'some', 'some', 'some', 'many', 'some', 'the smaller part', 'many', 'few', 'all', 'some', 'all', 'the smaller part', 'some', 'almost none', 'many', 'almost none', 'many', 'few', 'almost none', 'some', 'many']"
2453,data/images/quantifier/test_2453.png,"['all', 'all', 'few', 'most', 'the smaller part', 'few', 'some', 'some', 'some', 'some', 'some', 'some', 'the smaller part', 'some', 'almost all', 'almost all', 'few', 'almost all', 'some', 'some', 'almost all', 'many', 'some', 'few', 'most', 'many', 'most', 'most', 'many', 'almost none', 'few', 'all', 'few', 'many', 'some', 'few', 'few', 'some', 'few', 'some']"
2459,data/images/quantifier/test_2459.png,"['the smaller part', 'few', 'some', 'some', 'some', 'most', 'some', 'almost all', 'the smaller part', 'some', 'all', 'almost none', 'most', 'many', 'most', 'all', 'all', 'none', 'the smaller part', 'most', 'many', 'none', 'all', 'few', 'all', 'few', 'some', 'many', 'none', 'some', 'some', 'many', 'some', 'all', 'most', 'some', 'some', 'few', 'few', 'some']"
2460,data/images/quantifier/test_2460.png,"['some', 'many', 'some', 'all', 'few', 'few', 'none', 'none', 'some', 'all', 'the smaller part', 'all', 'almost none', 'almost none', 'almost all', 'almost all', 'all', 'almost none', 'the smaller part', 'all', 'none', 'few', 'almost all', 'few', 'few', 'many', 'few', 'some', 'most', 'some', 'almost none', 'none', 'some', 'almost all', 'few', 'some', 'the smaller part', 'all', 'many', 'some']"
2464,data/images/quantifier/test_2464.png,"['the smaller part', 'all', 'many', 'many', 'almost all', 'almost none', 'many', 'most', 'few', 'all', 'most', 'few', 'some', 'none', 'none', 'some', 'almost all', 'almost all', 'almost all', 'the smaller part', 'most', 'all', 'some', 'almost none', 'some', 'few', 'almost none', 'few', 'many', 'none', 'some', 'none', 'some', 'none', 'some', 'few', 'many', 'some', 'all', 'many']"
2472,data/images/quantifier/test_2472.png,"['some', 'all', 'some', 'few', 'some', 'almost all', 'some', 'few', 'few', 'almost all', 'most', 'almost all', 'some', 'some', 'many', 'almost none', 'many', 'most', 'almost all', 'few', 'some', 'some', 'some', 'almost all', 'some', 'some', 'some', 'most', 'almost none', 'many', 'most', 'many', 'all', 'most', 'almost all', 'some', 'few', 'few', 'almost all', 'many']"
2476,data/images/quantifier/test_2476.png,"['most', 'all', 'few', 'many', 'some', 'most', 'almost none', 'most', 'all', 'few', 'none', 'all', 'almost none', 'some', 'some', 'the smaller part', 'almost all', 'some', 'most', 'many', 'most', 'some', 'all', 'some', 'the smaller part', 'all', 'many', 'some', 'none', 'most', 'many', 'almost all', 'many', 'all', 'the smaller part', 'almost all', 'some', 'many', 'few', 'some']"
2479,data/images/quantifier/test_2479.png,"['some', 'many', 'almost all', 'the smaller part', 'few', 'almost none', 'many', 'some', 'many', 'many', 'some', 'none', 'few', 'some', 'none', 'almost none', 'some', 'most', 'some', 'almost all', 'none', 'many', 'most', 'the smaller part', 'some', 'many', 'the smaller part', 'almost none', 'few', 'none', 'almost all', 'some', 'the smaller part', 'many', 'many', 'none', 'the smaller part', 'almost all', 'many', 'few']"
2484,data/images/quantifier/test_2484.png,"['almost all', 'many', 'few', 'almost all', 'the smaller part', 'few', 'almost all', 'the smaller part', 'few', 'most', 'all', 'few', 'most', 'almost all', 'many', 'some', 'the smaller part', 'almost none', 'many', 'most', 'all', 'many', 'few', 'almost none', 'almost all', 'many', 'some', 'few', 'some', 'many', 'all', 'some', 'few', 'all', 'many', 'some', 'most', 'all', 'none', 'none']"
2489,data/images/quantifier/test_2489.png,"['the smaller part', 'all', 'almost all', 'some', 'most', 'most', 'some', 'some', 'almost all', 'many', 'all', 'many', 'some', 'most', 'few', 'some', 'none', 'most', 'many', 'none', 'all', 'many', 'some', 'most', 'all', 'the smaller part', 'many', 'many', 'few', 'all', 'the smaller part', 'many', 'almost none', 'almost none', 'none', 'none', 'some', 'some', 'some', 'few']"
2495,data/images/quantifier/test_2495.png,"['many', 'none', 'few', 'some', 'all', 'many', 'almost all', 'some', 'almost none', 'some', 'some', 'some', 'many', 'few', 'some', 'all', 'some', 'almost all', 'some', 'some', 'some', 'most', 'some', 'the smaller part', 'almost none', 'few', 'many', 'some', 'many', 'almost none', 'some', 'many', 'most', 'almost none', 'many', 'almost all', 'few', 'none', 'some', 'many']"
2499,data/images/quantifier/test_2499.png,"['all', 'many', 'none', 'many', 'few', 'many', 'the smaller part', 'many', 'few', 'many', 'almost none', 'some', 'almost none', 'all', 'the smaller part', 'few', 'many', 'many', 'some', 'some', 'few', 'few', 'almost all', 'many', 'all', 'some', 'some', 'some', 'most', 'few', 'none', 'few', 'some', 'some', 'none', 'some', 'almost all', 'few', 'some', 'all']"
2504,data/images/quantifier/test_2504.png,"['some', 'few', 'the smaller part', 'the smaller part', 'some', 'some', 'some', 'all', 'most', 'the smaller part', 'almost all', 'almost all', 'many', 'all', 'all', 'all', 'few', 'some', 'some', 'most', 'some', 'some', 'few', 'almost none', 'some', 'some', 'all', 'most', 'most', 'all', 'some', 'almost all', 'most', 'some', 'almost none', 'almost all', 'almost all', 'many', 'some', 'none']"
2515,data/images/quantifier/test_2515.png,"['few', 'some', 'the smaller part', 'none', 'some', 'some', 'some', 'some', 'some', 'the smaller part', 'most', 'some', 'few', 'many', 'some', 'the smaller part', 'almost none', 'almost none', 'some', 'almost all', 'almost all', 'few', 'few', 'some', 'some', 'many', 'few', 'many', 'some', 'almost none', 'few', 'some', 'many', 'none', 'few', 'none', 'the smaller part', 'none', 'many', 'many']"
2518,data/images/quantifier/test_2518.png,"['all', 'all', 'most', 'none', 'almost all', 'most', 'none', 'some', 'some', 'the smaller part', 'all', 'most', 'almost none', 'none', 'almost none', 'almost all', 'some', 'none', 'some', 'many', 'none', 'many', 'many', 'some', 'some', 'some', 'none', 'none', 'all', 'almost all', 'most', 'none', 'few', 'some', 'the smaller part', 'some', 'most', 'the smaller part', 'some', 'many']"
2519,data/images/quantifier/test_2519.png,"['most', 'some', 'many', 'most', 'almost all', 'all', 'many', 'some', 'almost all', 'the smaller part', 'some', 'few', 'many', 'some', 'some', 'some', 'all', 'few', 'most', 'the smaller part', 'almost none', 'few', 'few', 'none', 'some', 'few', 'some', 'some', 'almost all', 'all', 'some', 'almost all', 'all', 'some', 'none', 'some', 'few', 'almost none', 'almost none', 'the smaller part']"
2520,data/images/quantifier/test_2520.png,"['few', 'almost none', 'some', 'some', 'all', 'most', 'almost none', 'some', 'almost all', 'all', 'few', 'all', 'almost all', 'some', 'all', 'some', 'some', 'all', 'some', 'some', 'some', 'few', 'some', 'many', 'none', 'few', 'almost none', 'few', 'few', 'some', 'all', 'some', 'few', 'some', 'many', 'almost none', 'most', 'some', 'almost none', 'almost all']"
2532,data/images/quantifier/test_2532.png,"['most', 'almost all', 'all', 'some', 'almost none', 'few', 'almost all', 'almost none', 'some', 'almost none', 'the smaller part', 'some', 'none', 'the smaller part', 'few', 'almost all', 'some', 'many', 'few', 'almost none', 'all', 'all', 'none', 'many', 'some', 'few', 'few', 'most', 'many', 'some', 'many', 'all', 'all', 'all', 'some', 'none', 'some', 'almost all', 'almost none', 'almost none']"
2533,data/images/quantifier/test_2533.png,"['many', 'some', 'many', 'some', 'some', 'almost none', 'some', 'some', 'none', 'some', 'few', 'some', 'almost all', 'some', 'the smaller part', 'the smaller part', 'almost none', 'some', 'most', 'almost all', 'most', 'some', 'the smaller part', 'some', 'almost none', 'almost none', 'some', 'some', 'almost none', 'some', 'few', 'none', 'the smaller part', 'some', 'some', 'all', 'all', 'all', 'few', 'almost none']"
2537,data/images/quantifier/test_2537.png,"['almost all', 'many', 'some', 'all', 'all', 'few', 'few', 'some', 'some', 'all', 'almost all', 'few', 'few', 'the smaller part', 'all', 'some', 'most', 'the smaller part', 'most', 'almost none', 'few', 'some', 'some', 'all', 'some', 'some', 'some', 'some', 'few', 'some', 'many', 'all', 'the smaller part', 'some', 'all', 'some', 'some', 'few', 'the smaller part', 'some']"
2543,data/images/quantifier/test_2543.png,"['all', 'almost all', 'some', 'almost none', 'the smaller part', 'some', 'few', 'most', 'most', 'most', 'some', 'the smaller part', 'many', 'the smaller part', 'few', 'almost none', 'all', 'many', 'many', 'almost none', 'few', 'some', 'many', 'almost none', 'almost none', 'some', 'many', 'the smaller part', 'some', 'some', 'some', 'all', 'almost none', 'the smaller part', 'all', 'almost all', 'many', 'some', 'almost all', 'few']"
2545,data/images/quantifier/test_2545.png,"['almost all', 'few', 'many', 'few', 'some', 'most', 'some', 'almost all', 'almost none', 'many', 'few', 'some', 'some', 'some', 'all', 'none', 'none', 'none', 'few', 'some', 'many', 'some', 'some', 'none', 'few', 'all', 'all', 'all', 'none', 'most', 'some', 'none', 'many', 'few', 'few', 'most', 'almost all', 'all', 'some', 'all']"
2548,data/images/quantifier/test_2548.png,"['few', 'few', 'some', 'few', 'some', 'some', 'the smaller part', 'all', 'some', 'some', 'many', 'all', 'few', 'many', 'all', 'some', 'many', 'almost all', 'some', 'most', 'many', 'almost all', 'few', 'some', 'few', 'all', 'almost all', 'some', 'all', 'almost none', 'some', 'almost all', 'almost none', 'all', 'some', 'all', 'most', 'the smaller part', 'many', 'many']"
2551,data/images/quantifier/test_2551.png,"['the smaller part', 'many', 'all', 'many', 'many', 'some', 'many', 'few', 'few', 'almost all', 'most', 'almost none', 'few', 'all', 'all', 'many', 'some', 'most', 'some', 'some', 'few', 'all', 'most', 'all', 'some', 'the smaller part', 'some', 'the smaller part', 'all', 'all', 'almost all', 'many', 'many', 'few', 'some', 'all', 'few', 'none', 'all', 'some']"
2559,data/images/quantifier/test_2559.png,"['many', 'most', 'few', 'some', 'all', 'many', 'few', 'some', 'almost none', 'some', 'most', 'some', 'some', 'some', 'almost none', 'none', 'none', 'all', 'some', 'few', 'most', 'all', 'most', 'some', 'almost none', 'many', 'all', 'almost all', 'many', 'most', 'some', 'none', 'many', 'some', 'many', 'few', 'most', 'many', 'most', 'almost all']"
2560,data/images/quantifier/test_2560.png,"['some', 'the smaller part', 'some', 'many', 'some', 'almost all', 'few', 'most', 'many', 'most', 'almost none', 'few', 'some', 'few', 'few', 'almost none', 'almost all', 'many', 'some', 'none', 'some', 'many', 'almost none', 'all', 'many', 'many', 'many', 'the smaller part', 'some', 'some', 'many', 'many', 'almost all', 'none', 'many', 'many', 'few', 'few', 'many', 'many']"
2563,data/images/quantifier/test_2563.png,"['none', 'some', 'most', 'few', 'few', 'some', 'some', 'none', 'none', 'none', 'some', 'some', 'some', 'almost all', 'none', 'few', 'some', 'most', 'many', 'many', 'many', 'some', 'few', 'some', 'many', 'some', 'few', 'some', 'some', 'some', 'few', 'few', 'some', 'almost all', 'almost all', 'many', 'few', 'some', 'some', 'few']"
2564,data/images/quantifier/test_2564.png,"['few', 'many', 'many', 'some', 'many', 'almost none', 'none', 'some', 'some', 'the smaller part', 'some', 'most', 'none', 'few', 'almost all', 'some', 'many', 'many', 'some', 'few', 'few', 'the smaller part', 'many', 'none', 'none', 'some', 'few', 'all', 'few', 'almost all', 'few', 'few', 'most', 'none', 'many', 'almost none', 'some', 'some', 'almost none', 'the smaller part']"
2568,data/images/quantifier/test_2568.png,"['some', 'almost all', 'none', 'almost all', 'most', 'some', 'some', 'none', 'few', 'almost all', 'the smaller part', 'some', 'some', 'some', 'many', 'some', 'few', 'all', 'almost all', 'most', 'some', 'few', 'most', 'some', 'some', 'many', 'some', 'most', 'all', 'some', 'the smaller part', 'most', 'all', 'all', 'none', 'almost all', 'most', 'almost none', 'none', 'almost all']"
2569,data/images/quantifier/test_2569.png,"['the smaller part', 'most', 'many', 'most', 'some', 'all', 'none', 'some', 'some', 'all', 'some', 'some', 'some', 'many', 'many', 'most', 'some', 'many', 'few', 'few', 'many', 'many', 'all', 'few', 'most', 'many', 'many', 'all', 'almost all', 'all', 'few', 'the smaller part', 'few', 'some', 'many', 'most', 'some', 'none', 'almost all', 'many']"
2572,data/images/quantifier/test_2572.png,"['many', 'many', 'most', 'none', 'almost none', 'none', 'many', 'many', 'most', 'the smaller part', 'some', 'some', 'the smaller part', 'all', 'some', 'many', 'few', 'some', 'all', 'most', 'most', 'almost none', 'many', 'the smaller part', 'many', 'few', 'the smaller part', 'all', 'the smaller part', 'most', 'most', 'all', 'all', 'almost all', 'some', 'all', 'some', 'almost all', 'many', 'all']"
2578,data/images/quantifier/test_2578.png,"['all', 'some', 'many', 'most', 'almost all', 'few', 'most', 'many', 'some', 'few', 'all', 'almost all', 'few', 'few', 'few', 'some', 'some', 'few', 'many', 'almost none', 'some', 'few', 'most', 'the smaller part', 'some', 'none', 'almost all', 'some', 'few', 'almost all', 'few', 'most', 'many', 'some', 'most', 'some', 'many', 'some', 'almost all', 'almost all']"
2581,data/images/quantifier/test_2581.png,"['some', 'almost all', 'none', 'the smaller part', 'none', 'the smaller part', 'most', 'few', 'most', 'many', 'many', 'almost all', 'the smaller part', 'almost none', 'most', 'some', 'some', 'almost none', 'some', 'some', 'few', 'few', 'some', 'many', 'none', 'some', 'all', 'many', 'none', 'some', 'many', 'many', 'some', 'few', 'most', 'none', 'some', 'many', 'almost none', 'some']"
2582,data/images/quantifier/test_2582.png,"['all', 'some', 'almost none', 'none', 'some', 'many', 'some', 'few', 'some', 'all', 'few', 'some', 'almost all', 'most', 'none', 'some', 'many', 'few', 'few', 'many', 'the smaller part', 'none', 'none', 'almost none', 'some', 'few', 'some', 'all', 'some', 'the smaller part', 'almost all', 'most', 'few', 'few', 'all', 'all', 'few', 'some', 'most', 'almost none']"
2583,data/images/quantifier/test_2583.png,"['most', 'most', 'almost none', 'few', 'few', 'some', 'many', 'almost all', 'some', 'all', 'some', 'some', 'some', 'few', 'the smaller part', 'many', 'few', 'many', 'some', 'almost all', 'almost all', 'none', 'almost all', 'all', 'some', 'some', 'many', 'some', 'all', 'all', 'none', 'all', 'almost none', 'most', 'few', 'almost all', 'none', 'some', 'many', 'none']"
2585,data/images/quantifier/test_2585.png,"['almost all', 'all', 'almost all', 'some', 'none', 'almost none', 'all', 'the smaller part', 'few', 'almost none', 'few', 'the smaller part', 'most', 'most', 'almost none', 'some', 'the smaller part', 'the smaller part', 'some', 'few', 'many', 'few', 'many', 'some', 'all', 'many', 'some', 'almost all', 'some', 'some', 'none', 'some', 'almost none', 'most', 'few', 'all', 'many', 'almost all', 'few', 'many']"
2590,data/images/quantifier/test_2590.png,"['some', 'some', 'some', 'few', 'few', 'few', 'the smaller part', 'the smaller part', 'many', 'few', 'all', 'none', 'almost all', 'most', 'almost none', 'all', 'all', 'most', 'some', 'some', 'the smaller part', 'almost none', 'few', 'most', 'almost none', 'some', 'none', 'some', 'all', 'the smaller part', 'the smaller part', 'some', 'all', 'almost all', 'many', 'almost all', 'none', 'many', 'all', 'the smaller part']"
2591,data/images/quantifier/test_2591.png,"['some', 'some', 'the smaller part', 'some', 'many', 'some', 'some', 'many', 'none', 'most', 'some', 'some', 'most', 'almost none', 'few', 'few', 'all', 'some', 'many', 'the smaller part', 'some', 'some', 'some', 'few', 'many', 'almost all', 'all', 'almost none', 'some', 'some', 'most', 'some', 'most', 'almost all', 'the smaller part', 'some', 'many', 'some', 'many', 'none']"
2595,data/images/quantifier/test_2595.png,"['all', 'some', 'most', 'none', 'all', 'few', 'almost all', 'some', 'many', 'some', 'many', 'some', 'all', 'the smaller part', 'some', 'almost none', 'almost all', 'all', 'few', 'many', 'all', 'none', 'few', 'many', 'some', 'few', 'none', 'all', 'some', 'few', 'many', 'the smaller part', 'almost all', 'many', 'all', 'all', 'some', 'almost none', 'few', 'many']"
2598,data/images/quantifier/test_2598.png,"['many', 'most', 'almost none', 'some', 'none', 'few', 'few', 'many', 'many', 'some', 'none', 'all', 'many', 'all', 'almost none', 'almost none', 'few', 'all', 'almost all', 'few', 'all', 'none', 'almost none', 'almost all', 'almost all', 'all', 'most', 'none', 'some', 'most', 'none', 'some', 'some', 'almost all', 'many', 'all', 'many', 'some', 'none', 'all']"
2611,data/images/quantifier/test_2611.png,"['few', 'all', 'few', 'few', 'some', 'many', 'few', 'some', 'many', 'all', 'some', 'all', 'some', 'almost none', 'many', 'the smaller part', 'most', 'none', 'none', 'some', 'some', 'some', 'some', 'few', 'some', 'all', 'none', 'most', 'most', 'some', 'some', 'almost none', 'none', 'none', 'all', 'almost none', 'many', 'many', 'none', 'most']"
2616,data/images/quantifier/test_2616.png,"['few', 'most', 'few', 'many', 'almost all', 'almost all', 'some', 'almost all', 'many', 'almost none', 'none', 'the smaller part', 'some', 'all', 'many', 'some', 'almost none', 'some', 'the smaller part', 'none', 'none', 'almost none', 'few', 'some', 'some', 'some', 'many', 'almost none', 'most', 'most', 'some', 'all', 'few', 'some', 'the smaller part', 'all', 'all', 'most', 'the smaller part', 'many']"
2619,data/images/quantifier/test_2619.png,"['few', 'most', 'most', 'almost all', 'none', 'few', 'most', 'many', 'many', 'most', 'some', 'many', 'all', 'all', 'almost all', 'most', 'many', 'many', 'all', 'all', 'some', 'some', 'few', 'most', 'some', 'all', 'the smaller part', 'the smaller part', 'the smaller part', 'some', 'almost none', 'none', 'many', 'almost none', 'some', 'almost all', 'some', 'few', 'few', 'many']"
2623,data/images/quantifier/test_2623.png,"['some', 'some', 'some', 'some', 'many', 'some', 'the smaller part', 'all', 'many', 'most', 'none', 'some', 'few', 'most', 'all', 'some', 'some', 'few', 'almost all', 'few', 'some', 'many', 'the smaller part', 'some', 'many', 'some', 'almost none', 'the smaller part', 'some', 'few', 'none', 'all', 'the smaller part', 'many', 'many', 'some', 'all', 'many', 'all', 'all']"
2627,data/images/quantifier/test_2627.png,"['many', 'the smaller part', 'almost all', 'the smaller part', 'many', 'some', 'most', 'all', 'most', 'some', 'all', 'some', 'few', 'all', 'most', 'some', 'none', 'many', 'most', 'few', 'some', 'almost none', 'the smaller part', 'few', 'many', 'few', 'some', 'some', 'some', 'almost all', 'all', 'almost all', 'none', 'most', 'many', 'most', 'few', 'some', 'most', 'some']"
2632,data/images/quantifier/test_2632.png,"['most', 'the smaller part', 'some', 'almost all', 'few', 'almost none', 'some', 'all', 'almost none', 'some', 'few', 'few', 'few', 'all', 'few', 'all', 'most', 'none', 'all', 'some', 'few', 'some', 'almost none', 'almost none', 'some', 'some', 'most', 'almost all', 'some', 'none', 'almost all', 'many', 'almost none', 'some', 'some', 'all', 'all', 'some', 'few', 'some']"
2633,data/images/quantifier/test_2633.png,"['most', 'the smaller part', 'almost all', 'few', 'many', 'many', 'the smaller part', 'almost all', 'some', 'some', 'the smaller part', 'some', 'most', 'all', 'some', 'all', 'none', 'all', 'none', 'almost none', 'some', 'all', 'some', 'some', 'few', 'the smaller part', 'many', 'some', 'some', 'all', 'almost all', 'some', 'few', 'many', 'few', 'few', 'all', 'some', 'some', 'many']"
2635,data/images/quantifier/test_2635.png,"['all', 'many', 'some', 'the smaller part', 'some', 'many', 'all', 'many', 'few', 'few', 'almost all', 'all', 'few', 'many', 'many', 'some', 'many', 'almost none', 'many', 'some', 'most', 'most', 'few', 'some', 'almost all', 'many', 'all', 'almost none', 'almost all', 'few', 'many', 'most', 'the smaller part', 'all', 'many', 'almost all', 'some', 'almost all', 'almost all', 'most']"
2637,data/images/quantifier/test_2637.png,"['some', 'all', 'some', 'the smaller part', 'many', 'many', 'many', 'some', 'almost all', 'all', 'some', 'almost all', 'few', 'some', 'none', 'many', 'some', 'some', 'almost all', 'some', 'few', 'almost all', 'almost all', 'some', 'almost all', 'almost none', 'most', 'some', 'none', 'none', 'most', 'the smaller part', 'some', 'none', 'none', 'some', 'some', 'almost none', 'all', 'all']"
2639,data/images/quantifier/test_2639.png,"['some', 'some', 'few', 'many', 'few', 'almost none', 'almost none', 'almost all', 'almost all', 'many', 'few', 'few', 'most', 'some', 'many', 'some', 'some', 'all', 'the smaller part', 'some', 'almost all', 'all', 'almost none', 'some', 'some', 'almost none', 'many', 'few', 'almost none', 'almost all', 'many', 'few', 'none', 'some', 'most', 'some', 'all', 'most', 'some', 'some']"
2641,data/images/quantifier/test_2641.png,"['some', 'the smaller part', 'almost none', 'almost none', 'many', 'few', 'some', 'most', 'few', 'few', 'many', 'some', 'none', 'all', 'some', 'the smaller part', 'almost none', 'all', 'many', 'almost all', 'some', 'most', 'the smaller part', 'most', 'all', 'many', 'some', 'some', 'almost all', 'few', 'almost all', 'some', 'some', 'none', 'some', 'some', 'none', 'none', 'few', 'almost none']"
2643,data/images/quantifier/test_2643.png,"['some', 'none', 'some', 'most', 'almost all', 'all', 'all', 'the smaller part', 'some', 'some', 'some', 'some', 'all', 'all', 'most', 'most', 'some', 'none', 'all', 'some', 'few', 'some', 'most', 'some', 'few', 'some', 'the smaller part', 'almost all', 'almost all', 'almost none', 'almost none', 'some', 'the smaller part', 'some', 'almost none', 'almost all', 'none', 'many', 'many', 'few']"
2646,data/images/quantifier/test_2646.png,"['almost none', 'almost all', 'many', 'some', 'some', 'all', 'almost none', 'most', 'the smaller part', 'all', 'many', 'some', 'the smaller part', 'almost all', 'few', 'most', 'many', 'almost all', 'most', 'most', 'almost all', 'none', 'most', 'few', 'many', 'all', 'the smaller part', 'none', 'some', 'all', 'none', 'some', 'some', 'some', 'almost all', 'all', 'most', 'some', 'many', 'almost all']"
2647,data/images/quantifier/test_2647.png,"['some', 'most', 'almost none', 'all', 'many', 'few', 'some', 'most', 'none', 'some', 'some', 'few', 'almost all', 'few', 'the smaller part', 'almost all', 'most', 'some', 'most', 'most', 'all', 'some', 'some', 'some', 'all', 'many', 'few', 'many', 'many', 'few', 'few', 'some', 'none', 'almost all', 'none', 'almost all', 'some', 'the smaller part', 'the smaller part', 'the smaller part']"
2655,data/images/quantifier/test_2655.png,"['some', 'few', 'many', 'almost none', 'some', 'all', 'some', 'almost none', 'many', 'all', 'the smaller part', 'some', 'some', 'the smaller part', 'most', 'many', 'few', 'some', 'all', 'many', 'all', 'many', 'almost none', 'some', 'most', 'some', 'some', 'most', 'all', 'many', 'some', 'none', 'all', 'almost none', 'few', 'some', 'some', 'almost all', 'most', 'none']"
2656,data/images/quantifier/test_2656.png,"['many', 'few', 'almost all', 'almost all', 'almost all', 'few', 'almost all', 'almost all', 'the smaller part', 'some', 'most', 'the smaller part', 'some', 'all', 'some', 'most', 'almost all', 'many', 'all', 'almost all', 'the smaller part', 'few', 'many', 'many', 'many', 'some', 'almost none', 'many', 'all', 'some', 'most', 'all', 'none', 'all', 'some', 'some', 'almost all', 'few', 'few', 'all']"
2657,data/images/quantifier/test_2657.png,"['many', 'the smaller part', 'none', 'most', 'some', 'the smaller part', 'almost all', 'all', 'many', 'some', 'many', 'most', 'most', 'few', 'the smaller part', 'almost all', 'some', 'most', 'almost all', 'some', 'some', 'few', 'few', 'some', 'most', 'few', 'all', 'many', 'some', 'few', 'many', 'some', 'all', 'none', 'some', 'almost none', 'almost all', 'some', 'all', 'the smaller part']"
2660,data/images/quantifier/test_2660.png,"['almost none', 'few', 'some', 'few', 'few', 'many', 'some', 'some', 'most', 'some', 'all', 'some', 'few', 'many', 'all', 'all', 'almost all', 'all', 'many', 'none', 'almost all', 'almost all', 'some', 'few', 'some', 'many', 'some', 'all', 'most', 'few', 'none', 'most', 'few', 'almost none', 'some', 'some', 'many', 'almost all', 'some', 'almost none']"
2661,data/images/quantifier/test_2661.png,"['some', 'all', 'few', 'none', 'many', 'the smaller part', 'many', 'all', 'most', 'almost none', 'some', 'some', 'few', 'many', 'few', 'few', 'many', 'few', 'most', 'the smaller part', 'all', 'few', 'none', 'none', 'some', 'some', 'some', 'the smaller part', 'almost none', 'few', 'many', 'none', 'few', 'almost none', 'few', 'none', 'most', 'few', 'some', 'almost all']"
2662,data/images/quantifier/test_2662.png,"['none', 'few', 'almost all', 'most', 'many', 'few', 'many', 'most', 'some', 'almost all', 'none', 'most', 'most', 'few', 'almost all', 'the smaller part', 'most', 'some', 'few', 'some', 'almost none', 'some', 'all', 'all', 'none', 'none', 'some', 'all', 'some', 'many', 'some', 'many', 'some', 'many', 'none', 'some', 'most', 'few', 'most', 'few']"
2663,data/images/quantifier/test_2663.png,"['all', 'almost none', 'few', 'almost all', 'almost all', 'few', 'many', 'many', 'many', 'all', 'all', 'many', 'none', 'some', 'the smaller part', 'few', 'all', 'some', 'some', 'some', 'some', 'many', 'almost all', 'the smaller part', 'some', 'all', 'all', 'all', 'few', 'most', 'many', 'few', 'few', 'the smaller part', 'almost all', 'all', 'many', 'few', 'all', 'few']"
2664,data/images/quantifier/test_2664.png,"['some', 'none', 'few', 'all', 'none', 'none', 'almost all', 'all', 'few', 'many', 'none', 'all', 'many', 'many', 'the smaller part', 'many', 'the smaller part', 'none', 'many', 'some', 'almost all', 'all', 'almost all', 'all', 'all', 'few', 'some', 'all', 'some', 'many', 'none', 'almost all', 'almost all', 'none', 'some', 'most', 'almost all', 'some', 'all', 'almost all']"
2669,data/images/quantifier/test_2669.png,"['many', 'few', 'all', 'some', 'almost all', 'almost none', 'many', 'most', 'some', 'some', 'none', 'some', 'many', 'almost all', 'some', 'some', 'all', 'none', 'most', 'many', 'almost all', 'some', 'some', 'none', 'most', 'some', 'some', 'all', 'some', 'almost all', 'almost none', 'some', 'some', 'few', 'the smaller part', 'few', 'some', 'almost all', 'some', 'many']"
2678,data/images/quantifier/test_2678.png,"['some', 'some', 'many', 'all', 'some', 'some', 'many', 'almost none', 'none', 'all', 'almost all', 'almost none', 'all', 'many', 'the smaller part', 'some', 'some', 'almost none', 'some', 'some', 'few', 'many', 'almost none', 'all', 'some', 'many', 'many', 'many', 'some', 'some', 'none', 'some', 'few', 'few', 'some', 'some', 'almost none', 'some', 'some', 'few']"
2691,data/images/quantifier/test_2691.png,"['almost all', 'many', 'none', 'almost none', 'some', 'almost none', 'some', 'the smaller part', 'some', 'almost all', 'few', 'some', 'some', 'the smaller part', 'all', 'the smaller part', 'some', 'almost all', 'some', 'some', 'few', 'few', 'many', 'almost none', 'many', 'almost none', 'some', 'few', 'many', 'many', 'most', 'almost all', 'almost all', 'few', 'few', 'all', 'none', 'almost all', 'many', 'few']"
2706,data/images/quantifier/test_2706.png,"['some', 'none', 'the smaller part', 'some', 'most', 'all', 'all', 'most', 'almost all', 'many', 'few', 'most', 'some', 'many', 'almost all', 'some', 'almost all', 'few', 'many', 'none', 'some', 'few', 'many', 'few', 'all', 'almost all', 'none', 'some', 'almost none', 'the smaller part', 'all', 'many', 'few', 'almost all', 'the smaller part', 'many', 'all', 'few', 'some', 'none']"
2712,data/images/quantifier/test_2712.png,"['many', 'all', 'none', 'none', 'many', 'almost all', 'almost none', 'the smaller part', 'some', 'some', 'few', 'almost none', 'many', 'many', 'few', 'none', 'none', 'most', 'almost none', 'almost all', 'all', 'almost none', 'many', 'most', 'some', 'many', 'none', 'many', 'some', 'all', 'most', 'few', 'almost all', 'almost all', 'few', 'most', 'none', 'few', 'many', 'most']"
2715,data/images/quantifier/test_2715.png,"['almost all', 'all', 'almost none', 'some', 'the smaller part', 'many', 'some', 'few', 'all', 'many', 'some', 'few', 'many', 'few', 'some', 'many', 'many', 'some', 'almost all', 'many', 'many', 'many', 'many', 'some', 'almost none', 'some', 'almost none', 'few', 'few', 'none', 'almost all', 'most', 'some', 'the smaller part', 'most', 'almost all', 'few', 'some', 'some', 'few']"
2729,data/images/quantifier/test_2729.png,"['all', 'none', 'some', 'almost all', 'all', 'some', 'all', 'many', 'some', 'some', 'most', 'some', 'almost all', 'many', 'all', 'most', 'few', 'few', 'some', 'some', 'some', 'all', 'some', 'many', 'some', 'few', 'some', 'the smaller part', 'some', 'all', 'all', 'some', 'almost all', 'none', 'almost all', 'few', 'almost none', 'some', 'most', 'some']"
2731,data/images/quantifier/test_2731.png,"['many', 'some', 'few', 'some', 'few', 'most', 'almost all', 'all', 'some', 'few', 'few', 'most', 'the smaller part', 'some', 'some', 'all', 'some', 'some', 'some', 'all', 'almost none', 'all', 'few', 'some', 'many', 'many', 'almost all', 'some', 'none', 'some', 'the smaller part', 'many', 'few', 'almost none', 'some', 'all', 'all', 'the smaller part', 'some', 'the smaller part']"
2732,data/images/quantifier/test_2732.png,"['none', 'few', 'many', 'some', 'almost all', 'some', 'all', 'most', 'almost all', 'none', 'almost all', 'few', 'many', 'some', 'some', 'many', 'none', 'some', 'few', 'many', 'the smaller part', 'many', 'the smaller part', 'none', 'some', 'many', 'few', 'almost none', 'many', 'most', 'some', 'many', 'many', 'some', 'most', 'almost all', 'all', 'many', 'most', 'some']"
2733,data/images/quantifier/test_2733.png,"['almost none', 'some', 'few', 'few', 'some', 'few', 'some', 'some', 'many', 'all', 'almost none', 'none', 'none', 'almost all', 'most', 'few', 'none', 'most', 'the smaller part', 'many', 'some', 'some', 'all', 'many', 'most', 'most', 'most', 'few', 'many', 'all', 'most', 'many', 'some', 'some', 'almost none', 'some', 'most', 'some', 'all', 'none']"
2734,data/images/quantifier/test_2734.png,"['some', 'few', 'almost all', 'some', 'the smaller part', 'none', 'few', 'some', 'some', 'almost all', 'some', 'many', 'some', 'some', 'almost all', 'all', 'none', 'the smaller part', 'the smaller part', 'none', 'most', 'many', 'all', 'some', 'many', 'none', 'all', 'almost none', 'some', 'almost none', 'many', 'almost all', 'most', 'many', 'the smaller part', 'all', 'some', 'most', 'few', 'some']"
2739,data/images/quantifier/test_2739.png,"['almost none', 'almost all', 'some', 'some', 'most', 'all', 'some', 'some', 'most', 'most', 'the smaller part', 'some', 'almost all', 'almost all', 'some', 'many', 'some', 'almost all', 'almost none', 'few', 'few', 'the smaller part', 'almost all', 'almost all', 'almost all', 'many', 'the smaller part', 'none', 'few', 'some', 'few', 'all', 'all', 'few', 'the smaller part', 'many', 'many', 'many', 'most', 'almost none']"
2742,data/images/quantifier/test_2742.png,"['almost all', 'some', 'almost none', 'some', 'all', 'all', 'most', 'few', 'almost none', 'most', 'the smaller part', 'few', 'all', 'some', 'all', 'none', 'none', 'many', 'most', 'some', 'many', 'some', 'many', 'almost all', 'all', 'many', 'some', 'almost all', 'all', 'the smaller part', 'none', 'many', 'few', 'few', 'almost all', 'none', 'few', 'the smaller part', 'almost none', 'none']"
2743,data/images/quantifier/test_2743.png,"['some', 'the smaller part', 'few', 'some', 'the smaller part', 'few', 'almost all', 'almost all', 'many', 'some', 'some', 'almost all', 'many', 'some', 'some', 'some', 'the smaller part', 'the smaller part', 'few', 'all', 'some', 'almost none', 'none', 'none', 'almost all', 'all', 'few', 'some', 'some', 'few', 'some', 'some', 'none', 'many', 'none', 'few', 'many', 'most', 'most', 'all']"
2754,data/images/quantifier/test_2754.png,"['some', 'almost all', 'none', 'some', 'all', 'almost all', 'the smaller part', 'almost none', 'most', 'few', 'few', 'few', 'most', 'almost none', 'some', 'many', 'all', 'some', 'all', 'many', 'none', 'some', 'the smaller part', 'some', 'some', 'the smaller part', 'many', 'some', 'all', 'many', 'almost all', 'most', 'most', 'few', 'few', 'some', 'almost none', 'many', 'some', 'some']"
2759,data/images/quantifier/test_2759.png,"['many', 'almost all', 'few', 'few', 'some', 'many', 'some', 'some', 'almost all', 'some', 'few', 'almost all', 'some', 'none', 'none', 'many', 'some', 'few', 'none', 'all', 'all', 'some', 'some', 'many', 'almost none', 'most', 'the smaller part', 'many', 'some', 'some', 'the smaller part', 'the smaller part', 'few', 'many', 'some', 'most', 'some', 'none', 'most', 'some']"
2764,data/images/quantifier/test_2764.png,"['the smaller part', 'few', 'some', 'almost none', 'almost none', 'many', 'some', 'some', 'none', 'some', 'many', 'most', 'almost none', 'all', 'none', 'almost all', 'many', 'all', 'most', 'almost none', 'few', 'many', 'few', 'few', 'some', 'some', 'almost all', 'almost none', 'few', 'the smaller part', 'the smaller part', 'some', 'almost none', 'all', 'many', 'some', 'many', 'none', 'few', 'some']"
2767,data/images/quantifier/test_2767.png,"['some', 'almost all', 'almost none', 'none', 'some', 'some', 'almost all', 'all', 'some', 'all', 'all', 'none', 'some', 'almost all', 'many', 'some', 'the smaller part', 'some', 'almost all', 'most', 'none', 'the smaller part', 'most', 'some', 'many', 'some', 'all', 'some', 'many', 'many', 'few', 'some', 'some', 'few', 'many', 'all', 'the smaller part', 'many', 'many', 'many']"
2768,data/images/quantifier/test_2768.png,"['few', 'some', 'few', 'almost none', 'almost all', 'some', 'none', 'all', 'some', 'some', 'many', 'few', 'few', 'almost none', 'the smaller part', 'almost all', 'all', 'almost none', 'many', 'none', 'almost none', 'many', 'some', 'all', 'all', 'some', 'none', 'almost all', 'some', 'none', 'all', 'some', 'some', 'many', 'none', 'none', 'the smaller part', 'some', 'none', 'few']"
2771,data/images/quantifier/test_2771.png,"['many', 'many', 'many', 'none', 'all', 'none', 'all', 'most', 'some', 'many', 'all', 'all', 'all', 'many', 'some', 'the smaller part', 'some', 'some', 'some', 'all', 'most', 'most', 'all', 'some', 'some', 'many', 'few', 'all', 'few', 'some', 'almost none', 'most', 'most', 'some', 'many', 'some', 'many', 'almost none', 'all', 'some']"
2784,data/images/quantifier/test_2784.png,"['most', 'all', 'all', 'most', 'all', 'some', 'most', 'few', 'all', 'few', 'many', 'almost all', 'few', 'most', 'all', 'few', 'all', 'all', 'few', 'almost all', 'none', 'all', 'none', 'almost all', 'some', 'almost none', 'some', 'almost none', 'many', 'almost none', 'some', 'some', 'many', 'all', 'few', 'many', 'many', 'most', 'none', 'few']"
2785,data/images/quantifier/test_2785.png,"['many', 'many', 'many', 'many', 'some', 'some', 'some', 'some', 'many', 'many', 'most', 'some', 'most', 'some', 'the smaller part', 'many', 'many', 'most', 'all', 'almost all', 'almost all', 'most', 'almost all', 'almost all', 'some', 'some', 'many', 'some', 'all', 'many', 'almost all', 'almost all', 'the smaller part', 'some', 'almost all', 'few', 'some', 'some', 'almost none', 'almost none']"
2786,data/images/quantifier/test_2786.png,"['all', 'most', 'some', 'most', 'many', 'all', 'almost all', 'almost all', 'few', 'all', 'most', 'many', 'few', 'many', 'most', 'many', 'many', 'some', 'some', 'some', 'all', 'some', 'some', 'many', 'most', 'some', 'most', 'almost all', 'almost all', 'none', 'almost none', 'none', 'most', 'few', 'few', 'many', 'some', 'all', 'almost all', 'none']"
2789,data/images/quantifier/test_2789.png,"['almost all', 'almost all', 'almost none', 'almost all', 'none', 'all', 'most', 'none', 'almost all', 'few', 'many', 'almost all', 'most', 'most', 'some', 'some', 'many', 'some', 'some', 'many', 'the smaller part', 'some', 'the smaller part', 'few', 'some', 'some', 'few', 'almost all', 'some', 'many', 'few', 'most', 'few', 'few', 'some', 'few', 'the smaller part', 'almost none', 'none', 'some']"
2790,data/images/quantifier/test_2790.png,"['almost none', 'almost none', 'some', 'the smaller part', 'almost all', 'almost all', 'few', 'almost all', 'most', 'all', 'some', 'some', 'few', 'some', 'almost none', 'many', 'few', 'the smaller part', 'many', 'many', 'few', 'many', 'many', 'the smaller part', 'some', 'most', 'some', 'some', 'all', 'many', 'all', 'almost none', 'some', 'none', 'most', 'some', 'almost all', 'many', 'many', 'some']"
2791,data/images/quantifier/test_2791.png,"['all', 'few', 'all', 'almost none', 'few', 'most', 'all', 'some', 'some', 'some', 'all', 'many', 'few', 'all', 'almost all', 'some', 'many', 'few', 'some', 'many', 'many', 'some', 'few', 'some', 'many', 'many', 'many', 'some', 'all', 'most', 'almost all', 'all', 'none', 'none', 'many', 'some', 'none', 'almost none', 'many', 'few']"
2794,data/images/quantifier/test_2794.png,"['all', 'none', 'almost all', 'almost all', 'few', 'most', 'few', 'some', 'few', 'many', 'most', 'some', 'most', 'some', 'almost all', 'some', 'many', 'almost none', 'most', 'all', 'many', 'all', 'almost all', 'some', 'few', 'almost all', 'none', 'many', 'some', 'some', 'most', 'some', 'many', 'many', 'some', 'none', 'many', 'almost all', 'all', 'most']"
2795,data/images/quantifier/test_2795.png,"['all', 'few', 'many', 'some', 'many', 'none', 'some', 'the smaller part', 'all', 'many', 'few', 'few', 'most', 'some', 'all', 'the smaller part', 'almost none', 'few', 'almost all', 'all', 'some', 'some', 'most', 'few', 'all', 'many', 'almost none', 'few', 'many', 'all', 'all', 'some', 'all', 'many', 'almost all', 'some', 'most', 'many', 'some', 'all']"
2802,data/images/quantifier/test_2802.png,"['few', 'many', 'some', 'some', 'most', 'some', 'many', 'some', 'some', 'many', 'all', 'some', 'the smaller part', 'many', 'all', 'many', 'almost all', 'some', 'the smaller part', 'most', 'the smaller part', 'almost all', 'none', 'all', 'some', 'almost all', 'most', 'some', 'many', 'some', 'many', 'none', 'few', 'most', 'many', 'few', 'almost none', 'almost all', 'some', 'almost all']"
2804,data/images/quantifier/test_2804.png,"['few', 'many', 'some', 'many', 'most', 'almost all', 'all', 'almost all', 'almost all', 'many', 'none', 'almost none', 'many', 'many', 'some', 'almost all', 'some', 'few', 'some', 'the smaller part', 'all', 'some', 'some', 'all', 'all', 'some', 'most', 'most', 'many', 'most', 'none', 'the smaller part', 'few', 'some', 'almost all', 'some', 'almost all', 'some', 'some', 'some']"
2806,data/images/quantifier/test_2806.png,"['many', 'most', 'few', 'some', 'most', 'most', 'the smaller part', 'some', 'none', 'none', 'none', 'almost none', 'some', 'all', 'few', 'almost all', 'many', 'none', 'some', 'most', 'some', 'most', 'many', 'all', 'many', 'many', 'few', 'few', 'all', 'all', 'some', 'many', 'some', 'few', 'some', 'most', 'some', 'the smaller part', 'some', 'some']"
2812,data/images/quantifier/test_2812.png,"['some', 'almost all', 'almost none', 'some', 'some', 'almost all', 'some', 'some', 'all', 'none', 'many', 'few', 'the smaller part', 'some', 'all', 'almost all', 'some', 'all', 'none', 'all', 'almost none', 'most', 'none', 'many', 'few', 'few', 'many', 'most', 'most', 'many', 'many', 'few', 'some', 'some', 'the smaller part', 'many', 'many', 'all', 'some', 'some']"
2815,data/images/quantifier/test_2815.png,"['almost all', 'some', 'few', 'all', 'few', 'all', 'few', 'all', 'almost all', 'all', 'almost all', 'few', 'most', 'most', 'some', 'some', 'most', 'some', 'some', 'some', 'all', 'almost none', 'all', 'some', 'almost all', 'few', 'few', 'most', 'many', 'some', 'some', 'most', 'some', 'few', 'some', 'some', 'some', 'many', 'some', 'almost none']"
2824,data/images/quantifier/test_2824.png,"['all', 'many', 'all', 'most', 'few', 'some', 'most', 'almost all', 'none', 'all', 'almost all', 'some', 'some', 'some', 'almost all', 'all', 'few', 'some', 'all', 'almost all', 'most', 'many', 'almost all', 'almost none', 'many', 'some', 'many', 'few', 'the smaller part', 'some', 'most', 'all', 'most', 'all', 'some', 'some', 'few', 'almost none', 'almost all', 'all']"
2829,data/images/quantifier/test_2829.png,"['few', 'many', 'almost none', 'the smaller part', 'some', 'the smaller part', 'almost all', 'few', 'the smaller part', 'none', 'all', 'some', 'the smaller part', 'many', 'some', 'almost all', 'some', 'few', 'almost none', 'some', 'many', 'all', 'all', 'almost all', 'almost none', 'many', 'all', 'all', 'most', 'some', 'some', 'few', 'many', 'all', 'many', 'most', 'almost all', 'almost all', 'few', 'most']"
2830,data/images/quantifier/test_2830.png,"['all', 'few', 'many', 'none', 'all', 'many', 'all', 'many', 'the smaller part', 'few', 'some', 'many', 'some', 'few', 'few', 'almost all', 'some', 'few', 'most', 'all', 'almost all', 'some', 'almost none', 'some', 'all', 'the smaller part', 'almost none', 'many', 'some', 'few', 'some', 'the smaller part', 'the smaller part', 'none', 'the smaller part', 'some', 'some', 'few', 'almost none', 'few']"
2832,data/images/quantifier/test_2832.png,"['almost all', 'few', 'most', 'most', 'most', 'many', 'all', 'many', 'some', 'almost all', 'many', 'all', 'many', 'none', 'many', 'few', 'many', 'the smaller part', 'few', 'almost all', 'the smaller part', 'almost all', 'none', 'many', 'almost all', 'most', 'many', 'all', 'all', 'almost all', 'many', 'many', 'many', 'all', 'some', 'some', 'few', 'none', 'some', 'none']"
2833,data/images/quantifier/test_2833.png,"['many', 'some', 'some', 'the smaller part', 'few', 'many', 'all', 'some', 'almost all', 'most', 'many', 'some', 'many', 'all', 'none', 'most', 'the smaller part', 'some', 'almost all', 'most', 'almost all', 'some', 'the smaller part', 'most', 'almost all', 'most', 'almost all', 'few', 'almost all', 'some', 'many', 'some', 'all', 'many', 'most', 'some', 'the smaller part', 'many', 'some', 'almost none']"
2834,data/images/quantifier/test_2834.png,"['most', 'some', 'none', 'some', 'few', 'the smaller part', 'some', 'most', 'many', 'none', 'many', 'almost none', 'many', 'none', 'almost all', 'almost all', 'most', 'all', 'some', 'some', 'few', 'some', 'most', 'all', 'almost none', 'some', 'the smaller part', 'few', 'many', 'many', 'almost none', 'some', 'almost none', 'many', 'almost all', 'some', 'some', 'almost all', 'almost all', 'almost none']"
2837,data/images/quantifier/test_2837.png,"['almost all', 'few', 'few', 'many', 'many', 'few', 'almost none', 'none', 'none', 'most', 'many', 'some', 'none', 'almost all', 'the smaller part', 'some', 'many', 'some', 'none', 'most', 'almost none', 'many', 'almost none', 'few', 'many', 'some', 'none', 'all', 'many', 'some', 'some', 'some', 'some', 'some', 'many', 'some', 'almost all', 'some', 'all', 'some']"
2842,data/images/quantifier/test_2842.png,"['few', 'many', 'almost all', 'many', 'some', 'almost all', 'many', 'few', 'most', 'some', 'few', 'many', 'all', 'some', 'almost all', 'none', 'few', 'all', 'few', 'almost all', 'some', 'few', 'many', 'almost none', 'some', 'all', 'some', 'the smaller part', 'the smaller part', 'some', 'the smaller part', 'some', 'almost none', 'all', 'some', 'few', 'almost none', 'almost all', 'some', 'almost none']"
2843,data/images/quantifier/test_2843.png,"['none', 'few', 'many', 'almost none', 'few', 'some', 'all', 'all', 'almost all', 'some', 'many', 'some', 'none', 'few', 'few', 'almost all', 'some', 'all', 'many', 'the smaller part', 'many', 'few', 'almost none', 'few', 'some', 'almost none', 'most', 'some', 'some', 'many', 'none', 'some', 'few', 'many', 'some', 'most', 'some', 'many', 'none', 'few']"
2847,data/images/quantifier/test_2847.png,"['many', 'many', 'almost none', 'some', 'most', 'almost all', 'few', 'some', 'none', 'some', 'the smaller part', 'many', 'almost none', 'many', 'none', 'many', 'many', 'almost all', 'some', 'some', 'most', 'most', 'almost all', 'many', 'the smaller part', 'most', 'most', 'few', 'some', 'almost none', 'few', 'many', 'many', 'none', 'few', 'many', 'the smaller part', 'none', 'almost none', 'few']"
2859,data/images/quantifier/test_2859.png,"['most', 'some', 'almost all', 'most', 'few', 'most', 'almost all', 'many', 'many', 'all', 'some', 'most', 'some', 'the smaller part', 'some', 'some', 'all', 'many', 'few', 'the smaller part', 'some', 'the smaller part', 'some', 'almost all', 'some', 'almost none', 'some', 'few', 'the smaller part', 'few', 'almost all', 'some', 'almost none', 'few', 'many', 'few', 'the smaller part', 'few', 'the smaller part', 'few']"
2860,data/images/quantifier/test_2860.png,"['many', 'none', 'some', 'some', 'some', 'many', 'many', 'many', 'some', 'none', 'many', 'many', 'most', 'few', 'few', 'almost none', 'many', 'some', 'most', 'some', 'some', 'almost none', 'almost all', 'all', 'almost all', 'many', 'most', 'all', 'all', 'almost all', 'few', 'some', 'most', 'most', 'few', 'few', 'almost none', 'some', 'some', 'the smaller part']"
2864,data/images/quantifier/test_2864.png,"['many', 'some', 'some', 'few', 'many', 'many', 'many', 'few', 'many', 'almost none', 'some', 'none', 'many', 'almost none', 'many', 'all', 'few', 'all', 'all', 'almost all', 'some', 'some', 'few', 'most', 'few', 'some', 'almost all', 'many', 'all', 'many', 'most', 'few', 'some', 'few', 'most', 'almost none', 'all', 'some', 'the smaller part', 'some']"
2871,data/images/quantifier/test_2871.png,"['some', 'none', 'many', 'some', 'many', 'the smaller part', 'almost none', 'the smaller part', 'some', 'almost all', 'some', 'almost all', 'almost all', 'almost all', 'almost all', 'few', 'many', 'some', 'most', 'some', 'some', 'some', 'most', 'the smaller part', 'all', 'most', 'few', 'none', 'many', 'some', 'some', 'the smaller part', 'none', 'some', 'almost none', 'many', 'almost all', 'all', 'almost none', 'almost all']"
2874,data/images/quantifier/test_2874.png,"['almost none', 'many', 'all', 'almost all', 'some', 'almost none', 'few', 'almost all', 'none', 'almost none', 'some', 'many', 'almost none', 'almost all', 'some', 'all', 'some', 'many', 'almost all', 'many', 'all', 'most', 'few', 'many', 'none', 'almost none', 'some', 'none', 'many', 'many', 'the smaller part', 'some', 'the smaller part', 'almost none', 'few', 'many', 'few', 'some', 'few', 'almost all']"
2878,data/images/quantifier/test_2878.png,"['few', 'the smaller part', 'most', 'almost none', 'many', 'many', 'many', 'almost all', 'most', 'some', 'the smaller part', 'some', 'none', 'some', 'few', 'many', 'most', 'none', 'some', 'some', 'few', 'many', 'all', 'all', 'few', 'few', 'all', 'many', 'none', 'few', 'the smaller part', 'many', 'some', 'most', 'some', 'all', 'almost all', 'few', 'many', 'some']"
2879,data/images/quantifier/test_2879.png,"['none', 'few', 'some', 'the smaller part', 'few', 'some', 'none', 'almost none', 'some', 'almost all', 'the smaller part', 'some', 'few', 'some', 'all', 'most', 'some', 'few', 'some', 'most', 'some', 'none', 'some', 'all', 'some', 'none', 'none', 'almost all', 'almost none', 'many', 'some', 'all', 'few', 'all', 'most', 'few', 'most', 'all', 'almost all', 'the smaller part']"
2884,data/images/quantifier/test_2884.png,"['some', 'all', 'few', 'few', 'all', 'some', 'almost all', 'some', 'few', 'the smaller part', 'almost none', 'few', 'many', 'none', 'few', 'almost none', 'some', 'most', 'many', 'some', 'all', 'some', 'some', 'most', 'many', 'many', 'some', 'all', 'some', 'many', 'many', 'most', 'none', 'almost none', 'some', 'most', 'many', 'almost none', 'some', 'some']"
2891,data/images/quantifier/test_2891.png,"['some', 'most', 'all', 'few', 'almost none', 'none', 'all', 'all', 'few', 'almost none', 'some', 'most', 'most', 'few', 'few', 'all', 'the smaller part', 'some', 'almost all', 'some', 'few', 'the smaller part', 'some', 'many', 'some', 'many', 'some', 'the smaller part', 'many', 'few', 'many', 'all', 'many', 'few', 'many', 'most', 'the smaller part', 'all', 'some', 'some']"
2898,data/images/quantifier/test_2898.png,"['many', 'many', 'many', 'most', 'most', 'some', 'the smaller part', 'some', 'many', 'almost none', 'almost none', 'most', 'many', 'all', 'many', 'most', 'many', 'few', 'some', 'some', 'none', 'some', 'some', 'almost all', 'almost all', 'some', 'few', 'almost none', 'some', 'almost none', 'some', 'some', 'many', 'almost all', 'some', 'none', 'some', 'almost all', 'some', 'some']"
2903,data/images/quantifier/test_2903.png,"['almost none', 'some', 'none', 'all', 'none', 'some', 'some', 'few', 'some', 'many', 'some', 'all', 'all', 'most', 'most', 'some', 'almost none', 'none', 'some', 'some', 'many', 'some', 'few', 'few', 'all', 'almost all', 'some', 'almost all', 'some', 'all', 'some', 'most', 'many', 'most', 'most', 'the smaller part', 'many', 'almost all', 'many', 'some']"
2908,data/images/quantifier/test_2908.png,"['none', 'most', 'almost all', 'all', 'few', 'some', 'many', 'few', 'few', 'many', 'almost all', 'few', 'almost all', 'all', 'few', 'all', 'the smaller part', 'all', 'many', 'some', 'some', 'most', 'none', 'almost all', 'some', 'most', 'all', 'the smaller part', 'almost all', 'some', 'most', 'most', 'some', 'few', 'few', 'most', 'all', 'most', 'some', 'some']"
2914,data/images/quantifier/test_2914.png,"['none', 'almost all', 'none', 'few', 'some', 'most', 'the smaller part', 'most', 'almost all', 'the smaller part', 'the smaller part', 'most', 'none', 'some', 'some', 'the smaller part', 'all', 'almost none', 'some', 'few', 'many', 'almost none', 'some', 'all', 'some', 'all', 'most', 'some', 'most', 'most', 'some', 'some', 'many', 'few', 'some', 'few', 'some', 'some', 'few', 'some']"
2919,data/images/quantifier/test_2919.png,"['some', 'some', 'some', 'almost none', 'many', 'the smaller part', 'some', 'none', 'some', 'most', 'some', 'few', 'almost all', 'some', 'some', 'the smaller part', 'few', 'all', 'none', 'the smaller part', 'none', 'most', 'most', 'almost none', 'some', 'all', 'almost all', 'some', 'few', 'many', 'almost none', 'almost none', 'some', 'most', 'some', 'some', 'many', 'all', 'few', 'almost none']"
2924,data/images/quantifier/test_2924.png,"['some', 'all', 'none', 'many', 'all', 'some', 'almost all', 'some', 'some', 'most', 'few', 'almost none', 'almost none', 'few', 'many', 'almost all', 'almost all', 'many', 'all', 'most', 'many', 'some', 'many', 'the smaller part', 'almost none', 'the smaller part', 'almost all', 'some', 'few', 'almost none', 'some', 'some', 'almost all', 'all', 'some', 'the smaller part', 'some', 'many', 'the smaller part', 'some']"
2925,data/images/quantifier/test_2925.png,"['none', 'all', 'many', 'all', 'almost none', 'some', 'some', 'some', 'all', 'all', 'none', 'all', 'some', 'all', 'some', 'few', 'some', 'few', 'almost all', 'none', 'some', 'few', 'many', 'many', 'some', 'some', 'some', 'some', 'many', 'all', 'almost none', 'none', 'most', 'almost all', 'some', 'all', 'many', 'few', 'the smaller part', 'many']"
2928,data/images/quantifier/test_2928.png,"['many', 'few', 'most', 'many', 'few', 'almost all', 'all', 'some', 'almost all', 'almost none', 'many', 'many', 'the smaller part', 'almost all', 'almost all', 'the smaller part', 'almost all', 'many', 'all', 'most', 'many', 'none', 'almost none', 'few', 'many', 'few', 'almost all', 'many', 'many', 'many', 'many', 'almost none', 'all', 'all', 'almost none', 'almost none', 'some', 'all', 'almost none', 'some']"
2929,data/images/quantifier/test_2929.png,"['the smaller part', 'almost all', 'none', 'almost all', 'few', 'many', 'most', 'none', 'some', 'many', 'few', 'many', 'few', 'some', 'few', 'almost all', 'some', 'the smaller part', 'none', 'all', 'all', 'all', 'almost all', 'most', 'none', 'some', 'some', 'the smaller part', 'most', 'most', 'some', 'none', 'the smaller part', 'some', 'all', 'most', 'some', 'few', 'almost none', 'all']"
2930,data/images/quantifier/test_2930.png,"['some', 'all', 'some', 'most', 'many', 'many', 'almost all', 'all', 'some', 'almost none', 'few', 'some', 'most', 'most', 'almost all', 'the smaller part', 'almost all', 'some', 'many', 'some', 'almost all', 'none', 'few', 'some', 'many', 'all', 'some', 'many', 'all', 'the smaller part', 'some', 'the smaller part', 'few', 'few', 'none', 'most', 'some', 'all', 'all', 'many']"
2932,data/images/quantifier/test_2932.png,"['many', 'some', 'most', 'the smaller part', 'almost none', 'some', 'none', 'almost none', 'few', 'few', 'some', 'all', 'some', 'almost none', 'some', 'almost all', 'few', 'many', 'almost all', 'many', 'some', 'none', 'the smaller part', 'some', 'some', 'few', 'few', 'most', 'almost all', 'none', 'almost none', 'none', 'almost all', 'some', 'some', 'some', 'none', 'some', 'none', 'some']"
2933,data/images/quantifier/test_2933.png,"['all', 'the smaller part', 'none', 'the smaller part', 'many', 'some', 'few', 'most', 'almost all', 'some', 'almost none', 'almost none', 'many', 'some', 'few', 'some', 'almost all', 'almost none', 'all', 'the smaller part', 'almost all', 'the smaller part', 'few', 'some', 'none', 'the smaller part', 'many', 'all', 'few', 'almost all', 'all', 'all', 'almost all', 'almost all', 'some', 'few', 'the smaller part', 'none', 'almost none', 'some']"
2940,data/images/quantifier/test_2940.png,"['some', 'many', 'some', 'none', 'most', 'almost none', 'almost none', 'many', 'some', 'all', 'many', 'some', 'many', 'many', 'almost none', 'many', 'almost none', 'the smaller part', 'many', 'almost none', 'many', 'all', 'many', 'almost none', 'some', 'almost none', 'all', 'almost none', 'many', 'all', 'all', 'some', 'few', 'none', 'some', 'many', 'all', 'some', 'none', 'few']"
2943,data/images/quantifier/test_2943.png,"['few', 'some', 'many', 'many', 'all', 'few', 'many', 'some', 'the smaller part', 'almost all', 'many', 'some', 'some', 'the smaller part', 'almost all', 'some', 'some', 'many', 'some', 'some', 'some', 'all', 'few', 'all', 'some', 'almost none', 'all', 'few', 'none', 'all', 'some', 'few', 'most', 'most', 'the smaller part', 'some', 'none', 'almost all', 'some', 'most']"
2944,data/images/quantifier/test_2944.png,"['almost all', 'few', 'some', 'the smaller part', 'many', 'almost all', 'some', 'all', 'none', 'few', 'almost none', 'the smaller part', 'almost all', 'many', 'some', 'few', 'all', 'some', 'almost all', 'many', 'many', 'almost all', 'few', 'almost all', 'some', 'most', 'the smaller part', 'all', 'most', 'many', 'few', 'some', 'all', 'almost all', 'none', 'almost none', 'few', 'some', 'the smaller part', 'all']"
2947,data/images/quantifier/test_2947.png,"['the smaller part', 'few', 'few', 'many', 'few', 'many', 'almost all', 'none', 'almost none', 'few', 'many', 'some', 'none', 'most', 'few', 'all', 'few', 'some', 'some', 'all', 'most', 'some', 'some', 'some', 'all', 'almost none', 'none', 'few', 'many', 'few', 'most', 'most', 'many', 'almost all', 'few', 'most', 'many', 'the smaller part', 'almost none', 'few']"
2952,data/images/quantifier/test_2952.png,"['none', 'few', 'all', 'few', 'none', 'some', 'almost none', 'some', 'none', 'few', 'all', 'the smaller part', 'some', 'most', 'some', 'almost all', 'some', 'almost all', 'the smaller part', 'few', 'some', 'all', 'few', 'most', 'the smaller part', 'some', 'some', 'some', 'most', 'almost all', 'most', 'almost all', 'many', 'none', 'all', 'some', 'some', 'some', 'all', 'some']"
2953,data/images/quantifier/test_2953.png,"['some', 'few', 'the smaller part', 'some', 'many', 'all', 'almost none', 'few', 'most', 'few', 'almost all', 'the smaller part', 'almost none', 'almost all', 'few', 'some', 'almost all', 'most', 'some', 'some', 'few', 'all', 'all', 'some', 'almost all', 'some', 'almost none', 'few', 'some', 'few', 'almost none', 'most', 'the smaller part', 'almost all', 'few', 'all', 'almost all', 'many', 'the smaller part', 'many']"
2962,data/images/quantifier/test_2962.png,"['some', 'most', 'some', 'most', 'almost none', 'none', 'many', 'almost none', 'some', 'almost none', 'some', 'few', 'few', 'some', 'few', 'the smaller part', 'none', 'most', 'all', 'almost none', 'some', 'few', 'none', 'some', 'the smaller part', 'few', 'none', 'almost all', 'all', 'some', 'few', 'none', 'almost all', 'some', 'some', 'most', 'all', 'some', 'none', 'some']"
2969,data/images/quantifier/test_2969.png,"['the smaller part', 'some', 'some', 'many', 'few', 'almost all', 'almost none', 'some', 'all', 'many', 'many', 'some', 'some', 'few', 'many', 'some', 'many', 'almost all', 'most', 'almost none', 'all', 'many', 'few', 'some', 'all', 'all', 'some', 'almost all', 'almost none', 'almost all', 'many', 'some', 'some', 'some', 'few', 'almost none', 'few', 'all', 'all', 'few']"
2970,data/images/quantifier/test_2970.png,"['few', 'almost all', 'many', 'few', 'some', 'some', 'some', 'all', 'many', 'few', 'most', 'some', 'some', 'all', 'some', 'almost all', 'some', 'almost all', 'almost all', 'few', 'some', 'none', 'many', 'some', 'some', 'all', 'some', 'some', 'some', 'most', 'some', 'some', 'most', 'many', 'none', 'almost none', 'the smaller part', 'all', 'some', 'none']"
2972,data/images/quantifier/test_2972.png,"['almost none', 'all', 'almost none', 'most', 'most', 'some', 'some', 'many', 'some', 'few', 'all', 'few', 'the smaller part', 'many', 'the smaller part', 'almost all', 'most', 'almost all', 'all', 'none', 'most', 'some', 'few', 'some', 'some', 'almost all', 'many', 'many', 'few', 'some', 'many', 'some', 'most', 'some', 'many', 'many', 'some', 'many', 'most', 'few']"
2986,data/images/quantifier/test_2986.png,"['some', 'some', 'some', 'some', 'the smaller part', 'few', 'some', 'some', 'none', 'almost all', 'most', 'all', 'many', 'almost all', 'almost none', 'none', 'many', 'some', 'all', 'almost all', 'some', 'many', 'none', 'some', 'few', 'all', 'some', 'some', 'some', 'many', 'few', 'almost all', 'some', 'many', 'many', 'some', 'almost none', 'most', 'some', 'most']"
2987,data/images/quantifier/test_2987.png,"['many', 'all', 'few', 'all', 'few', 'almost none', 'many', 'few', 'some', 'some', 'some', 'many', 'few', 'few', 'almost none', 'all', 'almost none', 'few', 'almost all', 'some', 'none', 'some', 'almost all', 'many', 'some', 'some', 'some', 'all', 'all', 'few', 'all', 'all', 'all', 'many', 'almost none', 'the smaller part', 'some', 'almost none', 'some', 'many']"
2992,data/images/quantifier/test_2992.png,"['most', 'almost none', 'some', 'almost all', 'many', 'most', 'few', 'almost none', 'some', 'many', 'none', 'many', 'few', 'none', 'none', 'some', 'few', 'some', 'none', 'almost all', 'some', 'some', 'none', 'few', 'some', 'some', 'many', 'many', 'few', 'few', 'some', 'most', 'almost all', 'some', 'some', 'few', 'some', 'few', 'almost none', 'some']"
2999,data/images/quantifier/test_2999.png,"['some', 'almost none', 'some', 'almost none', 'many', 'all', 'some', 'some', 'few', 'almost none', 'some', 'many', 'none', 'few', 'some', 'none', 'almost none', 'some', 'most', 'few', 'many', 'all', 'many', 'some', 'few', 'some', 'few', 'many', 'many', 'some', 'some', 'some', 'some', 'few', 'many', 'the smaller part', 'some', 'most', 'most', 'many']"
3000,data/images/quantifier/test_3000.png,"['many', 'many', 'all', 'few', 'almost all', 'some', 'many', 'few', 'many', 'almost none', 'many', 'some', 'some', 'almost none', 'most', 'few', 'many', 'many', 'all', 'some', 'almost none', 'few', 'almost all', 'many', 'most', 'almost none', 'few', 'none', 'some', 'none', 'some', 'most', 'none', 'almost all', 'many', 'the smaller part', 'most', 'many', 'some', 'some']"
3003,data/images/quantifier/test_3003.png,"['some', 'many', 'almost none', 'almost all', 'some', 'many', 'most', 'most', 'some', 'some', 'some', 'some', 'few', 'many', 'the smaller part', 'some', 'some', 'few', 'some', 'some', 'some', 'few', 'most', 'all', 'almost none', 'the smaller part', 'many', 'most', 'many', 'most', 'some', 'many', 'few', 'all', 'some', 'the smaller part', 'many', 'almost all', 'few', 'few']"
3006,data/images/quantifier/test_3006.png,"['the smaller part', 'many', 'many', 'almost all', 'almost none', 'some', 'almost none', 'most', 'all', 'few', 'few', 'none', 'few', 'some', 'some', 'almost none', 'almost none', 'the smaller part', 'many', 'none', 'many', 'none', 'almost none', 'none', 'some', 'the smaller part', 'none', 'few', 'most', 'almost none', 'all', 'almost none', 'many', 'most', 'the smaller part', 'few', 'few', 'none', 'the smaller part', 'almost all']"
3009,data/images/quantifier/test_3009.png,"['almost all', 'some', 'almost all', 'few', 'all', 'some', 'few', 'almost none', 'some', 'almost none', 'all', 'all', 'few', 'all', 'some', 'most', 'some', 'some', 'none', 'many', 'some', 'almost all', 'few', 'all', 'some', 'some', 'some', 'many', 'all', 'most', 'all', 'many', 'almost all', 'almost none', 'the smaller part', 'many', 'most', 'all', 'some', 'some']"
3010,data/images/quantifier/test_3010.png,"['many', 'almost all', 'almost none', 'almost none', 'few', 'almost none', 'some', 'many', 'all', 'few', 'few', 'none', 'some', 'almost all', 'the smaller part', 'some', 'most', 'many', 'some', 'few', 'some', 'most', 'almost all', 'none', 'some', 'few', 'many', 'few', 'few', 'none', 'none', 'some', 'the smaller part', 'almost none', 'the smaller part', 'few', 'almost all', 'almost all', 'few', 'many']"
3011,data/images/quantifier/test_3011.png,"['almost none', 'few', 'few', 'some', 'all', 'almost none', 'almost all', 'some', 'almost all', 'few', 'some', 'all', 'almost all', 'some', 'all', 'many', 'none', 'none', 'none', 'almost all', 'none', 'some', 'some', 'some', 'almost none', 'some', 'many', 'many', 'none', 'some', 'many', 'some', 'few', 'almost none', 'none', 'almost all', 'few', 'none', 'many', 'almost none']"
3012,data/images/quantifier/test_3012.png,"['few', 'some', 'many', 'almost all', 'all', 'few', 'almost none', 'few', 'some', 'few', 'many', 'many', 'many', 'almost all', 'some', 'some', 'almost all', 'some', 'some', 'many', 'few', 'some', 'some', 'almost all', 'most', 'many', 'the smaller part', 'many', 'all', 'many', 'some', 'few', 'many', 'many', 'almost none', 'many', 'all', 'most', 'some', 'almost all']"
3023,data/images/quantifier/test_3023.png,"['all', 'some', 'almost all', 'many', 'the smaller part', 'many', 'some', 'some', 'the smaller part', 'some', 'many', 'almost none', 'almost none', 'some', 'almost all', 'some', 'some', 'all', 'many', 'some', 'most', 'almost none', 'none', 'few', 'almost all', 'the smaller part', 'all', 'some', 'few', 'many', 'some', 'none', 'some', 'most', 'none', 'almost none', 'few', 'most', 'almost none', 'most']"
3025,data/images/quantifier/test_3025.png,"['few', 'some', 'almost all', 'most', 'none', 'many', 'all', 'the smaller part', 'almost none', 'many', 'the smaller part', 'almost none', 'some', 'many', 'almost all', 'many', 'all', 'all', 'some', 'some', 'all', 'none', 'many', 'the smaller part', 'many', 'almost all', 'many', 'the smaller part', 'none', 'most', 'many', 'few', 'many', 'some', 'all', 'the smaller part', 'none', 'few', 'many', 'some']"
3031,data/images/quantifier/test_3031.png,"['most', 'the smaller part', 'many', 'few', 'many', 'some', 'all', 'many', 'few', 'some', 'some', 'all', 'many', 'some', 'almost all', 'few', 'some', 'many', 'most', 'few', 'many', 'some', 'few', 'some', 'some', 'few', 'many', 'most', 'most', 'all', 'few', 'most', 'some', 'some', 'many', 'some', 'most', 'none', 'most', 'few']"
3035,data/images/quantifier/test_3035.png,"['many', 'all', 'the smaller part', 'few', 'many', 'all', 'all', 'almost none', 'few', 'some', 'some', 'few', 'some', 'the smaller part', 'few', 'the smaller part', 'few', 'all', 'all', 'few', 'some', 'the smaller part', 'some', 'many', 'all', 'some', 'many', 'few', 'the smaller part', 'few', 'some', 'few', 'some', 'almost all', 'most', 'some', 'none', 'none', 'the smaller part', 'few']"
3038,data/images/quantifier/test_3038.png,"['some', 'almost none', 'none', 'some', 'many', 'almost none', 'almost none', 'most', 'all', 'many', 'many', 'some', 'some', 'few', 'some', 'many', 'many', 'some', 'none', 'all', 'few', 'almost all', 'almost none', 'most', 'almost none', 'almost all', 'some', 'most', 'some', 'all', 'all', 'few', 'some', 'many', 'none', 'some', 'some', 'few', 'few', 'many']"
3040,data/images/quantifier/test_3040.png,"['some', 'almost none', 'almost all', 'almost all', 'some', 'almost none', 'none', 'almost all', 'some', 'all', 'the smaller part', 'some', 'some', 'some', 'few', 'many', 'almost all', 'few', 'some', 'none', 'many', 'some', 'some', 'many', 'few', 'few', 'the smaller part', 'the smaller part', 'some', 'few', 'few', 'some', 'some', 'few', 'almost none', 'some', 'many', 'some', 'all', 'almost none']"
3041,data/images/quantifier/test_3041.png,"['few', 'none', 'few', 'almost none', 'few', 'the smaller part', 'most', 'many', 'the smaller part', 'none', 'none', 'almost none', 'many', 'all', 'many', 'most', 'some', 'some', 'many', 'many', 'many', 'many', 'almost all', 'none', 'many', 'some', 'some', 'few', 'some', 'few', 'many', 'the smaller part', 'some', 'few', 'some', 'most', 'many', 'the smaller part', 'many', 'few']"
3047,data/images/quantifier/test_3047.png,"['some', 'some', 'few', 'few', 'some', 'almost none', 'few', 'few', 'some', 'many', 'some', 'few', 'many', 'many', 'almost all', 'some', 'few', 'almost all', 'many', 'some', 'most', 'few', 'some', 'few', 'almost none', 'many', 'none', 'few', 'many', 'few', 'some', 'almost none', 'many', 'almost all', 'many', 'none', 'some', 'some', 'many', 'almost none']"
3049,data/images/quantifier/test_3049.png,"['the smaller part', 'few', 'many', 'many', 'almost all', 'the smaller part', 'many', 'all', 'few', 'some', 'all', 'some', 'many', 'many', 'few', 'few', 'none', 'the smaller part', 'many', 'many', 'some', 'many', 'most', 'almost all', 'all', 'all', 'almost all', 'few', 'none', 'some', 'some', 'few', 'most', 'some', 'almost all', 'almost none', 'few', 'some', 'some', 'all']"
3051,data/images/quantifier/test_3051.png,"['many', 'few', 'most', 'none', 'almost none', 'some', 'all', 'the smaller part', 'the smaller part', 'almost none', 'some', 'none', 'some', 'almost all', 'almost all', 'some', 'most', 'all', 'none', 'none', 'almost none', 'many', 'some', 'most', 'some', 'few', 'the smaller part', 'none', 'none', 'none', 'none', 'many', 'most', 'the smaller part', 'many', 'the smaller part', 'most', 'the smaller part', 'many', 'many']"
3057,data/images/quantifier/test_3057.png,"['all', 'few', 'many', 'almost all', 'most', 'few', 'few', 'few', 'few', 'almost none', 'some', 'all', 'few', 'all', 'many', 'almost none', 'the smaller part', 'the smaller part', 'none', 'almost all', 'few', 'all', 'the smaller part', 'all', 'many', 'most', 'almost none', 'none', 'few', 'many', 'some', 'some', 'almost none', 'all', 'almost all', 'all', 'some', 'none', 'many', 'most']"
3058,data/images/quantifier/test_3058.png,"['almost none', 'almost all', 'few', 'some', 'all', 'some', 'most', 'most', 'few', 'some', 'some', 'some', 'all', 'few', 'some', 'some', 'almost none', 'many', 'all', 'few', 'none', 'some', 'some', 'all', 'some', 'all', 'most', 'almost none', 'almost all', 'few', 'all', 'few', 'almost all', 'all', 'all', 'some', 'some', 'all', 'all', 'some']"
3063,data/images/quantifier/test_3063.png,"['some', 'none', 'some', 'almost all', 'some', 'almost none', 'many', 'all', 'many', 'many', 'none', 'all', 'all', 'few', 'all', 'all', 'all', 'most', 'the smaller part', 'the smaller part', 'some', 'some', 'few', 'almost all', 'most', 'few', 'none', 'some', 'some', 'most', 'some', 'some', 'many', 'most', 'some', 'some', 'many', 'most', 'many', 'many']"
3066,data/images/quantifier/test_3066.png,"['some', 'many', 'almost all', 'the smaller part', 'almost all', 'all', 'almost all', 'few', 'some', 'few', 'some', 'none', 'all', 'many', 'all', 'some', 'many', 'many', 'most', 'many', 'almost all', 'most', 'almost all', 'all', 'some', 'few', 'some', 'the smaller part', 'many', 'many', 'most', 'some', 'the smaller part', 'almost none', 'the smaller part', 'some', 'some', 'some', 'none', 'the smaller part']"
3069,data/images/quantifier/test_3069.png,"['few', 'almost all', 'the smaller part', 'almost none', 'some', 'many', 'many', 'almost none', 'all', 'all', 'few', 'some', 'all', 'some', 'almost none', 'some', 'some', 'many', 'all', 'some', 'all', 'none', 'all', 'most', 'none', 'almost all', 'many', 'some', 'some', 'most', 'none', 'the smaller part', 'all', 'none', 'few', 'none', 'almost none', 'none', 'most', 'many']"
3074,data/images/quantifier/test_3074.png,"['many', 'all', 'most', 'many', 'all', 'many', 'almost none', 'many', 'some', 'none', 'none', 'almost all', 'all', 'all', 'some', 'some', 'almost all', 'almost none', 'some', 'none', 'most', 'some', 'none', 'few', 'some', 'many', 'some', 'almost all', 'few', 'some', 'some', 'almost none', 'most', 'some', 'most', 'few', 'some', 'all', 'all', 'almost none']"
3076,data/images/quantifier/test_3076.png,"['some', 'many', 'some', 'some', 'all', 'few', 'almost all', 'almost none', 'some', 'few', 'most', 'many', 'many', 'some', 'all', 'none', 'some', 'some', 'almost all', 'few', 'almost none', 'some', 'the smaller part', 'some', 'many', 'some', 'some', 'none', 'most', 'some', 'many', 'few', 'almost all', 'few', 'few', 'some', 'all', 'many', 'some', 'none']"
3079,data/images/quantifier/test_3079.png,"['some', 'almost all', 'most', 'few', 'the smaller part', 'some', 'almost all', 'some', 'most', 'none', 'all', 'some', 'some', 'many', 'few', 'some', 'most', 'many', 'many', 'all', 'few', 'some', 'few', 'some', 'some', 'almost all', 'almost none', 'almost all', 'some', 'the smaller part', 'some', 'some', 'none', 'almost all', 'all', 'most', 'few', 'none', 'all', 'all']"
3087,data/images/quantifier/test_3087.png,"['almost none', 'many', 'many', 'many', 'few', 'many', 'some', 'some', 'none', 'many', 'some', 'almost none', 'some', 'almost all', 'all', 'none', 'many', 'almost all', 'few', 'the smaller part', 'some', 'few', 'all', 'almost all', 'few', 'some', 'all', 'most', 'few', 'almost all', 'the smaller part', 'many', 'most', 'few', 'many', 'almost none', 'almost all', 'most', 'all', 'none']"
3089,data/images/quantifier/test_3089.png,"['few', 'many', 'many', 'some', 'many', 'almost none', 'the smaller part', 'all', 'few', 'few', 'most', 'some', 'some', 'some', 'many', 'the smaller part', 'some', 'some', 'all', 'most', 'almost all', 'some', 'some', 'many', 'few', 'some', 'none', 'some', 'some', 'few', 'most', 'none', 'the smaller part', 'few', 'few', 'almost all', 'many', 'all', 'almost none', 'all']"
3097,data/images/quantifier/test_3097.png,"['some', 'most', 'few', 'some', 'many', 'all', 'some', 'some', 'some', 'few', 'few', 'few', 'many', 'all', 'few', 'almost all', 'many', 'some', 'almost none', 'few', 'some', 'all', 'almost none', 'some', 'all', 'all', 'almost none', 'all', 'some', 'few', 'some', 'few', 'few', 'most', 'some', 'most', 'almost none', 'many', 'many', 'few']"
3098,data/images/quantifier/test_3098.png,"['many', 'some', 'some', 'almost none', 'most', 'the smaller part', 'some', 'almost all', 'most', 'few', 'all', 'some', 'some', 'almost none', 'almost all', 'many', 'almost all', 'few', 'all', 'all', 'few', 'almost all', 'the smaller part', 'many', 'none', 'few', 'many', 'most', 'most', 'most', 'many', 'none', 'all', 'some', 'few', 'most', 'few', 'many', 'most', 'some']"
3108,data/images/quantifier/test_3108.png,"['few', 'some', 'few', 'some', 'few', 'some', 'almost none', 'many', 'all', 'almost none', 'few', 'none', 'some', 'some', 'all', 'none', 'almost none', 'many', 'all', 'some', 'almost none', 'many', 'some', 'almost all', 'the smaller part', 'most', 'many', 'few', 'many', 'all', 'some', 'the smaller part', 'the smaller part', 'some', 'many', 'many', 'almost none', 'many', 'most', 'most']"
3112,data/images/quantifier/test_3112.png,"['few', 'some', 'some', 'few', 'many', 'all', 'all', 'some', 'some', 'some', 'almost all', 'all', 'all', 'some', 'some', 'many', 'many', 'some', 'almost none', 'almost all', 'almost all', 'the smaller part', 'some', 'almost none', 'almost all', 'none', 'almost all', 'the smaller part', 'almost all', 'few', 'many', 'many', 'most', 'few', 'few', 'some', 'almost all', 'all', 'most', 'some']"
3113,data/images/quantifier/test_3113.png,"['many', 'many', 'all', 'many', 'many', 'almost none', 'none', 'many', 'almost all', 'most', 'many', 'almost all', 'all', 'all', 'the smaller part', 'few', 'most', 'none', 'none', 'the smaller part', 'most', 'some', 'none', 'none', 'many', 'almost none', 'almost all', 'many', 'none', 'none', 'most', 'many', 'most', 'few', 'some', 'many', 'many', 'many', 'the smaller part', 'many']"
3116,data/images/quantifier/test_3116.png,"['all', 'many', 'some', 'few', 'some', 'many', 'most', 'almost all', 'some', 'few', 'all', 'the smaller part', 'some', 'all', 'few', 'some', 'the smaller part', 'many', 'none', 'some', 'many', 'almost all', 'some', 'none', 'almost none', 'many', 'many', 'some', 'almost all', 'many', 'almost all', 'some', 'all', 'almost all', 'some', 'all', 'some', 'many', 'most', 'some']"
3120,data/images/quantifier/test_3120.png,"['all', 'some', 'all', 'all', 'almost all', 'some', 'all', 'some', 'some', 'many', 'few', 'many', 'some', 'none', 'many', 'none', 'all', 'almost all', 'almost none', 'almost none', 'none', 'few', 'all', 'few', 'most', 'some', 'some', 'many', 'few', 'almost all', 'all', 'none', 'many', 'many', 'many', 'almost all', 'some', 'many', 'almost all', 'many']"
3122,data/images/quantifier/test_3122.png,"['many', 'some', 'some', 'almost all', 'most', 'all', 'few', 'most', 'most', 'few', 'some', 'none', 'many', 'none', 'all', 'all', 'all', 'all', 'some', 'many', 'some', 'almost all', 'all', 'some', 'few', 'all', 'some', 'all', 'some', 'almost all', 'few', 'none', 'all', 'some', 'the smaller part', 'some', 'few', 'none', 'many', 'almost none']"
3123,data/images/quantifier/test_3123.png,"['some', 'most', 'most', 'many', 'many', 'some', 'many', 'some', 'few', 'none', 'the smaller part', 'many', 'all', 'few', 'some', 'many', 'few', 'all', 'many', 'all', 'some', 'some', 'few', 'almost none', 'some', 'some', 'many', 'some', 'most', 'many', 'many', 'some', 'the smaller part', 'the smaller part', 'most', 'few', 'all', 'many', 'many', 'many']"
3124,data/images/quantifier/test_3124.png,"['the smaller part', 'almost all', 'some', 'many', 'some', 'all', 'some', 'most', 'almost none', 'none', 'many', 'most', 'almost all', 'many', 'all', 'many', 'none', 'all', 'the smaller part', 'few', 'all', 'the smaller part', 'some', 'many', 'some', 'few', 'most', 'few', 'few', 'some', 'none', 'many', 'many', 'the smaller part', 'many', 'many', 'many', 'many', 'almost all', 'some']"
3126,data/images/quantifier/test_3126.png,"['most', 'none', 'few', 'almost all', 'many', 'none', 'some', 'none', 'some', 'few', 'most', 'all', 'some', 'many', 'the smaller part', 'some', 'all', 'almost all', 'none', 'most', 'few', 'all', 'many', 'some', 'few', 'some', 'some', 'some', 'few', 'all', 'most', 'most', 'the smaller part', 'most', 'few', 'almost none', 'many', 'many', 'almost all', 'some']"
3133,data/images/quantifier/test_3133.png,"['all', 'the smaller part', 'many', 'all', 'some', 'most', 'some', 'some', 'many', 'some', 'many', 'all', 'all', 'almost none', 'almost all', 'some', 'almost all', 'most', 'some', 'few', 'all', 'some', 'almost none', 'some', 'almost none', 'some', 'few', 'the smaller part', 'some', 'many', 'almost all', 'some', 'almost all', 'all', 'none', 'some', 'few', 'almost none', 'many', 'almost all']"
3134,data/images/quantifier/test_3134.png,"['some', 'all', 'some', 'few', 'almost all', 'almost none', 'most', 'some', 'the smaller part', 'none', 'few', 'few', 'some', 'few', 'some', 'almost all', 'some', 'some', 'some', 'few', 'almost all', 'some', 'most', 'some', 'some', 'few', 'the smaller part', 'all', 'almost all', 'some', 'almost all', 'few', 'many', 'almost all', 'almost all', 'almost all', 'none', 'all', 'almost none', 'some']"
3145,data/images/quantifier/test_3145.png,"['all', 'some', 'almost all', 'few', 'few', 'the smaller part', 'all', 'the smaller part', 'the smaller part', 'few', 'some', 'many', 'few', 'some', 'many', 'many', 'many', 'many', 'all', 'none', 'many', 'some', 'almost all', 'almost none', 'some', 'the smaller part', 'many', 'many', 'almost none', 'some', 'some', 'many', 'few', 'all', 'many', 'none', 'almost none', 'some', 'the smaller part', 'the smaller part']"
3154,data/images/quantifier/test_3154.png,"['some', 'all', 'none', 'none', 'all', 'the smaller part', 'few', 'all', 'almost all', 'few', 'some', 'the smaller part', 'some', 'the smaller part', 'almost none', 'some', 'some', 'many', 'few', 'few', 'all', 'some', 'some', 'some', 'all', 'some', 'few', 'the smaller part', 'some', 'almost none', 'few', 'some', 'some', 'some', 'some', 'some', 'almost none', 'most', 'many', 'many']"
3158,data/images/quantifier/test_3158.png,"['some', 'the smaller part', 'many', 'some', 'the smaller part', 'some', 'some', 'most', 'many', 'all', 'almost all', 'some', 'none', 'all', 'almost all', 'many', 'most', 'almost none', 'some', 'few', 'few', 'the smaller part', 'some', 'most', 'none', 'some', 'almost all', 'almost all', 'most', 'many', 'many', 'some', 'most', 'many', 'the smaller part', 'some', 'few', 'none', 'few', 'some']"
3159,data/images/quantifier/test_3159.png,"['many', 'many', 'all', 'some', 'few', 'many', 'almost all', 'almost all', 'many', 'some', 'some', 'none', 'none', 'few', 'none', 'some', 'none', 'some', 'the smaller part', 'most', 'most', 'all', 'many', 'some', 'some', 'some', 'almost all', 'none', 'the smaller part', 'all', 'most', 'many', 'most', 'the smaller part', 'the smaller part', 'many', 'the smaller part', 'some', 'some', 'many']"
3165,data/images/quantifier/test_3165.png,"['many', 'many', 'none', 'few', 'some', 'almost none', 'most', 'few', 'none', 'none', 'most', 'many', 'all', 'all', 'almost none', 'few', 'some', 'almost all', 'all', 'most', 'some', 'most', 'almost all', 'the smaller part', 'many', 'some', 'almost none', 'many', 'some', 'few', 'almost all', 'almost all', 'some', 'all', 'almost none', 'most', 'most', 'some', 'few', 'almost all']"
3166,data/images/quantifier/test_3166.png,"['almost all', 'none', 'the smaller part', 'almost none', 'all', 'all', 'some', 'few', 'few', 'some', 'none', 'few', 'some', 'some', 'many', 'some', 'none', 'some', 'all', 'all', 'few', 'most', 'many', 'some', 'many', 'most', 'some', 'most', 'all', 'most', 'almost all', 'some', 'the smaller part', 'some', 'most', 'the smaller part', 'few', 'few', 'none', 'almost none']"
3169,data/images/quantifier/test_3169.png,"['none', 'many', 'all', 'all', 'all', 'most', 'none', 'almost all', 'some', 'some', 'some', 'almost all', 'almost all', 'the smaller part', 'some', 'few', 'many', 'almost all', 'many', 'few', 'almost all', 'some', 'many', 'some', 'many', 'some', 'some', 'some', 'some', 'many', 'most', 'all', 'some', 'none', 'almost all', 'some', 'many', 'all', 'none', 'some']"
3183,data/images/quantifier/test_3183.png,"['almost all', 'some', 'few', 'all', 'none', 'many', 'some', 'none', 'many', 'all', 'almost none', 'almost all', 'few', 'some', 'few', 'some', 'many', 'none', 'many', 'many', 'almost all', 'all', 'some', 'many', 'many', 'most', 'most', 'most', 'almost all', 'some', 'almost all', 'all', 'few', 'none', 'almost all', 'many', 'all', 'the smaller part', 'some', 'almost all']"
3185,data/images/quantifier/test_3185.png,"['none', 'few', 'many', 'all', 'few', 'all', 'none', 'most', 'most', 'all', 'some', 'some', 'few', 'none', 'some', 'none', 'all', 'the smaller part', 'many', 'almost none', 'few', 'some', 'many', 'the smaller part', 'all', 'some', 'all', 'few', 'some', 'most', 'most', 'few', 'the smaller part', 'none', 'none', 'the smaller part', 'all', 'most', 'few', 'none']"
3194,data/images/quantifier/test_3194.png,"['few', 'almost all', 'some', 'many', 'some', 'almost all', 'none', 'most', 'most', 'many', 'almost none', 'none', 'all', 'almost all', 'some', 'many', 'some', 'all', 'almost none', 'most', 'all', 'many', 'some', 'many', 'few', 'some', 'some', 'none', 'many', 'some', 'some', 'some', 'almost all', 'few', 'almost none', 'all', 'some', 'most', 'many', 'some']"
3203,data/images/quantifier/test_3203.png,"['most', 'the smaller part', 'none', 'many', 'the smaller part', 'few', 'most', 'some', 'few', 'the smaller part', 'few', 'all', 'most', 'some', 'none', 'most', 'few', 'few', 'most', 'few', 'some', 'almost all', 'many', 'some', 'almost all', 'some', 'some', 'few', 'many', 'many', 'the smaller part', 'few', 'all', 'almost all', 'some', 'most', 'few', 'some', 'most', 'many']"
3205,data/images/quantifier/test_3205.png,"['almost none', 'none', 'all', 'some', 'all', 'most', 'most', 'the smaller part', 'most', 'few', 'almost all', 'some', 'almost all', 'many', 'many', 'none', 'some', 'many', 'few', 'all', 'some', 'some', 'the smaller part', 'almost all', 'almost all', 'many', 'some', 'some', 'some', 'some', 'almost all', 'all', 'all', 'all', 'all', 'some', 'many', 'few', 'few', 'all']"
3207,data/images/quantifier/test_3207.png,"['some', 'almost none', 'few', 'some', 'some', 'most', 'all', 'all', 'none', 'few', 'many', 'all', 'all', 'some', 'many', 'few', 'most', 'none', 'all', 'all', 'some', 'all', 'some', 'some', 'most', 'some', 'some', 'some', 'some', 'the smaller part', 'most', 'all', 'some', 'none', 'few', 'most', 'many', 'few', 'none', 'almost none']"
3216,data/images/quantifier/test_3216.png,"['almost all', 'many', 'some', 'many', 'all', 'many', 'many', 'almost none', 'some', 'some', 'all', 'some', 'some', 'almost none', 'some', 'almost all', 'some', 'some', 'most', 'few', 'all', 'many', 'few', 'most', 'many', 'almost all', 'almost all', 'almost all', 'almost none', 'none', 'none', 'some', 'all', 'many', 'many', 'few', 'many', 'some', 'few', 'almost none']"
3219,data/images/quantifier/test_3219.png,"['some', 'few', 'some', 'few', 'almost all', 'most', 'almost all', 'most', 'many', 'almost all', 'all', 'few', 'many', 'most', 'few', 'almost none', 'almost none', 'some', 'all', 'all', 'few', 'many', 'many', 'all', 'few', 'all', 'some', 'many', 'some', 'all', 'almost all', 'all', 'many', 'some', 'almost none', 'all', 'many', 'almost none', 'some', 'almost none']"
3225,data/images/quantifier/test_3225.png,"['many', 'some', 'few', 'some', 'some', 'many', 'many', 'all', 'many', 'few', 'some', 'few', 'none', 'most', 'almost none', 'some', 'some', 'many', 'almost all', 'some', 'almost none', 'none', 'all', 'almost all', 'few', 'some', 'the smaller part', 'none', 'none', 'most', 'most', 'many', 'all', 'few', 'almost all', 'almost none', 'some', 'some', 'almost all', 'almost none']"
3226,data/images/quantifier/test_3226.png,"['almost all', 'many', 'many', 'some', 'all', 'many', 'none', 'many', 'many', 'almost none', 'some', 'some', 'most', 'many', 'almost all', 'almost all', 'many', 'almost none', 'the smaller part', 'some', 'all', 'none', 'many', 'few', 'the smaller part', 'few', 'almost none', 'most', 'none', 'many', 'none', 'almost none', 'many', 'almost all', 'some', 'some', 'few', 'almost all', 'almost all', 'few']"
3227,data/images/quantifier/test_3227.png,"['almost all', 'some', 'almost all', 'all', 'many', 'all', 'some', 'all', 'almost all', 'some', 'few', 'some', 'all', 'few', 'few', 'few', 'many', 'many', 'all', 'some', 'many', 'many', 'some', 'almost all', 'none', 'almost all', 'none', 'all', 'almost all', 'some', 'none', 'almost all', 'almost none', 'most', 'almost all', 'some', 'many', 'some', 'the smaller part', 'some']"
3229,data/images/quantifier/test_3229.png,"['almost all', 'few', 'almost none', 'few', 'few', 'many', 'some', 'few', 'all', 'almost all', 'some', 'almost none', 'many', 'few', 'some', 'many', 'almost all', 'few', 'some', 'almost none', 'some', 'most', 'the smaller part', 'many', 'many', 'many', 'all', 'almost none', 'most', 'most', 'some', 'many', 'some', 'none', 'none', 'almost all', 'some', 'almost all', 'many', 'some']"
3232,data/images/quantifier/test_3232.png,"['some', 'all', 'few', 'some', 'all', 'all', 'almost all', 'all', 'almost none', 'some', 'most', 'some', 'the smaller part', 'almost none', 'none', 'few', 'some', 'almost all', 'some', 'few', 'some', 'most', 'many', 'many', 'few', 'many', 'many', 'few', 'some', 'many', 'most', 'some', 'some', 'many', 'few', 'many', 'almost none', 'the smaller part', 'none', 'many']"
3234,data/images/quantifier/test_3234.png,"['many', 'many', 'few', 'all', 'many', 'few', 'the smaller part', 'some', 'some', 'few', 'all', 'some', 'some', 'all', 'some', 'most', 'few', 'many', 'some', 'many', 'some', 'some', 'some', 'few', 'some', 'all', 'all', 'many', 'many', 'many', 'some', 'all', 'some', 'many', 'many', 'all', 'all', 'none', 'many', 'some']"
3237,data/images/quantifier/test_3237.png,"['all', 'most', 'many', 'few', 'almost none', 'some', 'none', 'some', 'many', 'almost all', 'almost all', 'all', 'few', 'most', 'most', 'some', 'many', 'all', 'all', 'all', 'almost none', 'many', 'none', 'some', 'few', 'some', 'few', 'few', 'some', 'some', 'almost all', 'all', 'all', 'almost none', 'almost none', 'many', 'some', 'none', 'some', 'some']"
3244,data/images/quantifier/test_3244.png,"['some', 'many', 'almost all', 'almost none', 'few', 'many', 'all', 'some', 'few', 'few', 'few', 'most', 'many', 'the smaller part', 'few', 'almost none', 'almost none', 'none', 'few', 'few', 'many', 'some', 'some', 'some', 'all', 'almost all', 'none', 'few', 'some', 'most', 'some', 'few', 'almost all', 'some', 'the smaller part', 'many', 'most', 'none', 'some', 'all']"
3250,data/images/quantifier/test_3250.png,"['all', 'many', 'the smaller part', 'all', 'few', 'some', 'most', 'some', 'almost all', 'some', 'few', 'few', 'few', 'most', 'some', 'some', 'few', 'almost none', 'many', 'many', 'many', 'most', 'most', 'many', 'some', 'almost all', 'few', 'few', 'almost all', 'some', 'some', 'some', 'most', 'some', 'some', 'some', 'some', 'few', 'some', 'all']"
3254,data/images/quantifier/test_3254.png,"['many', 'almost all', 'some', 'almost none', 'none', 'many', 'all', 'some', 'some', 'almost none', 'many', 'many', 'some', 'few', 'most', 'some', 'many', 'few', 'some', 'none', 'many', 'some', 'all', 'many', 'almost none', 'some', 'some', 'some', 'some', 'the smaller part', 'some', 'many', 'some', 'most', 'some', 'many', 'few', 'some', 'many', 'almost all']"
3255,data/images/quantifier/test_3255.png,"['none', 'all', 'many', 'all', 'few', 'many', 'some', 'most', 'some', 'all', 'many', 'none', 'some', 'few', 'some', 'few', 'all', 'all', 'almost none', 'most', 'some', 'few', 'few', 'the smaller part', 'some', 'most', 'some', 'many', 'some', 'almost none', 'many', 'all', 'some', 'some', 'few', 'none', 'almost all', 'all', 'some', 'few']"
3258,data/images/quantifier/test_3258.png,"['all', 'almost none', 'many', 'some', 'almost none', 'almost none', 'some', 'all', 'many', 'the smaller part', 'all', 'almost none', 'most', 'many', 'many', 'the smaller part', 'almost all', 'almost all', 'some', 'the smaller part', 'some', 'few', 'none', 'most', 'almost all', 'none', 'many', 'all', 'the smaller part', 'all', 'most', 'some', 'almost all', 'some', 'many', 'most', 'almost all', 'few', 'many', 'all']"
3259,data/images/quantifier/test_3259.png,"['many', 'many', 'almost none', 'almost all', 'some', 'some', 'the smaller part', 'all', 'many', 'all', 'some', 'most', 'the smaller part', 'almost none', 'all', 'many', 'most', 'few', 'few', 'some', 'some', 'few', 'many', 'none', 'some', 'all', 'all', 'almost all', 'the smaller part', 'some', 'many', 'most', 'almost none', 'almost none', 'some', 'all', 'almost all', 'none', 'most', 'many']"
3263,data/images/quantifier/test_3263.png,"['few', 'all', 'some', 'none', 'most', 'many', 'many', 'some', 'some', 'few', 'almost all', 'most', 'almost all', 'few', 'almost all', 'many', 'some', 'most', 'most', 'some', 'almost none', 'some', 'few', 'almost none', 'few', 'all', 'some', 'some', 'many', 'almost all', 'many', 'many', 'some', 'many', 'many', 'some', 'none', 'almost all', 'most', 'almost all']"
3266,data/images/quantifier/test_3266.png,"['few', 'some', 'many', 'few', 'many', 'few', 'some', 'some', 'almost none', 'few', 'some', 'almost all', 'the smaller part', 'some', 'all', 'none', 'the smaller part', 'none', 'some', 'few', 'almost all', 'some', 'all', 'some', 'all', 'many', 'few', 'some', 'the smaller part', 'the smaller part', 'few', 'some', 'many', 'some', 'some', 'some', 'some', 'almost none', 'most', 'almost all']"
3268,data/images/quantifier/test_3268.png,"['most', 'few', 'some', 'most', 'almost all', 'all', 'some', 'all', 'some', 'the smaller part', 'none', 'many', 'all', 'almost none', 'many', 'some', 'all', 'most', 'most', 'almost none', 'almost none', 'none', 'most', 'few', 'almost none', 'many', 'most', 'most', 'most', 'the smaller part', 'many', 'some', 'many', 'all', 'some', 'few', 'some', 'none', 'none', 'many']"
3270,data/images/quantifier/test_3270.png,"['some', 'some', 'some', 'some', 'almost none', 'none', 'many', 'some', 'some', 'some', 'almost none', 'most', 'many', 'almost all', 'all', 'few', 'all', 'the smaller part', 'many', 'all', 'some', 'almost none', 'some', 'the smaller part', 'almost none', 'all', 'the smaller part', 'the smaller part', 'the smaller part', 'many', 'some', 'few', 'the smaller part', 'some', 'most', 'some', 'many', 'most', 'all', 'none']"
3273,data/images/quantifier/test_3273.png,"['few', 'some', 'some', 'many', 'almost all', 'many', 'almost all', 'few', 'some', 'almost all', 'some', 'all', 'none', 'almost all', 'the smaller part', 'almost all', 'none', 'some', 'few', 'many', 'none', 'few', 'many', 'almost all', 'most', 'almost all', 'some', 'few', 'some', 'none', 'all', 'almost all', 'many', 'almost none', 'almost all', 'some', 'all', 'few', 'few', 'some']"
3280,data/images/quantifier/test_3280.png,"['all', 'none', 'many', 'few', 'many', 'none', 'few', 'some', 'many', 'almost all', 'many', 'many', 'almost all', 'most', 'most', 'almost none', 'most', 'many', 'none', 'the smaller part', 'some', 'some', 'the smaller part', 'the smaller part', 'many', 'most', 'many', 'none', 'some', 'many', 'many', 'some', 'few', 'the smaller part', 'almost none', 'few', 'few', 'some', 'few', 'all']"
3293,data/images/quantifier/test_3293.png,"['none', 'some', 'almost none', 'some', 'all', 'some', 'many', 'some', 'some', 'none', 'almost all', 'all', 'some', 'most', 'few', 'some', 'many', 'some', 'none', 'the smaller part', 'some', 'the smaller part', 'almost none', 'all', 'most', 'some', 'some', 'all', 'almost all', 'some', 'almost none', 'most', 'all', 'almost all', 'many', 'almost none', 'some', 'few', 'almost none', 'few']"
3302,data/images/quantifier/test_3302.png,"['some', 'some', 'some', 'some', 'many', 'some', 'most', 'none', 'almost all', 'almost all', 'some', 'many', 'many', 'the smaller part', 'all', 'almost all', 'many', 'many', 'few', 'all', 'almost none', 'the smaller part', 'most', 'some', 'few', 'some', 'some', 'some', 'few', 'few', 'few', 'all', 'some', 'almost all', 'some', 'almost all', 'almost all', 'few', 'the smaller part', 'some']"
3305,data/images/quantifier/test_3305.png,"['all', 'almost none', 'none', 'some', 'few', 'many', 'many', 'some', 'few', 'some', 'almost all', 'none', 'most', 'most', 'some', 'the smaller part', 'some', 'all', 'few', 'some', 'almost all', 'many', 'many', 'some', 'none', 'the smaller part', 'none', 'none', 'some', 'the smaller part', 'some', 'almost all', 'almost none', 'some', 'none', 'most', 'some', 'all', 'few', 'few']"
3307,data/images/quantifier/test_3307.png,"['many', 'almost all', 'few', 'few', 'few', 'few', 'few', 'few', 'few', 'few', 'none', 'some', 'some', 'some', 'none', 'many', 'some', 'all', 'many', 'none', 'few', 'almost all', 'many', 'many', 'none', 'many', 'most', 'all', 'all', 'most', 'most', 'many', 'none', 'many', 'many', 'many', 'the smaller part', 'almost all', 'few', 'some']"
3313,data/images/quantifier/test_3313.png,"['the smaller part', 'some', 'all', 'many', 'the smaller part', 'almost all', 'some', 'most', 'none', 'few', 'some', 'all', 'few', 'some', 'the smaller part', 'some', 'none', 'most', 'some', 'some', 'many', 'some', 'all', 'some', 'some', 'some', 'few', 'many', 'few', 'many', 'some', 'all', 'some', 'some', 'some', 'almost none', 'all', 'many', 'most', 'none']"
3314,data/images/quantifier/test_3314.png,"['some', 'most', 'many', 'most', 'few', 'none', 'all', 'many', 'some', 'few', 'some', 'all', 'most', 'all', 'the smaller part', 'many', 'few', 'many', 'almost none', 'none', 'almost none', 'none', 'none', 'many', 'all', 'some', 'almost all', 'many', 'most', 'almost all', 'most', 'almost all', 'almost all', 'most', 'most', 'most', 'all', 'few', 'many', 'all']"
3317,data/images/quantifier/test_3317.png,"['almost all', 'some', 'most', 'most', 'all', 'some', 'all', 'almost none', 'most', 'many', 'none', 'many', 'most', 'most', 'some', 'few', 'almost none', 'all', 'almost all', 'almost all', 'many', 'almost none', 'all', 'some', 'some', 'almost all', 'almost all', 'some', 'all', 'some', 'some', 'all', 'many', 'none', 'all', 'some', 'few', 'few', 'most', 'all']"
3318,data/images/quantifier/test_3318.png,"['none', 'some', 'almost none', 'the smaller part', 'some', 'all', 'almost none', 'most', 'none', 'some', 'none', 'some', 'many', 'many', 'some', 'all', 'almost none', 'the smaller part', 'the smaller part', 'many', 'many', 'all', 'some', 'all', 'some', 'some', 'all', 'few', 'some', 'some', 'few', 'almost none', 'many', 'many', 'all', 'most', 'some', 'some', 'many', 'some']"
3329,data/images/quantifier/test_3329.png,"['some', 'most', 'some', 'none', 'few', 'almost all', 'the smaller part', 'almost none', 'most', 'almost none', 'some', 'few', 'few', 'some', 'many', 'none', 'all', 'almost none', 'almost none', 'almost all', 'none', 'few', 'few', 'some', 'many', 'all', 'all', 'all', 'many', 'almost none', 'none', 'some', 'almost none', 'some', 'some', 'many', 'all', 'many', 'some', 'some']"
3333,data/images/quantifier/test_3333.png,"['all', 'almost all', 'many', 'almost all', 'all', 'many', 'almost none', 'the smaller part', 'few', 'all', 'few', 'some', 'most', 'some', 'few', 'all', 'few', 'many', 'some', 'almost none', 'none', 'some', 'few', 'some', 'none', 'almost all', 'almost none', 'few', 'few', 'few', 'almost all', 'some', 'most', 'some', 'many', 'many', 'some', 'most', 'some', 'almost none']"
3334,data/images/quantifier/test_3334.png,"['many', 'some', 'all', 'some', 'many', 'the smaller part', 'almost none', 'some', 'almost all', 'few', 'almost all', 'few', 'most', 'most', 'none', 'some', 'some', 'almost all', 'almost all', 'few', 'many', 'some', 'most', 'many', 'few', 'almost none', 'some', 'many', 'some', 'few', 'most', 'all', 'some', 'some', 'most', 'some', 'some', 'many', 'most', 'almost all']"
3335,data/images/quantifier/test_3335.png,"['the smaller part', 'almost none', 'almost all', 'most', 'few', 'many', 'some', 'many', 'some', 'few', 'all', 'some', 'many', 'many', 'none', 'some', 'most', 'almost all', 'all', 'none', 'all', 'most', 'some', 'almost none', 'all', 'few', 'some', 'some', 'almost all', 'some', 'none', 'few', 'almost all', 'some', 'almost all', 'some', 'all', 'most', 'few', 'almost none']"
3345,data/images/quantifier/test_3345.png,"['many', 'almost all', 'most', 'many', 'all', 'some', 'all', 'all', 'many', 'many', 'all', 'most', 'some', 'many', 'some', 'some', 'some', 'few', 'almost all', 'the smaller part', 'few', 'almost all', 'none', 'almost all', 'few', 'none', 'all', 'almost none', 'few', 'many', 'almost all', 'many', 'few', 'all', 'some', 'all', 'almost none', 'few', 'almost all', 'some']"
3350,data/images/quantifier/test_3350.png,"['many', 'most', 'the smaller part', 'many', 'all', 'none', 'none', 'some', 'the smaller part', 'some', 'most', 'some', 'many', 'almost none', 'almost none', 'some', 'few', 'some', 'almost all', 'few', 'few', 'none', 'some', 'many', 'some', 'none', 'almost all', 'the smaller part', 'many', 'some', 'many', 'all', 'all', 'almost none', 'some', 'few', 'the smaller part', 'some', 'almost none', 'almost all']"
3354,data/images/quantifier/test_3354.png,"['some', 'some', 'some', 'all', 'many', 'all', 'many', 'many', 'some', 'many', 'many', 'many', 'few', 'some', 'most', 'none', 'none', 'most', 'many', 'some', 'almost all', 'all', 'some', 'many', 'some', 'many', 'many', 'all', 'almost all', 'few', 'few', 'few', 'almost none', 'some', 'many', 'almost none', 'some', 'almost all', 'some', 'many']"
3358,data/images/quantifier/test_3358.png,"['the smaller part', 'some', 'few', 'some', 'some', 'all', 'some', 'all', 'few', 'few', 'some', 'none', 'almost all', 'all', 'few', 'some', 'some', 'all', 'few', 'none', 'all', 'few', 'few', 'all', 'many', 'almost all', 'none', 'many', 'some', 'some', 'many', 'many', 'most', 'almost all', 'many', 'some', 'most', 'all', 'few', 'all']"
3364,data/images/quantifier/test_3364.png,"['some', 'none', 'some', 'most', 'all', 'almost all', 'all', 'few', 'few', 'some', 'almost all', 'all', 'few', 'none', 'few', 'none', 'many', 'all', 'most', 'almost all', 'some', 'the smaller part', 'some', 'most', 'most', 'most', 'some', 'many', 'all', 'almost all', 'some', 'almost none', 'many', 'almost all', 'many', 'some', 'the smaller part', 'all', 'almost none', 'almost all']"
3367,data/images/quantifier/test_3367.png,"['many', 'many', 'many', 'the smaller part', 'almost all', 'none', 'some', 'some', 'many', 'almost all', 'all', 'most', 'some', 'some', 'some', 'almost all', 'the smaller part', 'almost all', 'most', 'many', 'few', 'most', 'few', 'some', 'some', 'most', 'almost all', 'some', 'many', 'some', 'some', 'none', 'some', 'some', 'all', 'some', 'many', 'most', 'many', 'some']"
3368,data/images/quantifier/test_3368.png,"['almost none', 'none', 'all', 'many', 'most', 'all', 'few', 'few', 'many', 'some', 'few', 'almost all', 'few', 'some', 'few', 'almost none', 'many', 'most', 'many', 'some', 'almost all', 'many', 'all', 'many', 'many', 'many', 'almost all', 'most', 'some', 'some', 'some', 'many', 'some', 'many', 'some', 'some', 'almost none', 'many', 'many', 'almost all']"
3376,data/images/quantifier/test_3376.png,"['the smaller part', 'many', 'none', 'many', 'some', 'some', 'some', 'none', 'most', 'all', 'many', 'almost none', 'some', 'the smaller part', 'most', 'some', 'some', 'some', 'few', 'some', 'many', 'some', 'some', 'few', 'the smaller part', 'almost none', 'some', 'some', 'some', 'few', 'few', 'many', 'almost all', 'some', 'few', 'most', 'all', 'the smaller part', 'many', 'almost all']"
3378,data/images/quantifier/test_3378.png,"['almost all', 'many', 'few', 'few', 'all', 'none', 'none', 'almost none', 'none', 'few', 'few', 'many', 'most', 'the smaller part', 'some', 'none', 'some', 'most', 'almost none', 'few', 'almost none', 'many', 'almost all', 'few', 'almost all', 'some', 'few', 'many', 'some', 'all', 'all', 'almost all', 'some', 'few', 'some', 'almost all', 'some', 'many', 'almost all', 'some']"
3380,data/images/quantifier/test_3380.png,"['almost none', 'almost none', 'some', 'all', 'many', 'some', 'the smaller part', 'none', 'none', 'some', 'all', 'few', 'some', 'some', 'many', 'few', 'many', 'all', 'almost none', 'almost all', 'almost all', 'some', 'almost all', 'the smaller part', 'most', 'all', 'none', 'most', 'none', 'some', 'some', 'none', 'most', 'many', 'few', 'some', 'none', 'almost all', 'many', 'the smaller part']"
3384,data/images/quantifier/test_3384.png,"['some', 'many', 'none', 'some', 'all', 'some', 'the smaller part', 'the smaller part', 'the smaller part', 'most', 'almost none', 'the smaller part', 'all', 'few', 'some', 'almost none', 'almost all', 'some', 'few', 'some', 'almost none', 'none', 'few', 'many', 'some', 'most', 'all', 'most', 'almost all', 'few', 'none', 'most', 'some', 'few', 'almost all', 'few', 'some', 'many', 'almost all', 'all']"
3385,data/images/quantifier/test_3385.png,"['almost all', 'all', 'all', 'all', 'most', 'few', 'the smaller part', 'almost all', 'some', 'most', 'none', 'many', 'all', 'all', 'the smaller part', 'some', 'few', 'some', 'all', 'almost all', 'some', 'all', 'none', 'none', 'many', 'almost all', 'almost none', 'the smaller part', 'most', 'few', 'some', 'all', 'few', 'many', 'most', 'almost none', 'few', 'few', 'most', 'all']"
3387,data/images/quantifier/test_3387.png,"['some', 'almost all', 'almost none', 'most', 'some', 'all', 'some', 'some', 'few', 'some', 'none', 'almost none', 'some', 'the smaller part', 'some', 'all', 'few', 'all', 'none', 'almost all', 'few', 'some', 'many', 'some', 'many', 'few', 'many', 'some', 'some', 'most', 'many', 'all', 'almost none', 'many', 'almost all', 'none', 'many', 'all', 'the smaller part', 'almost all']"
3394,data/images/quantifier/test_3394.png,"['most', 'the smaller part', 'few', 'almost none', 'none', 'some', 'none', 'almost none', 'few', 'most', 'some', 'few', 'few', 'the smaller part', 'few', 'most', 'few', 'almost all', 'many', 'many', 'the smaller part', 'the smaller part', 'almost none', 'few', 'few', 'few', 'most', 'some', 'most', 'few', 'few', 'almost all', 'almost all', 'some', 'many', 'some', 'almost all', 'few', 'many', 'some']"
