Unnamed: 0,vg_image_id,vg_object_id,image,link_vg,vg_obj_name,vg_domain,vg_synset,vg_same_object,vg_adequacy_mean,vg_inadequacy_type,vg_image_name,vg_cat,clusters,topname,adequacy_mean,inadequacy_type,total_responses,perc_top,H,N,domain,split,same_object,vg_bbox_xywh,mn_bbox_xywh,human_nouns,blip2_extracted_nouns,pearsonr
18193,2387724,1273336,http://manynames.upf.edu//2387724_1273336_zebra.png,https://cs.stanford.edu/people/rak248/VG_100K_2/2387724.jpg,zebra,animals_plants,ungulate.n.01,{},1.0,{'None': 1.0},2387724.jpg,animal,[{'33': ['zebra']}],zebra,{'zebra': 1.0},{'zebra': {'None': 1.0}},33,1.0,0.0,1,animals_plants,train,{'zebra': {'zebra': 1.0}},"[0, 25, 437, 234]","[0, 23, 529, 286]","{'zebra': 0.9705882352941176, 'laying': 0.0, 'zebras': 0.0, 'eyes': 0.0, 'head': 0.0, 'animal': 0.029411764705882353}","{'zebra': 0.2857142857142857, 'laying': 0.14285714285714285, 'zebras': 0.14285714285714285, 'eyes': 0.14285714285714285, 'head': 0.2857142857142857, 'animal': 0.0}",0.5222519865811731
1167,2315536,1055732,http://manynames.upf.edu//2315536_1055732_cat.png,https://cs.stanford.edu/people/rak248/VG_100K/2315536.jpg,cat,animals_plants,feline.n.01,{},1.0,{'None': 1.0},2315536.jpg,animal,"[{'32': ['cat']}, {'3': ['bag']}]",cat,"{'bag': 0.17, 'cat': 1.0}","{'bag': {'bounding box': 1.0}, 'cat': {'None': 1.0}}",32,1.0,0.0,1,animals_plants,train,"{'bag': {'bag': 1.0, 'cat': 0.0}, 'cat': {'bag': 0.0, 'cat': 1.0}}","[171, 16, 293, 318]","[197, 12, 356, 386]","{'is': 0.0, 'cat': 0.9142857142857143, 'kitten': 0.0, 'bag': 0.08571428571428572, 'purse': 0.0, 'leather': 0.0}","{'is': 0.1, 'cat': 0.3, 'kitten': 0.1, 'bag': 0.1, 'purse': 0.2, 'leather': 0.2}",0.7736875331516939
3293,2326378,2808821,http://manynames.upf.edu//2326378_2808821_sheep.png,https://cs.stanford.edu/people/rak248/VG_100K/2326378.jpg,sheep,animals_plants,ungulate.n.01,{'animal': 1.0},1.0,{'None': 1.0},2326378.jpg,animal,"[{'31': ['sheep', 'animal']}]",sheep,"{'sheep': 1.0, 'animal': 1.0}","{'sheep': {'None': 1.0}, 'animal': {'None': 1.0}}",31,0.935483870967742,0.345117314944953,2,animals_plants,train,"{'sheep': {'sheep': 1.0, 'animal': 1.0}, 'animal': {'sheep': 1.0, 'animal': 1.0}}","[127, 120, 209, 215]","[145, 136, 257, 264]","{'pant': 0.030303030303030304, 'shearing': 0.0, 'being': 0.0, 'is': 0.0, 'person': 0.0, 't-shirt': 0.030303030303030304, 'states': 0.0, 'sheep': 0.8787878787878788, 'animal': 0.06060606060606061, 'shepherd': 0.0, 'sheared': 0.0, 'man': 0.0, 's': 0.0, 'standing': 0.0}","{'pant': 0.0, 'shearing': 0.17647058823529413, 'being': 0.058823529411764705, 'is': 0.058823529411764705, 'person': 0.058823529411764705, 't-shirt': 0.0, 'states': 0.058823529411764705, 'sheep': 0.23529411764705882, 'animal': 0.0, 'shepherd': 0.058823529411764705, 'sheared': 0.058823529411764705, 'man': 0.11764705882352941, 's': 0.058823529411764705, 'standing': 0.058823529411764705}",0.6769051758462622
2950,2324227,2970972,http://manynames.upf.edu//2324227_2970972_giraffe.png,https://cs.stanford.edu/people/rak248/VG_100K/2324227.jpg,giraffe,animals_plants,ungulate.n.01,"{'animal': 0.75, 'giraffe': 1.0}",1.0,{'None': 1.0},2324227.jpg,animal,"[{'31': ['giraffe', 'animal']}]",giraffe,"{'giraffe': 1.0, 'animal': 0.88}","{'giraffe': {'None': 1.0}, 'animal': {'None': 0.8, 'other': 0.2}}",31,0.935483870967742,0.345117314944953,2,animals_plants,train,"{'giraffe': {'giraffe': 1.0, 'animal': 0.75}, 'animal': {'giraffe': 0.75, 'animal': 1.0}}","[135, 75, 138, 299]","[154, 82, 171, 363]","{'leaf': 0.0, 'giraffe': 0.9354838709677419, 'tree': 0.0, 'animal': 0.06451612903225806, 'tongue': 0.0, 'branch': 0.0, 'looking': 0.0, 'gull': 0.0}","{'leaf': 0.14285714285714285, 'giraffe': 0.2857142857142857, 'tree': 0.21428571428571427, 'animal': 0.0, 'tongue': 0.07142857142857142, 'branch': 0.14285714285714285, 'looking': 0.07142857142857142, 'gull': 0.07142857142857142}",0.67632661910105
16503,2380237,1349065,http://manynames.upf.edu//2380237_1349065_dog.png,https://cs.stanford.edu/people/rak248/VG_100K_2/2380237.jpg,dog,animals_plants,dog.n.01,{},1.0,{'None': 1.0},2380237.jpg,animal,[{'35': ['dog']}],dog,{'dog': 1.0},{'dog': {'None': 1.0}},35,1.0,0.0,1,animals_plants,train,{'dog': {'dog': 1.0}},"[41, 77, 328, 194]","[42, 85, 399, 239]","{'playing': 0.0, 'catching': 0.0, 'animal': 0.027777777777777776, 'frisbee': 0.0, 'dog': 0.9722222222222222, 'ball': 0.0}","{'playing': 0.1111111111111111, 'catching': 0.1111111111111111, 'animal': 0.0, 'frisbee': 0.3333333333333333, 'dog': 0.3333333333333333, 'ball': 0.1111111111111111}",0.5859746894138547
2711,2322899,3351088,http://manynames.upf.edu//2322899_3351088_sheep.png,https://cs.stanford.edu/people/rak248/VG_100K/2322899.jpg,sheep,animals_plants,ungulate.n.01,"{'lamb': 1.0, 'goat': 0.5, 'sheep': 1.0}",1.0,{'None': 1.0},2322899.jpg,animal,"[{'36': ['lamb', 'sheep', 'goat']}]",sheep,"{'sheep': 1.0, 'lamb': 0.88, 'goat': 0.5}","{'sheep': {'None': 1.0}, 'lamb': {'None': 0.8, 'bounding box': 0.2}, 'goat': {'visual': 1.0}}",36,0.8333333333333334,0.8030717273241024,3,animals_plants,test,"{'sheep': {'sheep': 1.0, 'lamb': 1.0, 'goat': 0.5}, 'lamb': {'sheep': 1.0, 'lamb': 1.0, 'goat': 0.5}, 'goat': {'sheep': 0.5, 'lamb': 0.5, 'goat': 1.0}}","[237, 155, 263, 177]","[276, 178, 321, 218]","{'is': 0.0, 'goat': 0.05555555555555555, 'sheep': 0.8333333333333334, 'herd': 0.0, 'lamb': 0.1111111111111111}","{'is': 0.1, 'goat': 0.0, 'sheep': 0.8, 'herd': 0.1, 'lamb': 0.0}",0.9635967992120624
7615,2347522,890016,http://manynames.upf.edu//2347522_890016_zebra.png,https://cs.stanford.edu/people/rak248/VG_100K/2347522.jpg,zebra,animals_plants,ungulate.n.01,{},1.0,{'None': 1.0},2347522.jpg,animal,[{'29': ['zebra']}],zebra,{'zebra': 1.0},{'zebra': {'None': 1.0}},29,1.0,0.0,1,animals_plants,val,{'zebra': {'zebra': 1.0}},"[19, 75, 424, 300]","[16, 82, 512, 365]","{'zebra': 0.9666666666666667, 'is': 0.0, 'zebras': 0.0, 'giraffe': 0.03333333333333333, 'foreground': 0.0, 'middle': 0.0}","{'zebra': 0.5555555555555556, 'is': 0.1111111111111111, 'zebras': 0.1111111111111111, 'giraffe': 0.0, 'foreground': 0.1111111111111111, 'middle': 0.1111111111111111}",0.9655640855770943
11130,2360751,786174,http://manynames.upf.edu//2360751_786174_cat.png,https://cs.stanford.edu/people/rak248/VG_100K/2360751.jpg,cat,animals_plants,feline.n.01,{},1.0,{'None': 1.0},2360751.jpg,animal,[{'32': ['cat']}],cat,{'cat': 1.0},{'cat': {'None': 1.0}},32,1.0,0.0,1,animals_plants,train,{'cat': {'cat': 1.0}},"[121, 110, 244, 198]","[137, 124, 298, 243]","{'animal': 0.030303030303030304, 'cat': 0.9696969696969697}","{'animal': 0.0, 'cat': 1.0}",1.0
2676,2322781,2763680,http://manynames.upf.edu//2322781_2763680_dog.png,https://cs.stanford.edu/people/rak248/VG_100K/2322781.jpg,bird,animals_plants,bird.n.01,{'dog': 0.67},0.33,"{'other': 0.3, 'visual': 0.7}",2322781.jpg,animal,[{'33': ['dog']}],dog,{'dog': 1.0},{'dog': {'None': 1.0}},33,1.0,0.0,1,animals_plants,train,{'dog': {'dog': 1.0}},"[163, 107, 199, 215]","[188, 121, 245, 264]","{'pillows': 0.0, 'is': 0.0, 'puppy': 0.027777777777777776, 'pillow': 0.027777777777777776, 'dog': 0.9166666666666666, 'baby dog': 0.027777777777777776, 'couch': 0.0}","{'pillows': 0.125, 'is': 0.125, 'puppy': 0.0, 'pillow': 0.0, 'dog': 0.5, 'baby dog': 0.0, 'couch': 0.25}",0.8414288564572117
16324,2379523,552269,http://manynames.upf.edu//2379523_552269_zebra.png,https://cs.stanford.edu/people/rak248/VG_100K_2/2379523.jpg,zebra,animals_plants,ungulate.n.01,{},1.0,{'None': 1.0},2379523.jpg,animal,[{'35': ['zebra']}],zebra,{'zebra': 1.0},{'zebra': {'None': 1.0}},35,1.0,0.0,1,animals_plants,train,{'zebra': {'zebra': 1.0}},"[90, 18, 377, 273]","[100, 14, 456, 332]","{'marybeth': 0.0, 'zebra': 0.9722222222222222, 'carse': 0.027777777777777776, 'stamford': 0.0, 'tby': 0.0}","{'marybeth': 0.14285714285714285, 'zebra': 0.5714285714285714, 'carse': 0.0, 'stamford': 0.14285714285714285, 'tby': 0.14285714285714285}",0.9500484967677795
1604,2317404,2882968,http://manynames.upf.edu//2317404_2882968_bird.png,https://cs.stanford.edu/people/rak248/VG_100K/2317404.jpg,bird,animals_plants,bird.n.01,{},1.0,{'None': 1.0},2317404.jpg,animal,[{'32': ['bird']}],bird,{'bird': 1.0},{'bird': {'None': 1.0}},32,1.0,0.0,1,animals_plants,train,{'bird': {'bird': 1.0}},"[135, 72, 217, 412]","[114, 57, 201, 375]","{'hair': 0.0, 'robin': 0.0, 'box': 0.0, 'is': 0.0, 'bird': 0.9696969696969697, 'sparrow': 0.030303030303030304, 'has': 0.0, 'looks': 0.0, 'red': 0.0}","{'hair': 0.09090909090909091, 'robin': 0.36363636363636365, 'box': 0.09090909090909091, 'is': 0.09090909090909091, 'bird': 0.09090909090909091, 'sparrow': 0.0, 'has': 0.09090909090909091, 'looks': 0.09090909090909091, 'red': 0.09090909090909091}",-0.08966161719409058
2692,2322841,3143880,http://manynames.upf.edu//2322841_3143880_horse.png,https://cs.stanford.edu/people/rak248/VG_100K/2322841.jpg,horse,animals_plants,horse.n.01,{},1.0,{'None': 1.0},2322841.jpg,animal,[{'33': ['horse']}],horse,{'horse': 1.0},{'horse': {'None': 1.0}},33,1.0,0.0,1,animals_plants,train,{'horse': {'horse': 1.0}},"[42, 57, 260, 356]","[31, 44, 239, 325]","{'box': 0.0, 'horse': 0.9705882352941176, 'is': 0.0, 'athlete': 0.0, 'mind': 0.0, 'man': 0.0, 'name': 0.0, 'object': 0.0, 'comes': 0.0, 'belt': 0.029411764705882353}","{'box': 0.07692307692307693, 'horse': 0.38461538461538464, 'is': 0.07692307692307693, 'athlete': 0.07692307692307693, 'mind': 0.07692307692307693, 'man': 0.07692307692307693, 'name': 0.07692307692307693, 'object': 0.07692307692307693, 'comes': 0.07692307692307693, 'belt': 0.0}",0.9644625276499184
23671,2411207,360140,http://manynames.upf.edu//2411207_360140_cat.png,https://cs.stanford.edu/people/rak248/VG_100K_2/2411207.jpg,cat,animals_plants,feline.n.01,{},1.0,{'None': 1.0},2411207.jpg,animal,[{'34': ['cat']}],cat,{'cat': 1.0},{'cat': {'None': 1.0}},34,1.0,0.0,1,animals_plants,train,{'cat': {'cat': 1.0}},"[0, 63, 398, 311]","[0, 68, 481, 378]","{'remote': 0.0, 'pant': 0.02857142857142857, 'game': 0.0, 'controller': 0.0, 'cat': 0.9714285714285714, 'playing': 0.0, 'control': 0.0, 'couch': 0.0}","{'remote': 0.08333333333333333, 'pant': 0.0, 'game': 0.08333333333333333, 'controller': 0.08333333333333333, 'cat': 0.4166666666666667, 'playing': 0.08333333333333333, 'control': 0.08333333333333333, 'couch': 0.16666666666666666}",0.9271244957696928
2659,2322673,2949587,http://manynames.upf.edu//2322673_2949587_horse.png,https://cs.stanford.edu/people/rak248/VG_100K/2322673.jpg,horse,animals_plants,horse.n.01,{},1.0,{'None': 1.0},2322673.jpg,animal,[{'30': ['horse']}],horse,{'horse': 1.0},{'horse': {'None': 1.0}},30,1.0,0.0,1,animals_plants,train,{'horse': {'horse': 1.0}},"[91, 125, 266, 206]","[102, 142, 325, 253]","{'drawn': 0.0, 'flag': 0.0, 'carriage': 0.0, 'wheel': 0.029411764705882353, 'screen': 0.0, 'equestrian': 0.0, 'winter': 0.0, 'rope': 0.029411764705882353, 'park': 0.0, 'horse': 0.8823529411764706, 'is': 0.0, 'front': 0.0, 'crowd': 0.0, 'people': 0.0, 'street': 0.0, 'belt': 0.029411764705882353, 'pulling': 0.0, 'image': 0.0, 'animal': 0.029411764705882353}","{'drawn': 0.04, 'flag': 0.04, 'carriage': 0.2, 'wheel': 0.0, 'screen': 0.04, 'equestrian': 0.04, 'winter': 0.04, 'rope': 0.0, 'park': 0.04, 'horse': 0.2, 'is': 0.04, 'front': 0.04, 'crowd': 0.04, 'people': 0.04, 'street': 0.04, 'belt': 0.0, 'pulling': 0.12, 'image': 0.04, 'animal': 0.0}",0.5872586963449532
19668,2394684,461968,http://manynames.upf.edu//2394684_461968_sheep.png,https://cs.stanford.edu/people/rak248/VG_100K_2/2394684.jpg,sheep,animals_plants,ungulate.n.01,{},1.0,{'None': 1.0},2394684.jpg,animal,[{'31': ['sheep']}],sheep,{'sheep': 1.0},{'sheep': {'None': 1.0}},31,1.0,0.0,1,animals_plants,train,{'sheep': {'sheep': 1.0}},"[123, 135, 374, 179]","[139, 153, 450, 219]","{'sheeps': 0.0, 'laying': 0.0, 'goat': 0.027777777777777776, 'adust': 0.027777777777777776, 'lying': 0.0, 'grass': 0.0, 'sheep': 0.8611111111111112, 'animal': 0.027777777777777776, 'lam boy': 0.027777777777777776, 'lamb': 0.027777777777777776}","{'sheeps': 0.16666666666666666, 'laying': 0.16666666666666666, 'goat': 0.0, 'adust': 0.0, 'lying': 0.16666666666666666, 'grass': 0.16666666666666666, 'sheep': 0.3333333333333333, 'animal': 0.0, 'lam boy': 0.0, 'lamb': 0.0}",0.6659598009001284
2614,2322428,2930306,http://manynames.upf.edu//2322428_2930306_bridge.png,https://cs.stanford.edu/people/rak248/VG_100K/2322428.jpg,bridge,buildings,bridge.n.01,"{'road': 0.5, 'roadway': 0.5}",0.75,"{'other': 0.2, 'None': 0.8}",2322428.jpg,"structure, construction","[{'23': ['road', 'roadway', 'bridge']}, {'7': ['car', 'truck']}, {'2': ['vest']}]",bridge,"{'vest': 0.5, 'car': 0.25, 'truck': 0.5, 'bridge': 0.75, 'road': 1.0, 'roadway': 1.0}","{'vest': {'None': 0.2, 'bounding box': 0.8}, 'car': {'other': 0.2, 'bounding box': 0.8}, 'truck': {'None': 0.2, 'bounding box': 0.8}, 'bridge': {'other': 0.2, 'None': 0.8}, 'road': {'None': 1.0}, 'roadway': {'None': 1.0}}",23,0.6086956521739131,1.264672679395722,3,buildings,train,"{'vest': {'vest': 1.0, 'car': 0.0, 'truck': 0.0, 'bridge': 0.0, 'road': 0.0, 'roadway': 0.0}, 'car': {'vest': 0.0, 'car': 1.0, 'truck': 0.75, 'bridge': 0.0, 'road': 0.0, 'roadway': 0.0}, 'truck': {'vest': 0.0, 'car': 0.75, 'truck': 1.0, 'bridge': 0.0, 'road': 0.0, 'roadway': 0.0}, 'bridge': {'vest': 0.0, 'car': 0.0, 'truck': 0.0, 'bridge': 1.0, 'road': 0.5, 'roadway': 0.5}, 'road': {'vest': 0.0, 'car': 0.0, 'truck': 0.0, 'bridge': 0.5, 'road': 1.0, 'roadway': 1.0}, 'roadway': {'vest': 0.0, 'car': 0.0, 'truck': 0.0, 'bridge': 0.5, 'road': 1.0, 'roadway': 1.0}}","[0, 180, 469, 316]","[0, 154, 420, 290]","{'roadway': 0.05555555555555555, 'box': 0.0, 'person': 0.0, 'wheel': 0.027777777777777776, 'hat': 0.0, 'comes': 0.0, 's': 0.0, 'pickup truck': 0.027777777777777776, 'standing': 0.0, 'bridge': 0.3888888888888889, 'vest': 0.05555555555555555, 'site': 0.0, 'car': 0.08333333333333333, 'curb': 0.0, 'is': 0.0, 'construction': 0.0, 'mind': 0.0, 'front': 0.0, 'ground': 0.027777777777777776, 'man': 0.0, 'truck': 0.1111111111111111, 'this': 0.0, 'name': 0.0, 'street': 0.027777777777777776, 'blue': 0.0, 'road': 0.19444444444444445, 'pickup': 0.0}","{'roadway': 0.0, 'box': 0.034482758620689655, 'person': 0.034482758620689655, 'wheel': 0.0, 'hat': 0.06896551724137931, 'comes': 0.034482758620689655, 's': 0.034482758620689655, 'pickup truck': 0.0, 'standing': 0.13793103448275862, 'bridge': 0.0, 'vest': 0.0, 'site': 0.034482758620689655, 'car': 0.0, 'curb': 0.034482758620689655, 'is': 0.06896551724137931, 'construction': 0.034482758620689655, 'mind': 0.034482758620689655, 'front': 0.10344827586206896, 'ground': 0.0, 'man': 0.06896551724137931, 'truck': 0.13793103448275862, 'this': 0.034482758620689655, 'name': 0.034482758620689655, 'street': 0.0, 'blue': 0.034482758620689655, 'road': 0.0, 'pickup': 0.034482758620689655}",-0.25467628932352726
24278,2413574,170779,http://manynames.upf.edu//2413574_170779_storefront.png,https://cs.stanford.edu/people/rak248/VG_100K_2/2413574.jpg,restaurant,buildings,restaurant.n.01,"{'shop': 1.0, 'building': 0.67, 'storefront': 0.67, 'store': 1.0}",0.83,"{'visual': 0.3, 'None': 0.7}",2413574.jpg,"structure, construction","[{'20': ['store', 'restaurant', 'shop', 'storefront']}, {'14': ['store', 'restaurant', 'shop', 'building']}, {'2': ['patio']}, {'2': ['pole']}, {'4': ['window']}]",storefront,"{'pole': 0.33, 'window': 0.33, 'patio': 1.0, 'storefront': 1.0, 'store': 0.83, 'restaurant': 0.83, 'shop': 0.83, 'building': 0.5}","{'pole': {'bounding box': 1.0}, 'window': {'bounding box': 1.0}, 'patio': {'None': 1.0}, 'storefront': {'None': 1.0}, 'store': {'None': 0.7, 'visual': 0.3}, 'restaurant': {'None': 0.7, 'visual': 0.3}, 'shop': {'None': 0.7, 'visual': 0.3}, 'building': {'bounding box': 0.7, 'None': 0.3}}",22,0.3636363636363636,2.170134892428194,5,buildings,train,"{'pole': {'pole': 1.0, 'window': 0.0, 'patio': 0.0, 'storefront': 0.0, 'store': 0.0, 'restaurant': 0.0, 'shop': 0.0, 'building': 0.0}, 'window': {'pole': 0.0, 'window': 1.0, 'patio': 0.0, 'storefront': 0.0, 'store': 0.0, 'restaurant': 0.0, 'shop': 0.0, 'building': 0.0}, 'patio': {'pole': 0.0, 'window': 0.0, 'patio': 1.0, 'storefront': 0.0, 'store': 0.0, 'restaurant': 0.0, 'shop': 0.0, 'building': 0.0}, 'storefront': {'pole': 0.0, 'window': 0.0, 'patio': 0.0, 'storefront': 1.0, 'store': 0.67, 'restaurant': 0.67, 'shop': 0.67, 'building': 0.33}, 'store': {'pole': 0.0, 'window': 0.0, 'patio': 0.0, 'storefront': 0.67, 'store': 1.0, 'restaurant': 1.0, 'shop': 1.0, 'building': 0.67}, 'restaurant': {'pole': 0.0, 'window': 0.0, 'patio': 0.0, 'storefront': 0.67, 'store': 1.0, 'restaurant': 1.0, 'shop': 1.0, 'building': 0.67}, 'shop': {'pole': 0.0, 'window': 0.0, 'patio': 0.0, 'storefront': 0.67, 'store': 1.0, 'restaurant': 1.0, 'shop': 1.0, 'building': 0.67}, 'building': {'pole': 0.0, 'window': 0.0, 'patio': 0.0, 'storefront': 0.33, 'store': 0.67, 'restaurant': 0.67, 'shop': 0.67, 'building': 1.0}}","[137, 145, 304, 133]","[156, 166, 369, 166]","{'pole': 0.05714285714285714, 'diner': 0.02857142857142857, 'balsa': 0.0, 'corner': 0.0, 'window': 0.11428571428571428, 'chair': 0.02857142857142857, 'fabric': 0.0, 'store': 0.14285714285714285, 'patio': 0.05714285714285714, 'patterned': 0.0, 'shop': 0.08571428571428572, 'building': 0.05714285714285714, 'mission': 0.0, 'restaurant': 0.11428571428571428, 'canopy': 0.02857142857142857, 'café': 0.0, 'street': 0.0, 'awning': 0.02857142857142857, 'baleac': 0.0, 'city': 0.0, 'storefront': 0.22857142857142856, 'curtain': 0.02857142857142857}","{'pole': 0.0, 'diner': 0.0, 'balsa': 0.07692307692307693, 'corner': 0.07692307692307693, 'window': 0.0, 'chair': 0.0, 'fabric': 0.07692307692307693, 'store': 0.0, 'patio': 0.0, 'patterned': 0.07692307692307693, 'shop': 0.0, 'building': 0.0, 'mission': 0.07692307692307693, 'restaurant': 0.07692307692307693, 'canopy': 0.0, 'café': 0.07692307692307693, 'street': 0.15384615384615385, 'awning': 0.07692307692307693, 'baleac': 0.07692307692307693, 'city': 0.15384615384615385, 'storefront': 0.0, 'curtain': 0.0}",-0.5375912559145837
19210,2392494,1229424,http://manynames.upf.edu//2392494_1229424_building.png,https://cs.stanford.edu/people/rak248/VG_100K_2/2392494.jpg,house,buildings,house.n.01,"{'building': 1.0, 'steeple': 0.5, 'roof': 0.25}",0.75,"{'bounding box': 0.2, 'None': 0.8}",2392494.jpg,"structure, construction","[{'17': ['house', 'steeple', 'building']}, {'5': ['roof', 'steeple']}, {'13': ['clock']}]",building,"{'house': 0.75, 'building': 1.0, 'steeple': 0.88, 'roof': 0.88, 'clock': 0.25}","{'house': {'None': 0.8, 'bounding box': 0.2}, 'building': {'None': 1.0}, 'steeple': {'None': 0.8, 'visual': 0.2}, 'roof': {'None': 0.8, 'bounding box': 0.2}, 'clock': {'bounding box': 1.0}}",17,0.5294117647058824,1.37928048729106,3,buildings,train,"{'house': {'house': 1.0, 'building': 1.0, 'steeple': 0.5, 'roof': 0.25, 'clock': 0.0}, 'building': {'house': 1.0, 'building': 1.0, 'steeple': 0.5, 'roof': 0.25, 'clock': 0.0}, 'steeple': {'house': 0.5, 'building': 0.5, 'steeple': 1.0, 'roof': 0.5, 'clock': 0.0}, 'roof': {'house': 0.25, 'building': 0.25, 'steeple': 0.5, 'roof': 1.0, 'clock': 0.0}, 'clock': {'house': 0.0, 'building': 0.0, 'steeple': 0.0, 'roof': 0.0, 'clock': 1.0}}","[0, 0, 421, 344]","[0, 0, 510, 411]","{'clock': 0.3611111111111111, 'flowers': 0.0, 'pineapple': 0.0, 'top': 0.0, 'is': 0.0, 'picture': 0.0, 'front': 0.0, 'clock tower': 0.027777777777777776, 'steeple': 0.05555555555555555, 'tower': 0.027777777777777776, 'wooden': 0.0, 'called': 0.0, 'roof': 0.08333333333333333, 'watch': 0.027777777777777776, 'building': 0.25, 'house': 0.16666666666666666}","{'clock': 0.2, 'flowers': 0.05, 'pineapple': 0.05, 'top': 0.05, 'is': 0.1, 'picture': 0.05, 'front': 0.1, 'clock tower': 0.0, 'steeple': 0.0, 'tower': 0.1, 'wooden': 0.05, 'called': 0.05, 'roof': 0.0, 'watch': 0.0, 'building': 0.15, 'house': 0.05}",0.6481512352955859
17809,2385899,1291684,http://manynames.upf.edu//2385899_1291684_house.png,https://cs.stanford.edu/people/rak248/VG_100K_2/2385899.jpg,house,buildings,house.n.01,{'building': 1.0},1.0,{'None': 1.0},2385899.jpg,"structure, construction","[{'30': ['house', 'building']}, {'3': ['sign']}]",house,"{'sign': 0.17, 'house': 1.0, 'building': 1.0}","{'sign': {'bounding box': 1.0}, 'house': {'None': 1.0}, 'building': {'None': 1.0}}",30,0.7,0.8812908992306926,2,buildings,train,"{'sign': {'sign': 1.0, 'house': 0.0, 'building': 0.0}, 'house': {'sign': 0.0, 'house': 1.0, 'building': 1.0}, 'building': {'sign': 0.0, 'house': 1.0, 'building': 1.0}}","[0, 1, 289, 339]","[0, 0, 259, 310]","{'front': 0.0, 'sign': 0.08333333333333333, 'wall': 0.027777777777777776, 'fire': 0.0, 'wood': 0.027777777777777776, 'hydrant': 0.0, 'building': 0.25, 'house': 0.5833333333333334, 'water': 0.0, 'door': 0.027777777777777776}","{'front': 0.1111111111111111, 'sign': 0.2222222222222222, 'wall': 0.0, 'fire': 0.1111111111111111, 'wood': 0.0, 'hydrant': 0.2222222222222222, 'building': 0.0, 'house': 0.2222222222222222, 'water': 0.1111111111111111, 'door': 0.0}",0.29532110144875917
20812,2400019,412084,http://manynames.upf.edu//2400019_412084_dugout.png,https://cs.stanford.edu/people/rak248/VG_100K_2/2400019.jpg,dugout,buildings,shelter.n.01,{'dug out': 1.0},1.0,{'None': 1.0},2400019.jpg,"structure, construction","[{'4': ['men', 'team']}, {'2': ['helmet']}, {'20': ['dugout']}]",dugout,"{'men': 0.5, 'team': 0.5, 'helmet': 0.17, 'dugout': 1.0}","{'men': {'bounding box': 0.7, 'None': 0.3}, 'team': {'bounding box': 0.7, 'None': 0.3}, 'helmet': {'bounding box': 1.0}, 'dugout': {'None': 1.0}}",20,1.0,0.0,1,buildings,train,"{'men': {'men': 1.0, 'team': 1.0, 'helmet': 0.0, 'dugout': 0.0, 'dug out': 0.0}, 'team': {'men': 1.0, 'team': 1.0, 'helmet': 0.0, 'dugout': 0.0, 'dug out': 0.0}, 'helmet': {'men': 0.0, 'team': 0.0, 'helmet': 1.0, 'dugout': 0.0, 'dug out': 0.0}, 'dugout': {'men': 0.0, 'team': 0.0, 'helmet': 0.0, 'dugout': 1.0, 'dug out': 1.0}, 'dug out': {'men': 0.0, 'team': 0.0, 'helmet': 0.0, 'dugout': 1.0, 'dug out': 1.0}}","[1, 1, 498, 100]","[0, 0, 597, 126]","{'stadium': 0.02702702702702703, 'baseball fail': 0.02702702702702703, 'players': 0.02702702702702703, 'men': 0.05405405405405406, 'bat': 0.0, 'hat': 0.02702702702702703, 'pipe': 0.02702702702702703, 'baseball dugout': 0.02702702702702703, 'pit': 0.02702702702702703, 'baseballs': 0.02702702702702703, 'helmet': 0.05405405405405406, 'bullpen': 0.02702702702702703, 'team': 0.05405405405405406, 'dugout': 0.5405405405405406, 'cap': 0.02702702702702703, 'ball': 0.0, 'baseball': 0.0, 'sidelines': 0.02702702702702703}","{'stadium': 0.0, 'baseball fail': 0.0, 'players': 0.0, 'men': 0.0, 'bat': 0.4, 'hat': 0.0, 'pipe': 0.0, 'baseball dugout': 0.0, 'pit': 0.0, 'baseballs': 0.0, 'helmet': 0.0, 'bullpen': 0.0, 'team': 0.0, 'dugout': 0.0, 'cap': 0.0, 'ball': 0.2, 'baseball': 0.4, 'sidelines': 0.0}",-0.2000070127866498
8898,2352556,853253,http://manynames.upf.edu//2352556_853253_house.png,https://cs.stanford.edu/people/rak248/VG_100K/2352556.jpg,house,buildings,house.n.01,{'building': 1.0},1.0,{'None': 1.0},2352556.jpg,"structure, construction","[{'32': ['house', 'building']}]",house,"{'house': 1.0, 'building': 1.0, 'home': 'NA'}","{'house': {'None': 1.0}, 'building': {'None': 1.0}, 'home': 'NA'}",33,0.9090909090909092,0.5229784263810124,3,buildings,train,"{'house': {'house': 1.0, 'building': 1.0, 'home': 'NA'}, 'building': {'house': 1.0, 'building': 1.0, 'home': 'NA'}, 'home': {'house': 'NA', 'building': 'NA', 'home': 'NA'}}","[102, 0, 397, 231]","[115, 0, 480, 282]","{'shirt': 0.027777777777777776, 'jacket': 0.027777777777777776, 'tree': 0.0, 'orange': 0.0, 'man': 0.0, 'home': 0.027777777777777776, 'suitcase': 0.0, 'dog': 0.0, 'trunk': 0.0, 'luggage': 0.0, 'holding': 0.0, 'standing': 0.0, 'building': 0.05555555555555555, 'house': 0.8333333333333334, 'door': 0.027777777777777776}","{'shirt': 0.0, 'jacket': 0.0, 'tree': 0.13333333333333333, 'orange': 0.06666666666666667, 'man': 0.2, 'home': 0.0, 'suitcase': 0.2, 'dog': 0.06666666666666667, 'trunk': 0.06666666666666667, 'luggage': 0.06666666666666667, 'holding': 0.13333333333333333, 'standing': 0.06666666666666667, 'building': 0.0, 'house': 0.0, 'door': 0.0}",-0.3139874531570003
16204,2378984,1362335,http://manynames.upf.edu//2378984_1362335_house.png,https://cs.stanford.edu/people/rak248/VG_100K_2/2378984.jpg,house,buildings,house.n.01,{'building': 1.0},1.0,{'None': 1.0},2378984.jpg,"structure, construction","[{'24': ['house', 'building']}, {'3': ['helmet']}, {'2': ['jacket']}, {'2': ['mirror']}]",house,"{'helmet': 0.0, 'jacket': 0.0, 'mirror': 0.0, 'house': 1.0, 'building': 1.0, 'home': 'NA'}","{'helmet': {'bounding box': 1.0}, 'jacket': {'bounding box': 1.0}, 'mirror': {'bounding box': 1.0}, 'house': {'None': 1.0}, 'building': {'None': 1.0}, 'home': 'NA'}",25,0.88,0.6395563653739033,3,buildings,train,"{'helmet': {'helmet': 1.0, 'jacket': 0.0, 'mirror': 0.0, 'house': 0.0, 'building': 0.0, 'home': 'NA'}, 'jacket': {'helmet': 0.0, 'jacket': 1.0, 'mirror': 0.0, 'house': 0.0, 'building': 0.0, 'home': 'NA'}, 'mirror': {'helmet': 0.0, 'jacket': 0.0, 'mirror': 1.0, 'house': 0.0, 'building': 0.0, 'home': 'NA'}, 'house': {'helmet': 0.0, 'jacket': 0.0, 'mirror': 0.0, 'house': 1.0, 'building': 1.0, 'home': 'NA'}, 'building': {'helmet': 0.0, 'jacket': 0.0, 'mirror': 0.0, 'house': 1.0, 'building': 1.0, 'home': 'NA'}, 'home': {'helmet': 'NA', 'jacket': 'NA', 'mirror': 'NA', 'house': 'NA', 'building': 'NA', 'home': 'NA'}}","[195, 0, 304, 128]","[226, 0, 370, 160]","{'box': 0.0, 'jacket': 0.05555555555555555, 't-shirt': 0.027777777777777776, 'wheel': 0.027777777777777776, 'window': 0.027777777777777776, 'mask': 0.027777777777777776, 'men': 0.0, 'talking': 0.0, 'building': 0.05555555555555555, 'house': 0.6111111111111112, 'is': 0.0, 'mind': 0.0, 'mirror': 0.05555555555555555, 'm': 0.0, 'name': 0.0, 'object': 0.0, 'motorcycles': 0.0, 'rider': 0.0, 'helmet': 0.08333333333333333, 'home': 0.027777777777777776, 'motorcycle': 0.0, 'are': 0.0, 'comes': 0.0}","{'box': 0.1111111111111111, 'jacket': 0.0, 't-shirt': 0.0, 'wheel': 0.0, 'window': 0.0, 'mask': 0.0, 'men': 0.05555555555555555, 'talking': 0.05555555555555555, 'building': 0.0, 'house': 0.0, 'is': 0.05555555555555555, 'mind': 0.1111111111111111, 'mirror': 0.0, 'm': 0.05555555555555555, 'name': 0.1111111111111111, 'object': 0.05555555555555555, 'motorcycles': 0.05555555555555555, 'rider': 0.05555555555555555, 'helmet': 0.0, 'home': 0.0, 'motorcycle': 0.1111111111111111, 'are': 0.05555555555555555, 'comes': 0.1111111111111111}",-0.35462928833489044
5250,2336913,2340730,http://manynames.upf.edu//2336913_2340730_bridge.png,https://cs.stanford.edu/people/rak248/VG_100K/2336913.jpg,overpass,buildings,bridge.n.01,{'bridge': 1.0},1.0,{'None': 1.0},2336913.jpg,"structure, construction","[{'24': ['overpass', 'bridge']}, {'5': ['train']}]",bridge,"{'train': 0.33, 'bridge': 1.0, 'overpass': 1.0}","{'train': {'bounding box': 1.0}, 'bridge': {'None': 1.0}, 'overpass': {'None': 1.0}}",24,0.9166666666666666,0.4138168503036338,2,buildings,,"{'train': {'train': 1.0, 'bridge': 0.0, 'overpass': 0.0}, 'bridge': {'train': 0.0, 'bridge': 1.0, 'overpass': 1.0}, 'overpass': {'train': 0.0, 'bridge': 1.0, 'overpass': 1.0}}","[133, 80, 365, 110]","[152, 89, 443, 138]","{'track': 0.0, 'bridge': 0.6111111111111112, 'stairs': 0.027777777777777776, 'steps': 0.027777777777777776, 'walkway': 0.0, 'tracks': 0.0, 'airplane': 0.027777777777777776, 'image': 0.0, 'crosswalk': 0.027777777777777776, 'staircase': 0.027777777777777776, 'boardwalk': 0.027777777777777776, 'pedestrian bridge': 0.027777777777777776, 'platform': 0.0, 'station': 0.0, 'overpass': 0.05555555555555555, 'train': 0.1388888888888889}","{'track': 0.06666666666666667, 'bridge': 0.06666666666666667, 'stairs': 0.0, 'steps': 0.06666666666666667, 'walkway': 0.06666666666666667, 'tracks': 0.06666666666666667, 'airplane': 0.0, 'image': 0.06666666666666667, 'crosswalk': 0.0, 'staircase': 0.0, 'boardwalk': 0.0, 'pedestrian bridge': 0.0, 'platform': 0.06666666666666667, 'station': 0.2, 'overpass': 0.0, 'train': 0.3333333333333333}",0.13104002294805026
2133,2319572,3208534,http://manynames.upf.edu//2319572_3208534_building.png,https://cs.stanford.edu/people/rak248/VG_100K/2319572.jpg,restaurant,buildings,restaurant.n.01,"{'store': 1.0, 'building': 1.0}",1.0,{'None': 1.0},2319572.jpg,"structure, construction","[{'28': ['store', 'building']}]",building,"{'building': 1.0, 'store': 1.0}","{'building': {'None': 1.0}, 'store': {'None': 1.0}}",28,0.7142857142857143,0.8631205685666309,2,buildings,train,"{'building': {'building': 1.0, 'store': 1.0}, 'store': {'building': 1.0, 'store': 1.0}}","[0, 12, 300, 170]","[0, 7, 365, 210]","{'bin': 0.0, 't-shirt': 0.029411764705882353, 'died': 0.0, 'costas': 0.0, 'store': 0.23529411764705882, 'light': 0.029411764705882353, 'plastic': 0.0, 'shop': 0.0, 'park': 0.0, 'building': 0.5882352941176471, 'costa': 0.029411764705882353, 'restaurant': 0.029411764705882353, 'end': 0.0, 'overdose': 0.0, 'tree': 0.0, 'man': 0.0, 'sign': 0.029411764705882353, 'street': 0.0, 'drug': 0.0, 'storefront': 0.029411764705882353}","{'bin': 0.07142857142857142, 't-shirt': 0.0, 'died': 0.07142857142857142, 'costas': 0.07142857142857142, 'store': 0.0, 'light': 0.0, 'plastic': 0.07142857142857142, 'shop': 0.07142857142857142, 'park': 0.14285714285714285, 'building': 0.0, 'costa': 0.0, 'restaurant': 0.0, 'end': 0.07142857142857142, 'overdose': 0.07142857142857142, 'tree': 0.14285714285714285, 'man': 0.07142857142857142, 'sign': 0.0, 'street': 0.07142857142857142, 'drug': 0.07142857142857142, 'storefront': 0.0}",-0.40937002281083923
5453,2338009,3703986,http://manynames.upf.edu//2338009_3703986_building.png,https://cs.stanford.edu/people/rak248/VG_100K/2338009.jpg,house,buildings,house.n.01,{'building': 1.0},1.0,{'None': 1.0},2338009.jpg,"structure, construction","[{'27': ['house', 'building']}, {'3': ['dog']}, {'2': ['door']}]",building,"{'door': 0.33, 'dog': 0.33, 'building': 1.0, 'house': 1.0}","{'door': {'bounding box': 1.0}, 'dog': {'bounding box': 1.0}, 'building': {'None': 1.0}, 'house': {'None': 1.0}}",27,0.7407407407407407,0.8256265261578954,2,buildings,train,"{'door': {'door': 1.0, 'dog': 0.0, 'building': 0.0, 'house': 0.0}, 'dog': {'door': 0.0, 'dog': 1.0, 'building': 0.0, 'house': 0.0}, 'building': {'door': 0.0, 'dog': 0.0, 'building': 1.0, 'house': 1.0}, 'house': {'door': 0.0, 'dog': 0.0, 'building': 1.0, 'house': 1.0}}","[0, 0, 499, 196]","[0, 0, 597, 241]","{'object': 0.0, 'is': 0.0, 'bike': 0.0, 'window': 0.02857142857142857, 'middle': 0.0, 'running': 0.0, 'room': 0.02857142857142857, 'dog': 0.08571428571428572, 'storefronts': 0.02857142857142857, 'street': 0.0, 'road': 0.0, 'building': 0.5714285714285714, 'house': 0.2, 'door': 0.05714285714285714}","{'object': 0.07142857142857142, 'is': 0.07142857142857142, 'bike': 0.07142857142857142, 'window': 0.0, 'middle': 0.07142857142857142, 'running': 0.14285714285714285, 'room': 0.0, 'dog': 0.2857142857142857, 'storefronts': 0.0, 'street': 0.14285714285714285, 'road': 0.07142857142857142, 'building': 0.07142857142857142, 'house': 0.0, 'door': 0.0}",-0.038601375949123405
23954,2412369,3804856,http://manynames.upf.edu//2412369_3804856_house.png,https://cs.stanford.edu/people/rak248/VG_100K_2/2412369.jpg,house,buildings,house.n.01,{'building': 1.0},1.0,{'None': 1.0},2412369.jpg,"structure, construction","[{'33': ['house', 'building']}]",house,"{'house': 1.0, 'building': 1.0, 'home': 'NA'}","{'house': {'None': 1.0}, 'building': {'None': 1.0}, 'home': 'NA'}",34,0.8235294117647058,0.7870046561900534,3,buildings,train,"{'house': {'house': 1.0, 'building': 1.0, 'home': 'NA'}, 'building': {'house': 1.0, 'building': 1.0, 'home': 'NA'}, 'home': {'house': 'NA', 'building': 'NA', 'home': 'NA'}}","[10, 15, 234, 238]","[5, 11, 286, 291]","{'trolleybus': 0.0, 'is': 0.0, 'area': 0.0, 'picture': 0.0, 'gable': 0.0, 'passing': 0.0, 'front': 0.0, 'passenger': 0.0, 'home': 0.029411764705882353, 'street': 0.0, 'side': 0.0, 'train': 0.0, 'building': 0.14705882352941177, 'house': 0.8235294117647058, 'roof': 0.0}","{'trolleybus': 0.058823529411764705, 'is': 0.17647058823529413, 'area': 0.058823529411764705, 'picture': 0.058823529411764705, 'gable': 0.058823529411764705, 'passing': 0.058823529411764705, 'front': 0.058823529411764705, 'passenger': 0.058823529411764705, 'home': 0.0, 'street': 0.058823529411764705, 'side': 0.058823529411764705, 'train': 0.058823529411764705, 'building': 0.0, 'house': 0.17647058823529413, 'roof': 0.058823529411764705}",0.5383070658767206
7589,2347433,890881,http://manynames.upf.edu//2347433_890881_bridge.png,https://cs.stanford.edu/people/rak248/VG_100K/2347433.jpg,garage,buildings,outbuilding.n.01,{'building': 1.0},0.83,"{'visual': 0.3, 'None': 0.7}",2347433.jpg,"structure, construction","[{'20': ['walkway', 'bridge']}, {'8': ['building']}]",bridge,"{'building': 0.83, 'bridge': 0.5, 'walkway': 0.5}","{'building': {'bounding box': 0.3, 'None': 0.7}, 'bridge': {'None': 0.3, 'bounding box': 0.7}, 'walkway': {'None': 0.3, 'bounding box': 0.7}}",20,0.9,0.4689955935892813,2,buildings,train,"{'building': {'building': 1.0, 'bridge': 0.0, 'walkway': 0.0}, 'bridge': {'building': 0.0, 'bridge': 1.0, 'walkway': 1.0}, 'walkway': {'building': 0.0, 'bridge': 1.0, 'walkway': 1.0}}","[76, 0, 416, 171]","[84, 0, 504, 211]","{'terminal': 0.0, 'box': 0.0, 'person': 0.0, 'standing': 0.0, 'bridge': 0.5294117647058824, 'sticker': 0.029411764705882353, 'train': 0.029411764705882353, 'building': 0.23529411764705882, 'parked': 0.0, 'mind': 0.0, 'railing': 0.029411764705882353, 'name': 0.0, 'garage': 0.029411764705882353, 'skywalk': 0.029411764705882353, 'parking garage': 0.029411764705882353, 'walkway': 0.058823529411764705, 'transportation': 0.0, 'blue': 0.0, 'comes': 0.0, 'bus': 0.0}","{'terminal': 0.07142857142857142, 'box': 0.07142857142857142, 'person': 0.07142857142857142, 'standing': 0.07142857142857142, 'bridge': 0.0, 'sticker': 0.0, 'train': 0.0, 'building': 0.0, 'parked': 0.07142857142857142, 'mind': 0.07142857142857142, 'railing': 0.0, 'name': 0.07142857142857142, 'garage': 0.0, 'skywalk': 0.0, 'parking garage': 0.0, 'walkway': 0.0, 'transportation': 0.07142857142857142, 'blue': 0.07142857142857142, 'comes': 0.07142857142857142, 'bus': 0.2857142857142857}",-0.32059171528497643
7746,2348021,1679004,http://manynames.upf.edu//2348021_1679004_dugout.png,https://cs.stanford.edu/people/rak248/VG_100K/2348021.jpg,dugout,buildings,shelter.n.01,{},1.0,{'None': 1.0},2348021.jpg,"structure, construction","[{'3': ['cap']}, {'26': ['dugout']}, {'2': ['baseball players']}]",dugout,"{'baseball players': 0.5, 'cap': 0.33, 'dugout': 1.0}","{'baseball players': {'None': 0.3, 'bounding box': 0.7}, 'cap': {'bounding box': 1.0}, 'dugout': {'None': 1.0}}",26,1.0,0.0,1,buildings,train,"{'baseball players': {'baseball players': 1.0, 'cap': 0.0, 'dugout': 0.0}, 'cap': {'baseball players': 0.0, 'cap': 1.0, 'dugout': 0.0}, 'dugout': {'baseball players': 0.0, 'cap': 0.0, 'dugout': 1.0}}","[4, 89, 494, 281]","[0, 89, 540, 310]","{'is': 0.0, 'baseball': 0.0, 'men': 0.027777777777777776, 'bat': 0.0, 't-shirt': 0.027777777777777776, 'player': 0.0, 'cap': 0.08333333333333333, 'dugout': 0.7222222222222222, 'crowd': 0.027777777777777776, 'baseball bat': 0.027777777777777776, 'baseball players': 0.05555555555555555, 'stand': 0.027777777777777776}","{'is': 0.1111111111111111, 'baseball': 0.2222222222222222, 'men': 0.0, 'bat': 0.4444444444444444, 't-shirt': 0.0, 'player': 0.2222222222222222, 'cap': 0.0, 'dugout': 0.0, 'crowd': 0.0, 'baseball bat': 0.0, 'baseball players': 0.0, 'stand': 0.0}",-0.2610859621997475
8590,2351287,3897862,http://manynames.upf.edu//2351287_3897862_house.png,https://cs.stanford.edu/people/rak248/VG_100K/2351287.jpg,house,buildings,house.n.01,"{'barn': 1.0, 'hose': 0.67, 'building': 1.0}",1.0,{'None': 1.0},2351287.jpg,"structure, construction","[{'31': ['hose', 'building', 'house', 'barn']}, {'2': ['door']}, {'2': ['window']}]",house,"{'window': 0.33, 'door': 0.33, 'house': 1.0, 'barn': 1.0, 'building': 1.0, 'hose': 0.5}","{'window': {'bounding box': 1.0}, 'door': {'bounding box': 1.0}, 'house': {'None': 1.0}, 'barn': {'None': 1.0}, 'building': {'None': 1.0}, 'hose': {'visual': 0.3, 'linguistic': 0.7}}",31,0.6451612903225806,1.447640684443725,4,buildings,train,"{'window': {'window': 1.0, 'door': 0.0, 'house': 0.0, 'barn': 0.0, 'building': 0.0, 'hose': 0.0}, 'door': {'window': 0.0, 'door': 1.0, 'house': 0.0, 'barn': 0.0, 'building': 0.0, 'hose': 0.0}, 'house': {'window': 0.0, 'door': 0.0, 'house': 1.0, 'barn': 1.0, 'building': 1.0, 'hose': 0.67}, 'barn': {'window': 0.0, 'door': 0.0, 'house': 1.0, 'barn': 1.0, 'building': 1.0, 'hose': 0.67}, 'building': {'window': 0.0, 'door': 0.0, 'house': 1.0, 'barn': 1.0, 'building': 1.0, 'hose': 0.67}, 'hose': {'window': 0.0, 'door': 0.0, 'house': 0.67, 'barn': 0.67, 'building': 0.67, 'hose': 1.0}}","[38, 28, 254, 160]","[38, 26, 310, 198]","{'hose': 0.05555555555555555, 'house': 0.5555555555555556, 'chickens': 0.0, 'farm': 0.027777777777777776, 'barn': 0.16666666666666666, 'body': 0.0, 'building': 0.08333333333333333, 'window': 0.05555555555555555, 'water': 0.0, 'door': 0.05555555555555555}","{'hose': 0.0, 'house': 0.2222222222222222, 'chickens': 0.1111111111111111, 'farm': 0.2222222222222222, 'barn': 0.2222222222222222, 'body': 0.1111111111111111, 'building': 0.0, 'window': 0.0, 'water': 0.1111111111111111, 'door': 0.0}",0.45376148614711437
11339,2361484,1730668,http://manynames.upf.edu//2361484_1730668_bridge.png,https://cs.stanford.edu/people/rak248/VG_100K/2361484.jpg,bridge,buildings,bridge.n.01,"{'overpass': 1.0, 'train': 0.33}",1.0,{'None': 1.0},2361484.jpg,"structure, construction","[{'22': ['overpass', 'bridge']}, {'4': ['train']}]",bridge,"{'train': 0.17, 'bridge': 1.0, 'overpass': 1.0, 'structure': 'NA'}","{'train': {'bounding box': 1.0}, 'bridge': {'None': 1.0}, 'overpass': {'None': 1.0}, 'structure': 'NA'}",23,0.6956521739130435,1.0666152167384504,3,buildings,train,"{'train': {'train': 1.0, 'bridge': 0.33, 'overpass': 0.33, 'structure': 'NA'}, 'bridge': {'train': 0.33, 'bridge': 1.0, 'overpass': 1.0, 'structure': 'NA'}, 'overpass': {'train': 0.33, 'bridge': 1.0, 'overpass': 1.0, 'structure': 'NA'}, 'structure': {'train': 'NA', 'bridge': 'NA', 'overpass': 'NA', 'structure': 'NA'}}","[77, 2, 422, 88]","[85, 0, 511, 112]","{'pole': 0.027777777777777776, 'tam': 0.027777777777777776, 'bridge': 0.4444444444444444, 'walkway': 0.027777777777777776, 'building': 0.027777777777777776, 'station': 0.0, 'decker': 0.0, 'structure': 0.027777777777777776, 'platform': 0.0, 'secondarily': 0.027777777777777776, 'london': 0.0, 'truck': 0.027777777777777776, 'overhang': 0.027777777777777776, 'roof': 0.027777777777777776, 'overpass': 0.16666666666666666, 'train': 0.1111111111111111, 'tilt': 0.027777777777777776, 'red': 0.0}","{'pole': 0.0, 'tam': 0.0, 'bridge': 0.0, 'walkway': 0.0, 'building': 0.07142857142857142, 'station': 0.21428571428571427, 'decker': 0.07142857142857142, 'structure': 0.0, 'platform': 0.07142857142857142, 'secondarily': 0.0, 'london': 0.07142857142857142, 'truck': 0.0, 'overhang': 0.0, 'roof': 0.0, 'overpass': 0.0, 'train': 0.42857142857142855, 'tilt': 0.0, 'red': 0.07142857142857142}",-0.030584657690270828
4602,2333584,966979,http://manynames.upf.edu//2333584_966979_jacket.png,https://cs.stanford.edu/people/rak248/VG_100K/2333584.jpg,jacket,clothing,overgarment.n.01,{},1.0,{'None': 1.0},2333584.jpg,article of clothing,[{'31': ['jacket']}],jacket,"{'jacket': 1.0, 'dress': 'NA', 'coat': 'NA'}","{'jacket': {'None': 1.0}, 'dress': 'NA', 'coat': 'NA'}",33,0.9393939393939394,0.3904521308132069,3,clothing,train,"{'jacket': {'jacket': 1.0, 'dress': 'NA', 'coat': 'NA'}, 'dress': {'jacket': 'NA', 'dress': 'NA', 'coat': 'NA'}, 'coat': {'jacket': 'NA', 'dress': 'NA', 'coat': 'NA'}}","[37, 184, 222, 190]","[37, 212, 272, 233]","{'sleeveless': 0.027777777777777776, 'lady': 0.0, 'is': 0.0, 'shirt': 0.027777777777777776, 'coat': 0.027777777777777776, 'jacket': 0.8611111111111112, 'woman': 0.0, 'dress': 0.027777777777777776, 'parrot': 0.0, 'dog': 0.0, 'birdy': 0.0, 'bike': 0.0, 'sweater': 0.027777777777777776}","{'sleeveless': 0.0, 'lady': 0.1111111111111111, 'is': 0.1111111111111111, 'shirt': 0.0, 'coat': 0.0, 'jacket': 0.1111111111111111, 'woman': 0.1111111111111111, 'dress': 0.0, 'parrot': 0.1111111111111111, 'dog': 0.2222222222222222, 'birdy': 0.1111111111111111, 'bike': 0.1111111111111111, 'sweater': 0.0}",0.09454171692384211
20814,2400025,1163784,http://manynames.upf.edu//2400025_1163784_jacket.png,https://cs.stanford.edu/people/rak248/VG_100K_2/2400025.jpg,jacket,clothing,overgarment.n.01,{'coat': 1.0},1.0,{'None': 1.0},2400025.jpg,article of clothing,"[{'34': ['jacket', 'coat']}]",jacket,"{'jacket': 1.0, 'coat': 1.0}","{'jacket': {'None': 1.0}, 'coat': {'None': 1.0}}",34,0.8529411764705882,0.6024308020404453,2,clothing,train,"{'jacket': {'jacket': 1.0, 'coat': 1.0}, 'coat': {'jacket': 1.0, 'coat': 1.0}}","[31, 72, 236, 152]","[21, 57, 218, 143]","{'shirt': 0.027777777777777776, 'coat': 0.1388888888888889, 'blazer': 0.027777777777777776, 'jacket': 0.8055555555555556, 'bench': 0.0, 'suit': 0.0, 'front': 0.0, 'kilt': 0.0, 'tree': 0.0, 'running': 0.0, 'jumping': 0.0, 'man': 0.0, 'boy': 0.0, 'child': 0.0}","{'shirt': 0.0, 'coat': 0.0, 'blazer': 0.0, 'jacket': 0.0, 'bench': 0.2, 'suit': 0.06666666666666667, 'front': 0.06666666666666667, 'kilt': 0.13333333333333333, 'tree': 0.06666666666666667, 'running': 0.06666666666666667, 'jumping': 0.13333333333333333, 'man': 0.06666666666666667, 'boy': 0.13333333333333333, 'child': 0.06666666666666667}",-0.4189991356729212
3509,2327556,2775357,http://manynames.upf.edu//2327556_2775357_shirt.png,https://cs.stanford.edu/people/rak248/VG_100K/2327556.jpg,shirt,clothing,shirt.n.01,{'costume': 1.0},1.0,{'None': 1.0},2327556.jpg,article of clothing,"[{'26': ['shirt', 'costume']}]",shirt,"{'shirt': 1.0, 'costume': 1.0, 'dress': 'NA'}","{'shirt': {'None': 1.0}, 'costume': {'None': 1.0}, 'dress': 'NA'}",27,0.8518518518518519,0.7253759284051438,3,clothing,val,"{'shirt': {'shirt': 1.0, 'costume': 1.0, 'dress': 'NA'}, 'costume': {'shirt': 1.0, 'costume': 1.0, 'dress': 'NA'}, 'dress': {'shirt': 'NA', 'costume': 'NA', 'dress': 'NA'}}","[55, 151, 249, 266]","[42, 128, 230, 245]","{'costume shirt': 0.02857142857142857, 'leotard': 0.02857142857142857, 't-shirt': 0.02857142857142857, 'costume': 0.08571428571428572, 'outfit': 0.0, 'doll': 0.02857142857142857, 'marvel': 0.0, 'stuffed bear': 0.02857142857142857, 'stuffed': 0.0, 'america': 0.0, 'holding': 0.0, 'teddy bear': 0.02857142857142857, 'raccoon': 0.0, 'is': 0.0, 'shirt': 0.6571428571428571, 'girl': 0.02857142857142857, 'name': 0.0, 'haired': 0.0, 'rocket': 0.0, 'suit': 0.02857142857142857, 'dress': 0.02857142857142857, 'animal': 0.0, 'woman': 0.0, 'captain': 0.0}","{'costume shirt': 0.0, 'leotard': 0.0, 't-shirt': 0.0, 'costume': 0.0, 'outfit': 0.058823529411764705, 'doll': 0.0, 'marvel': 0.058823529411764705, 'stuffed bear': 0.0, 'stuffed': 0.11764705882352941, 'america': 0.058823529411764705, 'holding': 0.058823529411764705, 'teddy bear': 0.0, 'raccoon': 0.058823529411764705, 'is': 0.058823529411764705, 'shirt': 0.0, 'girl': 0.11764705882352941, 'name': 0.058823529411764705, 'haired': 0.058823529411764705, 'rocket': 0.058823529411764705, 'suit': 0.0, 'dress': 0.0, 'animal': 0.11764705882352941, 'woman': 0.058823529411764705, 'captain': 0.058823529411764705}",-0.30915853118204945
21733,2403837,348942,http://manynames.upf.edu//2403837_348942_hat.png,https://cs.stanford.edu/people/rak248/VG_100K_2/2403837.jpg,hat,clothing,headdress.n.01,{'bonnet': 1.0},1.0,{'None': 1.0},2403837.jpg,article of clothing,"[{'25': ['hat', 'bonnet']}, {'5': ['dog']}]",hat,"{'dog': 0.17, 'hat': 1.0, 'bonnet': 1.0}","{'dog': {'bounding box': 1.0}, 'hat': {'None': 1.0}, 'bonnet': {'None': 1.0}}",25,0.92,0.4021791902022728,2,clothing,train,"{'dog': {'dog': 1.0, 'hat': 0.0, 'bonnet': 0.0}, 'hat': {'dog': 0.0, 'hat': 1.0, 'bonnet': 1.0}, 'bonnet': {'dog': 0.0, 'hat': 1.0, 'bonnet': 1.0}}","[120, 1, 351, 137]","[136, 0, 425, 170]","{'top': 0.0, 'ladybug': 0.0, 'is': 0.0, 'gold': 0.0, ""dog's eye"": 0.029411764705882353, 'bonnet': 0.058823529411764705, 'dressed': 0.0, 'hat': 0.6764705882352942, 'dachshund': 0.0, 'dress': 0.0, 'dog hat': 0.029411764705882353, 'retriever': 0.0, 'wearing': 0.0, 'cap': 0.029411764705882353, 'dog': 0.14705882352941177, 'eye': 0.029411764705882353, 'object': 0.0}","{'top': 0.047619047619047616, 'ladybug': 0.047619047619047616, 'is': 0.047619047619047616, 'gold': 0.09523809523809523, ""dog's eye"": 0.0, 'bonnet': 0.047619047619047616, 'dressed': 0.047619047619047616, 'hat': 0.14285714285714285, 'dachshund': 0.09523809523809523, 'dress': 0.047619047619047616, 'dog hat': 0.0, 'retriever': 0.047619047619047616, 'wearing': 0.19047619047619047, 'cap': 0.0, 'dog': 0.09523809523809523, 'eye': 0.0, 'object': 0.047619047619047616}",0.4019324664696039
11701,2362771,3072573,http://manynames.upf.edu//2362771_3072573_dress.png,https://cs.stanford.edu/people/rak248/VG_100K/2362771.jpg,dress,clothing,dress.n.01,"{'clothes': 1.0, 'shirt': 1.0, 'clothing': 1.0, 'apron': 1.0}",0.83,"{'visual': 0.3, 'None': 0.7}",2362771.jpg,article of clothing,"[{'31': ['clothing', 'clothes', 'dress', 'shirt', 'apron']}]",dress,"{'apron': 1.0, 'dress': 0.83, 'shirt': 0.5, 'clothing': 1.0, 'clothes': 1.0}","{'apron': {'None': 1.0}, 'dress': {'None': 0.7, 'visual': 0.3}, 'shirt': {'bounding box': 1.0}, 'clothing': {'None': 1.0}, 'clothes': {'None': 1.0}}",31,0.3548387096774194,1.9955790173398635,5,clothing,train,"{'apron': {'apron': 1.0, 'dress': 1.0, 'shirt': 1.0, 'clothing': 1.0, 'clothes': 1.0}, 'dress': {'apron': 1.0, 'dress': 1.0, 'shirt': 1.0, 'clothing': 1.0, 'clothes': 1.0}, 'shirt': {'apron': 1.0, 'dress': 1.0, 'shirt': 1.0, 'clothing': 1.0, 'clothes': 1.0}, 'clothing': {'apron': 1.0, 'dress': 1.0, 'shirt': 1.0, 'clothing': 1.0, 'clothes': 1.0}, 'clothes': {'apron': 1.0, 'dress': 1.0, 'shirt': 1.0, 'clothing': 1.0, 'clothes': 1.0}}","[219, 116, 190, 383]","[189, 97, 177, 349]","{'dryer': 0.0, 'picture': 0.0, 'apron': 0.3142857142857143, 't-shirt': 0.02857142857142857, 'outfit': 0.02857142857142857, 'hairstylist': 0.0, 'clothes': 0.05714285714285714, 'using': 0.0, 'ladies body': 0.02857142857142857, 'curling': 0.0, 'iron': 0.0, 'getting': 0.0, 'chair': 0.0, 'holding': 0.0, 'hair': 0.0, 'lady': 0.0, 'shirt': 0.14285714285714285, 'blow': 0.0, 'hairdresser': 0.0, 'clothing': 0.05714285714285714, 'dried': 0.0, 'dress': 0.3142857142857143, 'woman': 0.02857142857142857}","{'dryer': 0.17391304347826086, 'picture': 0.043478260869565216, 'apron': 0.0, 't-shirt': 0.0, 'outfit': 0.0, 'hairstylist': 0.08695652173913043, 'clothes': 0.0, 'using': 0.08695652173913043, 'ladies body': 0.0, 'curling': 0.043478260869565216, 'iron': 0.043478260869565216, 'getting': 0.043478260869565216, 'chair': 0.043478260869565216, 'holding': 0.043478260869565216, 'hair': 0.13043478260869565, 'lady': 0.043478260869565216, 'shirt': 0.0, 'blow': 0.08695652173913043, 'hairdresser': 0.043478260869565216, 'clothing': 0.0, 'dried': 0.043478260869565216, 'dress': 0.0, 'woman': 0.043478260869565216}",-0.46192330333213727
19479,2393742,470036,http://manynames.upf.edu//2393742_470036_dress.png,https://cs.stanford.edu/people/rak248/VG_100K_2/2393742.jpg,dress,clothing,dress.n.01,{},1.0,{'None': 1.0},2393742.jpg,article of clothing,[{'31': ['dress']}],dress,{'dress': 1.0},{'dress': {'None': 1.0}},31,1.0,0.0,1,clothing,train,{'dress': {'dress': 1.0}},"[270, 0, 174, 333]","[315, 0, 215, 399]","{'dress': 0.9117647058823529, 'phone': 0.029411764705882353, 'black dress': 0.029411764705882353, 'woman': 0.029411764705882353}","{'dress': 0.375, 'phone': 0.0, 'black dress': 0.0, 'woman': 0.625}",0.2721655269759087
9066,2353212,848262,http://manynames.upf.edu//2353212_848262_shirt.png,https://cs.stanford.edu/people/rak248/VG_100K/2353212.jpg,shirt,clothing,shirt.n.01,{'dress shirt': 1.0},1.0,{'None': 1.0},2353212.jpg,article of clothing,"[{'15': ['necktie', 'tie']}, {'18': ['shirt', 'dress shirt']}]",shirt,"{'necktie': 0.5, 'tie': 0.5, 'shirt': 1.0, 'dress shirt': 1.0}","{'necktie': {'None': 0.3, 'bounding box': 0.7}, 'tie': {'None': 0.3, 'bounding box': 0.7}, 'shirt': {'None': 1.0}, 'dress shirt': {'None': 1.0}}",18,0.8888888888888888,0.5032583347756456,2,clothing,train,"{'necktie': {'necktie': 1.0, 'tie': 1.0, 'shirt': 0.0, 'dress shirt': 0.0}, 'tie': {'necktie': 1.0, 'tie': 1.0, 'shirt': 0.0, 'dress shirt': 0.0}, 'shirt': {'necktie': 0.0, 'tie': 0.0, 'shirt': 1.0, 'dress shirt': 1.0}, 'dress shirt': {'necktie': 0.0, 'tie': 0.0, 'shirt': 1.0, 'dress shirt': 1.0}}","[210, 0, 286, 332]","[244, 0, 348, 396]","{'shirt': 0.4444444444444444, 'dress shirt': 0.05555555555555555, 'coat': 0.027777777777777776, 'left': 0.0, 't-shirt': 0.027777777777777776, 'suit': 0.0, 'necktie': 0.1111111111111111, 'man': 0.0, 'corner': 0.0, 'striped': 0.0, 'tie': 0.3055555555555556, 'rectangle': 0.0, 'undershirt': 0.027777777777777776}","{'shirt': 0.0, 'dress shirt': 0.0, 'coat': 0.0, 'left': 0.09090909090909091, 't-shirt': 0.0, 'suit': 0.18181818181818182, 'necktie': 0.0, 'man': 0.18181818181818182, 'corner': 0.09090909090909091, 'striped': 0.09090909090909091, 'tie': 0.2727272727272727, 'rectangle': 0.09090909090909091, 'undershirt': 0.0}",0.04283879452846787
2751,2323122,3224817,http://manynames.upf.edu//2323122_3224817_poncho.png,https://cs.stanford.edu/people/rak248/VG_100K/2323122.jpg,raincoat,clothing,overgarment.n.01,{'poncho': 1.0},1.0,{'None': 1.0},2323122.jpg,article of clothing,"[{'22': ['poncho', 'raincoat']}, {'6': ['woman', 'person']}]",poncho,"{'woman': 0.17, 'person': 0.17, 'poncho': 1.0, 'raincoat': 1.0}","{'woman': {'bounding box': 1.0}, 'person': {'bounding box': 1.0}, 'poncho': {'None': 1.0}, 'raincoat': {'None': 1.0}}",22,0.5454545454545454,0.9940302114769566,2,clothing,,"{'woman': {'woman': 1.0, 'person': 1.0, 'poncho': 0.0, 'raincoat': 0.0}, 'person': {'woman': 1.0, 'person': 1.0, 'poncho': 0.0, 'raincoat': 0.0}, 'poncho': {'woman': 0.0, 'person': 0.0, 'poncho': 1.0, 'raincoat': 1.0}, 'raincoat': {'woman': 0.0, 'person': 0.0, 'poncho': 1.0, 'raincoat': 1.0}}","[93, 127, 164, 330]","[76, 107, 154, 302]","{'i': 0.0, 'person': 0.08333333333333333, 'parka': 0.027777777777777776, 'rain jacket': 0.027777777777777776, 'rain': 0.0, 'standing': 0.0, 'am': 0.0, 'rain slicker': 0.027777777777777776, 'raincoat': 0.2777777777777778, 'holding': 0.0, 'is': 0.0, 'coat': 0.027777777777777776, 'girl': 0.027777777777777776, 'umbrella': 0.027777777777777776, 'man': 0.027777777777777776, 'protestant': 0.027777777777777776, 'woman': 0.08333333333333333, 'walking': 0.0, 'poncho': 0.3333333333333333}","{'i': 0.05, 'person': 0.1, 'parka': 0.0, 'rain jacket': 0.0, 'rain': 0.1, 'standing': 0.05, 'am': 0.05, 'rain slicker': 0.0, 'raincoat': 0.0, 'holding': 0.05, 'is': 0.1, 'coat': 0.0, 'girl': 0.0, 'umbrella': 0.25, 'man': 0.05, 'protestant': 0.0, 'woman': 0.1, 'walking': 0.1, 'poncho': 0.0}",-0.2603061331788988
18615,2389869,3828379,http://manynames.upf.edu//2389869_3828379_dress.png,https://cs.stanford.edu/people/rak248/VG_100K_2/2389869.jpg,dress,clothing,dress.n.01,{'wedding dress': 1.0},1.0,{'None': 1.0},2389869.jpg,article of clothing,"[{'32': ['wedding dress', 'dress']}]",dress,"{'dress': 1.0, 'wedding dress': 1.0, 'clothes': 'NA'}","{'dress': {'None': 1.0}, 'wedding dress': {'None': 1.0}, 'clothes': 'NA'}",33,0.8787878787878788,0.6311718053929062,3,clothing,train,"{'dress': {'dress': 1.0, 'wedding dress': 1.0, 'clothes': 'NA'}, 'wedding dress': {'dress': 1.0, 'wedding dress': 1.0, 'clothes': 'NA'}, 'clothes': {'dress': 'NA', 'wedding dress': 'NA', 'clothes': 'NA'}}","[159, 239, 197, 256]","[135, 207, 183, 236]","{'cake': 0.0, 'the': 0.0, 'tops': 0.027777777777777776, 'husband': 0.0, 'wedding dress': 0.08333333333333333, 'cubs': 0.027777777777777776, 'feeding': 0.0, 'groom': 0.0, 'dress': 0.8055555555555556, 'bride': 0.0, 'feeds': 0.0, 'clothes': 0.027777777777777776, 'piece': 0.0, 'man': 0.0, 'middle': 0.0, 'woman': 0.0, 'gown': 0.027777777777777776}","{'cake': 0.16666666666666666, 'the': 0.05555555555555555, 'tops': 0.0, 'husband': 0.05555555555555555, 'wedding dress': 0.0, 'cubs': 0.0, 'feeding': 0.1111111111111111, 'groom': 0.05555555555555555, 'dress': 0.0, 'bride': 0.16666666666666666, 'feeds': 0.05555555555555555, 'clothes': 0.0, 'piece': 0.1111111111111111, 'man': 0.05555555555555555, 'middle': 0.05555555555555555, 'woman': 0.1111111111111111, 'gown': 0.0}",-0.3320704155041873
2510,2321917,3143203,http://manynames.upf.edu//2321917_3143203_dress.png,https://cs.stanford.edu/people/rak248/VG_100K/2321917.jpg,dress,clothing,dress.n.01,{},1.0,{'None': 1.0},2321917.jpg,article of clothing,"[{'29': ['dress']}, {'3': ['bench']}]",dress,"{'bench': 0.5, 'dress': 1.0}","{'bench': {'bounding box': 1.0}, 'dress': {'None': 1.0}}",29,1.0,0.0,1,clothing,train,"{'bench': {'bench': 1.0, 'dress': 0.0}, 'dress': {'bench': 0.0, 'dress': 1.0}}","[23, 101, 353, 232]","[20, 114, 428, 284]","{'is': 0.0, 'arrow': 0.0, 'sword': 0.0, 'bench': 0.08333333333333333, 'woman': 0.0, 'maxi': 0.027777777777777776, 'girl': 0.0, 'bow': 0.0, 'photo': 0.0, 'dress': 0.8055555555555556, 'head': 0.0, 'mermaid': 0.0, 'red': 0.0, 'body': 0.027777777777777776, 'holding': 0.0, 'hair': 0.027777777777777776, 'gown': 0.027777777777777776}","{'is': 0.13333333333333333, 'arrow': 0.13333333333333333, 'sword': 0.06666666666666667, 'bench': 0.0, 'woman': 0.06666666666666667, 'maxi': 0.0, 'girl': 0.06666666666666667, 'bow': 0.06666666666666667, 'photo': 0.06666666666666667, 'dress': 0.06666666666666667, 'head': 0.06666666666666667, 'mermaid': 0.13333333333333333, 'red': 0.06666666666666667, 'body': 0.0, 'holding': 0.06666666666666667, 'hair': 0.0, 'gown': 0.0}",-0.035576425927096963
1109,1593092,3288315,http://manynames.upf.edu//1593092_3288315_jacket.png,https://cs.stanford.edu/people/rak248/VG_100K/1593092.jpg,jacket,clothing,overgarment.n.01,"{'suit': 1.0, 'coat': 1.0}",1.0,{'None': 1.0},1593092.jpg,article of clothing,"[{'32': ['jacket', 'suit', 'coat']}]",jacket,"{'jacket': 1.0, 'suit': 1.0, 'coat': 1.0}","{'jacket': {'None': 1.0}, 'suit': {'None': 1.0}, 'coat': {'None': 1.0}}",32,0.46875,1.3543370204656968,3,clothing,train,"{'jacket': {'jacket': 1.0, 'suit': 1.0, 'coat': 1.0}, 'suit': {'jacket': 1.0, 'suit': 1.0, 'coat': 1.0}, 'coat': {'jacket': 1.0, 'suit': 1.0, 'coat': 1.0}}","[131, 358, 706, 324]","[69, 202, 419, 196]","{'the': 0.0, 'box': 0.0, 'person': 0.0, 'suit and tie': 0.027777777777777776, 'coat': 0.08333333333333333, 'jacket': 0.4166666666666667, 'suit': 0.3888888888888889, 'beard': 0.0, 'clothes': 0.027777777777777776, 'man': 0.027777777777777776, 'wearing': 0.0, 'tie': 0.027777777777777776, 'glasses': 0.0}","{'the': 0.07692307692307693, 'box': 0.07692307692307693, 'person': 0.15384615384615385, 'suit and tie': 0.0, 'coat': 0.0, 'jacket': 0.0, 'suit': 0.15384615384615385, 'beard': 0.07692307692307693, 'clothes': 0.0, 'man': 0.15384615384615385, 'wearing': 0.07692307692307693, 'tie': 0.15384615384615385, 'glasses': 0.07692307692307693}",-0.07734670423046631
21457,2402720,1132429,http://manynames.upf.edu//2402720_1132429_shirt.png,https://cs.stanford.edu/people/rak248/VG_100K_2/2402720.jpg,shirt,clothing,shirt.n.01,{'dress shirt': 1.0},1.0,{'None': 1.0},2402720.jpg,article of clothing,"[{'34': ['shirt', 'dress shirt']}]",shirt,"{'shirt': 1.0, 'dress shirt': 1.0}","{'shirt': {'None': 1.0}, 'dress shirt': {'None': 1.0}}",34,0.9411764705882352,0.3227569588973982,2,clothing,train,"{'shirt': {'shirt': 1.0, 'dress shirt': 1.0}, 'dress shirt': {'shirt': 1.0, 'dress shirt': 1.0}}","[0, 275, 374, 224]","[0, 239, 335, 207]","{'is': 0.0, 'shirt': 0.8888888888888888, 'dress shirt': 0.05555555555555555, 'box': 0.0, 'rectangle': 0.0, 'picture': 0.0, 'dress': 0.0, 'man': 0.0, 'wearing': 0.0, 'right': 0.0, 'tie': 0.027777777777777776, 'watch': 0.0, 'face': 0.0, 'window': 0.027777777777777776, 'red': 0.0}","{'is': 0.14285714285714285, 'shirt': 0.047619047619047616, 'dress shirt': 0.0, 'box': 0.047619047619047616, 'rectangle': 0.047619047619047616, 'picture': 0.047619047619047616, 'dress': 0.047619047619047616, 'man': 0.19047619047619047, 'wearing': 0.09523809523809523, 'right': 0.047619047619047616, 'tie': 0.09523809523809523, 'watch': 0.047619047619047616, 'face': 0.09523809523809523, 'window': 0.0, 'red': 0.047619047619047616}",-0.13517226241627162
6387,2342641,2681013,http://manynames.upf.edu//2342641_2681013_shirt.png,https://cs.stanford.edu/people/rak248/VG_100K/2342641.jpg,shirt,clothing,shirt.n.01,{'t-shirt': 1.0},0.83,"{'bounding box': 0.3, 'None': 0.7}",2342641.jpg,article of clothing,"[{'31': ['shirt', 't-shirt']}, {'2': ['fridge']}]",shirt,"{'fridge': 0.33, 'shirt': 0.83, 't-shirt': 0.83}","{'fridge': {'bounding box': 1.0}, 'shirt': {'None': 0.7, 'bounding box': 0.3}, 't-shirt': {'None': 0.7, 'bounding box': 0.3}}",31,0.8064516129032258,0.708835673332196,2,clothing,train,"{'fridge': {'fridge': 1.0, 'shirt': 0.0, 't-shirt': 0.0}, 'shirt': {'fridge': 0.0, 'shirt': 1.0, 't-shirt': 1.0}, 't-shirt': {'fridge': 0.0, 'shirt': 1.0, 't-shirt': 1.0}}","[0, 229, 182, 271]","[0, 198, 170, 249]","{'refrigerator': 0.0, 'ice': 0.027777777777777776, 'fridge': 0.05555555555555555, 'shirt': 0.6944444444444444, 'cup': 0.027777777777777776, 'person': 0.0, 't-shirt': 0.16666666666666666, 'torso': 0.027777777777777776, 'man': 0.0, 'looking': 0.0}","{'refrigerator': 0.2727272727272727, 'ice': 0.0, 'fridge': 0.0, 'shirt': 0.09090909090909091, 'cup': 0.0, 'person': 0.18181818181818182, 't-shirt': 0.0, 'torso': 0.0, 'man': 0.2727272727272727, 'looking': 0.18181818181818182}",-0.163007353299395
12929,2367047,1846409,http://manynames.upf.edu//2367047_1846409_shirt.png,https://cs.stanford.edu/people/rak248/VG_100K/2367047.jpg,shirt,clothing,shirt.n.01,{'polo shirt': 1.0},1.0,{'None': 1.0},2367047.jpg,article of clothing,"[{'32': ['shirt', 'polo shirt']}]",shirt,"{'shirt': 1.0, 'polo shirt': 1.0}","{'shirt': {'None': 1.0}, 'polo shirt': {'None': 1.0}}",32,0.9375,0.3372900666170139,2,clothing,train,"{'shirt': {'shirt': 1.0, 'polo shirt': 1.0}, 'polo shirt': {'shirt': 1.0, 'polo shirt': 1.0}}","[45, 125, 266, 210]","[47, 142, 324, 257]","{'box': 0.0, 'shirt': 0.8333333333333334, 'scissor': 0.027777777777777776, 'rectangle': 0.0, 'is': 0.0, 'polo shirt': 0.05555555555555555, 'name': 0.0, '_____': 0.0, 'mind': 0.0, 'boy': 0.027777777777777776, 'polo': 0.027777777777777776, 'child': 0.027777777777777776, 'object': 0.0, 'comes': 0.0, 'red': 0.0}","{'box': 0.25, 'shirt': 0.0, 'scissor': 0.0, 'rectangle': 0.08333333333333333, 'is': 0.08333333333333333, 'polo shirt': 0.0, 'name': 0.16666666666666666, '_____': 0.08333333333333333, 'mind': 0.08333333333333333, 'boy': 0.0, 'polo': 0.0, 'child': 0.0, 'object': 0.08333333333333333, 'comes': 0.08333333333333333, 'red': 0.08333333333333333}",-0.3115628033333604
15103,2374984,3843007,http://manynames.upf.edu//2374984_3843007_hat.png,https://cs.stanford.edu/people/rak248/VG_100K/2374984.jpg,hood,clothing,headdress.n.01,"{'hat': 1.0, 'cap': 1.0}",0.67,"{'visual': 0.3, 'None': 0.7}",2374984.jpg,article of clothing,"[{'28': ['hat', 'hood', 'cap']}, {'6': ['man']}]",hat,"{'man': 0.33, 'hat': 1.0, 'cap': 1.0, 'hood': 0.67}","{'man': {'bounding box': 1.0}, 'hat': {'None': 1.0}, 'cap': {'None': 1.0}, 'hood': {'None': 0.7, 'visual': 0.3}}",28,0.7142857142857143,1.0949143184120975,3,clothing,train,"{'man': {'man': 1.0, 'hat': 0.0, 'cap': 0.0, 'hood': 0.0}, 'hat': {'man': 0.0, 'hat': 1.0, 'cap': 1.0, 'hood': 1.0}, 'cap': {'man': 0.0, 'hat': 1.0, 'cap': 1.0, 'hood': 1.0}, 'hood': {'man': 0.0, 'hat': 1.0, 'cap': 1.0, 'hood': 1.0}}","[153, 0, 345, 324]","[149, 0, 359, 338]","{'chicken': 0.0, 'eating': 0.0, 'person': 0.0, 'bald': 0.0, 'jacket': 0.02857142857142857, 'hat': 0.5714285714285714, 'headed': 0.0, 'beard': 0.0, 'play': 0.0, 'need': 0.0, 'cookie': 0.0, 'be': 0.0, 'holding': 0.0, 'hood': 0.05714285714285714, 'sandwich': 0.0, 'is': 0.0, 'going': 0.0, 'coat': 0.0, 'man': 0.17142857142857143, 'friend': 0.0, 'piece': 0.0, 'cap': 0.17142857142857143}","{'chicken': 0.041666666666666664, 'eating': 0.125, 'person': 0.041666666666666664, 'bald': 0.041666666666666664, 'jacket': 0.0, 'hat': 0.041666666666666664, 'headed': 0.041666666666666664, 'beard': 0.041666666666666664, 'play': 0.041666666666666664, 'need': 0.041666666666666664, 'cookie': 0.041666666666666664, 'be': 0.041666666666666664, 'holding': 0.041666666666666664, 'hood': 0.0, 'sandwich': 0.08333333333333333, 'is': 0.041666666666666664, 'going': 0.041666666666666664, 'coat': 0.041666666666666664, 'man': 0.125, 'friend': 0.041666666666666664, 'piece': 0.041666666666666664, 'cap': 0.0}",-0.0025766585803911057
5357,2337449,2838335,http://manynames.upf.edu//2337449_2838335_pizza.png,https://cs.stanford.edu/people/rak248/VG_100K/2337449.jpg,pizza,food,dish.n.02,{'food': 1.0},1.0,{'None': 1.0},2337449.jpg,"food, nutrient","[{'34': ['pizza', 'food']}]",pizza,"{'pizza': 1.0, 'food': 1.0}","{'pizza': {'None': 1.0}, 'food': {'None': 1.0}}",34,0.9411764705882352,0.3227569588973982,2,food,test,"{'pizza': {'pizza': 1.0, 'food': 1.0}, 'food': {'pizza': 1.0, 'food': 1.0}}","[13, 71, 483, 176]","[9, 78, 584, 217]","{'pan': 0.027777777777777776, 'listed': 0.0, 'toppings': 0.0, 'cheese': 0.0, 'food': 0.05555555555555555, 'spinach': 0.0, 'pizza pan': 0.027777777777777776, 'pepperoni': 0.0, 'are': 0.0, 'pizza': 0.8888888888888888}","{'pan': 0.0, 'listed': 0.1111111111111111, 'toppings': 0.1111111111111111, 'cheese': 0.1111111111111111, 'food': 0.0, 'spinach': 0.1111111111111111, 'pizza pan': 0.0, 'pepperoni': 0.1111111111111111, 'are': 0.1111111111111111, 'pizza': 0.3333333333333333}",0.8068909177104758
23352,2410016,228090,http://manynames.upf.edu//2410016_228090_bread.png,https://cs.stanford.edu/people/rak248/VG_100K_2/2410016.jpg,bread,food,baked_goods.n.01,"{'food': 0.33, 'bun': 1.0}",1.0,{'None': 1.0},2410016.jpg,"food, solid food","[{'31': ['bun', 'bread']}, {'2': ['food']}]",bread,"{'bread': 1.0, 'bun': 1.0, 'food': 1.0}","{'bread': {'None': 1.0}, 'bun': {'None': 1.0}, 'food': {'None': 1.0}}",33,0.7575757575757576,0.9957220057616336,3,food,train,"{'bread': {'bread': 1.0, 'bun': 1.0, 'food': 0.33}, 'bun': {'bread': 1.0, 'bun': 1.0, 'food': 0.33}, 'food': {'bread': 0.33, 'bun': 0.33, 'food': 1.0}}","[127, 95, 211, 196]","[144, 106, 259, 241]","{'bun': 0.16666666666666666, 'burger': 0.027777777777777776, 'the': 0.0, 'coleslaw': 0.0, 'bread': 0.6944444444444444, 'is': 0.0, 'chicken': 0.0, 'photo': 0.0, 'sandwiches': 0.0, 'slaw': 0.0, 'shown': 0.0, 'cheese': 0.0, 'food': 0.05555555555555555, 'bacon': 0.0, 'slice': 0.0, 'roll': 0.027777777777777776, 'web': 0.0, 'sandwich': 0.027777777777777776}","{'bun': 0.05263157894736842, 'burger': 0.0, 'the': 0.05263157894736842, 'coleslaw': 0.05263157894736842, 'bread': 0.0, 'is': 0.15789473684210525, 'chicken': 0.05263157894736842, 'photo': 0.05263157894736842, 'sandwiches': 0.05263157894736842, 'slaw': 0.05263157894736842, 'shown': 0.05263157894736842, 'cheese': 0.05263157894736842, 'food': 0.0, 'bacon': 0.05263157894736842, 'slice': 0.05263157894736842, 'roll': 0.0, 'web': 0.05263157894736842, 'sandwich': 0.21052631578947367}",-0.27862573962860027
11750,2362941,2550519,http://manynames.upf.edu//2362941_2550519_hotdog.png,https://cs.stanford.edu/people/rak248/VG_100K/2362941.jpg,bun,food,baked_goods.n.01,"{'hotdog': 0.25, 'sandwich': 0.25, 'wiener': 0.25, 'food': 0.25}",0.38,"{'bounding box': 0.5, 'visual': 0.2, 'None': 0.2}",2362941.jpg,"food, solid food","[{'31': ['hotdog', 'food', 'sandwich', 'wiener']}, {'3': ['bun']}]",hotdog,"{'bun': 0.38, 'hotdog': 1.0, 'food': 1.0, 'sandwich': 0.88, 'wiener': 0.88, 'sausage': 'NA'}","{'bun': {'bounding box': 0.5, 'None': 0.2, 'visual': 0.2}, 'hotdog': {'None': 1.0}, 'food': {'None': 1.0}, 'sandwich': {'None': 0.8, 'visual': 0.2}, 'wiener': {'None': 0.8, 'bounding box': 0.2}, 'sausage': 'NA'}",32,0.6875,1.4730505277442498,5,food,train,"{'bun': {'bun': 1.0, 'hotdog': 0.25, 'food': 0.25, 'sandwich': 0.25, 'wiener': 0.25, 'sausage': 'NA'}, 'hotdog': {'bun': 0.25, 'hotdog': 1.0, 'food': 1.0, 'sandwich': 1.0, 'wiener': 0.75, 'sausage': 'NA'}, 'food': {'bun': 0.25, 'hotdog': 1.0, 'food': 1.0, 'sandwich': 1.0, 'wiener': 0.75, 'sausage': 'NA'}, 'sandwich': {'bun': 0.25, 'hotdog': 1.0, 'food': 1.0, 'sandwich': 1.0, 'wiener': 0.75, 'sausage': 'NA'}, 'wiener': {'bun': 0.25, 'hotdog': 0.75, 'food': 0.75, 'sandwich': 0.75, 'wiener': 1.0, 'sausage': 'NA'}, 'sausage': {'bun': 'NA', 'hotdog': 'NA', 'food': 'NA', 'sandwich': 'NA', 'wiener': 'NA', 'sausage': 'NA'}}","[0, 123, 255, 165]","[0, 140, 311, 204]","{'bun': 0.08333333333333333, 'sausage': 0.027777777777777776, 'san': 0.027777777777777776, 'bite': 0.0, 'hotdog': 0.6111111111111112, 'wiener': 0.05555555555555555, 'man': 0.0, 'taking': 0.0, 'food': 0.1111111111111111, 'dog': 0.0, 'sandwich': 0.08333333333333333}","{'bun': 0.0, 'sausage': 0.0, 'san': 0.0, 'bite': 0.125, 'hotdog': 0.125, 'wiener': 0.0, 'man': 0.125, 'taking': 0.125, 'food': 0.0, 'dog': 0.5, 'sandwich': 0.0}",-0.05509839526854553
11413,2361756,3465312,http://manynames.upf.edu//2361756_3465312_food.png,https://cs.stanford.edu/people/rak248/VG_100K/2361756.jpg,sandwich,food,dish.n.02,"{'food': 1.0, 'cake': 1.0}",0.83,"{'visual': 0.3, 'None': 0.7}",2361756.jpg,"food, nutrient","[{'25': ['food', 'sandwich', 'cake']}]",food,"{'food': 1.0, 'sandwich': 0.83, 'cake': 0.5}","{'food': {'None': 1.0}, 'sandwich': {'None': 0.7, 'visual': 0.3}, 'cake': {'visual': 0.7, 'None': 0.3}}",25,0.56,1.290564432903234,3,food,train,"{'food': {'food': 1.0, 'sandwich': 1.0, 'cake': 1.0}, 'sandwich': {'food': 1.0, 'sandwich': 1.0, 'cake': 1.0}, 'cake': {'food': 1.0, 'sandwich': 1.0, 'cake': 1.0}}","[144, 51, 292, 197]","[122, 39, 268, 183]","{'burger': 0.02857142857142857, 'box': 0.0, 'chicken': 0.0, 'bread': 0.02857142857142857, 'meat': 0.02857142857142857, 'pastry': 0.02857142857142857, 'dish': 0.02857142857142857, 'slice': 0.0, 'salad': 0.0, 'cake': 0.05714285714285714, 'pasta': 0.0, 'biscuit': 0.02857142857142857, 'bread pudding': 0.02857142857142857, 'noodles': 0.0, 'dinner': 0.02857142857142857, 'carrots': 0.0, 'sandwich': 0.2571428571428571, 'is': 0.0, 'mind': 0.0, 'broccoli': 0.0, 'food': 0.4, 'name': 0.0, 'peas': 0.0, 'tofu': 0.02857142857142857, 'comes': 0.0, 'pizza': 0.02857142857142857}","{'burger': 0.0, 'box': 0.041666666666666664, 'chicken': 0.041666666666666664, 'bread': 0.0, 'meat': 0.0, 'pastry': 0.0, 'dish': 0.0, 'slice': 0.041666666666666664, 'salad': 0.041666666666666664, 'cake': 0.0, 'pasta': 0.041666666666666664, 'biscuit': 0.0, 'bread pudding': 0.0, 'noodles': 0.041666666666666664, 'dinner': 0.0, 'carrots': 0.041666666666666664, 'sandwich': 0.0, 'is': 0.08333333333333333, 'mind': 0.041666666666666664, 'broccoli': 0.041666666666666664, 'food': 0.0, 'name': 0.041666666666666664, 'peas': 0.041666666666666664, 'tofu': 0.0, 'comes': 0.041666666666666664, 'pizza': 0.4166666666666667}",-0.14745320062390566
11574,2362302,2634783,http://manynames.upf.edu//2362302_2634783_bagel.png,https://cs.stanford.edu/people/rak248/VG_100K/2362302.jpg,bagel,food,baked_goods.n.01,"{'bun': 1.0, 'bread': 1.0, 'burger': 0.67, 'donut': 1.0}",1.0,{'None': 1.0},2362302.jpg,"food, solid food","[{'33': ['bun', 'bread', 'burger', 'donut', 'bagel']}]",bagel,"{'bagel': 1.0, 'bun': 0.83, 'burger': 0.5, 'bread': 0.83, 'donut': 0.67}","{'bagel': {'None': 1.0}, 'bun': {'None': 0.7, 'visual': 0.3}, 'burger': {'bounding box': 0.3, 'linguistic': 0.3, 'visual': 0.3}, 'bread': {'None': 0.7, 'visual': 0.3}, 'donut': {'None': 0.3, 'visual': 0.7}}",33,0.3939393939393939,2.0234994144703293,5,food,train,"{'bagel': {'bagel': 1.0, 'bun': 1.0, 'burger': 0.67, 'bread': 1.0, 'donut': 1.0}, 'bun': {'bagel': 1.0, 'bun': 1.0, 'burger': 0.67, 'bread': 1.0, 'donut': 1.0}, 'burger': {'bagel': 0.67, 'bun': 0.67, 'burger': 1.0, 'bread': 0.67, 'donut': 0.67}, 'bread': {'bagel': 1.0, 'bun': 1.0, 'burger': 0.67, 'bread': 1.0, 'donut': 1.0}, 'donut': {'bagel': 1.0, 'bun': 1.0, 'burger': 0.67, 'bread': 1.0, 'donut': 1.0}}","[168, 28, 333, 178]","[193, 26, 403, 219]","{'bun': 0.2777777777777778, 'burger': 0.1388888888888889, 'cake': 0.027777777777777776, 'eggs': 0.0, 'is': 0.0, 'bread': 0.08333333333333333, 'snakes': 0.027777777777777776, 'egg': 0.0, 'hotdog': 0.0, 'donut': 0.05555555555555555, 'bagel': 0.3611111111111111, 'cheese': 0.027777777777777776, 'ham': 0.0, 'bacon': 0.0, 'hashbrowns': 0.0, 'sandwich': 0.0}","{'bun': 0.0, 'burger': 0.0, 'cake': 0.0, 'eggs': 0.05263157894736842, 'is': 0.05263157894736842, 'bread': 0.0, 'snakes': 0.0, 'egg': 0.21052631578947367, 'hotdog': 0.05263157894736842, 'donut': 0.0, 'bagel': 0.15789473684210525, 'cheese': 0.10526315789473684, 'ham': 0.05263157894736842, 'bacon': 0.05263157894736842, 'hashbrowns': 0.05263157894736842, 'sandwich': 0.21052631578947367}",-0.021685757676240147
22872,2408397,262515,http://manynames.upf.edu//2408397_262515_pizza.png,https://cs.stanford.edu/people/rak248/VG_100K_2/2408397.jpg,sauce,food,foodstuff.n.02,"{'food': 0.33, 'cheese': 1.0, 'toppings': 1.0}",0.83,"{'bounding box': 0.3, 'None': 0.7}",2408397.jpg,"food, nutrient","[{'31': ['food', 'pizza']}, {'5': ['toppings', 'cheese']}]",pizza,"{'cheese': 0.83, 'toppings': 0.83, 'pizza': 0.83, 'food': 0.83}","{'cheese': {'bounding box': 0.3, 'None': 0.7}, 'toppings': {'bounding box': 0.3, 'None': 0.7}, 'pizza': {'bounding box': 0.3, 'None': 0.7}, 'food': {'bounding box': 0.3, 'None': 0.7}}",31,0.935483870967742,0.345117314944953,2,food,train,"{'cheese': {'cheese': 1.0, 'toppings': 1.0, 'pizza': 0.0, 'food': 0.33}, 'toppings': {'cheese': 1.0, 'toppings': 1.0, 'pizza': 0.0, 'food': 0.33}, 'pizza': {'cheese': 0.0, 'toppings': 0.0, 'pizza': 1.0, 'food': 0.67}, 'food': {'cheese': 0.33, 'toppings': 0.33, 'pizza': 0.67, 'food': 1.0}}","[38, 29, 327, 275]","[38, 28, 397, 335]","{'crust': 0.0, 'cut': 0.0, 'center': 0.0, 'is': 0.0, 'sliced': 0.0, 'half': 0.0, 'toppings': 0.08333333333333333, 'piece': 0.0, 'cheese': 0.05555555555555555, 'food': 0.05555555555555555, 'pizza': 0.8055555555555556}","{'crust': 0.07142857142857142, 'cut': 0.14285714285714285, 'center': 0.07142857142857142, 'is': 0.14285714285714285, 'sliced': 0.07142857142857142, 'half': 0.07142857142857142, 'toppings': 0.0, 'piece': 0.07142857142857142, 'cheese': 0.0, 'food': 0.0, 'pizza': 0.35714285714285715}",0.8114891441445
11387,2361645,780670,http://manynames.upf.edu//2361645_780670_cake.png,https://cs.stanford.edu/people/rak248/VG_100K/2361645.jpg,cake,food,baked_goods.n.01,{},1.0,{'None': 1.0},2361645.jpg,"food, solid food","[{'2': ['flowers']}, {'32': ['cake']}]",cake,"{'flowers': 0.38, 'cake': 1.0}","{'flowers': {'bounding box': 0.5, 'None': 0.2, 'linguistic': 0.2}, 'cake': {'None': 1.0}}",32,1.0,0.0,1,food,train,"{'flowers': {'flowers': 1.0, 'cake': 0.0}, 'cake': {'flowers': 0.0, 'cake': 1.0}}","[35, 7, 403, 307]","[35, 1, 488, 374]","{'flowers': 0.05555555555555555, 'cake': 0.8888888888888888, 'la': 0.0, 'rose': 0.027777777777777776, 'roses': 0.0, 'flower arrangement': 0.027777777777777776, 'writing': 0.0}","{'flowers': 0.0, 'cake': 0.42857142857142855, 'la': 0.2857142857142857, 'rose': 0.0, 'roses': 0.14285714285714285, 'flower arrangement': 0.0, 'writing': 0.14285714285714285}",0.729818077868658
13654,2369805,3861515,http://manynames.upf.edu//2369805_3861515_donut.png,https://cs.stanford.edu/people/rak248/VG_100K/2369805.jpg,donut,food,baked_goods.n.01,"{'food': 1.0, 'pastry': 1.0, 'bread': 1.0}",1.0,{'None': 1.0},2369805.jpg,"food, solid food","[{'31': ['donut', 'food', 'pastry', 'bread']}]",donut,"{'donut': 1.0, 'food': 1.0, 'pastry': 1.0, 'bread': 0.67}","{'donut': {'None': 1.0}, 'food': {'None': 1.0}, 'pastry': {'None': 1.0}, 'bread': {'visual': 0.3, 'None': 0.7}}",31,0.7741935483870968,1.1221321968555455,4,food,train,"{'donut': {'donut': 1.0, 'food': 1.0, 'pastry': 1.0, 'bread': 1.0}, 'food': {'donut': 1.0, 'food': 1.0, 'pastry': 1.0, 'bread': 1.0}, 'pastry': {'donut': 1.0, 'food': 1.0, 'pastry': 1.0, 'bread': 1.0}, 'bread': {'donut': 1.0, 'food': 1.0, 'pastry': 1.0, 'bread': 1.0}}","[126, 52, 272, 243]","[143, 55, 332, 297]","{'burger': 0.027777777777777776, 'hole': 0.0, 'bread': 0.05555555555555555, 'picture': 0.0, 'subject': 0.0, 'frosting': 0.0, 'sugar': 0.0, 'taken': 0.0, 'pastry': 0.05555555555555555, 'biscuit': 0.027777777777777776, 'bite': 0.0, 'eclair': 0.027777777777777776, 'donut': 0.6666666666666666, 'side': 0.0, 'right': 0.0, 'sandwich': 0.027777777777777776, 'bun': 0.027777777777777776, 'is': 0.0, 'it': 0.0, 'food': 0.08333333333333333, 'has': 0.0, 'kind': 0.0, 'spot': 0.0}","{'burger': 0.0, 'hole': 0.09523809523809523, 'bread': 0.0, 'picture': 0.047619047619047616, 'subject': 0.047619047619047616, 'frosting': 0.047619047619047616, 'sugar': 0.047619047619047616, 'taken': 0.047619047619047616, 'pastry': 0.09523809523809523, 'biscuit': 0.0, 'bite': 0.047619047619047616, 'eclair': 0.0, 'donut': 0.14285714285714285, 'side': 0.047619047619047616, 'right': 0.047619047619047616, 'sandwich': 0.0, 'bun': 0.0, 'is': 0.09523809523809523, 'it': 0.047619047619047616, 'food': 0.0, 'has': 0.047619047619047616, 'kind': 0.047619047619047616, 'spot': 0.047619047619047616}",0.49839531231916656
22627,2407486,3810581,http://manynames.upf.edu//2407486_3810581_food.png,https://cs.stanford.edu/people/rak248/VG_100K_2/2407486.jpg,sauce,food,foodstuff.n.02,"{'dinner': 0.75, 'food': 0.75, 'salad': 0.5}",0.62,"{'visual': 0.8, 'None': 0.2}",2407486.jpg,"food, nutrient","[{'23': ['food', 'salad', 'dinner']}, {'4': ['plate']}]",food,"{'plate': 0.5, 'food': 1.0, 'salad': 0.75, 'dinner': 1.0}","{'plate': {'bounding box': 1.0}, 'food': {'None': 1.0}, 'salad': {'None': 0.5, 'visual': 0.5}, 'dinner': {'None': 1.0}}",23,0.782608695652174,0.9664516287472262,3,food,train,"{'plate': {'plate': 1.0, 'food': 0.0, 'salad': 0.0, 'dinner': 0.0}, 'food': {'plate': 0.0, 'food': 1.0, 'salad': 0.75, 'dinner': 1.0}, 'salad': {'plate': 0.0, 'food': 0.75, 'salad': 1.0, 'dinner': 0.75}, 'dinner': {'plate': 0.0, 'food': 1.0, 'salad': 0.75, 'dinner': 1.0}}","[11, 26, 455, 294]","[6, 24, 550, 358]","{'chicken': 0.0, 'fried rice': 0.029411764705882353, 'meat': 0.0, 'dish': 0.029411764705882353, 'beef': 0.029411764705882353, 'salad': 0.08823529411764706, 'fry': 0.0, 'bowl': 0.0, 'vagabond': 0.029411764705882353, 'dinner': 0.058823529411764705, 'meal': 0.029411764705882353, 'plate': 0.11764705882352941, 'broccoli': 0.0, 'orange': 0.0, 'mushroom': 0.029411764705882353, 'food': 0.5294117647058824, 'vegetables': 0.0, 'salsa': 0.0, 'stir': 0.0, 'rice': 0.029411764705882353}","{'chicken': 0.07142857142857142, 'fried rice': 0.0, 'meat': 0.21428571428571427, 'dish': 0.07142857142857142, 'beef': 0.0, 'salad': 0.0, 'fry': 0.07142857142857142, 'bowl': 0.07142857142857142, 'vagabond': 0.0, 'dinner': 0.0, 'meal': 0.0, 'plate': 0.0, 'broccoli': 0.21428571428571427, 'orange': 0.07142857142857142, 'mushroom': 0.0, 'food': 0.0, 'vegetables': 0.07142857142857142, 'salsa': 0.07142857142857142, 'stir': 0.07142857142857142, 'rice': 0.0}",-0.32585929211203113
11172,2360910,2480571,http://manynames.upf.edu//2360910_2480571_mirror.png,https://cs.stanford.edu/people/rak248/VG_100K/2360910.jpg,cake,food,baked_goods.n.01,"{'car mirror': 0.0, 'mirror': 0.0, 'cake': 1.0}",0.0,{'other': 1.0},2360910.jpg,"food, solid food","[{'35': ['mirror', 'car mirror']}]",mirror,"{'mirror': 1.0, 'car mirror': 1.0}","{'mirror': {'None': 1.0}, 'car mirror': {'None': 1.0}}",35,0.9142857142857144,0.4220005168831531,2,vehicles,train,"{'mirror': {'mirror': 1.0, 'car mirror': 1.0}, 'car mirror': {'mirror': 1.0, 'car mirror': 1.0}}","[0, 0, 479, 348]","[0, 0, 578, 422]","{'picture': 0.0, 'seat': 0.0, 'photo': 0.0, 'view': 0.0, 'mirror': 0.9142857142857143, 'car mirror': 0.08571428571428572, 'man': 0.0, 'taking': 0.0, 'dog': 0.0, 'woman': 0.0, 'side': 0.0, 'car': 0.0}","{'picture': 0.047619047619047616, 'seat': 0.047619047619047616, 'photo': 0.047619047619047616, 'view': 0.09523809523809523, 'mirror': 0.09523809523809523, 'car mirror': 0.0, 'man': 0.09523809523809523, 'taking': 0.09523809523809523, 'dog': 0.19047619047619047, 'woman': 0.14285714285714285, 'side': 0.047619047619047616, 'car': 0.09523809523809523}",0.02575189818393474
14024,2371126,740283,http://manynames.upf.edu//2371126_740283_pizza.png,https://cs.stanford.edu/people/rak248/VG_100K/2371126.jpg,pizza,food,dish.n.02,{'food': 1.0},1.0,{'None': 1.0},2371126.jpg,"food, nutrient","[{'33': ['pizza', 'food']}]",pizza,"{'pizza': 1.0, 'food': 1.0}","{'pizza': {'None': 1.0}, 'food': {'None': 1.0}}",33,0.9393939393939394,0.3298460702071463,2,food,train,"{'pizza': {'pizza': 1.0, 'food': 1.0}, 'food': {'pizza': 1.0, 'food': 1.0}}","[63, 79, 367, 254]","[68, 87, 445, 310]","{'burger': 0.02857142857142857, 'food': 0.05714285714285714, 'plate': 0.02857142857142857, 'vegetables': 0.0, 'variety': 0.0, 'pizza': 0.8857142857142857}","{'burger': 0.0, 'food': 0.0, 'plate': 0.0, 'vegetables': 0.14285714285714285, 'variety': 0.14285714285714285, 'pizza': 0.7142857142857143}",0.9524910280261462
18055,2387049,515535,http://manynames.upf.edu//2387049_515535_cake.png,https://cs.stanford.edu/people/rak248/VG_100K_2/2387049.jpg,cake,food,baked_goods.n.01,{},1.0,{'None': 1.0},2387049.jpg,"food, solid food",[{'35': ['cake']}],cake,{'cake': 1.0},{'cake': {'None': 1.0}},35,1.0,0.0,1,food,train,{'cake': {'cake': 1.0}},"[3, 186, 329, 314]","[0, 159, 298, 288]","{'burger': 0.027777777777777776, 'cake': 0.9722222222222222, 'end': 0.0, 'the': 0.0}","{'burger': 0.0, 'cake': 0.6666666666666666, 'end': 0.16666666666666666, 'the': 0.16666666666666666}",0.9544955934372386
4312,2331870,971185,http://manynames.upf.edu//2331870_971185_pizza.png,https://cs.stanford.edu/people/rak248/VG_100K/2331870.jpg,cheese,food,foodstuff.n.02,"{'pizza': 0.33, 'slice': 0.33}",1.0,{'None': 1.0},2331870.jpg,"food, nutrient","[{'33': ['slice', 'pizza']}]",pizza,"{'pizza': 1.0, 'slice': 1.0}","{'pizza': {'None': 1.0}, 'slice': {'None': 1.0}}",33,0.9393939393939394,0.3298460702071463,2,food,train,"{'pizza': {'pizza': 1.0, 'slice': 1.0}, 'slice': {'pizza': 1.0, 'slice': 1.0}}","[0, 37, 407, 462]","[0, 26, 371, 420]","{'silver': 0.0, 'is': 0.0, 'mushrooms': 0.0, 'pictured': 0.0, 'slice': 0.05555555555555555, 'tissue paper': 0.027777777777777776, 'tray': 0.0, 'olives': 0.0, 'cheese': 0.0, 'plate': 0.027777777777777776, 'pizza slice': 0.027777777777777776, 'pizza': 0.8611111111111112}","{'silver': 0.05263157894736842, 'is': 0.05263157894736842, 'mushrooms': 0.21052631578947367, 'pictured': 0.05263157894736842, 'slice': 0.10526315789473684, 'tissue paper': 0.0, 'tray': 0.05263157894736842, 'olives': 0.21052631578947367, 'cheese': 0.10526315789473684, 'plate': 0.0, 'pizza slice': 0.0, 'pizza': 0.15789473684210525}",0.2849279423761788
23033,2408946,252145,http://manynames.upf.edu//2408946_252145_pizza.png,https://cs.stanford.edu/people/rak248/VG_100K_2/2408946.jpg,pizza,food,dish.n.02,{'food': 1.0},1.0,{'None': 1.0},2408946.jpg,"food, nutrient","[{'33': ['pizza', 'food']}, {'3': ['spoon']}]",pizza,"{'spoon': 0.33, 'pizza': 1.0, 'food': 1.0}","{'spoon': {'visual': 0.7, 'bounding box': 0.3}, 'pizza': {'None': 1.0}, 'food': {'None': 1.0}}",33,0.9393939393939394,0.3298460702071463,2,food,train,"{'spoon': {'spoon': 1.0, 'pizza': 0.0, 'food': 0.0}, 'pizza': {'spoon': 0.0, 'pizza': 1.0, 'food': 1.0}, 'food': {'spoon': 0.0, 'pizza': 1.0, 'food': 1.0}}","[32, 270, 299, 158]","[22, 234, 274, 148]","{'hair': 0.0, 'platter': 0.0, 'is': 0.0, 'shirt': 0.0, 'girl': 0.0, 'food': 0.05555555555555555, 'name': 0.0, 'pepperoni': 0.0, 'spoon': 0.08333333333333333, 'pizza': 0.8611111111111112}","{'hair': 0.08333333333333333, 'platter': 0.08333333333333333, 'is': 0.08333333333333333, 'shirt': 0.08333333333333333, 'girl': 0.08333333333333333, 'food': 0.0, 'name': 0.08333333333333333, 'pepperoni': 0.08333333333333333, 'spoon': 0.0, 'pizza': 0.4166666666666667}",0.9170887317799249
12299,2364858,758484,http://manynames.upf.edu//2364858_758484_sandwich.png,https://cs.stanford.edu/people/rak248/VG_100K/2364858.jpg,vegetable,food,vegetable.n.01,{},0.83,"{'bounding box': 0.3, 'None': 0.7}",2364858.jpg,"food, nutrient","[{'33': ['sandwich', 'sub', 'food']}]",sandwich,"{'sandwich': 0.83, 'sub': 0.83, 'food': 1.0}","{'sandwich': {'None': 0.7, 'bounding box': 0.3}, 'sub': {'None': 0.7, 'bounding box': 0.3}, 'food': {'None': 1.0}}",33,0.8484848484848485,0.7607327460318964,3,food,train,"{'sandwich': {'sandwich': 1.0, 'sub': 1.0, 'food': 0.67}, 'sub': {'sandwich': 1.0, 'sub': 1.0, 'food': 0.67}, 'food': {'sandwich': 0.67, 'sub': 0.67, 'food': 1.0}}","[170, 102, 285, 137]","[196, 115, 347, 170]","{'tea': 0.0, 'burger': 0.02857142857142857, 'shows': 0.0, 'table': 0.0, 'drink': 0.0, 'sub': 0.08571428571428572, 'picture': 0.0, 'soda': 0.0, 'wrapped': 0.0, 'hoagie': 0.02857142857142857, 'napkin': 0.0, 'circle': 0.0, 'food': 0.05714285714285714, 'dog': 0.0, 'object': 0.0, 'straw': 0.0, 'sandwich': 0.8, 'paper': 0.0}","{'tea': 0.047619047619047616, 'burger': 0.0, 'shows': 0.047619047619047616, 'table': 0.09523809523809523, 'drink': 0.14285714285714285, 'sub': 0.0, 'picture': 0.09523809523809523, 'soda': 0.047619047619047616, 'wrapped': 0.047619047619047616, 'hoagie': 0.0, 'napkin': 0.047619047619047616, 'circle': 0.047619047619047616, 'food': 0.0, 'dog': 0.047619047619047616, 'object': 0.047619047619047616, 'straw': 0.047619047619047616, 'sandwich': 0.19047619047619047, 'paper': 0.047619047619047616}",0.6119959887775088
22168,2405605,1106991,http://manynames.upf.edu//2405605_1106991_desk.png,https://cs.stanford.edu/people/rak248/VG_100K_2/2405605.jpg,desk,home,furnishing.n.02,{'table': 1.0},1.0,{'None': 1.0},2405605.jpg,"instrumentality, instrumentation","[{'28': ['table', 'desk']}, {'3': ['keyboard']}, {'2': ['toy']}]",desk,"{'keyboard': 0.33, 'toy': 0.0, 'desk': 1.0, 'table': 0.67}","{'keyboard': {'bounding box': 1.0}, 'toy': {'bounding box': 1.0}, 'desk': {'None': 1.0}, 'table': {'None': 0.7, 'visual': 0.3}}",28,0.8214285714285714,0.676941869780886,2,home,train,"{'keyboard': {'keyboard': 1.0, 'toy': 0.0, 'desk': 0.0, 'table': 0.0}, 'toy': {'keyboard': 0.0, 'toy': 1.0, 'desk': 0.0, 'table': 0.0}, 'desk': {'keyboard': 0.0, 'toy': 0.0, 'desk': 1.0, 'table': 1.0}, 'table': {'keyboard': 0.0, 'toy': 0.0, 'desk': 1.0, 'table': 1.0}}","[1, 143, 499, 189]","[0, 164, 597, 233]","{'desktop': 0.027777777777777776, 'right': 0.0, 'table': 0.1388888888888889, 'the': 0.0, 'is': 0.0, 'computer': 0.0, 'dell': 0.0, 'lap top': 0.027777777777777776, 'keyboard': 0.08333333333333333, 'toy': 0.05555555555555555, 'computer desk': 0.027777777777777776, 'desk': 0.6388888888888888, 'monitor': 0.0}","{'desktop': 0.0, 'right': 0.07142857142857142, 'table': 0.0, 'the': 0.07142857142857142, 'is': 0.07142857142857142, 'computer': 0.2857142857142857, 'dell': 0.07142857142857142, 'lap top': 0.0, 'keyboard': 0.07142857142857142, 'toy': 0.0, 'computer desk': 0.0, 'desk': 0.0, 'monitor': 0.35714285714285715}",-0.29660414036640204
12126,2364287,2495190,http://manynames.upf.edu//2364287_2495190_vase.png,https://cs.stanford.edu/people/rak248/VG_100K/2364287.jpg,pot,home,kitchen_utensil.n.01,"{'jar': 1.0, 'vase': 1.0}",0.88,"{'visual': 0.2, 'None': 0.8}",2364287.jpg,"instrumentality, instrumentation","[{'34': ['vase', 'jar']}]",vase,"{'vase': 1.0, 'jar': 0.88}","{'vase': {'None': 1.0}, 'jar': {'None': 0.8, 'visual': 0.2}}",34,0.9411764705882352,0.3227569588973982,2,home,train,"{'vase': {'vase': 1.0, 'jar': 1.0}, 'jar': {'vase': 1.0, 'jar': 1.0}}","[138, 130, 208, 243]","[157, 148, 255, 297]","{'flowers': 0.0, 'the': 0.0, 'container': 0.0, 'mason': 0.0, 'photo': 0.0, 'vase': 0.8888888888888888, 'flower vase': 0.027777777777777776, 'glass': 0.027777777777777776, 'jar': 0.05555555555555555}","{'flowers': 0.4166666666666667, 'the': 0.08333333333333333, 'container': 0.08333333333333333, 'mason': 0.08333333333333333, 'photo': 0.08333333333333333, 'vase': 0.16666666666666666, 'flower vase': 0.0, 'glass': 0.0, 'jar': 0.08333333333333333}",0.14253430144367396
24220,2413349,3800745,http://manynames.upf.edu//2413349_3800745_couch.png,https://cs.stanford.edu/people/rak248/VG_100K_2/2413349.jpg,couch,home,furnishing.n.02,{'sofa': 1.0},1.0,{'None': 1.0},2413349.jpg,"instrumentality, instrumentation","[{'26': ['sofa', 'couch']}, {'3': ['dress']}, {'2': ['t-shirt']}]",couch,"{'t-shirt': 0.33, 'dress': 0.33, 'couch': 1.0, 'sofa': 1.0}","{'t-shirt': {'bounding box': 1.0}, 'dress': {'bounding box': 1.0}, 'couch': {'None': 1.0}, 'sofa': {'None': 1.0}}",26,0.8076923076923077,0.7062740891876007,2,home,train,"{'t-shirt': {'t-shirt': 1.0, 'dress': 0.33, 'couch': 0.0, 'sofa': 0.0}, 'dress': {'t-shirt': 0.33, 'dress': 1.0, 'couch': 0.0, 'sofa': 0.0}, 'couch': {'t-shirt': 0.0, 'dress': 0.0, 'couch': 1.0, 'sofa': 1.0}, 'sofa': {'t-shirt': 0.0, 'dress': 0.0, 'couch': 1.0, 'sofa': 1.0}}","[183, 101, 315, 204]","[207, 111, 376, 246]","{'tennis clothes': 0.027777777777777776, 'shirt': 0.027777777777777776, 'chair': 0.027777777777777776, 'frag': 0.027777777777777776, 'tennis': 0.0, 'racket': 0.0, 'bat': 0.027777777777777776, 'person': 0.0, 't-shirt': 0.05555555555555555, 'dress': 0.08333333333333333, 'sofa': 0.1388888888888889, 'racquet': 0.0, 'brother': 0.0, 'couch': 0.5833333333333334}","{'tennis clothes': 0.0, 'shirt': 0.0, 'chair': 0.0, 'frag': 0.0, 'tennis': 0.16666666666666666, 'racket': 0.3333333333333333, 'bat': 0.0, 'person': 0.16666666666666666, 't-shirt': 0.0, 'dress': 0.0, 'sofa': 0.0, 'racquet': 0.16666666666666666, 'brother': 0.16666666666666666, 'couch': 0.0}",-0.33470074247748943
10805,2359565,2588238,http://manynames.upf.edu//2359565_2588238_bench.png,https://cs.stanford.edu/people/rak248/VG_100K/2359565.jpg,bench,home,furnishing.n.02,{},1.0,{'None': 1.0},2359565.jpg,"instrumentality, instrumentation",[{'35': ['bench']}],bench,{'bench': 1.0},{'bench': {'None': 1.0}},35,1.0,0.0,1,home,train,{'bench': {'bench': 1.0}},"[17, 125, 461, 193]","[13, 142, 557, 237]","{'table': 0.027777777777777776, 'stairs': 0.0, 'is': 0.0, 'bench': 0.9722222222222222, 'base': 0.0, 'orange': 0.0, 'brick': 0.0, 'wood': 0.0, 'wall': 0.0, 'located': 0.0}","{'table': 0.0, 'stairs': 0.08333333333333333, 'is': 0.08333333333333333, 'bench': 0.3333333333333333, 'base': 0.08333333333333333, 'orange': 0.08333333333333333, 'brick': 0.08333333333333333, 'wood': 0.08333333333333333, 'wall': 0.08333333333333333, 'located': 0.08333333333333333}",0.9435289441980372
15054,2374834,724799,http://manynames.upf.edu//2374834_724799_toilet.png,https://cs.stanford.edu/people/rak248/VG_100K/2374834.jpg,bowl,home,vessel.n.03,{'toilet': 0.83},0.67,"{'visual': 0.3, 'linguistic': 0.2, 'None': 0.5}",2374834.jpg,"instrumentality, instrumentation",[{'32': ['toilet']}],toilet,"{'toilet': 1.0, 'bathroom': 'NA'}","{'toilet': {'None': 1.0}, 'bathroom': 'NA'}",33,0.9696969696969696,0.1959092708736049,2,home,val,"{'toilet': {'toilet': 1.0, 'bathroom': 'NA'}, 'bathroom': {'toilet': 'NA', 'bathroom': 'NA'}}","[122, 59, 241, 208]","[139, 63, 295, 255]","{'coins': 0.0, 'lateen': 0.02857142857142857, 'is': 0.0, 's': 0.0, 'seat': 0.0, 'bowl': 0.0, 'pile': 0.0, 'bathroom': 0.02857142857142857, 'toilet': 0.9142857142857143, 'unflushed toilet': 0.02857142857142857, 'atm': 0.0}","{'coins': 0.1, 'lateen': 0.0, 'is': 0.1, 's': 0.1, 'seat': 0.1, 'bowl': 0.1, 'pile': 0.1, 'bathroom': 0.1, 'toilet': 0.2, 'unflushed toilet': 0.0, 'atm': 0.1}",0.6429245606346021
15829,2377649,2433333,http://manynames.upf.edu//2377649_2433333_grass.png,https://cs.stanford.edu/people/rak248/VG_100K_2/2377649.jpg,bench,home,furnishing.n.02,{},0.0,"{'other': 0.7, 'visual': 0.3}",2377649.jpg,"instrumentality, instrumentation","[{'25': ['field', 'grass', 'pasture']}, {'3': ['cow']}]",grass,"{'cow': 0.17, 'grass': 1.0, 'field': 1.0, 'pasture': 1.0}","{'cow': {'bounding box': 1.0}, 'grass': {'None': 1.0}, 'field': {'None': 1.0}, 'pasture': {'None': 1.0}}",25,0.4,1.55352095112747,3,animals_plants,train,"{'cow': {'cow': 1.0, 'grass': 0.0, 'field': 0.0, 'pasture': 0.0}, 'grass': {'cow': 0.0, 'grass': 1.0, 'field': 1.0, 'pasture': 1.0}, 'field': {'cow': 0.0, 'grass': 1.0, 'field': 1.0, 'pasture': 1.0}, 'pasture': {'cow': 0.0, 'grass': 1.0, 'field': 1.0, 'pasture': 1.0}}","[0, 120, 499, 253]","[0, 136, 597, 309]","{'grazing': 0.0, 'cow': 0.09375, 'is': 0.0, 'pasture': 0.1875, 'pen': 0.0, 'grass': 0.3125, 'cows': 0.0, 'grass field': 0.03125, 'field': 0.28125, 'ground': 0.03125, 'animals': 0.03125, 'coco': 0.03125, 'cattle': 0.0}","{'grazing': 0.125, 'cow': 0.0, 'is': 0.125, 'pasture': 0.0, 'pen': 0.125, 'grass': 0.0, 'cows': 0.25, 'grass field': 0.0, 'field': 0.125, 'ground': 0.0, 'animals': 0.0, 'coco': 0.0, 'cattle': 0.25}",-0.3268354303898161
2962,2324306,3412337,http://manynames.upf.edu//2324306_3412337_bed.png,https://cs.stanford.edu/people/rak248/VG_100K/2324306.jpg,bed,home,furnishing.n.02,"{'bench': 0.67, 'crib': 0.67}",0.67,"{'bounding box': 0.3, 'None': 0.7}",2324306.jpg,"instrumentality, instrumentation","[{'27': ['bench', 'crib', 'bed']}]",bed,"{'bench': 0.33, 'bed': 0.67, 'crib': 0.83}","{'bench': {'None': 0.3, 'visual': 0.7}, 'bed': {'bounding box': 0.3, 'None': 0.7}, 'crib': {'visual': 0.3, 'None': 0.7}}",21,0.7619047619047619,0.7918583525674836,2,home,train,"{'bench': {'bench': 1.0, 'bed': 0.67, 'crib': 1.0}, 'bed': {'bench': 0.67, 'bed': 1.0, 'crib': 0.67}, 'crib': {'bench': 1.0, 'bed': 0.67, 'crib': 1.0}}","[128, 308, 256, 191]","[107, 268, 236, 178]","{'cot': 0.027777777777777776, 'table': 0.027777777777777776, 'ottoman': 0.027777777777777776, 'wooden': 0.0, 'fireplace': 0.0, 'doll': 0.027777777777777776, 'couch': 0.027777777777777776, 'painting': 0.0, 'chair': 0.027777777777777776, 'bench': 0.16666666666666666, 'crib': 0.1388888888888889, 'pillow': 0.027777777777777776, 'mantle': 0.0, 'bed': 0.4444444444444444, 'posts': 0.0, 'framed': 0.0, 'canopy': 0.0, 'sofa': 0.027777777777777776, 'bassinet': 0.027777777777777776, 'nails': 0.0, 'frame': 0.0, 'painted': 0.0, 'antique': 0.0}","{'cot': 0.0, 'table': 0.0, 'ottoman': 0.0, 'wooden': 0.06666666666666667, 'fireplace': 0.06666666666666667, 'doll': 0.0, 'couch': 0.0, 'painting': 0.06666666666666667, 'chair': 0.0, 'bench': 0.0, 'crib': 0.0, 'pillow': 0.0, 'mantle': 0.06666666666666667, 'bed': 0.2, 'posts': 0.06666666666666667, 'framed': 0.06666666666666667, 'canopy': 0.06666666666666667, 'sofa': 0.0, 'bassinet': 0.0, 'nails': 0.06666666666666667, 'frame': 0.13333333333333333, 'painted': 0.06666666666666667, 'antique': 0.06666666666666667}",0.4107489209732887
8867,2352420,2032233,http://manynames.upf.edu//2352420_2032233_vase.png,https://cs.stanford.edu/people/rak248/VG_100K/2352420.jpg,vase,home,vessel.n.03,"{'jar': 0.67, 'jag': 0.67}",0.83,"{'bounding box': 0.3, 'None': 0.7}",2352420.jpg,"instrumentality, instrumentation","[{'38': ['jar', 'vase', 'jag']}]",vase,"{'jar': 0.33, 'jag': 0.17, 'vase': 0.83}","{'jar': {'visual': 0.7, 'bounding box': 0.3}, 'jag': {'visual': 0.7, 'other': 0.3}, 'vase': {'None': 0.7, 'bounding box': 0.3}}",32,1.0,0.0,1,home,train,"{'jar': {'jar': 1.0, 'jag': 0.67, 'vase': 0.67}, 'jag': {'jar': 0.67, 'jag': 1.0, 'vase': 0.67}, 'vase': {'jar': 0.67, 'jag': 0.67, 'vase': 1.0}}","[309, 0, 189, 333]","[362, 0, 233, 396]","{'top': 0.0, 'is': 0.0, 'jag': 0.05263157894736842, 'vase': 0.8421052631578947, 'figures': 0.0, 'middle': 0.0, 'example': 0.0, 'dragons': 0.0, 'right': 0.0, 'dragon': 0.0, 'jar': 0.10526315789473684}","{'top': 0.06666666666666667, 'is': 0.06666666666666667, 'jag': 0.0, 'vase': 0.4, 'figures': 0.06666666666666667, 'middle': 0.06666666666666667, 'example': 0.06666666666666667, 'dragons': 0.06666666666666667, 'right': 0.06666666666666667, 'dragon': 0.13333333333333333, 'jar': 0.0}",0.9005878667310673
7521,2347193,1730167,http://manynames.upf.edu//2347193_1730167_bed.png,https://cs.stanford.edu/people/rak248/VG_100K/2347193.jpg,bed,home,furnishing.n.02,{},1.0,{'None': 1.0},2347193.jpg,"instrumentality, instrumentation",[{'35': ['bed']}],bed,{'bed': 1.0},{'bed': {'None': 1.0}},35,1.0,0.0,1,home,train,{'bed': {'bed': 1.0}},"[0, 264, 373, 234]","[0, 229, 335, 216]","{'child': 0.0, 'standing': 0.0, 'pillows': 0.0, 'stuffed': 0.0, 'pillow': 0.027777777777777776, 'room': 0.0, 'boy': 0.0, 'armful': 0.0, 'bed': 0.9722222222222222, 'drink': 0.0, 'is': 0.0, 'container': 0.0, 'head': 0.0, 'playing': 0.0, 'sheet': 0.0, 'orange': 0.0, 'has': 0.0, 'draped': 0.0, 'animal': 0.0, 'laptop': 0.0}","{'child': 0.08333333333333333, 'standing': 0.041666666666666664, 'pillows': 0.041666666666666664, 'stuffed': 0.041666666666666664, 'pillow': 0.125, 'room': 0.041666666666666664, 'boy': 0.08333333333333333, 'armful': 0.041666666666666664, 'bed': 0.041666666666666664, 'drink': 0.041666666666666664, 'is': 0.041666666666666664, 'container': 0.041666666666666664, 'head': 0.041666666666666664, 'playing': 0.041666666666666664, 'sheet': 0.041666666666666664, 'orange': 0.041666666666666664, 'has': 0.041666666666666664, 'draped': 0.041666666666666664, 'animal': 0.041666666666666664, 'laptop': 0.041666666666666664}",-0.0669188021147466
18659,2390099,500412,http://manynames.upf.edu//2390099_500412_table.png,https://cs.stanford.edu/people/rak248/VG_100K_2/2390099.jpg,table,home,furnishing.n.02,{},1.0,{'None': 1.0},2390099.jpg,"instrumentality, instrumentation","[{'29': ['table']}, {'3': ['glass']}]",table,"{'glass': 0.17, 'table': 1.0}","{'glass': {'bounding box': 1.0}, 'table': {'None': 1.0}}",29,1.0,0.0,1,home,train,"{'glass': {'glass': 1.0, 'table': 0.0}, 'table': {'glass': 0.0, 'table': 1.0}}","[0, 252, 375, 250]","[0, 218, 335, 229]","{'cake': 0.0, 'table': 0.8055555555555556, 'photo': 0.0, 'wine glass': 0.027777777777777776, 'dinner': 0.027777777777777776, 'wine': 0.0, 'fire': 0.027777777777777776, 'glass': 0.08333333333333333, 'candles': 0.0, 'desk': 0.027777777777777776, 'glasses': 0.0}","{'cake': 0.16666666666666666, 'table': 0.08333333333333333, 'photo': 0.08333333333333333, 'wine glass': 0.0, 'dinner': 0.0, 'wine': 0.08333333333333333, 'fire': 0.0, 'glass': 0.3333333333333333, 'candles': 0.16666666666666666, 'desk': 0.0, 'glasses': 0.08333333333333333}",0.016487043762514204
19770,2395173,457228,http://manynames.upf.edu//2395173_457228_couch.png,https://cs.stanford.edu/people/rak248/VG_100K_2/2395173.jpg,couch,home,furnishing.n.02,{'sofa': 1.0},1.0,{'None': 1.0},2395173.jpg,"instrumentality, instrumentation","[{'29': ['couch', 'sofa']}, {'6': ['cat']}]",couch,"{'cat': 0.67, 'couch': 1.0, 'sofa': 1.0}","{'cat': {'bounding box': 0.7, 'None': 0.3}, 'couch': {'None': 1.0}, 'sofa': {'None': 1.0}}",29,0.7586206896551724,0.7973265101474423,2,home,train,"{'cat': {'cat': 1.0, 'couch': 0.0, 'sofa': 0.0}, 'couch': {'cat': 0.0, 'couch': 1.0, 'sofa': 1.0}, 'sofa': {'cat': 0.0, 'couch': 1.0, 'sofa': 1.0}}","[0, 1, 365, 411]","[0, 0, 333, 374]","{'cat': 0.17142857142857143, 'person': 0.0, 'piece': 0.0, 'hint': 0.0, 'sofa': 0.2, 'suitcase': 0.0, 'q': 0.0, 'please': 0.0, 'give': 0.0, 'couch': 0.6285714285714286, 'luggage': 0.0, 'owns': 0.0}","{'cat': 0.1875, 'person': 0.0625, 'piece': 0.0625, 'hint': 0.0625, 'sofa': 0.0, 'suitcase': 0.25, 'q': 0.0625, 'please': 0.0625, 'give': 0.0625, 'couch': 0.0, 'luggage': 0.125, 'owns': 0.0625}",-0.3464110982676063
904,1159660,1596123,http://manynames.upf.edu//1159660_1596123_counter.png,https://cs.stanford.edu/people/rak248/VG_100K/1159660.jpg,counter,home,furnishing.n.02,"{'cupboard': 0.67, 'bar': 0.67, 'table': 0.67, 'stand': 0.67, 'cabinet': 0.67}",1.0,{'None': 1.0},1159660.jpg,"instrumentality, instrumentation","[{'32': ['counter', 'cupboard', 'cabinet', 'stand', 'table', 'bar']}]",counter,"{'cupboard': 0.33, 'counter': 1.0, 'table': 0.5, 'bar': 0.83, 'stand': 0.83, 'cabinet': 0.5}","{'cupboard': {'visual': 0.7, 'linguistic': 0.3}, 'counter': {'None': 1.0}, 'table': {'visual': 0.7, 'linguistic': 0.3}, 'bar': {'None': 0.7, 'linguistic': 0.3}, 'stand': {'None': 0.7, 'visual': 0.3}, 'cabinet': {'visual': 0.7, 'linguistic': 0.3}}",30,0.7,1.473772149591271,5,home,train,"{'cupboard': {'cupboard': 1.0, 'counter': 0.67, 'table': 0.67, 'bar': 0.67, 'stand': 0.67, 'cabinet': 1.0}, 'counter': {'cupboard': 0.67, 'counter': 1.0, 'table': 0.67, 'bar': 0.67, 'stand': 0.67, 'cabinet': 0.67}, 'table': {'cupboard': 0.67, 'counter': 0.67, 'table': 1.0, 'bar': 0.67, 'stand': 1.0, 'cabinet': 0.67}, 'bar': {'cupboard': 0.67, 'counter': 0.67, 'table': 0.67, 'bar': 1.0, 'stand': 0.67, 'cabinet': 0.67}, 'stand': {'cupboard': 0.67, 'counter': 0.67, 'table': 1.0, 'bar': 0.67, 'stand': 1.0, 'cabinet': 0.67}, 'cabinet': {'cupboard': 1.0, 'counter': 0.67, 'table': 0.67, 'bar': 0.67, 'stand': 0.67, 'cabinet': 1.0}}","[561, 254, 461, 346]","[320, 141, 275, 208]","{'table': 0.08823529411764706, 'apple': 0.029411764705882353, 'picture': 0.0, 'grapefruit': 0.0, 'countertop': 0.029411764705882353, 'counter': 0.6176470588235294, 'bar': 0.058823529411764705, 'pears': 0.0, 'oranges': 0.0, 'desk': 0.029411764705882353, 'cupboard': 0.029411764705882353, 'stand': 0.058823529411764705, 'display': 0.0, 'is': 0.0, 'sign': 0.0, 'lemons': 0.0, 'bananas': 0.0, 'cabinet': 0.058823529411764705, 'fruit': 0.0}","{'table': 0.0, 'apple': 0.0, 'picture': 0.05263157894736842, 'grapefruit': 0.05263157894736842, 'countertop': 0.0, 'counter': 0.0, 'bar': 0.0, 'pears': 0.05263157894736842, 'oranges': 0.05263157894736842, 'desk': 0.0, 'cupboard': 0.0, 'stand': 0.21052631578947367, 'display': 0.10526315789473684, 'is': 0.05263157894736842, 'sign': 0.05263157894736842, 'lemons': 0.05263157894736842, 'bananas': 0.05263157894736842, 'cabinet': 0.0, 'fruit': 0.2631578947368421}",-0.2215244854918487
6473,2343011,928375,http://manynames.upf.edu//2343011_928375_cat.png,https://cs.stanford.edu/people/rak248/VG_100K/2343011.jpg,carpet,home,furnishing.n.02,{'floor': 1.0},0.5,"{'bounding box': 0.7, 'None': 0.3}",2343011.jpg,"instrumentality, instrumentation","[{'13': ['carpet', 'floor']}, {'13': ['cat']}, {'2': ['bowl']}]",cat,"{'carpet': 0.5, 'floor': 0.5, 'bowl': 0.17, 'cat': 0.33}","{'carpet': {'bounding box': 0.7, 'None': 0.3}, 'floor': {'bounding box': 0.7, 'None': 0.3}, 'bowl': {'bounding box': 1.0}, 'cat': {'None': 0.3, 'bounding box': 0.7}}",13,1.0,0.0,1,animals_plants,train,"{'carpet': {'carpet': 1.0, 'floor': 1.0, 'bowl': 0.0, 'cat': 0.0}, 'floor': {'carpet': 1.0, 'floor': 1.0, 'bowl': 0.0, 'cat': 0.0}, 'bowl': {'carpet': 0.0, 'floor': 0.0, 'bowl': 1.0, 'cat': 0.0}, 'cat': {'carpet': 0.0, 'floor': 0.0, 'bowl': 0.0, 'cat': 1.0}}","[0, 74, 500, 294]","[0, 81, 597, 358]","{'carpet': 0.22580645161290322, 'floor': 0.1935483870967742, 'is': 0.0, 'eating': 0.0, 'cat': 0.41935483870967744, 'bowl': 0.06451612903225806, 'animal': 0.03225806451612903, 'room': 0.03225806451612903, 'food': 0.0, 'dish': 0.0, 'plate': 0.03225806451612903}","{'carpet': 0.0, 'floor': 0.09090909090909091, 'is': 0.18181818181818182, 'eating': 0.09090909090909091, 'cat': 0.36363636363636365, 'bowl': 0.09090909090909091, 'animal': 0.0, 'room': 0.0, 'food': 0.09090909090909091, 'dish': 0.09090909090909091, 'plate': 0.0}",0.5881845857856796
13442,2368992,2111821,http://manynames.upf.edu//2368992_2111821_bowl.png,https://cs.stanford.edu/people/rak248/VG_100K/2368992.jpg,bowl,home,vessel.n.03,"{'plate': 0.67, 'dish': 0.67}",0.83,"{'bounding box': 0.3, 'None': 0.7}",2368992.jpg,"instrumentality, instrumentation","[{'24': ['dish', 'plate', 'bowl']}, {'3': ['food']}]",bowl,"{'food': 0.67, 'bowl': 0.83, 'dish': 1.0, 'plate': 0.67, 'container': 'NA'}","{'food': {'None': 0.3, 'bounding box': 0.7}, 'bowl': {'None': 0.7, 'bounding box': 0.3}, 'dish': {'None': 1.0}, 'plate': {'other': 0.3, 'None': 0.7}, 'container': 'NA'}",25,0.64,1.3834651896016472,4,home,train,"{'food': {'food': 1.0, 'bowl': 0.0, 'dish': 0.0, 'plate': 0.0, 'container': 'NA'}, 'bowl': {'food': 0.0, 'bowl': 1.0, 'dish': 0.67, 'plate': 0.67, 'container': 'NA'}, 'dish': {'food': 0.0, 'bowl': 0.67, 'dish': 1.0, 'plate': 1.0, 'container': 'NA'}, 'plate': {'food': 0.0, 'bowl': 0.67, 'dish': 1.0, 'plate': 1.0, 'container': 'NA'}, 'container': {'food': 'NA', 'bowl': 'NA', 'dish': 'NA', 'plate': 'NA', 'container': 'NA'}}","[76, 141, 269, 172]","[84, 161, 328, 212]","{'pasta': 0.027777777777777776, 'pan': 0.027777777777777776, 'fork': 0.0, 'is': 0.0, 'container': 0.027777777777777776, 'bowl': 0.4444444444444444, 'spaghetti': 0.027777777777777776, 'stew': 0.027777777777777776, 'dinner plate': 0.027777777777777776, 'made': 0.0, 'pot': 0.027777777777777776, 'plate of pasta': 0.027777777777777776, 'dish': 0.16666666666666666, 'food': 0.08333333333333333, 'meal': 0.027777777777777776, 'plate': 0.05555555555555555, 'vegetables': 0.0, 'spoon': 0.0}","{'pasta': 0.07692307692307693, 'pan': 0.0, 'fork': 0.23076923076923078, 'is': 0.07692307692307693, 'container': 0.0, 'bowl': 0.15384615384615385, 'spaghetti': 0.0, 'stew': 0.0, 'dinner plate': 0.0, 'made': 0.07692307692307693, 'pot': 0.0, 'plate of pasta': 0.0, 'dish': 0.23076923076923078, 'food': 0.0, 'meal': 0.0, 'plate': 0.0, 'vegetables': 0.07692307692307693, 'spoon': 0.07692307692307693}",0.38294724293299803
259,1590,3637049,http://manynames.upf.edu//1590_3637049_table.png,https://cs.stanford.edu/people/rak248/VG_100K_2/1590.jpg,carpet,home,furnishing.n.02,{'floor': 0.83},0.75,"{'bounding box': 0.2, 'other': 0.2, 'None': 0.7}",1590.jpg,"instrumentality, instrumentation","[{'18': ['desk', 'furniture', 'table']}, {'15': ['floor', 'carpet']}]",table,"{'carpet': 0.75, 'desk': 0.33, 'floor': 0.92, 'table': 0.42, 'furniture': 0.42}","{'carpet': {'None': 0.7, 'bounding box': 0.2, 'other': 0.2}, 'desk': {'bounding box': 0.8, 'None': 0.2}, 'floor': {'None': 0.8, 'bounding box': 0.2}, 'table': {'bounding box': 0.7, 'None': 0.3}, 'furniture': {'bounding box': 0.7, 'None': 0.3}}",15,0.8666666666666667,0.5665095065529052,2,home,test,"{'carpet': {'carpet': 1.0, 'desk': 0.0, 'floor': 0.83, 'table': 0.0, 'furniture': 0.0}, 'desk': {'carpet': 0.0, 'desk': 1.0, 'floor': 0.0, 'table': 0.83, 'furniture': 0.83}, 'floor': {'carpet': 0.83, 'desk': 0.0, 'floor': 1.0, 'table': 0.0, 'furniture': 0.0}, 'table': {'carpet': 0.0, 'desk': 0.83, 'floor': 0.0, 'table': 1.0, 'furniture': 0.83}, 'furniture': {'carpet': 0.0, 'desk': 0.83, 'floor': 0.0, 'table': 0.83, 'furniture': 1.0}}","[0, 244, 796, 290]","[0, 175, 597, 223]","{'carpet': 0.19444444444444445, 'floor': 0.2222222222222222, 'table': 0.3611111111111111, 'is': 0.0, 'chair': 0.027777777777777776, 'background': 0.0, 'office': 0.0, 'picture': 0.0, 'conference': 0.0, 'furniture': 0.05555555555555555, 'room': 0.0, 'chairs': 0.0, 'desk': 0.08333333333333333, 'screen': 0.027777777777777776, 'rug': 0.027777777777777776}","{'carpet': 0.0, 'floor': 0.0, 'table': 0.35294117647058826, 'is': 0.058823529411764705, 'chair': 0.0, 'background': 0.058823529411764705, 'office': 0.058823529411764705, 'picture': 0.058823529411764705, 'conference': 0.23529411764705882, 'furniture': 0.0, 'room': 0.058823529411764705, 'chairs': 0.11764705882352941, 'desk': 0.0, 'screen': 0.0, 'rug': 0.0}",0.3958617781586732
3922,2329667,2856374,http://manynames.upf.edu//2329667_2856374_woman.png,https://cs.stanford.edu/people/rak248/VG_100K/2329667.jpg,woman,people,woman.n.01,{'chef': 1.0},1.0,{'None': 1.0},2329667.jpg,person,"[{'28': ['woman', 'chef']}, {'2': ['shirt']}]",woman,"{'shirt': 0.5, 'woman': 1.0, 'chef': 1.0}","{'shirt': {'bounding box': 1.0}, 'woman': {'None': 1.0}, 'chef': {'None': 1.0}}",28,0.5714285714285714,0.9852281360342514,2,people,train,"{'shirt': {'shirt': 1.0, 'woman': 0.0, 'chef': 0.0}, 'woman': {'shirt': 0.0, 'woman': 1.0, 'chef': 1.0}, 'chef': {'shirt': 0.0, 'woman': 1.0, 'chef': 1.0}}","[38, 13, 224, 315]","[38, 9, 274, 383]","{'lady': 0.02857142857142857, 'shirt': 0.05714285714285714, 'person': 0.02857142857142857, 'gloves': 0.02857142857142857, 'left': 0.0, 'apron': 0.0, 'hat': 0.0, 'baker': 0.02857142857142857, 'chef': 0.34285714285714286, 'orange': 0.0, 'man': 0.02857142857142857, 'woman': 0.45714285714285713}","{'lady': 0.0, 'shirt': 0.0, 'person': 0.0, 'gloves': 0.0, 'left': 0.125, 'apron': 0.25, 'hat': 0.125, 'baker': 0.0, 'chef': 0.375, 'orange': 0.125, 'man': 0.0, 'woman': 0.0}",0.22137967405994094
15028,2374747,2484525,http://manynames.upf.edu//2374747_2484525_pitcher.png,https://cs.stanford.edu/people/rak248/VG_100K/2374747.jpg,pitcher,people,athlete.n.01,"{'man': 1.0, 'player': 1.0, 'baseball player': 1.0}",1.0,{'None': 1.0},2374747.jpg,person,"[{'28': ['man', 'pitcher', 'player', 'baseball player']}, {'2': ['cap']}]",pitcher,"{'cap': 0.33, 'pitcher': 1.0, 'man': 1.0, 'baseball player': 1.0, 'player': 1.0}","{'cap': {'bounding box': 1.0}, 'pitcher': {'None': 1.0}, 'man': {'None': 1.0}, 'baseball player': {'None': 1.0}, 'player': {'None': 1.0}}",28,0.3928571428571428,1.8579594642722084,4,people,train,"{'cap': {'cap': 1.0, 'pitcher': 0.0, 'man': 0.0, 'baseball player': 0.0, 'player': 0.0}, 'pitcher': {'cap': 0.0, 'pitcher': 1.0, 'man': 1.0, 'baseball player': 1.0, 'player': 1.0}, 'man': {'cap': 0.0, 'pitcher': 1.0, 'man': 1.0, 'baseball player': 1.0, 'player': 1.0}, 'baseball player': {'cap': 0.0, 'pitcher': 1.0, 'man': 1.0, 'baseball player': 1.0, 'player': 1.0}, 'player': {'cap': 0.0, 'pitcher': 1.0, 'man': 1.0, 'baseball player': 1.0, 'player': 1.0}}","[74, 70, 221, 406]","[59, 56, 205, 370]","{'baseball player': 0.1111111111111111, 'shirt': 0.027777777777777776, 'giants': 0.0, 'foreground': 0.0, 'jersey': 0.027777777777777776, 'mound': 0.0, 'player': 0.1111111111111111, 'dress': 0.027777777777777776, 'man': 0.25, 'cap': 0.05555555555555555, 'shoe': 0.027777777777777776, 'pitcher': 0.3055555555555556, 'athlete': 0.027777777777777776, 'baseball': 0.0, 'baseball pitcher': 0.027777777777777776, 'row': 0.0}","{'baseball player': 0.0, 'shirt': 0.0, 'giants': 0.16666666666666666, 'foreground': 0.08333333333333333, 'jersey': 0.0, 'mound': 0.08333333333333333, 'player': 0.08333333333333333, 'dress': 0.0, 'man': 0.0, 'cap': 0.0, 'shoe': 0.0, 'pitcher': 0.3333333333333333, 'athlete': 0.0, 'baseball': 0.16666666666666666, 'baseball pitcher': 0.0, 'row': 0.08333333333333333}",0.3773537689861248
23002,2408852,1091753,http://manynames.upf.edu//2408852_1091753_man.png,https://cs.stanford.edu/people/rak248/VG_100K_2/2408852.jpg,man,people,man.n.01,{'person': 1.0},1.0,{'None': 1.0},2408852.jpg,person,"[{'29': ['person', 'man']}]",man,"{'man': 1.0, 'person': 1.0}","{'man': {'None': 1.0}, 'person': {'None': 1.0}}",29,0.8275862068965517,0.6631968402398286,2,people,val,"{'man': {'man': 1.0, 'person': 1.0}, 'person': {'man': 1.0, 'person': 1.0}}","[95, 56, 125, 283]","[106, 60, 156, 345]","{'rider': 0.027777777777777776, 'pant': 0.027777777777777776, 'guy': 0.027777777777777776, 'shirt': 0.027777777777777776, 'person': 0.1388888888888889, 'dude': 0.027777777777777776, 'sitting': 0.0, 'man': 0.6666666666666666, 'motorcycle': 0.0, 'dog': 0.0, 'bike': 0.027777777777777776, 'belt': 0.027777777777777776}","{'rider': 0.0, 'pant': 0.0, 'guy': 0.0, 'shirt': 0.0, 'person': 0.125, 'dude': 0.0, 'sitting': 0.125, 'man': 0.125, 'motorcycle': 0.375, 'dog': 0.25, 'bike': 0.0, 'belt': 0.0}",0.06846531968814579
7558,2347345,2528775,http://manynames.upf.edu//2347345_2528775_boy.png,https://cs.stanford.edu/people/rak248/VG_100K/2347345.jpg,boy,people,male_child.n.01,"{'kid': 1.0, 'child': 1.0, 'baseball player': 1.0}",1.0,{'None': 1.0},2347345.jpg,person,"[{'32': ['boy', 'child', 'kid', 'baseball player']}]",boy,"{'boy': 1.0, 'child': 1.0, 'kid': 1.0, 'baseball player': 1.0}","{'boy': {'None': 1.0}, 'child': {'None': 1.0}, 'kid': {'None': 1.0}, 'baseball player': {'None': 1.0}}",32,0.5625,1.4913146570363986,4,people,val,"{'boy': {'boy': 1.0, 'child': 1.0, 'kid': 1.0, 'baseball player': 1.0}, 'child': {'boy': 1.0, 'child': 1.0, 'kid': 1.0, 'baseball player': 1.0}, 'kid': {'boy': 1.0, 'child': 1.0, 'kid': 1.0, 'baseball player': 1.0}, 'baseball player': {'boy': 1.0, 'child': 1.0, 'kid': 1.0, 'baseball player': 1.0}}","[37, 223, 333, 274]","[26, 192, 305, 252]","{'glove': 0.0, 'throwing': 0.0, 'baseball player': 0.05555555555555555, 'person': 0.027777777777777776, 'kid': 0.05555555555555555, 'girl': 0.027777777777777776, 'grass': 0.0, 'foreground': 0.0, 'little boy': 0.027777777777777776, 'boy': 0.5, 'cap': 0.027777777777777776, 'child': 0.2777777777777778, 'ball': 0.0, 'baseball': 0.0}","{'glove': 0.1111111111111111, 'throwing': 0.1111111111111111, 'baseball player': 0.0, 'person': 0.0, 'kid': 0.0, 'girl': 0.0, 'grass': 0.1111111111111111, 'foreground': 0.1111111111111111, 'little boy': 0.0, 'boy': 0.0, 'cap': 0.0, 'child': 0.1111111111111111, 'ball': 0.1111111111111111, 'baseball': 0.3333333333333333}",-0.23363652512864722
7107,2345483,3624257,http://manynames.upf.edu//2345483_3624257_girl.png,https://cs.stanford.edu/people/rak248/VG_100K/2345483.jpg,child,people,child.n.01,{'girl': 1.0},1.0,{'None': 1.0},2345483.jpg,person,"[{'33': ['girl', 'child']}]",girl,"{'girl': 1.0, 'child': 1.0}","{'girl': {'None': 1.0}, 'child': {'None': 1.0}}",33,0.5757575757575758,0.9833761901392236,2,people,train,"{'girl': {'girl': 1.0, 'child': 1.0}, 'child': {'girl': 1.0, 'child': 1.0}}","[17, 100, 240, 275]","[13, 112, 293, 335]","{'brush': 0.0, 'toothbrush': 0.0, 'shirt': 0.027777777777777776, 'toddler': 0.027777777777777776, 'kid': 0.027777777777777776, 'girl': 0.5277777777777778, 'pink': 0.0, 'child': 0.3888888888888889, 'holding': 0.0}","{'brush': 0.1, 'toothbrush': 0.4, 'shirt': 0.0, 'toddler': 0.0, 'kid': 0.0, 'girl': 0.0, 'pink': 0.1, 'child': 0.3, 'holding': 0.1}",0.023860678611591614
14812,2373979,2527598,http://manynames.upf.edu//2373979_2527598_man.png,https://cs.stanford.edu/people/rak248/VG_100K/2373979.jpg,boy,people,male_child.n.01,"{'person': 1.0, 'man': 1.0}",0.83,"{'visual': 0.3, 'None': 0.7}",2373979.jpg,person,"[{'29': ['person', 'man']}, {'3': ['t-shirt']}]",man,"{'t-shirt': 0.33, 'man': 1.0, 'person': 1.0}","{'t-shirt': {'bounding box': 1.0}, 'man': {'None': 1.0}, 'person': {'None': 1.0}}",29,0.9310344827586208,0.3620512517339981,2,people,train,"{'t-shirt': {'t-shirt': 1.0, 'man': 0.0, 'person': 0.0}, 'man': {'t-shirt': 0.0, 'man': 1.0, 'person': 1.0}, 'person': {'t-shirt': 0.0, 'man': 1.0, 'person': 1.0}}","[0, 27, 339, 473]","[0, 17, 310, 430]","{'shirt': 0.027777777777777776, 'person': 0.05555555555555555, 'games': 0.0, 'dude': 0.027777777777777776, 't-shirt': 0.08333333333333333, 'playing': 0.0, 'man': 0.75, 'boy': 0.027777777777777776, 'wii': 0.0, 'gamer': 0.027777777777777776, 'couch': 0.0}","{'shirt': 0.0, 'person': 0.14285714285714285, 'games': 0.14285714285714285, 'dude': 0.0, 't-shirt': 0.0, 'playing': 0.2857142857142857, 'man': 0.14285714285714285, 'boy': 0.0, 'wii': 0.14285714285714285, 'gamer': 0.0, 'couch': 0.14285714285714285}",0.11398580661637452
11934,2363679,763037,http://manynames.upf.edu//2363679_763037_woman.png,https://cs.stanford.edu/people/rak248/VG_100K/2363679.jpg,woman,people,woman.n.01,{'girl': 1.0},1.0,{'None': 1.0},2363679.jpg,person,"[{'27': ['woman', 'girl']}, {'3': ['phone']}, {'2': ['glass']}, {'2': ['sunglasses']}]",woman,"{'sunglasses': 0.5, 'glass': 0.33, 'phone': 0.5, 'woman': 1.0, 'girl': 1.0}","{'sunglasses': {'bounding box': 1.0}, 'glass': {'other': 0.7, 'bounding box': 0.3}, 'phone': {'bounding box': 1.0}, 'woman': {'None': 1.0}, 'girl': {'None': 1.0}}",27,0.925925925925926,0.3809465857053902,2,people,train,"{'sunglasses': {'sunglasses': 1.0, 'glass': 0.33, 'phone': 0.0, 'woman': 0.0, 'girl': 0.0}, 'glass': {'sunglasses': 0.33, 'glass': 1.0, 'phone': 0.0, 'woman': 0.0, 'girl': 0.0}, 'phone': {'sunglasses': 0.0, 'glass': 0.0, 'phone': 1.0, 'woman': 0.0, 'girl': 0.0}, 'woman': {'sunglasses': 0.0, 'glass': 0.0, 'phone': 0.0, 'woman': 1.0, 'girl': 1.0}, 'girl': {'sunglasses': 0.0, 'glass': 0.0, 'phone': 0.0, 'woman': 1.0, 'girl': 1.0}}","[20, 135, 310, 365]","[11, 114, 284, 333]","{'cellphone': 0.027777777777777776, 'lady': 0.0, 'is': 0.0, 'picture': 0.0, 'cell': 0.0, 'girl': 0.05555555555555555, 'skirt': 0.027777777777777776, 'bikini': 0.0, 'suit': 0.0, 'sunglasses': 0.05555555555555555, 'phone': 0.08333333333333333, 'bathing': 0.0, 'glass': 0.05555555555555555, 'wearing': 0.0, 'woman': 0.6944444444444444, 'looking': 0.0}","{'cellphone': 0.05, 'lady': 0.1, 'is': 0.05, 'picture': 0.05, 'cell': 0.15, 'girl': 0.1, 'skirt': 0.0, 'bikini': 0.1, 'suit': 0.05, 'sunglasses': 0.0, 'phone': 0.15, 'bathing': 0.05, 'glass': 0.0, 'wearing': 0.05, 'woman': 0.05, 'looking': 0.05}",-0.06988565578146122
25144,2417281,2960903,http://manynames.upf.edu//2417281_2960903_woman.png,https://cs.stanford.edu/people/rak248/VG_100K_2/2417281.jpg,girl,people,woman.n.01,"{'player': 1.0, 'person': 1.0, 'tennis player': 1.0, 'woman': 1.0}",1.0,{'None': 1.0},2417281.jpg,person,"[{'28': ['player', 'person', 'tennis player', 'woman', 'girl']}, {'5': ['shoe']}]",woman,"{'shoe': 0.5, 'woman': 1.0, 'tennis player': 1.0, 'girl': 1.0, 'person': 1.0, 'player': 1.0}","{'shoe': {'bounding box': 0.8, 'None': 0.2}, 'woman': {'None': 1.0}, 'tennis player': {'None': 1.0}, 'girl': {'None': 1.0}, 'person': {'None': 1.0}, 'player': {'None': 1.0}}",28,0.4285714285714285,2.102047566277089,5,people,train,"{'shoe': {'shoe': 1.0, 'woman': 0.0, 'tennis player': 0.0, 'girl': 0.0, 'person': 0.0, 'player': 0.0}, 'woman': {'shoe': 0.0, 'woman': 1.0, 'tennis player': 1.0, 'girl': 1.0, 'person': 1.0, 'player': 1.0}, 'tennis player': {'shoe': 0.0, 'woman': 1.0, 'tennis player': 1.0, 'girl': 1.0, 'person': 1.0, 'player': 1.0}, 'girl': {'shoe': 0.0, 'woman': 1.0, 'tennis player': 1.0, 'girl': 1.0, 'person': 1.0, 'player': 1.0}, 'person': {'shoe': 0.0, 'woman': 1.0, 'tennis player': 1.0, 'girl': 1.0, 'person': 1.0, 'player': 1.0}, 'player': {'shoe': 0.0, 'woman': 1.0, 'tennis player': 1.0, 'girl': 1.0, 'person': 1.0, 'player': 1.0}}","[317, 47, 171, 269]","[371, 49, 211, 328]","{'shirt': 0.027777777777777776, 'tennis': 0.0, 'person': 0.08333333333333333, 'racket': 0.0, 'girl': 0.1388888888888889, 't-shirt': 0.027777777777777776, 'tennis player': 0.1388888888888889, 'player': 0.08333333333333333, 'teenager': 0.027777777777777776, 'shoe': 0.1388888888888889, 'woman': 0.3333333333333333, 'ball': 0.0}","{'shirt': 0.0, 'tennis': 0.3333333333333333, 'person': 0.0, 'racket': 0.3333333333333333, 'girl': 0.0, 't-shirt': 0.0, 'tennis player': 0.0, 'player': 0.1111111111111111, 'teenager': 0.0, 'shoe': 0.0, 'woman': 0.1111111111111111, 'ball': 0.1111111111111111}",-0.27668578554642986
852,713879,3601827,http://manynames.upf.edu//713879_3601827_man.png,https://cs.stanford.edu/people/rak248/VG_100K/713879.jpg,boy,people,male_child.n.01,"{'man': 1.0, 'person': 1.0}",1.0,{'None': 1.0},713879.jpg,person,"[{'29': ['man', 'person', 'boy']}, {'2': ['cap']}]",man,"{'cap': 0.33, 'man': 1.0, 'person': 1.0, 'boy': 1.0, 'male': 'NA', 'human': 'NA'}","{'cap': {'bounding box': 1.0}, 'man': {'None': 1.0}, 'person': {'None': 1.0}, 'boy': {'None': 1.0}, 'male': 'NA', 'human': 'NA'}",31,0.8064516129032258,1.0801187379879036,5,people,train,"{'cap': {'cap': 1.0, 'man': 0.0, 'person': 0.0, 'boy': 0.0, 'male': 'NA', 'human': 'NA'}, 'man': {'cap': 0.0, 'man': 1.0, 'person': 1.0, 'boy': 1.0, 'male': 'NA', 'human': 'NA'}, 'person': {'cap': 0.0, 'man': 1.0, 'person': 1.0, 'boy': 1.0, 'male': 'NA', 'human': 'NA'}, 'boy': {'cap': 0.0, 'man': 1.0, 'person': 1.0, 'boy': 1.0, 'male': 'NA', 'human': 'NA'}, 'male': {'cap': 'NA', 'man': 'NA', 'person': 'NA', 'boy': 'NA', 'male': 'NA', 'human': 'NA'}, 'human': {'cap': 'NA', 'man': 'NA', 'person': 'NA', 'boy': 'NA', 'male': 'NA', 'human': 'NA'}}","[160, 197, 514, 788]","[63, 79, 231, 351]","{'center': 0.0, 'box': 0.0, 'person': 0.05714285714285714, 't-shirt': 0.02857142857142857, 'hat': 0.0, 'male': 0.02857142857142857, 'wearing': 0.0, 'boy': 0.05714285714285714, 'is': 0.0, 'shirt': 0.0, 'man': 0.7142857142857143, 'edge': 0.0, 'object': 0.0, 'water': 0.0, 'student': 0.02857142857142857, 'photo': 0.0, 'sitting': 0.0, 'cap': 0.05714285714285714, 'human': 0.02857142857142857}","{'center': 0.0625, 'box': 0.0625, 'person': 0.0625, 't-shirt': 0.0, 'hat': 0.0625, 'male': 0.0, 'wearing': 0.0625, 'boy': 0.0, 'is': 0.0625, 'shirt': 0.0625, 'man': 0.1875, 'edge': 0.0625, 'object': 0.0625, 'water': 0.0625, 'student': 0.0, 'photo': 0.0625, 'sitting': 0.125, 'cap': 0.0, 'human': 0.0}",0.6100794328357417
16856,2381729,1334407,http://manynames.upf.edu//2381729_1334407_girl.png,https://cs.stanford.edu/people/rak248/VG_100K_2/2381729.jpg,girl,people,woman.n.01,{'child': 1.0},1.0,{'None': 1.0},2381729.jpg,person,"[{'33': ['girl', 'child']}]",girl,"{'girl': 1.0, 'child': 1.0}","{'girl': {'None': 1.0}, 'child': {'None': 1.0}}",33,0.7575757575757576,0.7990485210442682,2,people,train,"{'girl': {'girl': 1.0, 'child': 1.0}, 'child': {'girl': 1.0, 'child': 1.0}}","[96, 93, 159, 258]","[108, 104, 197, 315]","{'i': 0.0, 'picture': 0.0, 'person': 0.027777777777777776, 'bear': 0.0, 'son': 0.0, 'child': 0.2222222222222222, 's': 0.0, 'made': 0.0, 'stuffed': 0.0, 'boy': 0.0, 'bed': 0.0, 'is': 0.0, 'girl': 0.6944444444444444, 'think': 0.0, 'children': 0.027777777777777776, 'friend': 0.0, 'baby': 0.027777777777777776, 'animals': 0.0, 'called': 0.0}","{'i': 0.047619047619047616, 'picture': 0.047619047619047616, 'person': 0.047619047619047616, 'bear': 0.14285714285714285, 'son': 0.047619047619047616, 'child': 0.0, 's': 0.09523809523809523, 'made': 0.047619047619047616, 'stuffed': 0.047619047619047616, 'boy': 0.047619047619047616, 'bed': 0.09523809523809523, 'is': 0.047619047619047616, 'girl': 0.047619047619047616, 'think': 0.09523809523809523, 'children': 0.0, 'friend': 0.047619047619047616, 'baby': 0.0, 'animals': 0.047619047619047616, 'called': 0.047619047619047616}",-0.17646110636283802
808,713487,1584584,http://manynames.upf.edu//713487_1584584_woman.png,https://cs.stanford.edu/people/rak248/VG_100K/713487.jpg,lady,people,woman.n.01,"{'woman': 1.0, 'gamer': 0.67, 'girl': 1.0, 'person': 1.0}",1.0,{'None': 1.0},713487.jpg,person,"[{'27': ['lady', 'person', 'girl', 'woman', 'gamer']}, {'3': ['t-shirt']}]",woman,"{'t-shirt': 0.5, 'woman': 1.0, 'girl': 1.0, 'person': 1.0, 'gamer': 1.0, 'lady': 1.0}","{'t-shirt': {'bounding box': 0.7, 'None': 0.3}, 'woman': {'None': 1.0}, 'girl': {'None': 1.0}, 'person': {'None': 1.0}, 'gamer': {'None': 1.0}, 'lady': {'None': 1.0}}",27,0.5185185185185185,1.9062723398211248,5,people,,"{'t-shirt': {'t-shirt': 1.0, 'woman': 0.0, 'girl': 0.0, 'person': 0.0, 'gamer': 0.0, 'lady': 0.0}, 'woman': {'t-shirt': 0.0, 'woman': 1.0, 'girl': 1.0, 'person': 1.0, 'gamer': 0.67, 'lady': 1.0}, 'girl': {'t-shirt': 0.0, 'woman': 1.0, 'girl': 1.0, 'person': 1.0, 'gamer': 0.67, 'lady': 1.0}, 'person': {'t-shirt': 0.0, 'woman': 1.0, 'girl': 1.0, 'person': 1.0, 'gamer': 0.67, 'lady': 1.0}, 'gamer': {'t-shirt': 0.0, 'woman': 0.67, 'girl': 0.67, 'person': 0.67, 'gamer': 1.0, 'lady': 0.67}, 'lady': {'t-shirt': 0.0, 'woman': 1.0, 'girl': 1.0, 'person': 1.0, 'gamer': 0.67, 'lady': 1.0}}","[186, 139, 325, 764]","[74, 54, 149, 341]","{'shorts': 0.027777777777777776, 'pant': 0.027777777777777776, 'person': 0.1111111111111111, 'living': 0.0, 'jacket': 0.027777777777777776, 't-shirt': 0.08333333333333333, 'top': 0.027777777777777776, 'controller': 0.0, 'trousers': 0.027777777777777776, 'wearing': 0.0, 'room': 0.0, 'holding': 0.0, 'lady': 0.05555555555555555, 'video': 0.0, 'game': 0.0, 'shirt': 0.0, 'girl': 0.1388888888888889, 'playing': 0.0, 'jeans': 0.0, 'photo': 0.0, 'dress': 0.027777777777777776, 'woman': 0.3888888888888889, 'gamer': 0.05555555555555555}","{'shorts': 0.0, 'pant': 0.0, 'person': 0.0, 'living': 0.058823529411764705, 'jacket': 0.0, 't-shirt': 0.0, 'top': 0.0, 'controller': 0.058823529411764705, 'trousers': 0.0, 'wearing': 0.058823529411764705, 'room': 0.058823529411764705, 'holding': 0.058823529411764705, 'lady': 0.0, 'video': 0.058823529411764705, 'game': 0.058823529411764705, 'shirt': 0.11764705882352941, 'girl': 0.11764705882352941, 'playing': 0.058823529411764705, 'jeans': 0.058823529411764705, 'photo': 0.058823529411764705, 'dress': 0.0, 'woman': 0.17647058823529413, 'gamer': 0.0}",0.46831208173567535
966,1160147,1602254,http://manynames.upf.edu//1160147_1602254_man.png,https://cs.stanford.edu/people/rak248/VG_100K/1160147.jpg,man,people,man.n.01,{'soldier': 1.0},1.0,{'None': 1.0},1160147.jpg,person,"[{'33': ['soldier', 'man']}]",man,"{'man': 1.0, 'soldier': 1.0}","{'man': {'None': 1.0}, 'soldier': {'None': 1.0}}",33,0.7272727272727273,0.8453509366224365,2,people,train,"{'man': {'man': 1.0, 'soldier': 1.0}, 'soldier': {'man': 1.0, 'soldier': 1.0}}","[11, 8, 412, 733]","[0, 0, 187, 327]","{'uniform': 0.0, 'cake': 0.0, 'box': 0.027777777777777776, 'the': 0.0, 'photo': 0.0, 'jacket': 0.027777777777777776, 'dress': 0.027777777777777776, 'man': 0.6666666666666666, 'soldier': 0.25}","{'uniform': 0.16666666666666666, 'cake': 0.16666666666666666, 'box': 0.0, 'the': 0.16666666666666666, 'photo': 0.16666666666666666, 'jacket': 0.0, 'dress': 0.0, 'man': 0.16666666666666666, 'soldier': 0.16666666666666666}",0.2801577628641106
5210,2336718,2429299,http://manynames.upf.edu//2336718_2429299_snowboarder.png,https://cs.stanford.edu/people/rak248/VG_100K/2336718.jpg,lady,people,woman.n.01,"{'person': 1.0, 'woman': 1.0, 'skier': 1.0, 'snowboarder': 1.0, 'man': 1.0}",1.0,{'None': 1.0},2336718.jpg,person,"[{'32': ['person', 'skier', 'man', 'snowboarder', 'woman']}, {'2': ['helmet']}]",snowboarder,"{'helmet': 0.5, 'snowboarder': 1.0, 'person': 1.0, 'skier': 0.83, 'man': 0.83, 'woman': 1.0}","{'helmet': {'bounding box': 1.0}, 'snowboarder': {'None': 1.0}, 'person': {'None': 1.0}, 'skier': {'linguistic': 0.3, 'None': 0.7}, 'man': {'linguistic': 0.3, 'None': 0.7}, 'woman': {'None': 1.0}}",32,0.375,2.1582594697016404,5,people,,"{'helmet': {'helmet': 1.0, 'snowboarder': 0.0, 'person': 0.0, 'skier': 0.0, 'man': 0.0, 'woman': 0.0}, 'snowboarder': {'helmet': 0.0, 'snowboarder': 1.0, 'person': 1.0, 'skier': 1.0, 'man': 1.0, 'woman': 1.0}, 'person': {'helmet': 0.0, 'snowboarder': 1.0, 'person': 1.0, 'skier': 1.0, 'man': 1.0, 'woman': 1.0}, 'skier': {'helmet': 0.0, 'snowboarder': 1.0, 'person': 1.0, 'skier': 1.0, 'man': 1.0, 'woman': 1.0}, 'man': {'helmet': 0.0, 'snowboarder': 1.0, 'person': 1.0, 'skier': 1.0, 'man': 1.0, 'woman': 1.0}, 'woman': {'helmet': 0.0, 'snowboarder': 1.0, 'person': 1.0, 'skier': 1.0, 'man': 1.0, 'woman': 1.0}}","[169, 16, 126, 307]","[195, 12, 157, 374]","{'person': 0.19444444444444445, 'snowboard': 0.0, 'snowboarder': 0.3333333333333333, 't-shirt': 0.027777777777777776, 'jacket': 0.0, 'dress': 0.027777777777777776, 'man': 0.1111111111111111, 'helmet': 0.05555555555555555, 'wearing': 0.0, 'woman': 0.08333333333333333, 'skier': 0.16666666666666666}","{'person': 0.125, 'snowboard': 0.125, 'snowboarder': 0.25, 't-shirt': 0.0, 'jacket': 0.125, 'dress': 0.0, 'man': 0.125, 'helmet': 0.0, 'wearing': 0.125, 'woman': 0.0, 'skier': 0.125}",0.6077015082223681
6714,2343925,3319794,http://manynames.upf.edu//2343925_3319794_woman.png,https://cs.stanford.edu/people/rak248/VG_100K/2343925.jpg,girl,people,woman.n.01,"{'hiker': 1.0, 'woman': 1.0}",1.0,{'None': 1.0},2343925.jpg,person,"[{'29': ['hiker', 'woman']}, {'3': ['backpack']}]",woman,"{'backpack': 0.5, 'woman': 1.0, 'hiker': 1.0, 'female': 'NA'}","{'backpack': {'bounding box': 1.0}, 'woman': {'None': 1.0}, 'hiker': {'None': 1.0}, 'female': 'NA'}",30,0.9,0.5608251769947303,3,people,train,"{'backpack': {'backpack': 1.0, 'woman': 0.0, 'hiker': 0.0, 'female': 'NA'}, 'woman': {'backpack': 0.0, 'woman': 1.0, 'hiker': 1.0, 'female': 'NA'}, 'hiker': {'backpack': 0.0, 'woman': 1.0, 'hiker': 1.0, 'female': 'NA'}, 'female': {'backpack': 'NA', 'woman': 'NA', 'hiker': 'NA', 'female': 'NA'}}","[20, 49, 211, 232]","[17, 52, 259, 284]","{'backpacker': 0.027777777777777776, 'backpack': 0.08333333333333333, 'person': 0.027777777777777776, 'eyes': 0.0, 'girl': 0.027777777777777776, 'field': 0.0, 'female': 0.027777777777777776, 'fire': 0.0, 'hiker': 0.05555555555555555, 'woman': 0.75, 'lines': 0.0, 'hydrant': 0.0, 'object': 0.0, 'red': 0.0}","{'backpacker': 0.0, 'backpack': 0.058823529411764705, 'person': 0.0, 'eyes': 0.23529411764705882, 'girl': 0.0, 'field': 0.058823529411764705, 'female': 0.0, 'fire': 0.23529411764705882, 'hiker': 0.0, 'woman': 0.0, 'lines': 0.058823529411764705, 'hydrant': 0.23529411764705882, 'object': 0.058823529411764705, 'red': 0.058823529411764705}",-0.28000299498803416
12898,2366938,2048891,http://manynames.upf.edu//2366938_2048891_skateboarder.png,https://cs.stanford.edu/people/rak248/VG_100K/2366938.jpg,skateboarder,people,athlete.n.01,"{'skater': 1.0, 'man': 1.0, 'person': 1.0}",1.0,{'None': 1.0},2366938.jpg,person,"[{'28': ['person', 'man', 'skateboarder', 'skater']}, {'3': ['helmet']}]",skateboarder,"{'helmet': 0.17, 'skateboarder': 1.0, 'skater': 1.0, 'man': 1.0, 'person': 1.0}","{'helmet': {'bounding box': 1.0}, 'skateboarder': {'None': 1.0}, 'skater': {'None': 1.0}, 'man': {'None': 1.0}, 'person': {'None': 1.0}}",28,0.4642857142857143,1.8030074660991144,4,people,train,"{'helmet': {'helmet': 1.0, 'skateboarder': 0.0, 'skater': 0.0, 'man': 0.0, 'person': 0.0}, 'skateboarder': {'helmet': 0.0, 'skateboarder': 1.0, 'skater': 1.0, 'man': 1.0, 'person': 1.0}, 'skater': {'helmet': 0.0, 'skateboarder': 1.0, 'skater': 1.0, 'man': 1.0, 'person': 1.0}, 'man': {'helmet': 0.0, 'skateboarder': 1.0, 'skater': 1.0, 'man': 1.0, 'person': 1.0}, 'person': {'helmet': 0.0, 'skateboarder': 1.0, 'skater': 1.0, 'man': 1.0, 'person': 1.0}}","[19, 33, 232, 212]","[10, 23, 214, 197]","{'doing': 0.0, 'person': 0.08571428571428572, 'sky': 0.0, 'trick': 0.0, 'skateboard': 0.02857142857142857, 'helmet': 0.08571428571428572, 'man': 0.14285714285714285, 'skateboarding': 0.0, 'boy': 0.02857142857142857, 'scatting board': 0.02857142857142857, 'daredevil': 0.02857142857142857, 'skateboarder': 0.37142857142857144, 'skater': 0.2}","{'doing': 0.09090909090909091, 'person': 0.0, 'sky': 0.09090909090909091, 'trick': 0.09090909090909091, 'skateboard': 0.2727272727272727, 'helmet': 0.0, 'man': 0.18181818181818182, 'skateboarding': 0.09090909090909091, 'boy': 0.09090909090909091, 'scatting board': 0.0, 'daredevil': 0.0, 'skateboarder': 0.09090909090909091, 'skater': 0.0}",-0.0642861115071065
22587,2407344,3810748,http://manynames.upf.edu//2407344_3810748_plane.png,https://cs.stanford.edu/people/rak248/VG_100K_2/2407344.jpg,jet,vehicles,aircraft.n.01,"{'airliner': 1.0, 'airplane': 1.0, 'plane': 1.0}",1.0,{'None': 1.0},2407344.jpg,vehicle,"[{'34': ['airplane', 'jet', 'plane', 'airliner']}]",plane,"{'plane': 1.0, 'airplane': 1.0, 'airliner': 1.0, 'jet': 1.0}","{'plane': {'None': 1.0}, 'airplane': {'None': 1.0}, 'airliner': {'None': 1.0}, 'jet': {'None': 1.0}}",34,0.4705882352941176,1.5197284615795614,4,vehicles,train,"{'plane': {'plane': 1.0, 'airplane': 1.0, 'airliner': 1.0, 'jet': 1.0}, 'airplane': {'plane': 1.0, 'airplane': 1.0, 'airliner': 1.0, 'jet': 1.0}, 'airliner': {'plane': 1.0, 'airplane': 1.0, 'airliner': 1.0, 'jet': 1.0}, 'jet': {'plane': 1.0, 'airplane': 1.0, 'airliner': 1.0, 'jet': 1.0}}","[73, 123, 402, 89]","[80, 140, 487, 113]","{'airliner': 0.05555555555555555, 'airplane': 0.3888888888888889, 'jet': 0.05555555555555555, 'an': 0.0, 'air': 0.0, 'plane': 0.4444444444444444, 'airlines': 0.0, 'wings': 0.027777777777777776, 'aero plane': 0.027777777777777776, 'airport': 0.0, 'runway': 0.0, 'boeing': 0.0, 'landing': 0.0}","{'airliner': 0.0, 'airplane': 0.16666666666666666, 'jet': 0.08333333333333333, 'an': 0.08333333333333333, 'air': 0.08333333333333333, 'plane': 0.08333333333333333, 'airlines': 0.16666666666666666, 'wings': 0.0, 'aero plane': 0.0, 'airport': 0.08333333333333333, 'runway': 0.08333333333333333, 'boeing': 0.08333333333333333, 'landing': 0.08333333333333333}",0.30234838105142253
20660,2399191,418396,http://manynames.upf.edu//2399191_418396_motorcycle.png,https://cs.stanford.edu/people/rak248/VG_100K_2/2399191.jpg,motorcycle,vehicles,motorcycle.n.01,{'bike': 1.0},1.0,{'None': 1.0},2399191.jpg,vehicle,"[{'31': ['motorcycle', 'bike']}, {'5': ['wheel']}]",motorcycle,"{'wheel': 0.17, 'motorcycle': 1.0, 'bike': 1.0}","{'wheel': {'bounding box': 1.0}, 'motorcycle': {'None': 1.0}, 'bike': {'None': 1.0}}",31,0.7741935483870968,0.7706290693639406,2,vehicles,train,"{'wheel': {'wheel': 1.0, 'motorcycle': 0.0, 'bike': 0.0}, 'motorcycle': {'wheel': 0.0, 'motorcycle': 1.0, 'bike': 1.0}, 'bike': {'wheel': 0.0, 'motorcycle': 1.0, 'bike': 1.0}}","[0, 53, 336, 216]","[0, 56, 408, 265]","{'engine': 0.0, 'wheel': 0.1388888888888889, 'motorcycle': 0.6666666666666666, 'bike': 0.19444444444444445, 'car': 0.0}","{'engine': 0.125, 'wheel': 0.0, 'motorcycle': 0.625, 'bike': 0.0, 'car': 0.25}",0.7611023952540866
9683,2355505,1785515,http://manynames.upf.edu//2355505_1785515_boat.png,https://cs.stanford.edu/people/rak248/VG_100K/2355505.jpg,boat,vehicles,boat.n.01,{'ship': 1.0},1.0,{'None': 1.0},2355505.jpg,vehicle,"[{'34': ['ship', 'boat']}]",boat,"{'boat': 1.0, 'ship': 1.0}","{'boat': {'None': 1.0}, 'ship': {'None': 1.0}}",34,0.9117647058823528,0.4305518670104393,2,vehicles,train,"{'boat': {'boat': 1.0, 'ship': 1.0}, 'ship': {'boat': 1.0, 'ship': 1.0}}","[39, 46, 302, 193]","[40, 48, 368, 237]","{'boat': 0.8611111111111112, 'ship': 0.08333333333333333, 'number': 0.0, 'shoe': 0.027777777777777776, 'tugboat': 0.027777777777777776, 'people': 0.0, 'water': 0.0}","{'boat': 0.5, 'ship': 0.0, 'number': 0.1, 'shoe': 0.0, 'tugboat': 0.0, 'people': 0.2, 'water': 0.2}",0.8315751399807183
23855,2411981,205544,http://manynames.upf.edu//2411981_205544_truck.png,https://cs.stanford.edu/people/rak248/VG_100K_2/2411981.jpg,truck,vehicles,truck.n.01,{'car': 1.0},1.0,{'None': 1.0},2411981.jpg,vehicle,"[{'30': ['truck', 'car']}, {'2': ['wheel']}]",truck,"{'wheel': 0.5, 'truck': 1.0, 'car': 1.0}","{'wheel': {'bounding box': 1.0}, 'truck': {'None': 1.0}, 'car': {'None': 1.0}}",30,0.9,0.4689955935892813,2,vehicles,test,"{'wheel': {'wheel': 1.0, 'truck': 0.0, 'car': 0.0}, 'truck': {'wheel': 0.0, 'truck': 1.0, 'car': 1.0}, 'car': {'wheel': 0.0, 'truck': 1.0, 'car': 1.0}}","[46, 51, 310, 150]","[48, 54, 377, 186]","{'pickup truck': 0.027777777777777776, 'is': 0.0, 'vehicle': 0.027777777777777776, 'rectangle': 0.0, 'suv': 0.027777777777777776, 'wheel': 0.05555555555555555, 'quad': 0.0, 'man': 0.0, 'motorcycle': 0.0, 'truck': 0.75, 'bike': 0.0, 'automobile': 0.027777777777777776, 'car': 0.08333333333333333}","{'pickup truck': 0.0, 'is': 0.125, 'vehicle': 0.0, 'rectangle': 0.125, 'suv': 0.0, 'wheel': 0.0, 'quad': 0.125, 'man': 0.125, 'motorcycle': 0.25, 'truck': 0.0, 'bike': 0.25, 'automobile': 0.0, 'car': 0.0}",-0.3275723493518691
1313,2316244,3312928,http://manynames.upf.edu//2316244_3312928_marina.png,https://cs.stanford.edu/people/rak248/VG_100K/2316244.jpg,boat,vehicles,boat.n.01,{},0.33,{'bounding box': 1.0},2316244.jpg,vehicle,"[{'25': ['harbor', 'docks', 'marina', 'port']}, {'2': ['boat']}]",marina,"{'boat': 0.33, 'marina': 1.0, 'docks': 1.0, 'port': 1.0, 'harbor': 1.0}","{'boat': {'bounding box': 1.0}, 'marina': {'None': 1.0}, 'docks': {'None': 1.0}, 'port': {'None': 1.0}, 'harbor': {'None': 1.0}}",25,0.52,1.718845535995202,4,buildings,train,"{'boat': {'boat': 1.0, 'marina': 0.0, 'docks': 0.0, 'port': 0.0, 'harbor': 0.0}, 'marina': {'boat': 0.0, 'marina': 1.0, 'docks': 1.0, 'port': 1.0, 'harbor': 1.0}, 'docks': {'boat': 0.0, 'marina': 1.0, 'docks': 1.0, 'port': 1.0, 'harbor': 1.0}, 'port': {'boat': 0.0, 'marina': 1.0, 'docks': 1.0, 'port': 1.0, 'harbor': 1.0}, 'harbor': {'boat': 0.0, 'marina': 1.0, 'docks': 1.0, 'port': 1.0, 'harbor': 1.0}}","[0, 126, 499, 147]","[0, 143, 597, 183]","{'boat': 0.058823529411764705, 'ship': 0.029411764705882353, 'bay': 0.029411764705882353, 'pole': 0.029411764705882353, 'pier': 0.029411764705882353, 'is': 0.0, 'port': 0.08823529411764706, 'dock': 0.0, 'harbor': 0.08823529411764706, 'england': 0.0, 'sailing': 0.0, 'docking area': 0.029411764705882353, 'shipyard': 0.029411764705882353, 'coast': 0.0, 'marina': 0.38235294117647056, 'this': 0.0, 'sea': 0.029411764705882353, 'docks': 0.17647058823529413}","{'boat': 0.2, 'ship': 0.0, 'bay': 0.0, 'pole': 0.0, 'pier': 0.0, 'is': 0.2, 'port': 0.0, 'dock': 0.06666666666666667, 'harbor': 0.06666666666666667, 'england': 0.06666666666666667, 'sailing': 0.06666666666666667, 'docking area': 0.0, 'shipyard': 0.0, 'coast': 0.06666666666666667, 'marina': 0.2, 'this': 0.06666666666666667, 'sea': 0.0, 'docks': 0.0}",0.33335993594096325
6676,2343770,2753665,http://manynames.upf.edu//2343770_2753665_car.png,https://cs.stanford.edu/people/rak248/VG_100K/2343770.jpg,car,vehicles,car.n.01,{'vehicle': 0.67},1.0,{'None': 1.0},2343770.jpg,vehicle,"[{'34': ['vehicle', 'car']}]",car,"{'car': 1.0, 'vehicle': 1.0, 'automobile': 'NA'}","{'car': {'None': 1.0}, 'vehicle': {'None': 1.0}, 'automobile': 'NA'}",35,0.9142857142857144,0.5007115883735378,3,vehicles,train,"{'car': {'car': 1.0, 'vehicle': 0.67, 'automobile': 'NA'}, 'vehicle': {'car': 0.67, 'vehicle': 1.0, 'automobile': 'NA'}, 'automobile': {'car': 'NA', 'vehicle': 'NA', 'automobile': 'NA'}}","[0, 37, 245, 229]","[0, 37, 299, 280]","{'is': 0.0, 'vehicle': 0.05555555555555555, 'parking': 0.0, 'meter': 0.0, 'i': 0.0, 'bicycle': 0.0, 'side': 0.0, 'parked': 0.0, 'wheel': 0.027777777777777776, 'leaning': 0.0, 'image': 0.0, 'bet': 0.0, 'blue': 0.0, 'bike': 0.0, 's': 0.0, 'automobile': 0.027777777777777776, 'car': 0.8888888888888888}","{'is': 0.05555555555555555, 'vehicle': 0.0, 'parking': 0.1111111111111111, 'meter': 0.1111111111111111, 'i': 0.05555555555555555, 'bicycle': 0.16666666666666666, 'side': 0.05555555555555555, 'parked': 0.05555555555555555, 'wheel': 0.0, 'leaning': 0.05555555555555555, 'image': 0.05555555555555555, 'bet': 0.05555555555555555, 'blue': 0.05555555555555555, 'bike': 0.05555555555555555, 's': 0.05555555555555555, 'automobile': 0.0, 'car': 0.05555555555555555}",-0.06624703737023396
21251,2401997,393679,http://manynames.upf.edu//2401997_393679_truck.png,https://cs.stanford.edu/people/rak248/VG_100K_2/2401997.jpg,truck,vehicles,truck.n.01,"{'firetruck': 0.67, 'car': 0.67}",1.0,{'None': 1.0},2401997.jpg,vehicle,"[{'34': ['firetruck', 'truck', 'car']}]",truck,"{'truck': 1.0, 'car': 0.67, 'firetruck': 0.83}","{'truck': {'None': 1.0}, 'car': {'linguistic': 0.3, 'None': 0.3, 'visual': 0.3}, 'firetruck': {'linguistic': 0.3, 'None': 0.7}}",34,0.7941176470588235,0.9363790159392475,3,vehicles,train,"{'truck': {'truck': 1.0, 'car': 0.67, 'firetruck': 0.67}, 'car': {'truck': 0.67, 'car': 1.0, 'firetruck': 0.67}, 'firetruck': {'truck': 0.67, 'car': 0.67, 'firetruck': 1.0}}","[9, 87, 419, 391]","[1, 71, 382, 357]","{'area': 0.0, 'jacket': 0.0, 'corner': 0.0, 'safety': 0.0, 'hydrant': 0.0, 'firetruck': 0.08333333333333333, 'standing': 0.0, 'pickup truck': 0.027777777777777776, 'hoses': 0.0, 'wearing': 0.0, 'looking': 0.0, 'vest': 0.0, 'car': 0.1111111111111111, 'vehicle': 0.027777777777777776, 'fire': 0.0, 'man': 0.0, 'truck': 0.75, 'street': 0.0, 'water': 0.0, 'attached': 0.0, 'photo': 0.0}","{'area': 0.045454545454545456, 'jacket': 0.045454545454545456, 'corner': 0.045454545454545456, 'safety': 0.045454545454545456, 'hydrant': 0.13636363636363635, 'firetruck': 0.0, 'standing': 0.045454545454545456, 'pickup truck': 0.0, 'hoses': 0.045454545454545456, 'wearing': 0.045454545454545456, 'looking': 0.045454545454545456, 'vest': 0.045454545454545456, 'car': 0.0, 'vehicle': 0.0, 'fire': 0.13636363636363635, 'man': 0.09090909090909091, 'truck': 0.045454545454545456, 'street': 0.045454545454545456, 'water': 0.045454545454545456, 'attached': 0.045454545454545456, 'photo': 0.045454545454545456}",-0.11298461344721678
16801,2381447,1336577,http://manynames.upf.edu//2381447_1336577_car.png,https://cs.stanford.edu/people/rak248/VG_100K_2/2381447.jpg,car,vehicles,car.n.01,{'vehicle': 1.0},1.0,{'None': 1.0},2381447.jpg,vehicle,"[{'32': ['vehicle', 'car']}]",car,"{'car': 1.0, 'vehicle': 1.0}","{'car': {'None': 1.0}, 'vehicle': {'None': 1.0}}",32,0.9375,0.3372900666170139,2,vehicles,train,"{'car': {'car': 1.0, 'vehicle': 1.0}, 'vehicle': {'car': 1.0, 'vehicle': 1.0}}","[248, 0, 252, 357]","[278, 0, 297, 417]","{'licentiate': 0.027777777777777776, 'car': 0.8333333333333334, 'vehicle': 0.05555555555555555, 'is': 0.0, 'cat': 0.0, 'bumper': 0.027777777777777776, 'end': 0.0, 'red': 0.0, 'pavement': 0.0, 'looking': 0.0, 'street': 0.0, 'fender': 0.027777777777777776, 'car back': 0.027777777777777776}","{'licentiate': 0.0, 'car': 0.25, 'vehicle': 0.0, 'is': 0.08333333333333333, 'cat': 0.25, 'bumper': 0.0, 'end': 0.08333333333333333, 'red': 0.08333333333333333, 'pavement': 0.08333333333333333, 'looking': 0.08333333333333333, 'street': 0.08333333333333333, 'fender': 0.0, 'car back': 0.0}",0.5554458021750116
6382,2342621,932319,http://manynames.upf.edu//2342621_932319_train.png,https://cs.stanford.edu/people/rak248/VG_100K/2342621.jpg,train,vehicles,train.n.01,{},1.0,{'None': 1.0},2342621.jpg,vehicle,[{'34': ['train']}],train,{'train': 1.0},{'train': {'None': 1.0}},34,1.0,0.0,1,vehicles,train,{'train': {'train': 1.0}},"[162, 61, 298, 207]","[186, 66, 363, 254]","{'track': 0.0, 'is': 0.0, 'engine': 0.027777777777777776, 'coming': 0.0, 'station': 0.0, 'engine car': 0.027777777777777776, 'train': 0.9444444444444444, 'north': 0.0, 'railway': 0.0}","{'track': 0.07692307692307693, 'is': 0.07692307692307693, 'engine': 0.0, 'coming': 0.07692307692307693, 'station': 0.15384615384615385, 'engine car': 0.0, 'train': 0.46153846153846156, 'north': 0.07692307692307693, 'railway': 0.07692307692307693}",0.9321587137478716
20846,2400166,410982,http://manynames.upf.edu//2400166_410982_airplane.png,https://cs.stanford.edu/people/rak248/VG_100K_2/2400166.jpg,plane,vehicles,aircraft.n.01,"{'airplane': 1.0, 'jet': 1.0}",1.0,{'None': 1.0},2400166.jpg,vehicle,"[{'35': ['jet', 'plane', 'airplane']}]",airplane,"{'airplane': 1.0, 'plane': 1.0, 'jet': 1.0}","{'airplane': {'None': 1.0}, 'plane': {'None': 1.0}, 'jet': {'None': 1.0}}",35,0.5428571428571428,1.2431803979668357,3,vehicles,val,"{'airplane': {'airplane': 1.0, 'plane': 1.0, 'jet': 1.0}, 'plane': {'airplane': 1.0, 'plane': 1.0, 'jet': 1.0}, 'jet': {'airplane': 1.0, 'plane': 1.0, 'jet': 1.0}}","[60, 97, 316, 93]","[65, 109, 384, 118]","{'aerophone': 0.027777777777777776, 'is': 0.0, 'airliner': 0.0, 'flying': 0.0, 'knots': 0.0, 'skyline': 0.0, 'an': 0.0, 'airplane': 0.5277777777777778, 'jet': 0.05555555555555555, 'city': 0.0, 'plane': 0.3888888888888889, 'stripe': 0.0}","{'aerophone': 0.0, 'is': 0.14285714285714285, 'airliner': 0.14285714285714285, 'flying': 0.07142857142857142, 'knots': 0.07142857142857142, 'skyline': 0.07142857142857142, 'an': 0.07142857142857142, 'airplane': 0.2857142857142857, 'jet': 0.0, 'city': 0.07142857142857142, 'plane': 0.0, 'stripe': 0.07142857142857142}",0.4316380179412924
16244,2379158,1360417,http://manynames.upf.edu//2379158_1360417_train.png,https://cs.stanford.edu/people/rak248/VG_100K_2/2379158.jpg,train,vehicles,train.n.01,{},1.0,{'None': 1.0},2379158.jpg,vehicle,[{'34': ['train']}],train,{'train': 1.0},{'train': {'None': 1.0}},34,1.0,0.0,1,vehicles,train,{'train': {'train': 1.0}},"[95, 35, 306, 256]","[106, 35, 372, 313]","{'commuter': 0.0, 'traveling': 0.0, 'tracks': 0.0, 'people': 0.0, 'tram': 0.027777777777777776, 'headlight': 0.027777777777777776, 'japan': 0.0, 'station': 0.0, 'goes': 0.0, 'train': 0.9444444444444444, 'jtrain': 0.0}","{'commuter': 0.08333333333333333, 'traveling': 0.08333333333333333, 'tracks': 0.08333333333333333, 'people': 0.08333333333333333, 'tram': 0.0, 'headlight': 0.0, 'japan': 0.08333333333333333, 'station': 0.08333333333333333, 'goes': 0.08333333333333333, 'train': 0.3333333333333333, 'jtrain': 0.08333333333333333}",0.9080296571055931
17933,2386408,1286257,http://manynames.upf.edu//2386408_1286257_jet.png,https://cs.stanford.edu/people/rak248/VG_100K_2/2386408.jpg,airplane,vehicles,aircraft.n.01,"{'jet': 1.0, 'plane': 1.0, 'fighter jet': 1.0}",1.0,{'None': 1.0},2386408.jpg,vehicle,"[{'35': ['fighter jet', 'jet', 'plane', 'airplane']}]",jet,"{'jet': 1.0, 'airplane': 1.0, 'plane': 1.0, 'fighter jet': 1.0}","{'jet': {'None': 1.0}, 'airplane': {'None': 1.0}, 'plane': {'None': 1.0}, 'fighter jet': {'None': 1.0}}",35,0.4571428571428571,1.7427308737169431,4,vehicles,train,"{'jet': {'jet': 1.0, 'airplane': 1.0, 'plane': 1.0, 'fighter jet': 1.0}, 'airplane': {'jet': 1.0, 'airplane': 1.0, 'plane': 1.0, 'fighter jet': 1.0}, 'plane': {'jet': 1.0, 'airplane': 1.0, 'plane': 1.0, 'fighter jet': 1.0}, 'fighter jet': {'jet': 1.0, 'airplane': 1.0, 'plane': 1.0, 'fighter jet': 1.0}}","[19, 83, 465, 168]","[16, 92, 562, 208]","{'airplane': 0.25, 'jet': 0.4444444444444444, 'sitting': 0.0, 'airforce': 0.0, 'plane': 0.2222222222222222, 'tarmac': 0.0, 'falcon': 0.0, 'fighter jet': 0.05555555555555555, 'f16': 0.027777777777777776, 'fighter': 0.0, 'runway': 0.0}","{'airplane': 0.09090909090909091, 'jet': 0.2727272727272727, 'sitting': 0.09090909090909091, 'airforce': 0.09090909090909091, 'plane': 0.0, 'tarmac': 0.09090909090909091, 'falcon': 0.09090909090909091, 'fighter jet': 0.0, 'f16': 0.0, 'fighter': 0.18181818181818182, 'runway': 0.09090909090909091}",0.43736196560628193
9040,2353121,1829131,http://manynames.upf.edu//2353121_1829131_train.png,https://cs.stanford.edu/people/rak248/VG_100K/2353121.jpg,train,vehicles,train.n.01,{'train car': 1.0},1.0,{'None': 1.0},2353121.jpg,vehicle,"[{'34': ['train car', 'train']}]",train,"{'train': 1.0, 'train car': 1.0}","{'train': {'None': 1.0}, 'train car': {'None': 1.0}}",34,0.9411764705882352,0.3227569588973982,2,vehicles,train,"{'train': {'train': 1.0, 'train car': 1.0}, 'train car': {'train': 1.0, 'train car': 1.0}}","[33, 112, 465, 148]","[32, 127, 562, 184]","{'track': 0.0, 'traveling': 0.0, 'carriage': 0.027777777777777776, 'train car': 0.05555555555555555, 'dark': 0.0, 'railroad': 0.0, 'night': 0.0, 'train': 0.8888888888888888, 'railway': 0.027777777777777776}","{'track': 0.09090909090909091, 'traveling': 0.09090909090909091, 'carriage': 0.0, 'train car': 0.0, 'dark': 0.09090909090909091, 'railroad': 0.09090909090909091, 'night': 0.18181818181818182, 'train': 0.45454545454545453, 'railway': 0.0}",0.8812640400180964
24281,2413579,170634,http://manynames.upf.edu//2413579_170634_truck.png,https://cs.stanford.edu/people/rak248/VG_100K_2/2413579.jpg,van,vehicles,truck.n.01,"{'car': 1.0, 'truck': 1.0, 'vehicle': 1.0, 'bus': 1.0}",0.92,"{'visual': 0.2, 'None': 0.8}",2413579.jpg,vehicle,"[{'31': ['truck', 'car', 'van', 'vehicle', 'bus']}]",truck,"{'truck': 1.0, 'van': 0.92, 'bus': 0.83, 'vehicle': 1.0, 'car': 0.92}","{'truck': {'None': 1.0}, 'van': {'None': 0.8, 'visual': 0.2}, 'bus': {'None': 0.7, 'visual': 0.3}, 'vehicle': {'None': 1.0}, 'car': {'None': 0.8, 'visual': 0.2}}",31,0.3225806451612903,2.1394098276068307,5,vehicles,val,"{'truck': {'truck': 1.0, 'van': 1.0, 'bus': 1.0, 'vehicle': 1.0, 'car': 1.0}, 'van': {'truck': 1.0, 'van': 1.0, 'bus': 1.0, 'vehicle': 1.0, 'car': 1.0}, 'bus': {'truck': 1.0, 'van': 1.0, 'bus': 1.0, 'vehicle': 1.0, 'car': 1.0}, 'vehicle': {'truck': 1.0, 'van': 1.0, 'bus': 1.0, 'vehicle': 1.0, 'car': 1.0}, 'car': {'truck': 1.0, 'van': 1.0, 'bus': 1.0, 'vehicle': 1.0, 'car': 1.0}}","[28, 0, 368, 311]","[26, 0, 446, 378]","{'motor home': 0.027777777777777776, 'van': 0.25, 'grumman': 0.027777777777777776, 'automobile': 0.027777777777777776, 'door': 0.027777777777777776, 'motor': 0.0, 'view': 0.0, 'glass': 0.027777777777777776, 'car': 0.05555555555555555, 'is': 0.0, 'vehicle': 0.1111111111111111, 'horse': 0.0, 'trailer': 0.0, 'mirror': 0.0, 'truck': 0.2777777777777778, 'back': 0.0, 'rearview': 0.0, 'home': 0.0, 'blue': 0.0, 'motorcycle': 0.0, 'bus': 0.16666666666666666}","{'motor home': 0.0, 'van': 0.0, 'grumman': 0.0, 'automobile': 0.0, 'door': 0.0, 'motor': 0.058823529411764705, 'view': 0.29411764705882354, 'glass': 0.0, 'car': 0.0, 'is': 0.058823529411764705, 'vehicle': 0.0, 'horse': 0.11764705882352941, 'trailer': 0.11764705882352941, 'mirror': 0.058823529411764705, 'truck': 0.0, 'back': 0.058823529411764705, 'rearview': 0.058823529411764705, 'home': 0.058823529411764705, 'blue': 0.058823529411764705, 'motorcycle': 0.058823529411764705, 'bus': 0.0}",-0.4158752767987107
2969,2324327,988082,http://manynames.upf.edu//2324327_988082_car.png,https://cs.stanford.edu/people/rak248/VG_100K/2324327.jpg,car,vehicles,car.n.01,{},1.0,{'None': 1.0},2324327.jpg,vehicle,[{'31': ['car']}],car,{'car': 1.0},{'car': {'None': 1.0}},31,1.0,0.0,1,vehicles,train,{'car': {'car': 1.0}},"[0, 40, 246, 192]","[0, 41, 301, 236]","{'van': 0.02857142857142857, 'line': 0.0, 'wheel': 0.02857142857142857, 'umbrella': 0.02857142857142857, 'hat': 0.0, 'umbellate': 0.02857142857142857, 'car': 0.8857142857142857}","{'van': 0.0, 'line': 0.125, 'wheel': 0.0, 'umbrella': 0.5, 'hat': 0.125, 'umbellate': 0.0, 'car': 0.25}",0.2579809083746212
