Unnamed: 0,vg_image_id,vg_object_id,image,link_vg,vg_obj_name,vg_domain,vg_synset,vg_same_object,vg_adequacy_mean,vg_inadequacy_type,vg_image_name,vg_cat,clusters,topname,adequacy_mean,inadequacy_type,total_responses,perc_top,H,N,domain,split,same_object,vg_bbox_xywh,mn_bbox_xywh,human_nouns,blip2_output
18193,2387724,1273336,http://manynames.upf.edu//2387724_1273336_zebra.png,https://cs.stanford.edu/people/rak248/VG_100K_2/2387724.jpg,zebra,animals_plants,ungulate.n.01,{},1.0,{'None': 1.0},2387724.jpg,animal,[{'33': ['zebra']}],zebra,{'zebra': 1.0},{'zebra': {'None': 1.0}},33,1.0,0.0,1,animals_plants,train,{'zebra': {'zebra': 1.0}},"[0, 25, 437, 234]","[0, 23, 529, 286]","{'zebra': 33, 'animal': 1}","[['the picture of a zebra with its head turned toward the camera'], ['the zebra laying down'], ['the zebra in the field'], ['the zebra'], ['the zebra'], ['a zebra'], ['zebra'], ['a baby zebra'], ['a zebra'], ['a zebra']]"
1167,2315536,1055732,http://manynames.upf.edu//2315536_1055732_cat.png,https://cs.stanford.edu/people/rak248/VG_100K/2315536.jpg,cat,animals_plants,feline.n.01,{},1.0,{'None': 1.0},2315536.jpg,animal,"[{'32': ['cat']}, {'3': ['bag']}]",cat,"{'bag': 0.17, 'cat': 1.0}","{'bag': {'bounding box': 1.0}, 'cat': {'None': 1.0}}",32,1.0,0.0,1,animals_plants,train,"{'bag': {'bag': 1.0, 'cat': 0.0}, 'cat': {'bag': 0.0, 'cat': 1.0}}","[171, 16, 293, 318]","[197, 12, 356, 386]","{'cat': 32, 'bag': 3}","[['the object is a cat.'], ['the red purse'], ['the cat in the red purse'], ['a black and white cat'], ['a red leather purse'], ['a kitten'], ['the kitten in the red purse.'], ['a cat hiding in a red leather purse'], ['red leather purse'], ['a kitten in a red bag']]"
3293,2326378,2808821,http://manynames.upf.edu//2326378_2808821_sheep.png,https://cs.stanford.edu/people/rak248/VG_100K/2326378.jpg,sheep,animals_plants,ungulate.n.01,{'animal': 1.0},1.0,{'None': 1.0},2326378.jpg,animal,"[{'31': ['sheep', 'animal']}]",sheep,"{'sheep': 1.0, 'animal': 1.0}","{'sheep': {'None': 1.0}, 'animal': {'None': 1.0}}",31,0.935483870967742,0.345117314944953,2,animals_plants,train,"{'sheep': {'sheep': 1.0, 'animal': 1.0}, 'animal': {'sheep': 1.0, 'animal': 1.0}}","[127, 120, 209, 215]","[145, 136, 257, 264]","{'sheep': 29, 'animal': 2, 't-shirt': 1, 'pant': 1}","[['a sheep with wool sheared'], ['the animal being sheared'], ['sheep'], ['a sheep shearing man'], ['sheep'], ['the animal that is in the picture'], ['the sheep'], ['the man sheering the sheep'], ['this is a sheep.'], ['shearer, shearer, shearer']]"
2950,2324227,2970972,http://manynames.upf.edu//2324227_2970972_giraffe.png,https://cs.stanford.edu/people/rak248/VG_100K/2324227.jpg,giraffe,animals_plants,ungulate.n.01,"{'animal': 0.75, 'giraffe': 1.0}",1.0,{'None': 1.0},2324227.jpg,animal,"[{'31': ['giraffe', 'animal']}]",giraffe,"{'giraffe': 1.0, 'animal': 0.88}","{'giraffe': {'None': 1.0}, 'animal': {'None': 0.8, 'other': 0.2}}",31,0.935483870967742,0.345117314944953,2,animals_plants,train,"{'giraffe': {'giraffe': 1.0, 'animal': 0.75}, 'animal': {'giraffe': 0.75, 'animal': 1.0}}","[135, 75, 138, 299]","[154, 82, 171, 363]","{'giraffe': 29, 'animal': 2}","[['a giraffe with a yellow stick in its mouth'], ['a giraffe with a yellow beak'], [""giraffe's neck""], [""this is a giraffe, in the zoo, eating a banana, from the zoo keeper's hand""], ['the object is a giraffe with a yellow stick'], ['a giraffe eating a fruit'], ['giraffe'], ['a giraffe with a yellow umbrella'], ['giraffe'], ['a yellow umbrella with a giraffe']]"
16503,2380237,1349065,http://manynames.upf.edu//2380237_1349065_dog.png,https://cs.stanford.edu/people/rak248/VG_100K_2/2380237.jpg,dog,animals_plants,dog.n.01,{},1.0,{'None': 1.0},2380237.jpg,animal,[{'35': ['dog']}],dog,{'dog': 1.0},{'dog': {'None': 1.0}},35,1.0,0.0,1,animals_plants,train,{'dog': {'dog': 1.0}},"[41, 77, 328, 194]","[42, 85, 399, 239]","{'dog': 35, 'animal': 1}","[['the dog is running after the frisbee'], ['this dog catching a frisbee'], ['the dog catching the frisbee'], ['a dog'], ['dog'], ['the dog'], ['the dog with the frisbee'], ['this is a dog chasing a frisbee'], ['a dog catching a frisbee'], ['the dog catching the frisbee']]"
2711,2322899,3351088,http://manynames.upf.edu//2322899_3351088_sheep.png,https://cs.stanford.edu/people/rak248/VG_100K/2322899.jpg,sheep,animals_plants,ungulate.n.01,"{'lamb': 1.0, 'goat': 0.5, 'sheep': 1.0}",1.0,{'None': 1.0},2322899.jpg,animal,"[{'36': ['lamb', 'sheep', 'goat']}]",sheep,"{'sheep': 1.0, 'lamb': 0.88, 'goat': 0.5}","{'sheep': {'None': 1.0}, 'lamb': {'None': 0.8, 'bounding box': 0.2}, 'goat': {'visual': 1.0}}",36,0.8333333333333334,0.8030717273241024,3,animals_plants,test,"{'sheep': {'sheep': 1.0, 'lamb': 1.0, 'goat': 0.5}, 'lamb': {'sheep': 1.0, 'lamb': 1.0, 'goat': 0.5}, 'goat': {'sheep': 0.5, 'lamb': 0.5, 'goat': 1.0}}","[237, 155, 263, 177]","[276, 178, 321, 218]","{'sheep': 30, 'lamb': 4, 'goat': 2}","[['the sheep'], ['the sheep'], ['sheep'], ['sheep'], ['sheep'], ['sheep'], ['a sheep'], ['sheep'], ['the sheep in the picture are a group of about 25 sheep'], ['a herd of sheep']]"
7615,2347522,890016,http://manynames.upf.edu//2347522_890016_zebra.png,https://cs.stanford.edu/people/rak248/VG_100K/2347522.jpg,zebra,animals_plants,ungulate.n.01,{},1.0,{'None': 1.0},2347522.jpg,animal,[{'29': ['zebra']}],zebra,{'zebra': 1.0},{'zebra': {'None': 1.0}},29,1.0,0.0,1,animals_plants,val,{'zebra': {'zebra': 1.0}},"[19, 75, 424, 300]","[16, 82, 512, 365]","{'zebra': 29, 'giraffe': 1}","[['zebra'], ['the animal'], ['a pair of zebras standing in a grassy area'], ['a zebras'], ['zebra'], ['two zebras, one white, one black'], ['this is a zebras'], ['zebra, giraffe, zebrina, zebra'], ['zebra'], ['zebra']]"
11130,2360751,786174,http://manynames.upf.edu//2360751_786174_cat.png,https://cs.stanford.edu/people/rak248/VG_100K/2360751.jpg,cat,animals_plants,feline.n.01,{},1.0,{'None': 1.0},2360751.jpg,animal,[{'32': ['cat']}],cat,{'cat': 1.0},{'cat': {'None': 1.0}},32,1.0,0.0,1,animals_plants,train,{'cat': {'cat': 1.0}},"[121, 110, 244, 198]","[137, 124, 298, 243]","{'cat': 32, 'animal': 1}","[['the cat.'], ['cat'], ['the object is a cat in a bathtub'], ['the cat in the bathtub'], ['the cat'], ['the cat'], ['cat'], ['cat'], ['a cat'], ['the cat.']]"
2676,2322781,2763680,http://manynames.upf.edu//2322781_2763680_dog.png,https://cs.stanford.edu/people/rak248/VG_100K/2322781.jpg,bird,animals_plants,bird.n.01,{'dog': 0.67},0.33,"{'other': 0.3, 'visual': 0.7}",2322781.jpg,animal,[{'33': ['dog']}],dog,{'dog': 1.0},{'dog': {'None': 1.0}},33,1.0,0.0,1,animals_plants,train,{'dog': {'dog': 1.0}},"[163, 107, 199, 215]","[188, 121, 245, 264]","{'dog': 33, 'puppy': 1, 'baby dog': 1, 'pillow': 1}","[['the dog.'], ['a dog'], ['my dog'], ['a dog lying on a sofa'], ['a dog on a sofa.'], ['a stuffed dog.'], [""it's a dog.""], ['the dog on the couch'], ['this is a dog on a couch'], ['the dog']]"
16324,2379523,552269,http://manynames.upf.edu//2379523_552269_zebra.png,https://cs.stanford.edu/people/rak248/VG_100K_2/2379523.jpg,zebra,animals_plants,ungulate.n.01,{},1.0,{'None': 1.0},2379523.jpg,animal,[{'35': ['zebra']}],zebra,{'zebra': 1.0},{'zebra': {'None': 1.0}},35,1.0,0.0,1,animals_plants,train,{'zebra': {'zebra': 1.0}},"[90, 18, 377, 273]","[100, 14, 456, 332]","{'zebra': 35, 'carse': 1}","[['a zebra in a field.'], ['the zebra'], ['a zebra'], ['the zebra'], ['a zebra standing next to a tree'], ['zebra'], ['a zebra'], ['zebra'], ['a zebra in the wild'], ['a zebra']]"
1604,2317404,2882968,http://manynames.upf.edu//2317404_2882968_bird.png,https://cs.stanford.edu/people/rak248/VG_100K/2317404.jpg,bird,animals_plants,bird.n.01,{},1.0,{'None': 1.0},2317404.jpg,animal,[{'32': ['bird']}],bird,{'bird': 1.0},{'bird': {'None': 1.0}},32,1.0,0.0,1,animals_plants,train,{'bird': {'bird': 1.0}},"[135, 72, 217, 412]","[114, 57, 201, 375]","{'bird': 32, 'sparrow': 1}","[['red robin'], ['a bird'], ['this is a robin'], ['bird'], ['a robin'], ['a robin, in the forest'], ['the red bird on the brick wall'], ['the bird is called a robin'], ['a robin, male, young'], ['a bird']]"
2692,2322841,3143880,http://manynames.upf.edu//2322841_3143880_horse.png,https://cs.stanford.edu/people/rak248/VG_100K/2322841.jpg,horse,animals_plants,horse.n.01,{},1.0,{'None': 1.0},2322841.jpg,animal,[{'33': ['horse']}],horse,{'horse': 1.0},{'horse': {'None': 1.0}},33,1.0,0.0,1,animals_plants,train,{'horse': {'horse': 1.0}},"[42, 57, 260, 356]","[31, 44, 239, 325]","{'horse': 33, 'belt': 1}","[['the horse is a horse.  the red frame is a frame of a picture of a horse.'], ['this is a horse with a black face, a black body, and a white head.'], ['a horse with a red frame'], [""the horse's face""], ['horse'], ['a horse'], ['a horse'], ['a horse'], ['the horse'], ['a horse.']]"
23671,2411207,360140,http://manynames.upf.edu//2411207_360140_cat.png,https://cs.stanford.edu/people/rak248/VG_100K_2/2411207.jpg,cat,animals_plants,feline.n.01,{},1.0,{'None': 1.0},2411207.jpg,animal,[{'34': ['cat']}],cat,{'cat': 1.0},{'cat': {'None': 1.0}},34,1.0,0.0,1,animals_plants,train,{'cat': {'cat': 1.0}},"[0, 63, 398, 311]","[0, 68, 481, 378]","{'cat': 34, 'pant': 1}","[['a cat holding a wii remote'], ['this is a cat playing with a remote control'], ['this cat is holding a wii remote controller'], ['the remote control.'], [""this is a cat's hand""], ['a cat'], ['the cat'], ['the white wii remote'], ['a cat on a blanket'], ['cat playing with a wii remote']]"
2659,2322673,2949587,http://manynames.upf.edu//2322673_2949587_horse.png,https://cs.stanford.edu/people/rak248/VG_100K/2322673.jpg,horse,animals_plants,horse.n.01,{},1.0,{'None': 1.0},2322673.jpg,animal,[{'30': ['horse']}],horse,{'horse': 1.0},{'horse': {'None': 1.0}},30,1.0,0.0,1,animals_plants,train,{'horse': {'horse': 1.0}},"[91, 125, 266, 206]","[102, 142, 325, 253]","{'horse': 30, 'rope': 1, 'wheel': 1, 'belt': 1, 'animal': 1}","[['the man in the green hat pulling a white horse through the streets of paris, france'], ['horse pulling a cart with people in it'], ['a white horse pulling a carriage'], ['the white horse in the picture'], ['a horse-drawn carriage on the street'], ['horse and carriage drawn by two black and white horses'], ['the white horse in the street'], ['a horse drawn carriage in front of a green screen'], ['the horse'], ['a horse pulling a carriage']]"
19668,2394684,461968,http://manynames.upf.edu//2394684_461968_sheep.png,https://cs.stanford.edu/people/rak248/VG_100K_2/2394684.jpg,sheep,animals_plants,ungulate.n.01,{},1.0,{'None': 1.0},2394684.jpg,animal,[{'31': ['sheep']}],sheep,{'sheep': 1.0},{'sheep': {'None': 1.0}},31,1.0,0.0,1,animals_plants,train,{'sheep': {'sheep': 1.0}},"[123, 135, 374, 179]","[139, 153, 450, 219]","{'sheep': 31, 'animal': 1, 'lam boy': 1, 'adust': 1, 'goat': 1, 'lamb': 1}","[['sheep with two ears standing'], ['a sheep in the grass'], ['this is a sheep'], ['sheep laying down'], ['sheep, a goat, a sheepdog, a sheep, a lamb, a sheepdog, a'], ['sheep in the green grass'], [""a sheep, it's head is turned to the right""], ['sheep'], ['sheep laying down in a field'], ['sheep']]"
10715,2359293,3892843,http://manynames.upf.edu//2359293_3892843_horse.png,https://cs.stanford.edu/people/rak248/VG_100K/2359293.jpg,horse,animals_plants,horse.n.01,{},1.0,{'None': 1.0},2359293.jpg,animal,[{'35': ['horse']}],horse,{'horse': 1.0},{'horse': {'None': 1.0}},35,1.0,0.0,1,animals_plants,train,{'horse': {'horse': 1.0}},"[28, 38, 453, 292]","[26, 38, 548, 356]","{'horse': 35, 'cap': 1}","[['a horse'], ['the cowboy on the left is looking at the horse with his hat on.'], ['a cowboy, a horse, a horse, a horse, a horse, a horse, a horse'], ['a horse'], ['horse'], ['the horse in the middle'], ['the big brown horse in the red box with the name ""cody"" in the middle'], ['a horse in a stall'], ['a horse'], ['a man with a hat and a horse']]"
14858,2374117,2116666,http://manynames.upf.edu//2374117_2116666_cat.png,https://cs.stanford.edu/people/rak248/VG_100K/2374117.jpg,cat,animals_plants,feline.n.01,{},1.0,{'None': 1.0},2374117.jpg,animal,[{'30': ['cat']}],cat,{'cat': 1.0},{'cat': {'None': 1.0}},30,1.0,0.0,1,animals_plants,train,{'cat': {'cat': 1.0}},"[139, 90, 243, 169]","[159, 100, 297, 208]","{'cat': 30, 'bag': 1}","[['the cat'], ['a black and white cat'], ['a cat in a suitcase'], ['the cat is curled up in the suitcase, with the name ""lola"" written in the red'], ['the cat'], ['a cat that is lying in a suitcase'], ['the object in the red box with the first name that comes to mind is the cat.'], ['this is a cat'], ['a black and white cat'], ['this is a cat']]"
21663,2403572,351810,http://manynames.upf.edu//2403572_351810_horse.png,https://cs.stanford.edu/people/rak248/VG_100K_2/2403572.jpg,horse,animals_plants,horse.n.01,{},1.0,{'None': 1.0},2403572.jpg,animal,[{'29': ['horse']}],horse,{'horse': 1.0},{'horse': {'None': 1.0}},29,1.0,0.0,1,animals_plants,train,{'horse': {'horse': 1.0}},"[0, 42, 326, 295]","[0, 43, 396, 359]","{'horse': 29, 'pant': 1, 'belt': 1}","[['the black horse, the red wagon, the white hat, the white dress, the white pants,'], ['a horse and buggy'], ['person'], ['person, person, person, person, person, person, person, person, person, person,'], ['a horse'], ['this photo is of a woman and a horse pulling a buggy'], ['the man in the hat'], ['this is a picture of a woman pulling a horse and carriage down a road in black and white'], ['person'], ['person']]"
6825,2344348,2625527,http://manynames.upf.edu//2344348_2625527_dog.png,https://cs.stanford.edu/people/rak248/VG_100K/2344348.jpg,dog,animals_plants,dog.n.01,{},1.0,{'None': 1.0},2344348.jpg,animal,[{'32': ['dog']}],dog,{'dog': 1.0},{'dog': {'None': 1.0}},32,1.0,0.0,1,animals_plants,train,{'dog': {'dog': 1.0}},"[0, 62, 347, 347]","[0, 48, 311, 317]","{'dog': 32, 'staring': 1, 'car': 1}","[['the dog'], ['a dog sitting in the car'], [""this is a very large dog sitting on the driver's seat of a car""], ['my dog'], ['my dog, max'], ['the dog in the photo'], ['this is a dog, a poodle.'], ['the dog that is driving the car'], [""my dog.  he loves to drive around.  it's a fun way to pass the time""], ['a dog']]"
1872,2318499,2724707,http://manynames.upf.edu//2318499_2724707_cat.png,https://cs.stanford.edu/people/rak248/VG_100K/2318499.jpg,cat,animals_plants,feline.n.01,{},1.0,{'None': 1.0},2318499.jpg,animal,[{'32': ['cat']}],cat,{'cat': 1.0},{'cat': {'None': 1.0}},32,1.0,0.0,1,animals_plants,train,{'cat': {'cat': 1.0}},"[106, 185, 124, 314]","[88, 158, 118, 288]","{'cat': 32, 'suitcase': 1}","[['a cat inside a suitcase'], ['cat in a suitcase'], ['a cat'], ['a cat'], ['my cat, who is not in the picture, is hiding in the bottom of the box'], ['a cat is sitting inside the suitcase'], ['a cat'], ['the box with the cat in it'], ['my cat'], ['a black cat sitting in a suitcase']]"
6842,2344407,1043550,http://manynames.upf.edu//2344407_1043550_mouse.png,https://cs.stanford.edu/people/rak248/VG_100K/2344407.jpg,mouse,animals_plants,rodent.n.01,"{'computer mouse': 1.0, 'mouse': 1.0}",1.0,{'None': 1.0},2344407.jpg,animal,"[{'35': ['mouse', 'computer mouse']}]",mouse,"{'mouse': 1.0, 'computer mouse': 1.0}","{'mouse': {'None': 1.0}, 'computer mouse': {'None': 1.0}}",35,0.9142857142857144,0.4220005168831531,2,animals_plants,train,"{'mouse': {'mouse': 1.0, 'computer mouse': 1.0}, 'computer mouse': {'mouse': 1.0, 'computer mouse': 1.0}}","[144, 33, 311, 224]","[165, 32, 378, 274]","{'mouse': 32, 'computer mouse': 3}","[['microsoft mouse'], ['mouse'], ['a computer mouse'], ['a computer mouse'], ['a computer mouse.'], ['the mouse in the photo.'], ['a computer mouse'], ['a computer mouse'], ['the mouse'], ['a mouse']]"
12278,2364782,1899525,http://manynames.upf.edu//2364782_1899525_flowers.png,https://cs.stanford.edu/people/rak248/VG_100K/2364782.jpg,flower,animals_plants,flower.n.01,{'flowers': 1.0},0.83,"{'bounding box': 0.3, 'None': 0.7}",2364782.jpg,"plant, flora, plant life","[{'33': ['flowers', 'flower']}]",flowers,"{'flowers': 0.83, 'flower': 0.83}","{'flowers': {'None': 0.7, 'bounding box': 0.3}, 'flower': {'None': 0.7, 'bounding box': 0.3}}",33,0.5757575757575758,0.9833761901392236,2,animals_plants,train,"{'flowers': {'flowers': 1.0, 'flower': 1.0}, 'flower': {'flowers': 1.0, 'flower': 1.0}}","[8, 30, 312, 230]","[0, 20, 286, 213]","{'flowers': 19, 'flower': 14, 'flower bott': 1, 'vase': 1}","[['the flower vase'], ['a white vase with a flower in it'], ['a vase of flowers'], ['this is a vase with yellow flowers.'], ['a white vase with yellow flowers'], ['a vase of dried flowers'], ['a white vase with a single yellow flower'], ['an arrangement of dried flowers in a vase on a shelf'], ['a white vase with orange flowers'], ['an empty white vase with some dead flowers and a red box']]"
10889,2359891,790588,http://manynames.upf.edu//2359891_790588_cat.png,https://cs.stanford.edu/people/rak248/VG_100K/2359891.jpg,cat,animals_plants,feline.n.01,"{'cat': 1.0, 'animal': 1.0}",1.0,{'None': 1.0},2359891.jpg,animal,"[{'36': ['cat', 'animal']}]",cat,"{'cat': 1.0, 'animal': 1.0}","{'cat': {'None': 1.0}, 'animal': {'None': 1.0}}",36,0.9444444444444444,0.3095434291503252,2,animals_plants,train,"{'cat': {'cat': 1.0, 'animal': 1.0}, 'animal': {'cat': 1.0, 'animal': 1.0}}","[77, 2, 423, 306]","[85, 0, 512, 372]","{'cat': 34, 'animal': 2}","[['a bowl on the head of a cat'], ['a cat with a cup'], ['a black and white cat with a cup on its head'], ['a glass of milk.'], ['the object is a cup'], ['the black cat on the right has a cat-bowl on his head.'], [""the cat's head""], ['the cat with the glass'], ['the cat'], ['a cat wearing a dish with a cup on it']]"
17829,2385979,684619,http://manynames.upf.edu//2385979_684619_bird.png,https://cs.stanford.edu/people/rak248/VG_100K_2/2385979.jpg,duck,animals_plants,bird.n.01,{'bird': 1.0},0.83,"{'visual': 0.3, 'None': 0.7}",2385979.jpg,animal,[{'27': ['bird']}],bird,{'bird': 1.0},{'bird': {'None': 1.0}},27,1.0,0.0,1,animals_plants,train,{'bird': {'bird': 1.0}},"[109, 90, 283, 122]","[123, 100, 345, 153]","{'bird': 27, 'duck': 1, 'water': 1, 'block sparrow': 1, 'sparrow': 1}","[['the red box is a flock of seagulls'], ['a pelican with wings outstretched'], ['the bird in the picture is a black bird'], ['the birds are a species of cormorant, and the red frame is a camera, which'], ['this is a pelican'], ['this bird is standing on the water, with its wings outstretched, while other birds gather around it'], ['the first thing that came to mind was a bird, a crow or a raven'], ['the bird with wings folded in front of a body of water'], ['the bird in the photo is a heron'], ['this is a pelican']]"
6042,2341191,2951701,http://manynames.upf.edu//2341191_2951701_cat.png,https://cs.stanford.edu/people/rak248/VG_100K/2341191.jpg,cat,animals_plants,feline.n.01,{'keyboarder': 0.33},1.0,{'None': 1.0},2341191.jpg,animal,"[{'2': ['keyboarder']}, {'31': ['cat']}]",cat,"{'cat': 1.0, 'keyboarder': 0.67}","{'cat': {'None': 1.0}, 'keyboarder': {'None': 0.3, 'bounding box': 0.3, 'linguistic': 0.3}}",33,0.9393939393939394,0.3298460702071463,2,animals_plants,train,"{'cat': {'cat': 1.0, 'keyboarder': 0.33}, 'keyboarder': {'cat': 0.33, 'keyboarder': 1.0}}","[1, 1, 389, 372]","[0, 0, 471, 447]","{'cat': 31, 'keyboarder': 2, 'whisker': 1}","[['cat'], ['my laptop keyboard'], ['this is a black cat'], ['the computer mouse'], ['the cat'], ['cat'], ['the keyboard on the laptop'], ['this is a cat'], ['a cat'], ['a cat is looking into the camera.']]"
24691,2415290,142433,http://manynames.upf.edu//2415290_142433_giraffe.png,https://cs.stanford.edu/people/rak248/VG_100K_2/2415290.jpg,giraffe,animals_plants,ungulate.n.01,{},1.0,{'None': 1.0},2415290.jpg,animal,[{'34': ['giraffe']}],giraffe,{'giraffe': 1.0},{'giraffe': {'None': 1.0}},34,1.0,0.0,1,animals_plants,train,{'giraffe': {'giraffe': 1.0}},"[66, 151, 266, 275]","[52, 128, 245, 253]","{'giraffe': 34, 'zebra': 1}","[['a giraffe, behind the fence'], ['a giraffe'], ['the giraffe'], ['the giraffe is the object'], ['this is a giraffe, with the red box in the background'], ['giraffe, in the pen behind the fence'], ['giraffe in the background'], ['a giraffe.'], ['a giraffe, looking up at a tree'], ['this is a giraffe in a zoo']]"
4180,2331108,2757670,http://manynames.upf.edu//2331108_2757670_dog.png,https://cs.stanford.edu/people/rak248/VG_100K/2331108.jpg,dog,animals_plants,dog.n.01,{},1.0,{'None': 1.0},2331108.jpg,animal,[{'32': ['dog']}],dog,{'dog': 1.0},{'dog': {'None': 1.0}},32,1.0,0.0,1,animals_plants,train,{'dog': {'dog': 1.0}},"[247, 0, 171, 285]","[288, 0, 211, 347]","{'dog': 32, 'fields': 1}","[['frisbee'], ['the object in the red box with the first name that comes to mind is a dog'], [""the object is a dog's mouth.""], ['a dog with a frisbee'], ['a dog running with a frisbee in his mouth'], ['frisbee'], ['the object is a black dog with a frisbee in its mouth'], ['dog'], ['dog'], ['a frisbee']]"
15893,2377847,1979305,http://manynames.upf.edu//2377847_1979305_horse.png,https://cs.stanford.edu/people/rak248/VG_100K_2/2377847.jpg,horse,animals_plants,horse.n.01,{},1.0,{'None': 1.0},2377847.jpg,animal,"[{'2': ['shoe']}, {'33': ['horse']}]",horse,"{'shoe': 0.33, 'horse': 1.0}","{'shoe': {'bounding box': 1.0}, 'horse': {'None': 1.0}}",33,1.0,0.0,1,animals_plants,train,"{'shoe': {'shoe': 1.0, 'horse': 0.0}, 'horse': {'shoe': 0.0, 'horse': 1.0}}","[84, 195, 331, 230]","[68, 167, 303, 213]","{'horse': 33, 'shoe': 2, 'animal': 1}","[['the object is a white horse'], ['the white horse'], ['the object is a horse'], ['the person in the red box'], ['a white horse'], ['the person riding the horse'], ['a horse'], ['a horse jumping over a jump'], ['horse'], ['the horse']]"
7719,2347901,886438,http://manynames.upf.edu//2347901_886438_food.png,https://cs.stanford.edu/people/rak248/VG_100K/2347901.jpg,fish,animals_plants,fish.n.01,"{'chicken': 0.75, 'food': 0.5, 'pork chop': 0.75, 'meat': 0.75}",0.38,"{'visual': 0.5, 'other': 0.2, 'None': 0.2}",2347901.jpg,animal,"[{'29': ['food', 'fish', 'meat', 'pork chop', 'chicken']}]",food,"{'fish': 0.38, 'meat': 1.0, 'food': 1.0, 'chicken': 0.5, 'pork chop': 1.0}","{'fish': {'visual': 0.5, 'other': 0.2, 'None': 0.2}, 'meat': {'None': 1.0}, 'food': {'None': 1.0}, 'chicken': {'visual': 0.5, 'other': 0.2, 'None': 0.2}, 'pork chop': {'None': 1.0}}",26,0.3461538461538461,1.8324233708223008,4,food,train,"{'fish': {'fish': 1.0, 'meat': 0.75, 'food': 0.5, 'chicken': 0.75, 'pork chop': 0.75}, 'meat': {'fish': 0.75, 'meat': 1.0, 'food': 0.75, 'chicken': 0.75, 'pork chop': 1.0}, 'food': {'fish': 0.5, 'meat': 0.75, 'food': 1.0, 'chicken': 0.5, 'pork chop': 0.75}, 'chicken': {'fish': 0.75, 'meat': 0.75, 'food': 0.5, 'chicken': 1.0, 'pork chop': 0.75}, 'pork chop': {'fish': 0.75, 'meat': 1.0, 'food': 0.75, 'chicken': 0.75, 'pork chop': 1.0}}","[32, 124, 239, 187]","[31, 141, 292, 230]","{'meat': 9, 'food': 9, 'chicken': 6, 'pork chop': 2, 'fish': 3, 'bread': 1, 'pork': 1, 'pizza': 1, 'broccoli': 1, 'burger': 1}","[['the food on the plate'], ['the object in the red box with the first name that comes to mind is a piece of meat'], ['meat, broccoli and a side of ketchup'], ['meat, broccoli, red box'], ['this is a piece of meat'], ['a piece of meat'], ['a piece of cooked pork with broccoli'], ['the food'], ['a plate of food'], ['the image is a steak']]"
20951,2400630,407107,http://manynames.upf.edu//2400630_407107_horse.png,https://cs.stanford.edu/people/rak248/VG_100K_2/2400630.jpg,horse,animals_plants,horse.n.01,{'animal': 1.0},1.0,{'None': 1.0},2400630.jpg,animal,"[{'34': ['horse', 'animal']}]",horse,"{'horse': 1.0, 'animal': 1.0}","{'horse': {'None': 1.0}, 'animal': {'None': 1.0}}",34,0.9411764705882352,0.3227569588973982,2,animals_plants,train,"{'horse': {'horse': 1.0, 'animal': 1.0}, 'animal': {'horse': 1.0, 'animal': 1.0}}","[1, 89, 190, 288]","[0, 98, 232, 348]","{'horse': 32, 'animal': 2, 'soil': 1}","[['horse'], ['horse'], ['a horse'], ['horse'], ['horse'], ['horse'], ['the horse'], ['person'], ['horse'], ['horse']]"
2614,2322428,2930306,http://manynames.upf.edu//2322428_2930306_bridge.png,https://cs.stanford.edu/people/rak248/VG_100K/2322428.jpg,bridge,buildings,bridge.n.01,"{'road': 0.5, 'roadway': 0.5}",0.75,"{'other': 0.2, 'None': 0.8}",2322428.jpg,"structure, construction","[{'23': ['road', 'roadway', 'bridge']}, {'7': ['car', 'truck']}, {'2': ['vest']}]",bridge,"{'vest': 0.5, 'car': 0.25, 'truck': 0.5, 'bridge': 0.75, 'road': 1.0, 'roadway': 1.0}","{'vest': {'None': 0.2, 'bounding box': 0.8}, 'car': {'other': 0.2, 'bounding box': 0.8}, 'truck': {'None': 0.2, 'bounding box': 0.8}, 'bridge': {'other': 0.2, 'None': 0.8}, 'road': {'None': 1.0}, 'roadway': {'None': 1.0}}",23,0.6086956521739131,1.264672679395722,3,buildings,train,"{'vest': {'vest': 1.0, 'car': 0.0, 'truck': 0.0, 'bridge': 0.0, 'road': 0.0, 'roadway': 0.0}, 'car': {'vest': 0.0, 'car': 1.0, 'truck': 0.75, 'bridge': 0.0, 'road': 0.0, 'roadway': 0.0}, 'truck': {'vest': 0.0, 'car': 0.75, 'truck': 1.0, 'bridge': 0.0, 'road': 0.0, 'roadway': 0.0}, 'bridge': {'vest': 0.0, 'car': 0.0, 'truck': 0.0, 'bridge': 1.0, 'road': 0.5, 'roadway': 0.5}, 'road': {'vest': 0.0, 'car': 0.0, 'truck': 0.0, 'bridge': 0.5, 'road': 1.0, 'roadway': 1.0}, 'roadway': {'vest': 0.0, 'car': 0.0, 'truck': 0.0, 'bridge': 0.5, 'road': 1.0, 'roadway': 1.0}}","[0, 180, 469, 316]","[0, 154, 420, 290]","{'bridge': 14, 'road': 7, 'roadway': 2, 'truck': 4, 'car': 3, 'vest': 2, 'ground': 1, 'pickup truck': 1, 'street': 1, 'wheel': 1}","[['a man standing by the side of a highway holding a big blue truck'], ['the blue truck with the blue bed and white lines on the side of it'], ['this is a man with his truck parked at a truck stop'], ['a man standing in front of a blue truck'], ['the truck that i was standing next to while i was taking the photo'], ['a blue truck'], ['the blue truck'], ['this is a truck'], ['a person in safety equipment'], ['a man in hard hat and safety vest standing next to a blue pickup truck on the side of the']]"
24278,2413574,170779,http://manynames.upf.edu//2413574_170779_storefront.png,https://cs.stanford.edu/people/rak248/VG_100K_2/2413574.jpg,restaurant,buildings,restaurant.n.01,"{'shop': 1.0, 'building': 0.67, 'storefront': 0.67, 'store': 1.0}",0.83,"{'visual': 0.3, 'None': 0.7}",2413574.jpg,"structure, construction","[{'20': ['store', 'restaurant', 'shop', 'storefront']}, {'14': ['store', 'restaurant', 'shop', 'building']}, {'2': ['patio']}, {'2': ['pole']}, {'4': ['window']}]",storefront,"{'pole': 0.33, 'window': 0.33, 'patio': 1.0, 'storefront': 1.0, 'store': 0.83, 'restaurant': 0.83, 'shop': 0.83, 'building': 0.5}","{'pole': {'bounding box': 1.0}, 'window': {'bounding box': 1.0}, 'patio': {'None': 1.0}, 'storefront': {'None': 1.0}, 'store': {'None': 0.7, 'visual': 0.3}, 'restaurant': {'None': 0.7, 'visual': 0.3}, 'shop': {'None': 0.7, 'visual': 0.3}, 'building': {'bounding box': 0.7, 'None': 0.3}}",22,0.3636363636363636,2.170134892428194,5,buildings,train,"{'pole': {'pole': 1.0, 'window': 0.0, 'patio': 0.0, 'storefront': 0.0, 'store': 0.0, 'restaurant': 0.0, 'shop': 0.0, 'building': 0.0}, 'window': {'pole': 0.0, 'window': 1.0, 'patio': 0.0, 'storefront': 0.0, 'store': 0.0, 'restaurant': 0.0, 'shop': 0.0, 'building': 0.0}, 'patio': {'pole': 0.0, 'window': 0.0, 'patio': 1.0, 'storefront': 0.0, 'store': 0.0, 'restaurant': 0.0, 'shop': 0.0, 'building': 0.0}, 'storefront': {'pole': 0.0, 'window': 0.0, 'patio': 0.0, 'storefront': 1.0, 'store': 0.67, 'restaurant': 0.67, 'shop': 0.67, 'building': 0.33}, 'store': {'pole': 0.0, 'window': 0.0, 'patio': 0.0, 'storefront': 0.67, 'store': 1.0, 'restaurant': 1.0, 'shop': 1.0, 'building': 0.67}, 'restaurant': {'pole': 0.0, 'window': 0.0, 'patio': 0.0, 'storefront': 0.67, 'store': 1.0, 'restaurant': 1.0, 'shop': 1.0, 'building': 0.67}, 'shop': {'pole': 0.0, 'window': 0.0, 'patio': 0.0, 'storefront': 0.67, 'store': 1.0, 'restaurant': 1.0, 'shop': 1.0, 'building': 0.67}, 'building': {'pole': 0.0, 'window': 0.0, 'patio': 0.0, 'storefront': 0.33, 'store': 0.67, 'restaurant': 0.67, 'shop': 0.67, 'building': 1.0}}","[137, 145, 304, 133]","[156, 166, 369, 166]","{'storefront': 8, 'store': 5, 'restaurant': 4, 'shop': 3, 'building': 2, 'window': 4, 'pole': 2, 'patio': 2, 'curtain': 1, 'chair': 1, 'awning': 1, 'canopy': 1, 'diner': 1}","[['restaurant ""missions de balaac""'], [''], ['a street sign for the building of the mission of balaz'], ['the restaurant in the red box'], ['a restaurant in balzac, france'], ['the restaurant ""balaac""'], ['a red restaurant'], ['the restaurant on the corner of this street'], ['a building with a red awning'], ['the building with a red awning']]"
19210,2392494,1229424,http://manynames.upf.edu//2392494_1229424_building.png,https://cs.stanford.edu/people/rak248/VG_100K_2/2392494.jpg,house,buildings,house.n.01,"{'building': 1.0, 'steeple': 0.5, 'roof': 0.25}",0.75,"{'bounding box': 0.2, 'None': 0.8}",2392494.jpg,"structure, construction","[{'17': ['house', 'steeple', 'building']}, {'5': ['roof', 'steeple']}, {'13': ['clock']}]",building,"{'house': 0.75, 'building': 1.0, 'steeple': 0.88, 'roof': 0.88, 'clock': 0.25}","{'house': {'None': 0.8, 'bounding box': 0.2}, 'building': {'None': 1.0}, 'steeple': {'None': 0.8, 'visual': 0.2}, 'roof': {'None': 0.8, 'bounding box': 0.2}, 'clock': {'bounding box': 1.0}}",17,0.5294117647058824,1.37928048729106,3,buildings,train,"{'house': {'house': 1.0, 'building': 1.0, 'steeple': 0.5, 'roof': 0.25, 'clock': 0.0}, 'building': {'house': 1.0, 'building': 1.0, 'steeple': 0.5, 'roof': 0.25, 'clock': 0.0}, 'steeple': {'house': 0.5, 'building': 0.5, 'steeple': 1.0, 'roof': 0.5, 'clock': 0.0}, 'roof': {'house': 0.25, 'building': 0.25, 'steeple': 0.5, 'roof': 1.0, 'clock': 0.0}, 'clock': {'house': 0.0, 'building': 0.0, 'steeple': 0.0, 'roof': 0.0, 'clock': 1.0}}","[0, 0, 421, 344]","[0, 0, 510, 411]","{'building': 9, 'house': 6, 'steeple': 2, 'clock': 13, 'roof': 3, 'watch': 1, 'clock tower': 1, 'tower': 1}","[['this is a clock tower'], ['a clock on a house'], ['clock in a house on a building'], ['a wooden clock tower'], ['clock on a house'], ['a clock tower'], ['the clock in the red box'], ['a clock in a house'], ['this is a house'], ['a clock with a clock face']]"
17809,2385899,1291684,http://manynames.upf.edu//2385899_1291684_house.png,https://cs.stanford.edu/people/rak248/VG_100K_2/2385899.jpg,house,buildings,house.n.01,{'building': 1.0},1.0,{'None': 1.0},2385899.jpg,"structure, construction","[{'30': ['house', 'building']}, {'3': ['sign']}]",house,"{'sign': 0.17, 'house': 1.0, 'building': 1.0}","{'sign': {'bounding box': 1.0}, 'house': {'None': 1.0}, 'building': {'None': 1.0}}",30,0.7,0.8812908992306926,2,buildings,train,"{'sign': {'sign': 1.0, 'house': 0.0, 'building': 0.0}, 'house': {'sign': 0.0, 'house': 1.0, 'building': 1.0}, 'building': {'sign': 0.0, 'house': 1.0, 'building': 1.0}}","[0, 1, 289, 339]","[0, 0, 259, 310]","{'house': 21, 'building': 9, 'sign': 3, 'door': 1, 'wall': 1, 'wood': 1}","[['the sign in the middle of the photo'], ['a red fire hydrant'], ['a house'], ['a red fire hydrant'], ['a sign'], ['a red fire hydrant'], ['the house'], ['a house with a fire hydrant'], ['a red fire hydrant with the word ""psycho"" on it'], ['the sign on the right']]"
20812,2400019,412084,http://manynames.upf.edu//2400019_412084_dugout.png,https://cs.stanford.edu/people/rak248/VG_100K_2/2400019.jpg,dugout,buildings,shelter.n.01,{'dug out': 1.0},1.0,{'None': 1.0},2400019.jpg,"structure, construction","[{'4': ['men', 'team']}, {'2': ['helmet']}, {'20': ['dugout']}]",dugout,"{'men': 0.5, 'team': 0.5, 'helmet': 0.17, 'dugout': 1.0}","{'men': {'bounding box': 0.7, 'None': 0.3}, 'team': {'bounding box': 0.7, 'None': 0.3}, 'helmet': {'bounding box': 1.0}, 'dugout': {'None': 1.0}}",20,1.0,0.0,1,buildings,train,"{'men': {'men': 1.0, 'team': 1.0, 'helmet': 0.0, 'dugout': 0.0, 'dug out': 0.0}, 'team': {'men': 1.0, 'team': 1.0, 'helmet': 0.0, 'dugout': 0.0, 'dug out': 0.0}, 'helmet': {'men': 0.0, 'team': 0.0, 'helmet': 1.0, 'dugout': 0.0, 'dug out': 0.0}, 'dugout': {'men': 0.0, 'team': 0.0, 'helmet': 0.0, 'dugout': 1.0, 'dug out': 1.0}, 'dug out': {'men': 0.0, 'team': 0.0, 'helmet': 0.0, 'dugout': 1.0, 'dug out': 1.0}}","[1, 1, 498, 100]","[0, 0, 597, 126]","{'dugout': 20, 'men': 2, 'helmet': 2, 'team': 2, 'hat': 1, 'stadium': 1, 'pipe': 1, 'baseball fail': 1, 'baseball dugout': 1, 'bullpen': 1, 'pit': 1, 'players': 1, 'sidelines': 1, 'baseballs': 1, 'cap': 1}","[['a baseball bat'], ['a baseball bat'], ['a baseball bat'], ['a baseball'], ['baseball bat'], ['a baseball bat'], ['a baseball bat'], ['a baseball bat'], ['the batter'], ['the ball that the batter is swinging at.']]"
8898,2352556,853253,http://manynames.upf.edu//2352556_853253_house.png,https://cs.stanford.edu/people/rak248/VG_100K/2352556.jpg,house,buildings,house.n.01,{'building': 1.0},1.0,{'None': 1.0},2352556.jpg,"structure, construction","[{'32': ['house', 'building']}]",house,"{'house': 1.0, 'building': 1.0, 'home': 'NA'}","{'house': {'None': 1.0}, 'building': {'None': 1.0}, 'home': 'NA'}",33,0.9090909090909092,0.5229784263810124,3,buildings,train,"{'house': {'house': 1.0, 'building': 1.0, 'home': 'NA'}, 'building': {'house': 1.0, 'building': 1.0, 'home': 'NA'}, 'home': {'house': 'NA', 'building': 'NA', 'home': 'NA'}}","[102, 0, 397, 231]","[115, 0, 480, 282]","{'house': 30, 'building': 2, 'home': 1, 'door': 1, 'shirt': 1, 'jacket': 1}","[['the house on the left, the one with the red brick chimney'], ['the house with the tree.'], ['a person with a suitcase on the sidewalk in front of a house'], ['the red suitcase'], ['the tree on the sidewalk'], ['the young man on the front porch'], ['man standing next to the trunk of a tree, holding a suitcase'], ['a suitcase'], ['a man standing next to a tree'], ['the house next to the tree']]"
16204,2378984,1362335,http://manynames.upf.edu//2378984_1362335_house.png,https://cs.stanford.edu/people/rak248/VG_100K_2/2378984.jpg,house,buildings,house.n.01,{'building': 1.0},1.0,{'None': 1.0},2378984.jpg,"structure, construction","[{'24': ['house', 'building']}, {'3': ['helmet']}, {'2': ['jacket']}, {'2': ['mirror']}]",house,"{'helmet': 0.0, 'jacket': 0.0, 'mirror': 0.0, 'house': 1.0, 'building': 1.0, 'home': 'NA'}","{'helmet': {'bounding box': 1.0}, 'jacket': {'bounding box': 1.0}, 'mirror': {'bounding box': 1.0}, 'house': {'None': 1.0}, 'building': {'None': 1.0}, 'home': 'NA'}",25,0.88,0.6395563653739033,3,buildings,train,"{'helmet': {'helmet': 1.0, 'jacket': 0.0, 'mirror': 0.0, 'house': 0.0, 'building': 0.0, 'home': 'NA'}, 'jacket': {'helmet': 0.0, 'jacket': 1.0, 'mirror': 0.0, 'house': 0.0, 'building': 0.0, 'home': 'NA'}, 'mirror': {'helmet': 0.0, 'jacket': 0.0, 'mirror': 1.0, 'house': 0.0, 'building': 0.0, 'home': 'NA'}, 'house': {'helmet': 0.0, 'jacket': 0.0, 'mirror': 0.0, 'house': 1.0, 'building': 1.0, 'home': 'NA'}, 'building': {'helmet': 0.0, 'jacket': 0.0, 'mirror': 0.0, 'house': 1.0, 'building': 1.0, 'home': 'NA'}, 'home': {'helmet': 'NA', 'jacket': 'NA', 'mirror': 'NA', 'house': 'NA', 'building': 'NA', 'home': 'NA'}}","[195, 0, 304, 128]","[226, 0, 370, 160]","{'house': 22, 'building': 2, 'home': 1, 'helmet': 3, 'mirror': 2, 'jacket': 2, 'window': 1, 't-shirt': 1, 'wheel': 1, 'mask': 1}","[['stop sign'], ['motorcycle helmet'], ['a blue motorcycle'], ['a motorcycle rider'], ['the blue motorcycle'], ['a motorcycle rider'], ['a man wearing a helmet on a motorcycle'], ['the red bike with a helmet'], ['the man on the motorcycle'], ['motorcycle rider wearing black jacket']]"
5250,2336913,2340730,http://manynames.upf.edu//2336913_2340730_bridge.png,https://cs.stanford.edu/people/rak248/VG_100K/2336913.jpg,overpass,buildings,bridge.n.01,{'bridge': 1.0},1.0,{'None': 1.0},2336913.jpg,"structure, construction","[{'24': ['overpass', 'bridge']}, {'5': ['train']}]",bridge,"{'train': 0.33, 'bridge': 1.0, 'overpass': 1.0}","{'train': {'bounding box': 1.0}, 'bridge': {'None': 1.0}, 'overpass': {'None': 1.0}}",24,0.9166666666666666,0.4138168503036338,2,buildings,,"{'train': {'train': 1.0, 'bridge': 0.0, 'overpass': 0.0}, 'bridge': {'train': 0.0, 'bridge': 1.0, 'overpass': 1.0}, 'overpass': {'train': 0.0, 'bridge': 1.0, 'overpass': 1.0}}","[133, 80, 365, 110]","[152, 89, 443, 138]","{'bridge': 22, 'overpass': 2, 'train': 5, 'steps': 1, 'airplane': 1, 'crosswalk': 1, 'staircase': 1, 'stairs': 1, 'boardwalk': 1, 'pedestrian bridge': 1}","[['a train on a track at a train station'], ['the train that is waiting for you to get off'], ['the red box in the picture'], ['the train station at the start of the track.'], ['train'], ['a train'], ['a train traveling down the tracks'], ['train on the tracks'], ['train at a station'], ['a train']]"
2133,2319572,3208534,http://manynames.upf.edu//2319572_3208534_building.png,https://cs.stanford.edu/people/rak248/VG_100K/2319572.jpg,restaurant,buildings,restaurant.n.01,"{'store': 1.0, 'building': 1.0}",1.0,{'None': 1.0},2319572.jpg,"structure, construction","[{'28': ['store', 'building']}]",building,"{'building': 1.0, 'store': 1.0}","{'building': {'None': 1.0}, 'store': {'None': 1.0}}",28,0.7142857142857143,0.8631205685666309,2,buildings,train,"{'building': {'building': 1.0, 'store': 1.0}, 'store': {'building': 1.0, 'store': 1.0}}","[0, 12, 300, 170]","[0, 7, 365, 210]","{'building': 20, 'store': 8, 'light': 1, 't-shirt': 1, 'restaurant': 1, 'sign': 1, 'storefront': 1, 'costa': 1}","[['a tree'], ['a red box'], ['the blue box'], ['the tree in the park'], ['the white box with the first name that comes to mind is the costa coffee in the shopping centre'], ['the tree in the foreground, next to the yellow tape'], ['tree'], ['the red box with the first name that comes to mind'], ['the costa coffee shop'], ['tree in the centre of town']]"
5453,2338009,3703986,http://manynames.upf.edu//2338009_3703986_building.png,https://cs.stanford.edu/people/rak248/VG_100K/2338009.jpg,house,buildings,house.n.01,{'building': 1.0},1.0,{'None': 1.0},2338009.jpg,"structure, construction","[{'27': ['house', 'building']}, {'3': ['dog']}, {'2': ['door']}]",building,"{'door': 0.33, 'dog': 0.33, 'building': 1.0, 'house': 1.0}","{'door': {'bounding box': 1.0}, 'dog': {'bounding box': 1.0}, 'building': {'None': 1.0}, 'house': {'None': 1.0}}",27,0.7407407407407407,0.8256265261578954,2,buildings,train,"{'door': {'door': 1.0, 'dog': 0.0, 'building': 0.0, 'house': 0.0}, 'dog': {'door': 0.0, 'dog': 1.0, 'building': 0.0, 'house': 0.0}, 'building': {'door': 0.0, 'dog': 0.0, 'building': 1.0, 'house': 1.0}, 'house': {'door': 0.0, 'dog': 0.0, 'building': 1.0, 'house': 1.0}}","[0, 0, 499, 196]","[0, 0, 597, 241]","{'building': 20, 'house': 7, 'dog': 3, 'door': 2, 'window': 1, 'storefronts': 1, 'room': 1}","[['a dog in a red box'], ['the dog'], ['dog'], ['dog'], ['this is a dog running in the street'], ['dog walking in the street'], ['a dog running in the street'], ['this is a dog running down the street'], ['this is a dog running on the street'], ['a dog']]"
23954,2412369,3804856,http://manynames.upf.edu//2412369_3804856_house.png,https://cs.stanford.edu/people/rak248/VG_100K_2/2412369.jpg,house,buildings,house.n.01,{'building': 1.0},1.0,{'None': 1.0},2412369.jpg,"structure, construction","[{'33': ['house', 'building']}]",house,"{'house': 1.0, 'building': 1.0, 'home': 'NA'}","{'house': {'None': 1.0}, 'building': {'None': 1.0}, 'home': 'NA'}",34,0.8235294117647058,0.7870046561900534,3,buildings,train,"{'house': {'house': 1.0, 'building': 1.0, 'home': 'NA'}, 'building': {'house': 1.0, 'building': 1.0, 'home': 'NA'}, 'home': {'house': 'NA', 'building': 'NA', 'home': 'NA'}}","[10, 15, 234, 238]","[5, 11, 286, 291]","{'house': 28, 'building': 5, 'home': 1}","[['house with a train in the background'], ['a tram in a residential area of a city'], ['a tram in the town of zilina'], ['the building in the picture'], ['the yellow building on the right'], ['house on the right'], ['the big house on the corner of the street'], ['the house on the right is the one that i can remember'], ['the house with the yellow fence'], ['this is a house on the left of the street.  it is on the corner of a street']]"
7589,2347433,890881,http://manynames.upf.edu//2347433_890881_bridge.png,https://cs.stanford.edu/people/rak248/VG_100K/2347433.jpg,garage,buildings,outbuilding.n.01,{'building': 1.0},0.83,"{'visual': 0.3, 'None': 0.7}",2347433.jpg,"structure, construction","[{'20': ['walkway', 'bridge']}, {'8': ['building']}]",bridge,"{'building': 0.83, 'bridge': 0.5, 'walkway': 0.5}","{'building': {'bounding box': 0.3, 'None': 0.7}, 'bridge': {'None': 0.3, 'bounding box': 0.7}, 'walkway': {'None': 0.3, 'bounding box': 0.7}}",20,0.9,0.4689955935892813,2,buildings,train,"{'building': {'building': 1.0, 'bridge': 0.0, 'walkway': 0.0}, 'bridge': {'building': 0.0, 'bridge': 1.0, 'walkway': 1.0}, 'walkway': {'building': 0.0, 'bridge': 1.0, 'walkway': 1.0}}","[76, 0, 416, 171]","[84, 0, 504, 211]","{'bridge': 18, 'walkway': 2, 'building': 8, 'garage': 1, 'skywalk': 1, 'train': 1, 'parking garage': 1, 'sticker': 1, 'railing': 1}","[['bus, taxi, car, van, limo, bus, van, van, limo,'], ['a bus in the airport'], ['the large blue bus'], ['the blue bus that is parked under the red bus'], ['a blue bus'], ['bus, bus stop, bus, bus stop, bus, bus stop, bus stop, bus stop'], ['blue and white bus'], ['this is a large blue bus'], ['blue bus with yellow stripes'], ['blue bus with yellow line']]"
7746,2348021,1679004,http://manynames.upf.edu//2348021_1679004_dugout.png,https://cs.stanford.edu/people/rak248/VG_100K/2348021.jpg,dugout,buildings,shelter.n.01,{},1.0,{'None': 1.0},2348021.jpg,"structure, construction","[{'3': ['cap']}, {'26': ['dugout']}, {'2': ['baseball players']}]",dugout,"{'baseball players': 0.5, 'cap': 0.33, 'dugout': 1.0}","{'baseball players': {'None': 0.3, 'bounding box': 0.7}, 'cap': {'bounding box': 1.0}, 'dugout': {'None': 1.0}}",26,1.0,0.0,1,buildings,train,"{'baseball players': {'baseball players': 1.0, 'cap': 0.0, 'dugout': 0.0}, 'cap': {'baseball players': 0.0, 'cap': 1.0, 'dugout': 0.0}, 'dugout': {'baseball players': 0.0, 'cap': 0.0, 'dugout': 1.0}}","[4, 89, 494, 281]","[0, 89, 540, 310]","{'dugout': 26, 'cap': 3, 'baseball players': 2, 't-shirt': 1, 'stand': 1, 'baseball bat': 1, 'crowd': 1, 'men': 1}","[['baseball player 2,'], [""the oriole's mascot""], ['baseball bat'], [''], [""a baseball player's glove""], ['a baseball bat'], ['baseball player #2'], ['a bat'], ['a bat'], [""the orioles' second baseman (2b) is 2b2, and the catcher (c)""]]"
8590,2351287,3897862,http://manynames.upf.edu//2351287_3897862_house.png,https://cs.stanford.edu/people/rak248/VG_100K/2351287.jpg,house,buildings,house.n.01,"{'barn': 1.0, 'hose': 0.67, 'building': 1.0}",1.0,{'None': 1.0},2351287.jpg,"structure, construction","[{'31': ['hose', 'building', 'house', 'barn']}, {'2': ['door']}, {'2': ['window']}]",house,"{'window': 0.33, 'door': 0.33, 'house': 1.0, 'barn': 1.0, 'building': 1.0, 'hose': 0.5}","{'window': {'bounding box': 1.0}, 'door': {'bounding box': 1.0}, 'house': {'None': 1.0}, 'barn': {'None': 1.0}, 'building': {'None': 1.0}, 'hose': {'visual': 0.3, 'linguistic': 0.7}}",31,0.6451612903225806,1.447640684443725,4,buildings,train,"{'window': {'window': 1.0, 'door': 0.0, 'house': 0.0, 'barn': 0.0, 'building': 0.0, 'hose': 0.0}, 'door': {'window': 0.0, 'door': 1.0, 'house': 0.0, 'barn': 0.0, 'building': 0.0, 'hose': 0.0}, 'house': {'window': 0.0, 'door': 0.0, 'house': 1.0, 'barn': 1.0, 'building': 1.0, 'hose': 0.67}, 'barn': {'window': 0.0, 'door': 0.0, 'house': 1.0, 'barn': 1.0, 'building': 1.0, 'hose': 0.67}, 'building': {'window': 0.0, 'door': 0.0, 'house': 1.0, 'barn': 1.0, 'building': 1.0, 'hose': 0.67}, 'hose': {'window': 0.0, 'door': 0.0, 'house': 0.67, 'barn': 0.67, 'building': 0.67, 'hose': 1.0}}","[38, 28, 254, 160]","[38, 26, 310, 198]","{'house': 20, 'barn': 6, 'building': 3, 'hose': 2, 'window': 2, 'door': 2, 'farm': 1}","[['the large house with two large windows.'], ['the farm house with the chickens in the field.'], ['an old barn, in a field, near a river.  i believe the barn is red.'], ['farmhouse with chickens'], ['an open field with a barn, chickens, and a house'], ['this is a farm house with a barn in front of it.'], ['a barn with sheep grazing'], ['this is a sheep pen with a cow and two chickens.'], ['house with chicken coop on top'], ['farm house']]"
11339,2361484,1730668,http://manynames.upf.edu//2361484_1730668_bridge.png,https://cs.stanford.edu/people/rak248/VG_100K/2361484.jpg,bridge,buildings,bridge.n.01,"{'overpass': 1.0, 'train': 0.33}",1.0,{'None': 1.0},2361484.jpg,"structure, construction","[{'22': ['overpass', 'bridge']}, {'4': ['train']}]",bridge,"{'train': 0.17, 'bridge': 1.0, 'overpass': 1.0, 'structure': 'NA'}","{'train': {'bounding box': 1.0}, 'bridge': {'None': 1.0}, 'overpass': {'None': 1.0}, 'structure': 'NA'}",23,0.6956521739130435,1.0666152167384504,3,buildings,train,"{'train': {'train': 1.0, 'bridge': 0.33, 'overpass': 0.33, 'structure': 'NA'}, 'bridge': {'train': 0.33, 'bridge': 1.0, 'overpass': 1.0, 'structure': 'NA'}, 'overpass': {'train': 0.33, 'bridge': 1.0, 'overpass': 1.0, 'structure': 'NA'}, 'structure': {'train': 'NA', 'bridge': 'NA', 'overpass': 'NA', 'structure': 'NA'}}","[77, 2, 422, 88]","[85, 0, 511, 112]","{'bridge': 16, 'overpass': 6, 'structure': 1, 'train': 4, 'truck': 1, 'pole': 1, 'tam': 1, 'walkway': 1, 'overhang': 1, 'tilt': 1, 'roof': 1, 'building': 1, 'secondarily': 1}","[['the red box with the first name that comes to mind is the train'], ['red box at a train station'], ['red train on the platform'], ['the london underground'], ['a train'], ['london underground station'], ['red train'], ['the red and blue train'], [""the london underground's piccadilly circus station""], ['a red bus']]"
12213,2364568,640342,http://manynames.upf.edu//2364568_640342_bridge.png,https://cs.stanford.edu/people/rak248/VG_100K/2364568.jpg,bridge,buildings,bridge.n.01,{},1.0,{'None': 1.0},2364568.jpg,"structure, construction","[{'2': ['t-shirt']}, {'31': ['bridge']}]",bridge,"{'t-shirt': 0.17, 'bridge': 1.0}","{'t-shirt': {'bounding box': 0.7, 'other': 0.3}, 'bridge': {'None': 1.0}}",31,1.0,0.0,1,buildings,train,"{'t-shirt': {'t-shirt': 1.0, 'bridge': 0.0}, 'bridge': {'t-shirt': 0.0, 'bridge': 1.0}}","[73, 29, 349, 120]","[80, 28, 424, 150]","{'bridge': 31, 't-shirt': 2, 'shirt': 1, 'tunnels': 1}","[['bridge'], ['canal towpath bridge, oxfordshire'], ['bridge'], ['the bridge of brentwood'], ['river bridge'], ['barge on the canal'], ['bridge'], ['the white bridge'], ['canal boat'], ['bridge']]"
4076,2330451,3475986,http://manynames.upf.edu//2330451_3475986_bridge.png,https://cs.stanford.edu/people/rak248/VG_100K/2330451.jpg,bridge,buildings,bridge.n.01,"{'building': 1.0, 'wall': 0.67}",1.0,{'None': 1.0},2330451.jpg,"structure, construction","[{'32': ['building', 'wall', 'bridge']}]",bridge,"{'bridge': 1.0, 'wall': 0.67, 'building': 1.0}","{'bridge': {'None': 1.0}, 'wall': {'None': 0.7, 'bounding box': 0.3}, 'building': {'None': 1.0}}",32,0.6875,1.1714416385441488,3,buildings,train,"{'bridge': {'bridge': 1.0, 'wall': 0.67, 'building': 1.0}, 'wall': {'bridge': 0.67, 'wall': 1.0, 'building': 0.67}, 'building': {'bridge': 1.0, 'wall': 0.67, 'building': 1.0}}","[11, 208, 492, 130]","[6, 241, 590, 162]","{'bridge': 22, 'wall': 7, 'building': 3, 'stone': 1, 'cycle': 1, 'man': 1}","[['the building with the bridge over it'], ['the building on the right'], ['stone bridge over the river in the old city of tiguza, caen'], ['the bridge over the river, and the man in the middle, with his bicycle'], ['the stone bridge'], ['the first thing that comes to mind is the mosque'], ['the city of kairouan'], ['the bridge with the arches'], ['the red box with the first name that comes to mind is the old bridge in front of the old'], ['the blue cloth with a blue tarp over it']]"
1775,2318127,3511006,http://manynames.upf.edu//2318127_3511006_bridge.png,https://cs.stanford.edu/people/rak248/VG_100K/2318127.jpg,bridge,buildings,bridge.n.01,{},1.0,{'None': 1.0},2318127.jpg,"structure, construction",[{'31': ['bridge']}],bridge,{'bridge': 1.0},{'bridge': {'None': 1.0}},31,1.0,0.0,1,buildings,train,{'bridge': {'bridge': 1.0}},"[1, 155, 498, 162]","[0, 178, 596, 200]","{'bridge': 31, 'building': 1, 'braze': 1, 'trestle': 1, 'city': 1, 'clock': 1}","[['a clock tower'], ['a bridge'], ['the bridge'], ['the bridge with the clock tower'], ['the building on the left'], ['building'], ['this is a building'], ['a clock tower'], ['bridge over water'], ['the chicago skyline bridge']]"
21462,2402765,386623,http://manynames.upf.edu//2402765_386623_dugout.png,https://cs.stanford.edu/people/rak248/VG_100K_2/2402765.jpg,dugout.,buildings,shelter.n.01,"{'dog out': 1.0, 'dugout': 1.0, 'bench': 0.33}",0.67,"{'linguistic': 0.7, 'None': 0.3}",2402765.jpg,"structure, construction","[{'29': ['dog out', 'dugout']}, {'2': ['players']}, {'2': ['bench']}]",dugout,"{'players': 0.83, 'dugout': 1.0, 'dog out': 0.5, 'bench': 0.67}","{'players': {'None': 0.7, 'bounding box': 0.3}, 'dugout': {'None': 1.0}, 'dog out': {'linguistic': 0.7, 'None': 0.3}, 'bench': {'None': 0.3, 'bounding box': 0.3, 'linguistic': 0.3}}",31,0.8709677419354839,0.6838104214057896,3,buildings,train,"{'players': {'players': 1.0, 'dugout': 0.0, 'dog out': 0.0, 'bench': 0.0}, 'dugout': {'players': 0.0, 'dugout': 1.0, 'dog out': 1.0, 'bench': 0.33}, 'dog out': {'players': 0.0, 'dugout': 1.0, 'dog out': 1.0, 'bench': 0.33}, 'bench': {'players': 0.0, 'dugout': 0.33, 'dog out': 0.33, 'bench': 1.0}}","[0, 0, 499, 77]","[0, 0, 597, 99]","{'dugout': 27, 'dog out': 2, 'bench': 2, 'players': 2, 'stadium': 1, 'baseball dugout': 1, 'pit': 1, 'cap': 1, 'fence': 1}","[['a baseball bat'], ['a baseball bat'], ['the home plate batter'], ['baseball'], ['a baseball'], ['a baseball'], ['baseball'], ['a baseball'], ['baseball bat'], ['the ball at bat']]"
14636,2373384,1794482,http://manynames.upf.edu//2373384_1794482_building.png,https://cs.stanford.edu/people/rak248/VG_100K/2373384.jpg,house,buildings,house.n.01,"{'building': 1.0, 'house': 1.0}",1.0,{'None': 1.0},2373384.jpg,"structure, construction","[{'36': ['house', 'building']}]",building,"{'building': 1.0, 'house': 1.0}","{'building': {'None': 1.0}, 'house': {'None': 1.0}}",36,0.8888888888888888,0.5032583347756456,2,buildings,train,"{'building': {'building': 1.0, 'house': 1.0}, 'house': {'building': 1.0, 'house': 1.0}}","[0, 0, 205, 313]","[0, 0, 251, 380]","{'building': 32, 'house': 4}","[['the street sign in front of the building'], ['a tree with pink flowers'], ['this is a pink cherry tree'], ['the pink tree on the left side of the street.'], ['red cherry tree'], ['a tree'], ['this tree is flowering'], ['a flowering tree in a public park'], ['the first tree with pink blossoms on the left.'], ['the tree in the photo']]"
18001,2386725,517097,http://manynames.upf.edu//2386725_517097_dugout.png,https://cs.stanford.edu/people/rak248/VG_100K_2/2386725.jpg,dugout,buildings,shelter.n.01,{},1.0,{'None': 1.0},2386725.jpg,"structure, construction","[{'25': ['dugout']}, {'2': ['helmet']}, {'2': ['cap']}]",dugout,"{'helmet': 0.33, 'cap': 0.5, 'dugout': 1.0}","{'helmet': {'bounding box': 1.0}, 'cap': {'bounding box': 1.0}, 'dugout': {'None': 1.0}}",25,1.0,0.0,1,buildings,train,"{'helmet': {'helmet': 1.0, 'cap': 0.33, 'dugout': 0.0}, 'cap': {'helmet': 0.33, 'cap': 1.0, 'dugout': 0.0}, 'dugout': {'helmet': 0.0, 'cap': 0.0, 'dugout': 1.0}}","[0, 61, 242, 163]","[0, 66, 295, 201]","{'dugout': 25, 'helmet': 2, 'cap': 2, 'awning': 1, 'net': 1, 'jersey': 1, 'team': 1, 'baseball dugout': 1, 'goal': 1}","[['the first name that comes to mind is _____'], ['the batter in a baseball game'], ['a baseball bat'], ['baseball'], ['a baseball'], ['a baseball bat'], ['the batter'], ['a baseball bat'], ['baseball player at bat'], ['the baseball in the red box with the first name that comes to mind']]"
20782,2399857,413236,http://manynames.upf.edu//2399857_413236_house.png,https://cs.stanford.edu/people/rak248/VG_100K_2/2399857.jpg,house,buildings,house.n.01,{},1.0,{'None': 1.0},2399857.jpg,"structure, construction","[{'32': ['house']}, {'2': ['ball']}]",house,"{'ball': 0.33, 'house': 1.0}","{'ball': {'bounding box': 1.0}, 'house': {'None': 1.0}}",32,1.0,0.0,1,buildings,train,"{'ball': {'ball': 1.0, 'house': 0.0}, 'house': {'ball': 0.0, 'house': 1.0}}","[0, 1, 220, 215]","[0, 0, 270, 264]","{'house': 32, 'ball': 2, 'gate': 1}","[['a girl playing tennis'], ['a girl playing tennis'], ['the girl with the tennis racket'], ['a girl in a blue shirt and green shorts swinging a tennis racket'], ['a young girl swinging a tennis racket'], ['a tennis racket'], ['a tennis ball'], ['tennis ball'], ['a person'], ['tennis racket']]"
4112,2330661,2765913,http://manynames.upf.edu//2330661_2765913_tent.png,https://cs.stanford.edu/people/rak248/VG_100K/2330661.jpg,tent,buildings,shelter.n.01,{'canopy': 1.0},1.0,{'None': 1.0},2330661.jpg,"structure, construction","[{'26': ['tent', 'canopy']}, {'2': ['car']}, {'2': ['people']}]",tent,"{'people': 0.67, 'car': 0.17, 'tent': 1.0, 'canopy': 1.0}","{'people': {'bounding box': 0.7, 'None': 0.3}, 'car': {'other': 0.7, 'bounding box': 0.3}, 'tent': {'None': 1.0}, 'canopy': {'None': 1.0}}",26,0.8076923076923077,0.7062740891876007,2,buildings,train,"{'people': {'people': 1.0, 'car': 0.0, 'tent': 0.0, 'canopy': 0.0}, 'car': {'people': 0.0, 'car': 1.0, 'tent': 0.0, 'canopy': 0.0}, 'tent': {'people': 0.0, 'car': 0.0, 'tent': 1.0, 'canopy': 1.0}, 'canopy': {'people': 0.0, 'car': 0.0, 'tent': 1.0, 'canopy': 1.0}}","[211, 0, 280, 161]","[245, 0, 341, 199]","{'tent': 21, 'canopy': 5, 'car': 2, 'people': 2, 't-shirt': 1, 'shirt': 1, 'shoe': 1, 'person': 1, 'crowd': 1, 'spectators': 1}","[['skateboard'], ['a skateboarder riding down the street'], ['the skateboarder is going to be the object that is named.'], ['a man skateboarding'], ['a person riding a skateboard'], ['the man in the white shirt is riding a skateboard'], ['skateboard'], ['a skateboarder wearing a helmet and knee pads'], ['a young man skateboarding in a parking lot.'], ['a skateboarder performing a trick in the middle of a traffic circle.']]"
9236,2353914,3495274,http://manynames.upf.edu//2353914_3495274_tent.png,https://cs.stanford.edu/people/rak248/VG_100K/2353914.jpg,tent,buildings,shelter.n.01,"{'canopy': 1.0, 'awning': 1.0}",1.0,{'None': 1.0},2353914.jpg,"structure, construction","[{'25': ['canopy', 'tent', 'awning']}, {'2': ['pole']}]",tent,"{'pole': 0.17, 'tent': 1.0, 'canopy': 1.0, 'awning': 1.0, 'shelter': 'NA'}","{'pole': {'bounding box': 1.0}, 'tent': {'None': 1.0}, 'canopy': {'None': 1.0}, 'awning': {'None': 1.0}, 'shelter': 'NA'}",26,0.5769230769230769,1.507757760806689,4,buildings,train,"{'pole': {'pole': 1.0, 'tent': 0.0, 'canopy': 0.0, 'awning': 0.0, 'shelter': 'NA'}, 'tent': {'pole': 0.0, 'tent': 1.0, 'canopy': 1.0, 'awning': 1.0, 'shelter': 'NA'}, 'canopy': {'pole': 0.0, 'tent': 1.0, 'canopy': 1.0, 'awning': 1.0, 'shelter': 'NA'}, 'awning': {'pole': 0.0, 'tent': 1.0, 'canopy': 1.0, 'awning': 1.0, 'shelter': 'NA'}, 'shelter': {'pole': 'NA', 'tent': 'NA', 'canopy': 'NA', 'awning': 'NA', 'shelter': 'NA'}}","[0, 42, 493, 122]","[0, 41, 572, 147]","{'tent': 15, 'canopy': 7, 'awning': 3, 'shelter': 1, 'pole': 2, 'vendor tent': 1, 'canape': 1, 'tomato': 1, 'booth': 1, 'tent covering': 1, 'sunshade': 1, 'umbrella': 1, 'fruits': 1}","[['red and white market stall'], [""vegetables at a farmer's market""], ['a man at a farmers market'], ['the vegetables on the counter'], ['an apple'], ['a stall at a fruit and veg market'], ['a man in a white apron is buying vegetables at a market'], ['the produce stand in front of the store'], ['the red box with the first name that comes to mind is a vegetable stand'], ['the fruit and vegetables market']]"
4640,2333798,966663,http://manynames.upf.edu//2333798_966663_garage door.png,https://cs.stanford.edu/people/rak248/VG_100K/2333798.jpg,garage,buildings,outbuilding.n.01,"{'garage door': 0.71, 'door': 0.71, 'shutter': 0.71}",0.93,"{'bounding box': 0.1, 'None': 0.9}",2333798.jpg,"structure, construction","[{'26': ['garage', 'door', 'garage door', 'shutter']}, {'4': ['bike']}]",garage door,"{'bike': 0.36, 'garage door': 1.0, 'door': 0.93, 'garage': 0.93, 'shutter': 1.0}","{'bike': {'bounding box': 0.9, 'visual': 0.1}, 'garage door': {'None': 1.0}, 'door': {'None': 0.9, 'visual': 0.1}, 'garage': {'None': 0.9, 'bounding box': 0.1}, 'shutter': {'None': 1.0}}",26,0.3846153846153846,1.8020456244375824,4,buildings,test,"{'bike': {'bike': 1.0, 'garage door': 0.0, 'door': 0.0, 'garage': 0.0, 'shutter': 0.0}, 'garage door': {'bike': 0.0, 'garage door': 1.0, 'door': 1.0, 'garage': 0.71, 'shutter': 0.86}, 'door': {'bike': 0.0, 'garage door': 1.0, 'door': 1.0, 'garage': 0.71, 'shutter': 0.86}, 'garage': {'bike': 0.0, 'garage door': 0.71, 'door': 0.71, 'garage': 1.0, 'shutter': 0.71}, 'shutter': {'bike': 0.0, 'garage door': 0.86, 'door': 0.86, 'garage': 0.71, 'shutter': 1.0}}","[40, 0, 305, 199]","[41, 0, 371, 245]","{'garage door': 10, 'door': 9, 'garage': 5, 'shutter': 2, 'bike': 4, 'wall': 1, 'louver': 1, 'mirror': 1, 'metal': 1, 'vehicle': 1}","[['a motorcycle'], ['triumph motorcycles'], ['a motorcycle'], ['motorcycle'], ['the bike'], ['motorcycle'], ['a motorcycle'], ['the red box is a motorcycle'], ['a motorcycle'], ['the motorcycle']]"
10638,2359050,796614,http://manynames.upf.edu//2359050_796614_bridge.png,https://cs.stanford.edu/people/rak248/VG_100K/2359050.jpg,bridge,buildings,bridge.n.01,{},1.0,{'None': 1.0},2359050.jpg,"structure, construction","[{'8': ['train']}, {'20': ['bridge']}]",bridge,"{'train': 0.5, 'bridge': 1.0}","{'train': {'bounding box': 1.0}, 'bridge': {'None': 1.0}}",20,1.0,0.0,1,buildings,train,"{'train': {'train': 1.0, 'bridge': 0.0}, 'bridge': {'train': 0.0, 'bridge': 1.0}}","[41, 70, 459, 196]","[42, 77, 555, 241]","{'bridge': 20, 'train': 8, 'belt': 1, 'building': 1, 'pole': 1, 'train tracks': 1, 'overpass': 1, 'railroad': 1, 'elevated': 1, 'tracks': 1}","[['the chicago river, riverwalk'], ['an elevated train'], ['a red train on the street'], ['a train on a track'], ['a train that is about to pass'], [""a train that's going through the city""], ['the elevated train'], ['the elevated train tracks that are in downtown chicago'], ['a train on the tracks in chicago'], [""the train that's going up and down""]]"
24456,2414202,157846,http://manynames.upf.edu//2414202_157846_house.png,https://cs.stanford.edu/people/rak248/VG_100K_2/2414202.jpg,house,buildings,house.n.01,"{'home': 1.0, 'building': 1.0}",1.0,{'None': 1.0},2414202.jpg,"structure, construction","[{'34': ['home', 'house', 'building']}]",house,"{'house': 1.0, 'home': 1.0, 'building': 1.0}","{'house': {'None': 1.0}, 'home': {'None': 1.0}, 'building': {'None': 1.0}}",34,0.8823529411764706,0.64020643336047,3,buildings,train,"{'house': {'house': 1.0, 'home': 1.0, 'building': 1.0}, 'home': {'house': 1.0, 'home': 1.0, 'building': 1.0}, 'building': {'house': 1.0, 'home': 1.0, 'building': 1.0}}","[116, 2, 383, 142]","[132, 0, 464, 177]","{'house': 30, 'home': 2, 'building': 2, 'boll': 1}","[['a frisbee'], ['a frisbee'], ['a frisbee'], ['a woman and a man'], ['a frisbee'], ['a person throwing a frisbee to a girl in a black shirt.'], ['the man and woman standing in front of the house with the blue trim'], ['a man and a woman playing frisbee'], ['frisbee'], ['frisbee']]"
12194,2364508,2592371,http://manynames.upf.edu//2364508_2592371_building.png,https://cs.stanford.edu/people/rak248/VG_100K/2364508.jpg,castle,buildings,house.n.01,"{'building': 1.0, 'church': 1.0, 'cathedral': 1.0}",1.0,{'None': 1.0},2364508.jpg,"structure, construction","[{'34': ['castle', 'cathedral', 'church', 'building']}]",building,"{'building': 1.0, 'castle': 1.0, 'cathedral': 1.0, 'church': 1.0}","{'building': {'None': 1.0}, 'castle': {'None': 1.0}, 'cathedral': {'None': 1.0}, 'church': {'None': 1.0}}",34,0.7941176470588235,1.054026074762777,4,buildings,train,"{'building': {'building': 1.0, 'castle': 1.0, 'cathedral': 1.0, 'church': 1.0}, 'castle': {'building': 1.0, 'castle': 1.0, 'cathedral': 1.0, 'church': 1.0}, 'cathedral': {'building': 1.0, 'castle': 1.0, 'cathedral': 1.0, 'church': 1.0}, 'church': {'building': 1.0, 'castle': 1.0, 'cathedral': 1.0, 'church': 1.0}}","[232, 0, 216, 206]","[270, 0, 265, 253]","{'building': 27, 'castle': 3, 'cathedral': 2, 'church': 2, 'mirror': 1, 'window': 1}","[['the red box with the first name that comes to mind is a tank'], ['the building in the background is the parliament building'], ['a military parade with soldiers marching'], [''], ['the image on the right is of soldiers marching in a parade, with a building in the background'], ['a large military truck'], ['a military vehicle'], ['the red box is a picture of the army parade in front of the building.'], [''], ['the large building in the centre']]"
4792,2334598,3676091,http://manynames.upf.edu//2334598_3676091_sign.png,https://cs.stanford.edu/people/rak248/VG_100K/2334598.jpg,marquee,buildings,shelter.n.01,"{'signboard': 0.33, 'sign': 0.33}",0.5,"{'bounding box': 0.3, 'other': 0.3, 'None': 0.3}",2334598.jpg,"structure, construction","[{'28': ['signboard', 'sign']}]",sign,"{'sign': 1.0, 'signboard': 1.0}","{'sign': {'None': 1.0}, 'signboard': {'None': 1.0}}",28,0.9285714285714286,0.3712323266408756,2,buildings,,"{'sign': {'sign': 1.0, 'signboard': 1.0}, 'signboard': {'sign': 1.0, 'signboard': 1.0}}","[35, 0, 154, 134]","[43, 0, 229, 200]","{'sign': 26, 'signboard': 2, 'building logo': 1, 'awning': 1, 'board': 1, 'store sign': 1, 'bored': 1, 'store': 1, 'storefront': 1}","[['glo'], ['the giogio theater in san diego'], ['q&a 1'], ['the gila theater, in los angeles, ca'], ['gq'], ['gogo'], ['glendale theatre'], ['g-lo'], ['the globo movie theater in downtown san diego'], ['the logo of glo']]"
4084,2330509,2909992,http://manynames.upf.edu//2330509_2909992_house.png,https://cs.stanford.edu/people/rak248/VG_100K/2330509.jpg,house,buildings,house.n.01,{'roof': 0.33},1.0,{'None': 1.0},2330509.jpg,"structure, construction","[{'2': ['roof']}, {'3': ['window']}, {'26': ['house']}]",house,"{'window': 0.33, 'house': 1.0, 'roof': 0.5, 'home': 'NA'}","{'window': {'bounding box': 1.0}, 'house': {'None': 1.0}, 'roof': {'bounding box': 1.0}, 'home': 'NA'}",29,0.896551724137931,0.5748281443803861,3,buildings,train,"{'window': {'window': 1.0, 'house': 0.0, 'roof': 0.0, 'home': 'NA'}, 'house': {'window': 0.0, 'house': 1.0, 'roof': 0.33, 'home': 'NA'}, 'roof': {'window': 0.0, 'house': 0.33, 'roof': 1.0, 'home': 'NA'}, 'home': {'window': 'NA', 'house': 'NA', 'roof': 'NA', 'home': 'NA'}}","[237, 37, 243, 214]","[276, 37, 297, 263]","{'house': 26, 'roof': 2, 'home': 1, 'window': 3, 'pole': 1, 'door': 1, 'cake': 1}","[['a statue of a man on a pedestal'], ['a statue of a woman'], ['the large blue building on the left is the home of the sculptor, and the building on the'], ['a statue'], ['the statue of a man'], [''], ['a small wooden house with a large tree in the front yard.'], ['the statue in the red box with the first name that comes to mind is the statue in the red'], ['the house'], ['a statue of a man on the porch of a house with a sign over the door that reads ""']]"
4602,2333584,966979,http://manynames.upf.edu//2333584_966979_jacket.png,https://cs.stanford.edu/people/rak248/VG_100K/2333584.jpg,jacket,clothing,overgarment.n.01,{},1.0,{'None': 1.0},2333584.jpg,article of clothing,[{'31': ['jacket']}],jacket,"{'jacket': 1.0, 'dress': 'NA', 'coat': 'NA'}","{'jacket': {'None': 1.0}, 'dress': 'NA', 'coat': 'NA'}",33,0.9393939393939394,0.3904521308132069,3,clothing,train,"{'jacket': {'jacket': 1.0, 'dress': 'NA', 'coat': 'NA'}, 'dress': {'jacket': 'NA', 'dress': 'NA', 'coat': 'NA'}, 'coat': {'jacket': 'NA', 'dress': 'NA', 'coat': 'NA'}}","[37, 184, 222, 190]","[37, 212, 272, 233]","{'jacket': 31, 'dress': 1, 'coat': 1, 'shirt': 1, 'sleeveless': 1, 'sweater': 1}","[['a person with a parrot on his head'], ['a girl wearing a blue jacket'], ['a person with a bird on their head'], ['a black bird wearing a blue helmet'], ['red parrot with a bike helmet'], [""a large bird sitting on the person's helmet""], ['the blue jacket'], ['the blue-and-red striped jacket with the parrot on the front'], ['parrot'], ['the parrot in the blue helmet']]"
20814,2400025,1163784,http://manynames.upf.edu//2400025_1163784_jacket.png,https://cs.stanford.edu/people/rak248/VG_100K_2/2400025.jpg,jacket,clothing,overgarment.n.01,{'coat': 1.0},1.0,{'None': 1.0},2400025.jpg,article of clothing,"[{'34': ['jacket', 'coat']}]",jacket,"{'jacket': 1.0, 'coat': 1.0}","{'jacket': {'None': 1.0}, 'coat': {'None': 1.0}}",34,0.8529411764705882,0.6024308020404453,2,clothing,train,"{'jacket': {'jacket': 1.0, 'coat': 1.0}, 'coat': {'jacket': 1.0, 'coat': 1.0}}","[31, 72, 236, 152]","[21, 57, 218, 143]","{'jacket': 29, 'coat': 5, 'shirt': 1, 'blazer': 1}","[['the young boy is wearing a kilt, wearing a coat, and jumping on a park bench'], ['boy in black suit and tie'], ['boy in kilt jumping over bench'], ['a young boy in a kilt and jacket jumping over a bench'], ['a boy in a kilt jumping on a bench'], ['boy wearing black suit and kilt on a bench in the grass'], ['a boy jumping on a bench'], ['the young man'], ['the young boy wearing a suit and tie, with a picture of a dog and a bench'], ['a young boy in a black suit and white shirt jumping over a bench on a green park bench']]"
3509,2327556,2775357,http://manynames.upf.edu//2327556_2775357_shirt.png,https://cs.stanford.edu/people/rak248/VG_100K/2327556.jpg,shirt,clothing,shirt.n.01,{'costume': 1.0},1.0,{'None': 1.0},2327556.jpg,article of clothing,"[{'26': ['shirt', 'costume']}]",shirt,"{'shirt': 1.0, 'costume': 1.0, 'dress': 'NA'}","{'shirt': {'None': 1.0}, 'costume': {'None': 1.0}, 'dress': 'NA'}",27,0.8518518518518519,0.7253759284051438,3,clothing,val,"{'shirt': {'shirt': 1.0, 'costume': 1.0, 'dress': 'NA'}, 'costume': {'shirt': 1.0, 'costume': 1.0, 'dress': 'NA'}, 'dress': {'shirt': 'NA', 'costume': 'NA', 'dress': 'NA'}}","[55, 151, 249, 266]","[42, 128, 230, 245]","{'shirt': 23, 'costume': 3, 'dress': 1, 'girl': 1, 'suit': 1, 't-shirt': 1, 'stuffed bear': 1, 'teddy bear': 1, 'doll': 1, 'leotard': 1, 'costume shirt': 1}","[['a stuffed animal'], [""i think it's an old-timey captain america outfit""], ['the superhero costume with the red, white, and blue fabric and a red star on the chest'], ['the raccoon'], ['my little brother'], ['this is a little girl holding her little raccoon'], ['red teddy bear with a star'], ['a red superhero'], ['captain america'], ['captain america, iron man, black widow, hawkeye, thor, the hulk, the invisible woman']]"
21733,2403837,348942,http://manynames.upf.edu//2403837_348942_hat.png,https://cs.stanford.edu/people/rak248/VG_100K_2/2403837.jpg,hat,clothing,headdress.n.01,{'bonnet': 1.0},1.0,{'None': 1.0},2403837.jpg,article of clothing,"[{'25': ['hat', 'bonnet']}, {'5': ['dog']}]",hat,"{'dog': 0.17, 'hat': 1.0, 'bonnet': 1.0}","{'dog': {'bounding box': 1.0}, 'hat': {'None': 1.0}, 'bonnet': {'None': 1.0}}",25,0.92,0.4021791902022728,2,clothing,train,"{'dog': {'dog': 1.0, 'hat': 0.0, 'bonnet': 0.0}, 'hat': {'dog': 0.0, 'hat': 1.0, 'bonnet': 1.0}, 'bonnet': {'dog': 0.0, 'hat': 1.0, 'bonnet': 1.0}}","[120, 1, 351, 137]","[136, 0, 425, 170]","{'hat': 23, 'bonnet': 2, 'dog': 5, 'cap': 1, 'eye': 1, 'dog hat': 1, ""dog's eye"": 1}","[[""a dog wearing a gold and white dress and a hat with a red ribbon around it's neck""], [''], ['this is a golden doodle'], ['dog'], ['a gold-rimmed, yellow hat with a large flower'], ['a dog wearing a gold hat'], ['a dog in a gold costume'], ['this dog is wearing a hat'], ['the dog with a yellow dress and a hat on'], ['a dog wearing a gold and yellow dress']]"
11701,2362771,3072573,http://manynames.upf.edu//2362771_3072573_dress.png,https://cs.stanford.edu/people/rak248/VG_100K/2362771.jpg,dress,clothing,dress.n.01,"{'clothes': 1.0, 'shirt': 1.0, 'clothing': 1.0, 'apron': 1.0}",0.83,"{'visual': 0.3, 'None': 0.7}",2362771.jpg,article of clothing,"[{'31': ['clothing', 'clothes', 'dress', 'shirt', 'apron']}]",dress,"{'apron': 1.0, 'dress': 0.83, 'shirt': 0.5, 'clothing': 1.0, 'clothes': 1.0}","{'apron': {'None': 1.0}, 'dress': {'None': 0.7, 'visual': 0.3}, 'shirt': {'bounding box': 1.0}, 'clothing': {'None': 1.0}, 'clothes': {'None': 1.0}}",31,0.3548387096774194,1.9955790173398635,5,clothing,train,"{'apron': {'apron': 1.0, 'dress': 1.0, 'shirt': 1.0, 'clothing': 1.0, 'clothes': 1.0}, 'dress': {'apron': 1.0, 'dress': 1.0, 'shirt': 1.0, 'clothing': 1.0, 'clothes': 1.0}, 'shirt': {'apron': 1.0, 'dress': 1.0, 'shirt': 1.0, 'clothing': 1.0, 'clothes': 1.0}, 'clothing': {'apron': 1.0, 'dress': 1.0, 'shirt': 1.0, 'clothing': 1.0, 'clothes': 1.0}, 'clothes': {'apron': 1.0, 'dress': 1.0, 'shirt': 1.0, 'clothing': 1.0, 'clothes': 1.0}}","[219, 116, 190, 383]","[189, 97, 177, 349]","{'apron': 11, 'dress': 11, 'shirt': 5, 'clothing': 2, 'clothes': 2, 'woman': 1, 'outfit': 1, 't-shirt': 1, 'ladies body': 1}","[['hairstylist blowing out hair of a woman in a chair.'], ['a hair dryer'], ['the hairdresser'], ['hair dryer'], ['a hairdryer'], ['a black dress, with red and white stripes'], ['hair dryer'], [""woman's hair blowing""], ['a lady having her hair done'], [""a hairdresser blow drying a woman's hair""]]"
19479,2393742,470036,http://manynames.upf.edu//2393742_470036_dress.png,https://cs.stanford.edu/people/rak248/VG_100K_2/2393742.jpg,dress,clothing,dress.n.01,{},1.0,{'None': 1.0},2393742.jpg,article of clothing,[{'31': ['dress']}],dress,{'dress': 1.0},{'dress': {'None': 1.0}},31,1.0,0.0,1,clothing,train,{'dress': {'dress': 1.0}},"[270, 0, 174, 333]","[315, 0, 215, 399]","{'dress': 31, 'phone': 1, 'woman': 1, 'black dress': 1}","[['the figure in the black dress'], ['the woman in the black dress'], ['a woman in a dress'], ['red box'], ['woman in a black dress'], ['woman in a black dress'], ['woman in a black dress'], ['woman wearing a dress'], ['the red box is a woman in a black dress.'], ['the woman in black']]"
9066,2353212,848262,http://manynames.upf.edu//2353212_848262_shirt.png,https://cs.stanford.edu/people/rak248/VG_100K/2353212.jpg,shirt,clothing,shirt.n.01,{'dress shirt': 1.0},1.0,{'None': 1.0},2353212.jpg,article of clothing,"[{'15': ['necktie', 'tie']}, {'18': ['shirt', 'dress shirt']}]",shirt,"{'necktie': 0.5, 'tie': 0.5, 'shirt': 1.0, 'dress shirt': 1.0}","{'necktie': {'None': 0.3, 'bounding box': 0.7}, 'tie': {'None': 0.3, 'bounding box': 0.7}, 'shirt': {'None': 1.0}, 'dress shirt': {'None': 1.0}}",18,0.8888888888888888,0.5032583347756456,2,clothing,train,"{'necktie': {'necktie': 1.0, 'tie': 1.0, 'shirt': 0.0, 'dress shirt': 0.0}, 'tie': {'necktie': 1.0, 'tie': 1.0, 'shirt': 0.0, 'dress shirt': 0.0}, 'shirt': {'necktie': 0.0, 'tie': 0.0, 'shirt': 1.0, 'dress shirt': 1.0}, 'dress shirt': {'necktie': 0.0, 'tie': 0.0, 'shirt': 1.0, 'dress shirt': 1.0}}","[210, 0, 286, 332]","[244, 0, 348, 396]","{'shirt': 16, 'dress shirt': 2, 'tie': 11, 'necktie': 4, 't-shirt': 1, 'undershirt': 1, 'coat': 1}","[['a person wearing a tie'], ['the collar of a shirt'], ['the blue dress shirt'], ['a black jacket'], ['the purple tie'], ['the man wearing the purple tie'], ['the tie on the man in the purple shirt'], ['a man wearing a tie'], ['a person in a suit'], ['a black shirt']]"
2751,2323122,3224817,http://manynames.upf.edu//2323122_3224817_poncho.png,https://cs.stanford.edu/people/rak248/VG_100K/2323122.jpg,raincoat,clothing,overgarment.n.01,{'poncho': 1.0},1.0,{'None': 1.0},2323122.jpg,article of clothing,"[{'22': ['poncho', 'raincoat']}, {'6': ['woman', 'person']}]",poncho,"{'woman': 0.17, 'person': 0.17, 'poncho': 1.0, 'raincoat': 1.0}","{'woman': {'bounding box': 1.0}, 'person': {'bounding box': 1.0}, 'poncho': {'None': 1.0}, 'raincoat': {'None': 1.0}}",22,0.5454545454545454,0.9940302114769566,2,clothing,,"{'woman': {'woman': 1.0, 'person': 1.0, 'poncho': 0.0, 'raincoat': 0.0}, 'person': {'woman': 1.0, 'person': 1.0, 'poncho': 0.0, 'raincoat': 0.0}, 'poncho': {'woman': 0.0, 'person': 0.0, 'poncho': 1.0, 'raincoat': 1.0}, 'raincoat': {'woman': 0.0, 'person': 0.0, 'poncho': 1.0, 'raincoat': 1.0}}","[93, 127, 164, 330]","[76, 107, 154, 302]","{'poncho': 12, 'raincoat': 10, 'person': 3, 'woman': 3, 'rain slicker': 1, 'parka': 1, 'girl': 1, 'rain jacket': 1, 'coat': 1, 'protestant': 1, 'man': 1, 'umbrella': 1}","[['a person holding an umbrella.'], ['umbrella'], ['umbrella'], ['umbrella'], ['the man in the blue raincoat'], ['umbrella, woman, rain, black'], ['umbrella'], ['person in raincoat'], ['person in black raincoat, holding umbrella, in a park, with a person in blue raincoat'], ['a person in a raincoat']]"
18615,2389869,3828379,http://manynames.upf.edu//2389869_3828379_dress.png,https://cs.stanford.edu/people/rak248/VG_100K_2/2389869.jpg,dress,clothing,dress.n.01,{'wedding dress': 1.0},1.0,{'None': 1.0},2389869.jpg,article of clothing,"[{'32': ['wedding dress', 'dress']}]",dress,"{'dress': 1.0, 'wedding dress': 1.0, 'clothes': 'NA'}","{'dress': {'None': 1.0}, 'wedding dress': {'None': 1.0}, 'clothes': 'NA'}",33,0.8787878787878788,0.6311718053929062,3,clothing,train,"{'dress': {'dress': 1.0, 'wedding dress': 1.0, 'clothes': 'NA'}, 'wedding dress': {'dress': 1.0, 'wedding dress': 1.0, 'clothes': 'NA'}, 'clothes': {'dress': 'NA', 'wedding dress': 'NA', 'clothes': 'NA'}}","[159, 239, 197, 256]","[135, 207, 183, 236]","{'dress': 29, 'wedding dress': 3, 'clothes': 1, 'cubs': 1, 'gown': 1, 'tops': 1}","[['a wedding cake'], ['a man and a woman eating a cake together'], ['the wedding cake'], ['a wedding cake, as the bride eats it.'], ['bride'], [""the groom's wedding cake""], ['the groom eating a piece of cake'], ['a wedding cake'], ['the bride is feeding the groom a slice of cake'], ['a woman feeding her husband']]"
2510,2321917,3143203,http://manynames.upf.edu//2321917_3143203_dress.png,https://cs.stanford.edu/people/rak248/VG_100K/2321917.jpg,dress,clothing,dress.n.01,{},1.0,{'None': 1.0},2321917.jpg,article of clothing,"[{'29': ['dress']}, {'3': ['bench']}]",dress,"{'bench': 0.5, 'dress': 1.0}","{'bench': {'bounding box': 1.0}, 'dress': {'None': 1.0}}",29,1.0,0.0,1,clothing,train,"{'bench': {'bench': 1.0, 'dress': 0.0}, 'dress': {'bench': 0.0, 'dress': 1.0}}","[23, 101, 353, 232]","[20, 114, 428, 284]","{'dress': 29, 'bench': 3, 'hair': 1, 'maxi': 1, 'gown': 1, 'body': 1}","[['arrow'], ['arrow'], ['a person dressed as a girl with a bow and arrow'], ['an arrow'], ['a bow'], ['a bow'], [''], [''], ['a girl dressed in a green dress'], ['the bow and arrow']]"
1109,1593092,3288315,http://manynames.upf.edu//1593092_3288315_jacket.png,https://cs.stanford.edu/people/rak248/VG_100K/1593092.jpg,jacket,clothing,overgarment.n.01,"{'suit': 1.0, 'coat': 1.0}",1.0,{'None': 1.0},1593092.jpg,article of clothing,"[{'32': ['jacket', 'suit', 'coat']}]",jacket,"{'jacket': 1.0, 'suit': 1.0, 'coat': 1.0}","{'jacket': {'None': 1.0}, 'suit': {'None': 1.0}, 'coat': {'None': 1.0}}",32,0.46875,1.3543370204656968,3,clothing,train,"{'jacket': {'jacket': 1.0, 'suit': 1.0, 'coat': 1.0}, 'suit': {'jacket': 1.0, 'suit': 1.0, 'coat': 1.0}, 'coat': {'jacket': 1.0, 'suit': 1.0, 'coat': 1.0}}","[131, 358, 706, 324]","[69, 202, 419, 196]","{'jacket': 15, 'suit': 14, 'coat': 3, 'man': 1, 'clothes': 1, 'suit and tie': 1, 'tie': 1}","[['_____'], ['man in a suit'], [""i don't know""], ['the man in the blue tie'], ['a bearded man in a suit'], [''], [""i think i know what you're asking for but i can't think of a name""], ['this object is a man wearing a blue tie.'], ['man'], ['the guy with the beard in the blue shirt']]"
21457,2402720,1132429,http://manynames.upf.edu//2402720_1132429_shirt.png,https://cs.stanford.edu/people/rak248/VG_100K_2/2402720.jpg,shirt,clothing,shirt.n.01,{'dress shirt': 1.0},1.0,{'None': 1.0},2402720.jpg,article of clothing,"[{'34': ['shirt', 'dress shirt']}]",shirt,"{'shirt': 1.0, 'dress shirt': 1.0}","{'shirt': {'None': 1.0}, 'dress shirt': {'None': 1.0}}",34,0.9411764705882352,0.3227569588973982,2,clothing,train,"{'shirt': {'shirt': 1.0, 'dress shirt': 1.0}, 'dress shirt': {'shirt': 1.0, 'dress shirt': 1.0}}","[0, 275, 374, 224]","[0, 239, 335, 207]","{'shirt': 32, 'dress shirt': 2, 'window': 1, 'tie': 1}","[['the man wearing the red shirt'], ['man on a bus'], ['this is a person on a bus'], ['a young man sitting in a bus'], ['the man in the middle of the bus'], [""the man's tie""], ['person sitting in a bus'], ['the man in the red box'], ['the man in the photo.'], ['man sitting on bus']]"
6387,2342641,2681013,http://manynames.upf.edu//2342641_2681013_shirt.png,https://cs.stanford.edu/people/rak248/VG_100K/2342641.jpg,shirt,clothing,shirt.n.01,{'t-shirt': 1.0},0.83,"{'bounding box': 0.3, 'None': 0.7}",2342641.jpg,article of clothing,"[{'31': ['shirt', 't-shirt']}, {'2': ['fridge']}]",shirt,"{'fridge': 0.33, 'shirt': 0.83, 't-shirt': 0.83}","{'fridge': {'bounding box': 1.0}, 'shirt': {'None': 0.7, 'bounding box': 0.3}, 't-shirt': {'None': 0.7, 'bounding box': 0.3}}",31,0.8064516129032258,0.708835673332196,2,clothing,train,"{'fridge': {'fridge': 1.0, 'shirt': 0.0, 't-shirt': 0.0}, 'shirt': {'fridge': 0.0, 'shirt': 1.0, 't-shirt': 1.0}, 't-shirt': {'fridge': 0.0, 'shirt': 1.0, 't-shirt': 1.0}}","[0, 229, 182, 271]","[0, 198, 170, 249]","{'shirt': 25, 't-shirt': 6, 'fridge': 2, 'cup': 1, 'ice': 1, 'torso': 1}","[[""a person standing next to a refrigerator opening it's door""], ['a person'], ['refrigerator'], [""a man's hand is seen holding a refrigerator door with a can of soda in it""], ['a person looking at a refrigerator'], ['a man is looking at an open refrigerator in the kitchen'], ['a man looking at a refrigerator'], ['a man holding a box with the first name that comes to mind'], ['a refrigerator'], ['']]"
12929,2367047,1846409,http://manynames.upf.edu//2367047_1846409_shirt.png,https://cs.stanford.edu/people/rak248/VG_100K/2367047.jpg,shirt,clothing,shirt.n.01,{'polo shirt': 1.0},1.0,{'None': 1.0},2367047.jpg,article of clothing,"[{'32': ['shirt', 'polo shirt']}]",shirt,"{'shirt': 1.0, 'polo shirt': 1.0}","{'shirt': {'None': 1.0}, 'polo shirt': {'None': 1.0}}",32,0.9375,0.3372900666170139,2,clothing,train,"{'shirt': {'shirt': 1.0, 'polo shirt': 1.0}, 'polo shirt': {'shirt': 1.0, 'polo shirt': 1.0}}","[45, 125, 266, 210]","[47, 142, 324, 257]","{'shirt': 30, 'polo shirt': 2, 'child': 1, 'polo': 1, 'boy': 1, 'scissor': 1}","[['a pencil'], ['the red box is a chair'], ['the yellow pencil'], [''], ['pencil'], ['a boy with yellow shirt and red shoes'], ['red crayon'], ['a red paperclip'], ['a yellow pencil'], ['red square']]"
15103,2374984,3843007,http://manynames.upf.edu//2374984_3843007_hat.png,https://cs.stanford.edu/people/rak248/VG_100K/2374984.jpg,hood,clothing,headdress.n.01,"{'hat': 1.0, 'cap': 1.0}",0.67,"{'visual': 0.3, 'None': 0.7}",2374984.jpg,article of clothing,"[{'28': ['hat', 'hood', 'cap']}, {'6': ['man']}]",hat,"{'man': 0.33, 'hat': 1.0, 'cap': 1.0, 'hood': 0.67}","{'man': {'bounding box': 1.0}, 'hat': {'None': 1.0}, 'cap': {'None': 1.0}, 'hood': {'None': 0.7, 'visual': 0.3}}",28,0.7142857142857143,1.0949143184120975,3,clothing,train,"{'man': {'man': 1.0, 'hat': 0.0, 'cap': 0.0, 'hood': 0.0}, 'hat': {'man': 0.0, 'hat': 1.0, 'cap': 1.0, 'hood': 1.0}, 'cap': {'man': 0.0, 'hat': 1.0, 'cap': 1.0, 'hood': 1.0}, 'hood': {'man': 0.0, 'hat': 1.0, 'cap': 1.0, 'hood': 1.0}}","[153, 0, 345, 324]","[149, 0, 359, 338]","{'hat': 20, 'cap': 6, 'hood': 2, 'man': 6, 'jacket': 1}","[['the object in the red box with the first name that comes to mind is a sandwich'], ['the man in the photo is wearing a baseball cap'], ['this man is eating a burger'], [""the red rectangle around the man's head""], ['the man in the gray cap'], ['a person in a gray hat'], ['a bald man with a grey beard'], ['i think it is a guy holding a piece of food.'], ['a man eating a sandwich'], ['a balding man with a white shirt and grey jacket']]"
3398,2326930,3388526,http://manynames.upf.edu//2326930_3388526_shirt.png,https://cs.stanford.edu/people/rak248/VG_100K/2326930.jpg,coat,clothing,overgarment.n.01,"{'suit': 1.0, 'shirt': 1.0, 'jacket': 1.0}",1.0,{'None': 1.0},2326930.jpg,article of clothing,"[{'23': ['shirt', 'suit', 'jacket']}, {'6': ['tie']}]",shirt,"{'tie': 0.33, 'shirt': 1.0, 'jacket': 1.0, 'suit': 1.0}","{'tie': {'bounding box': 1.0}, 'shirt': {'None': 1.0}, 'jacket': {'None': 1.0}, 'suit': {'None': 1.0}}",23,0.6956521739130435,1.1863929342238184,3,clothing,train,"{'tie': {'tie': 1.0, 'shirt': 0.0, 'jacket': 0.0, 'suit': 0.0}, 'shirt': {'tie': 0.0, 'shirt': 1.0, 'jacket': 1.0, 'suit': 1.0}, 'jacket': {'tie': 0.0, 'shirt': 1.0, 'jacket': 1.0, 'suit': 1.0}, 'suit': {'tie': 0.0, 'shirt': 1.0, 'jacket': 1.0, 'suit': 1.0}}","[0, 312, 312, 186]","[0, 272, 279, 173]","{'shirt': 16, 'jacket': 4, 'suit': 3, 'tie': 6, 'tress': 1, 'hair': 1, 'clothing': 1, 'hat': 1, 'coat': 1, 'top': 1, 'lady': 1}","[[""the lady's face""], ['woman with a black hat, green apple in her mouth, black suit and tie, black and white'], ['a young woman wearing a bow tie and a hat'], ['the woman in the photo has a green apple in her mouth'], ['an apple'], ['the apple in the red box with the first name that comes to mind.'], ['a red apple'], ['a woman wearing a black bow tie'], ['a woman wearing a black bow tie'], ['a green apple']]"
4354,2332100,970513,http://manynames.upf.edu//2332100_970513_shirt.png,https://cs.stanford.edu/people/rak248/VG_100K/2332100.jpg,shirt,clothing,shirt.n.01,{'dress shirt': 1.0},1.0,{'None': 1.0},2332100.jpg,article of clothing,"[{'29': ['shirt', 'dress shirt']}, {'5': ['tie']}]",shirt,"{'tie': 0.17, 'shirt': 1.0, 'dress shirt': 1.0}","{'tie': {'bounding box': 1.0}, 'shirt': {'None': 1.0}, 'dress shirt': {'None': 1.0}}",29,0.9310344827586208,0.3620512517339981,2,clothing,train,"{'tie': {'tie': 1.0, 'shirt': 0.0, 'dress shirt': 0.0}, 'shirt': {'tie': 0.0, 'shirt': 1.0, 'dress shirt': 1.0}, 'dress shirt': {'tie': 0.0, 'shirt': 1.0, 'dress shirt': 1.0}}","[66, 245, 307, 129]","[72, 285, 373, 161]","{'shirt': 27, 'dress shirt': 2, 'tie': 5, 'neck': 1, 'clothing': 1}","[['a mirror'], ['a mirror'], [""the person is wearing a red cap with the word 'cook' printed on it""], ['a man wearing a cap'], ['the guy wearing a white shirt, black tie and black cap, with a red circle around his neck'], ['a person with a hat'], ['man with a hat, shirt, and tie'], ['a man in a white shirt and black tie'], ['a person wearing a white shirt, a black tie, and a hat with a red circle around it'], ['a waiter']]"
16804,2381456,1336503,http://manynames.upf.edu//2381456_1336503_jacket.png,https://cs.stanford.edu/people/rak248/VG_100K_2/2381456.jpg,jacket,clothing,overgarment.n.01,{'coat': 1.0},1.0,{'None': 1.0},2381456.jpg,article of clothing,"[{'34': ['jacket', 'coat']}]",jacket,"{'jacket': 1.0, 'coat': 1.0}","{'jacket': {'None': 1.0}, 'coat': {'None': 1.0}}",34,0.9411764705882352,0.3227569588973982,2,clothing,train,"{'jacket': {'jacket': 1.0, 'coat': 1.0}, 'coat': {'jacket': 1.0, 'coat': 1.0}}","[2, 314, 288, 185]","[0, 274, 264, 172]","{'jacket': 32, 'coat': 2, 'rain jacket': 1, 'man': 1}","[['the clock tower in the photo above'], ['a person in front of a clock tower'], ['a man wearing a jacket in front of a clock tower in the background'], ['the clock tower in front of the old town hall.'], [''], ['a clock tower'], ['clock tower, outside the frame, and the guy in front of it'], ['the clock tower of a large building'], ['a clock tower'], ['a man with a beard']]"
22006,2404917,375342,http://manynames.upf.edu//2404917_375342_jacket.png,https://cs.stanford.edu/people/rak248/VG_100K_2/2404917.jpg,jacket,clothing,overgarment.n.01,{'coat': 1.0},1.0,{'None': 1.0},2404917.jpg,article of clothing,"[{'31': ['jacket', 'coat']}]",jacket,"{'jacket': 1.0, 'coat': 1.0, 'dress': 'NA'}","{'jacket': {'None': 1.0}, 'coat': {'None': 1.0}, 'dress': 'NA'}",32,0.78125,0.8873068828532796,3,clothing,train,"{'jacket': {'jacket': 1.0, 'coat': 1.0, 'dress': 'NA'}, 'coat': {'jacket': 1.0, 'coat': 1.0, 'dress': 'NA'}, 'dress': {'jacket': 'NA', 'coat': 'NA', 'dress': 'NA'}}","[126, 132, 268, 225]","[143, 151, 327, 275]","{'jacket': 25, 'coat': 6, 'dress': 1, 'button': 1, 'woman': 1}","[['the niagara falls in niagara falls'], ['the falls in niagara'], ['woman in a black coat, sunglasses, standing near the edge of the river'], ['niagara falls'], ['niagara falls'], ['a woman with sunglasses'], ['niagara falls'], ['niagara falls'], ['niagara falls'], ['the view from a boat on the river']]"
16969,2382268,697880,http://manynames.upf.edu//2382268_697880_jacket.png,https://cs.stanford.edu/people/rak248/VG_100K_2/2382268.jpg,coat,clothing,overgarment.n.01,"{'jacket': 1.0, 'suit': 1.0, 'suit jacket': 1.0}",1.0,{'None': 1.0},2382268.jpg,article of clothing,"[{'31': ['jacket', 'suit', 'suit jacket', 'coat']}]",jacket,"{'jacket': 1.0, 'suit': 1.0, 'suit jacket': 1.0, 'coat': 1.0}","{'jacket': {'None': 1.0}, 'suit': {'None': 1.0}, 'suit jacket': {'None': 1.0}, 'coat': {'None': 1.0}}",31,0.4838709677419355,1.5470056993294024,4,clothing,train,"{'jacket': {'jacket': 1.0, 'suit': 1.0, 'suit jacket': 1.0, 'coat': 1.0}, 'suit': {'jacket': 1.0, 'suit': 1.0, 'suit jacket': 1.0, 'coat': 1.0}, 'suit jacket': {'jacket': 1.0, 'suit': 1.0, 'suit jacket': 1.0, 'coat': 1.0}, 'coat': {'jacket': 1.0, 'suit': 1.0, 'suit jacket': 1.0, 'coat': 1.0}}","[132, 130, 172, 205]","[151, 148, 212, 251]","{'jacket': 15, 'suit': 12, 'suit jacket': 2, 'coat': 2, 'blazer': 1, 'shirt': 1, 'sports jacket': 1, 'man': 1, 'clothing': 1}","[['man wearing a brown jacket'], ['the person holding the bouquet'], ['man with a bowtie'], ['woman with a blue dress and man in a brown suit'], ['a young couple'], ['a person wearing a blue dress'], ['a woman'], ['the groom'], ['a wedding dress'], ['man']]"
9923,2356468,3561938,http://manynames.upf.edu//2356468_3561938_dress.png,https://cs.stanford.edu/people/rak248/VG_100K/2356468.jpg,dress,clothing,dress.n.01,{'kimono': 1.0},1.0,{'None': 1.0},2356468.jpg,article of clothing,"[{'30': ['kimono', 'dress']}]",dress,"{'dress': 1.0, 'kimono': 1.0}","{'dress': {'None': 1.0}, 'kimono': {'None': 1.0}}",30,0.9333333333333332,0.3533593350214213,2,clothing,train,"{'dress': {'dress': 1.0, 'kimono': 1.0}, 'kimono': {'dress': 1.0, 'kimono': 1.0}}","[22, 103, 209, 395]","[13, 85, 194, 360]","{'dress': 28, 'kimono': 2, 'girl': 1, 'flag': 1, 'gown': 1, 'costume': 1, 'apron': 1, 'top dress': 1}","[['woman wearing traditional clothing'], ['the tibetan flag'], ['a young girl with a colorful ethnic outfit in a street'], ['a tibetan woman in red'], ['girl in green and red dress'], ['트럼지 바람된 �'], ['girl in traditional dress'], ['tibetan flag'], ['tibetan flag'], ['the girl in the red dress']]"
3434,2327179,3010432,http://manynames.upf.edu//2327179_3010432_dress.png,https://cs.stanford.edu/people/rak248/VG_100K/2327179.jpg,dress,clothing,dress.n.01,{},1.0,{'None': 1.0},2327179.jpg,article of clothing,[{'34': ['dress']}],dress,"{'dress': 1.0, 'clothing': 'NA'}","{'dress': {'None': 1.0}, 'clothing': 'NA'}",35,0.9714285714285714,0.1871762568732083,2,clothing,test,"{'dress': {'dress': 1.0, 'clothing': 'NA'}, 'clothing': {'dress': 'NA', 'clothing': 'NA'}}","[143, 135, 227, 240]","[163, 154, 278, 293]","{'dress': 34, 'clothing': 1, 'sea': 1}","[['girl in a green dress flying a kite'], ['a girl flying a kite'], ['a girl flying a kite on a river'], ['the girl in the green dress'], ['the girl with the long hair'], ['a young girl'], ['girl flying kite'], ['the little girl in the dress'], ['girl flying kite'], ['kite']]"
5216,2336739,959724,http://manynames.upf.edu//2336739_959724_dress.png,https://cs.stanford.edu/people/rak248/VG_100K/2336739.jpg,dress,clothing,dress.n.01,{},1.0,{'None': 1.0},2336739.jpg,article of clothing,[{'29': ['dress']}],dress,{'dress': 1.0},{'dress': {'None': 1.0}},29,1.0,0.0,1,clothing,train,{'dress': {'dress': 1.0}},"[48, 187, 272, 312]","[36, 160, 250, 286]","{'dress': 29, 'child': 1, 'torso': 1, 'cloth': 1, 'phone': 1, 'blouse': 1, 'shirt': 1, 'mobile phone': 1}","[['a cell phone'], ['this is a little girl'], ['a baby'], [''], ['child eating ice cream'], [''], [''], ['the little girl is eating a piece of candy'], ['child holding cell phone'], ['a young girl with curly hair']]"
7529,2347231,2488714,http://manynames.upf.edu//2347231_2488714_dress.png,https://cs.stanford.edu/people/rak248/VG_100K/2347231.jpg,dress,clothing,dress.n.01,{'wedding dress': 1.0},1.0,{'None': 1.0},2347231.jpg,article of clothing,"[{'29': ['wedding dress', 'dress']}, {'3': ['flower']}, {'2': ['own']}]",dress,"{'flower': 0.33, 'own': 0.0, 'dress': 1.0, 'wedding dress': 1.0}","{'flower': {'bounding box': 1.0}, 'own': {'other': 1.0}, 'dress': {'None': 1.0}, 'wedding dress': {'None': 1.0}}",29,0.8620689655172413,0.57879462463212,2,clothing,train,"{'flower': {'flower': 1.0, 'own': 0.0, 'dress': 0.0, 'wedding dress': 0.0}, 'own': {'flower': 0.0, 'own': 1.0, 'dress': 0.0, 'wedding dress': 0.0}, 'dress': {'flower': 0.0, 'own': 0.0, 'dress': 1.0, 'wedding dress': 1.0}, 'wedding dress': {'flower': 0.0, 'own': 0.0, 'dress': 1.0, 'wedding dress': 1.0}}","[51, 127, 208, 205]","[54, 145, 255, 252]","{'dress': 25, 'wedding dress': 4, 'flower': 3, 'own': 2, 'wedding': 1, 'necklace': 1}","[['the red box with the first name that comes to mind'], ['the woman in the red dress and the man in the white suit'], ['the bride'], ['the groom'], ['bride'], ['a woman in a wedding dress'], ['wedding dress'], ['the bride'], [""the red circle represents the bride and groom's photo""], ['the person in the photo is a bride']]"
21115,2401415,1148017,http://manynames.upf.edu//2401415_1148017_suit.png,https://cs.stanford.edu/people/rak248/VG_100K_2/2401415.jpg,blazer,clothing,overgarment.n.01,"{'suit': 1.0, 'coat': 1.0, 'jacket': 1.0}",1.0,{'None': 1.0},2401415.jpg,article of clothing,"[{'31': ['jacket', 'suit', 'coat']}]",suit,"{'suit': 1.0, 'jacket': 1.0, 'coat': 1.0}","{'suit': {'None': 1.0}, 'jacket': {'None': 1.0}, 'coat': {'None': 1.0}}",31,0.4838709677419355,1.279798638034158,3,clothing,,"{'suit': {'suit': 1.0, 'jacket': 1.0, 'coat': 1.0}, 'jacket': {'suit': 1.0, 'jacket': 1.0, 'coat': 1.0}, 'coat': {'suit': 1.0, 'jacket': 1.0, 'coat': 1.0}}","[36, 157, 325, 173]","[36, 180, 395, 214]","{'suit': 15, 'jacket': 14, 'coat': 2, 'phone': 1, 'tuxedo': 1, 'mobile': 1, 'blazer': 1, 'hand': 1}","[['man'], ['man on the right'], ['a red circle with a red square'], ['person'], ['person'], ['person'], ['person'], ['man'], ['person'], ['person']]"
9649,2355369,1714684,http://manynames.upf.edu//2355369_1714684_jacket.png,https://cs.stanford.edu/people/rak248/VG_100K/2355369.jpg,jacket,clothing,overgarment.n.01,"{'clothing': 1.0, 'coat': 1.0, 'shirt': 0.67}",1.0,{'None': 1.0},2355369.jpg,article of clothing,"[{'32': ['coat', 'jacket', 'shirt', 'clothing']}]",jacket,"{'jacket': 1.0, 'shirt': 0.83, 'coat': 1.0, 'clothing': 1.0, 'dress': 'NA'}","{'jacket': {'None': 1.0}, 'shirt': {'None': 0.7, 'visual': 0.3}, 'coat': {'None': 1.0}, 'clothing': {'None': 1.0}, 'dress': 'NA'}",33,0.4545454545454545,1.6895736566323332,5,clothing,train,"{'jacket': {'jacket': 1.0, 'shirt': 0.67, 'coat': 1.0, 'clothing': 1.0, 'dress': 'NA'}, 'shirt': {'jacket': 0.67, 'shirt': 1.0, 'coat': 0.67, 'clothing': 0.67, 'dress': 'NA'}, 'coat': {'jacket': 1.0, 'shirt': 0.67, 'coat': 1.0, 'clothing': 1.0, 'dress': 'NA'}, 'clothing': {'jacket': 1.0, 'shirt': 0.67, 'coat': 1.0, 'clothing': 1.0, 'dress': 'NA'}, 'dress': {'jacket': 'NA', 'shirt': 'NA', 'coat': 'NA', 'clothing': 'NA', 'dress': 'NA'}}","[222, 6, 165, 213]","[258, 0, 204, 261]","{'jacket': 15, 'shirt': 13, 'coat': 2, 'clothing': 2, 'dress': 1, 'button down shirt': 1, 'person': 1, 'black jacket': 1}","[['the microwave'], [''], ['the man wearing the black jacket and jeans in the kitchen'], ['the person standing in the kitchen'], ['the man is in a kitchen'], ['a person in a kitchen'], ['an oven'], ['a man wearing a jacket'], ['this man in the kitchen.'], ['a man wearing a jacket']]"
14507,2372890,1973975,http://manynames.upf.edu//2372890_1973975_shirt.png,https://cs.stanford.edu/people/rak248/VG_100K/2372890.jpg,dress,clothing,dress.n.01,"{'blouse': 1.0, 'shirt': 1.0}",1.0,{'None': 1.0},2372890.jpg,article of clothing,"[{'30': ['dress', 'shirt', 'blouse']}]",shirt,"{'shirt': 1.0, 'dress': 1.0, 'blouse': 1.0}","{'shirt': {'None': 1.0}, 'dress': {'None': 1.0}, 'blouse': {'None': 1.0}}",30,0.5666666666666667,1.418619670275654,3,clothing,train,"{'shirt': {'shirt': 1.0, 'dress': 1.0, 'blouse': 1.0}, 'dress': {'shirt': 1.0, 'dress': 1.0, 'blouse': 1.0}, 'blouse': {'shirt': 1.0, 'dress': 1.0, 'blouse': 1.0}}","[20, 140, 367, 182]","[17, 160, 445, 224]","{'shirt': 17, 'dress': 7, 'blouse': 6, 'gown': 1, 'mobile': 1, 'lips': 1, 'man': 1, 'neck': 1, 'mobile phone': 1}","[['a girl on the couch'], ['the girl in the brown shirt'], ['the young woman sitting on the couch holding a cell phone'], [""a girl's phone""], ['the girl with the red hair'], ['a girl in a red top'], ['the young woman'], ['a phone'], ['a phone'], ['the young woman sitting in the chair']]"
16628,2380757,1342651,http://manynames.upf.edu//2380757_1342651_jacket.png,https://cs.stanford.edu/people/rak248/VG_100K_2/2380757.jpg,jacket,clothing,overgarment.n.01,"{'shirt': 1.0, 'coat': 1.0}",1.0,{'None': 1.0},2380757.jpg,article of clothing,"[{'33': ['jacket', 'shirt', 'coat']}]",jacket,"{'jacket': 1.0, 'coat': 1.0, 'shirt': 1.0}","{'jacket': {'None': 1.0}, 'coat': {'None': 1.0}, 'shirt': {'None': 1.0}}",33,0.8181818181818182,0.8510013145580397,3,clothing,train,"{'jacket': {'jacket': 1.0, 'coat': 1.0, 'shirt': 1.0}, 'coat': {'jacket': 1.0, 'coat': 1.0, 'shirt': 1.0}, 'shirt': {'jacket': 1.0, 'coat': 1.0, 'shirt': 1.0}}","[8, 93, 170, 276]","[0, 76, 159, 254]","{'jacket': 27, 'coat': 4, 'shirt': 2, 'hat': 1, 'court': 1, 'glass': 1}","[['a black leather jacket'], ['the person in the picture is holding a beer bottle'], ['a person'], ['the man in the black leather jacket'], ['man wearing black leather jacket'], ['the person standing in the kitchen.'], ['a black leather jacket'], ['a person wearing a black leather jacket, wearing a hat and sitting in a kitchen'], ['the man is wearing a hat and has black pants on.'], ['']]"
21678,2403657,1122722,http://manynames.upf.edu//2403657_1122722_jacket.png,https://cs.stanford.edu/people/rak248/VG_100K_2/2403657.jpg,jacket,clothing,overgarment.n.01,"{'coat': 1.0, 'shirt': 0.33, 'dress': 1.0}",1.0,{'None': 1.0},2403657.jpg,article of clothing,"[{'20': ['dress', 'jacket', 'coat']}, {'12': ['shirt']}]",jacket,"{'dress': 0.33, 'jacket': 1.0, 'shirt': 0.5, 'coat': 1.0}","{'dress': {'visual': 1.0}, 'jacket': {'None': 1.0}, 'shirt': {'bounding box': 0.7, 'None': 0.3}, 'coat': {'None': 1.0}}",30,0.5,1.3609640474436813,3,clothing,test,"{'dress': {'dress': 1.0, 'jacket': 1.0, 'shirt': 0.33, 'coat': 1.0}, 'jacket': {'dress': 1.0, 'jacket': 1.0, 'shirt': 0.33, 'coat': 1.0}, 'shirt': {'dress': 0.33, 'jacket': 0.33, 'shirt': 1.0, 'coat': 0.33}, 'coat': {'dress': 1.0, 'jacket': 1.0, 'shirt': 0.33, 'coat': 1.0}}","[278, 68, 192, 172]","[325, 74, 236, 212]","{'jacket': 15, 'shirt': 12, 'coat': 3, 'dress': 2, 'vest': 1, 'sweater': 1, 'woman': 1, 'top': 1}","[['the statue of a man in a hat'], ['the man in the picture'], ['the statue of the man wearing the hat'], ['a statue of a man'], ['the statue of a man'], ['the man in the picture'], ['statue of a man'], ['statue of a man in a suit, with a hand in his pocket and a woman with a bag'], ['the statue of a man wearing a suit'], ['a statue of a man wearing a suit']]"
16249,2379178,1360258,http://manynames.upf.edu//2379178_1360258_shirt.png,https://cs.stanford.edu/people/rak248/VG_100K_2/2379178.jpg,shirt,clothing,shirt.n.01,{},1.0,{'None': 1.0},2379178.jpg,article of clothing,"[{'27': ['shirt']}, {'2': ['juice']}]",shirt,"{'juice': 0.33, 'shirt': 1.0, 'dress': 'NA'}","{'juice': {'bounding box': 1.0}, 'shirt': {'None': 1.0}, 'dress': 'NA'}",28,0.9642857142857144,0.2222848306856879,2,clothing,train,"{'juice': {'juice': 1.0, 'shirt': 0.0, 'dress': 'NA'}, 'shirt': {'juice': 0.0, 'shirt': 1.0, 'dress': 'NA'}, 'dress': {'juice': 'NA', 'shirt': 'NA', 'dress': 'NA'}}","[25, 133, 403, 214]","[23, 152, 487, 262]","{'shirt': 27, 'dress': 1, 'juice': 2, 'blouse': 1, 'glass': 1, 'cardigan': 1, 'sweater': 1, 'necklace': 1}","[['the woman is talking on the phone'], ['the lady in the brown shirt'], ['woman on a phone'], ['a red and black square'], ['woman in dark brown top'], ['a woman holding a glass of red liquid and talking on a cell phone'], ['the woman on the left.'], ['woman with dark hair talking on the phone'], ['a glass of red wine'], ['this is a woman sitting at a table, talking on a cell phone']]"
5357,2337449,2838335,http://manynames.upf.edu//2337449_2838335_pizza.png,https://cs.stanford.edu/people/rak248/VG_100K/2337449.jpg,pizza,food,dish.n.02,{'food': 1.0},1.0,{'None': 1.0},2337449.jpg,"food, nutrient","[{'34': ['pizza', 'food']}]",pizza,"{'pizza': 1.0, 'food': 1.0}","{'pizza': {'None': 1.0}, 'food': {'None': 1.0}}",34,0.9411764705882352,0.3227569588973982,2,food,test,"{'pizza': {'pizza': 1.0, 'food': 1.0}, 'food': {'pizza': 1.0, 'food': 1.0}}","[13, 71, 483, 176]","[9, 78, 584, 217]","{'pizza': 32, 'food': 2, 'pan': 1, 'pizza pan': 1}","[['pizza cutter on top of a pizza'], ['pizza on a pan'], ['the pizza with the cheese on top of the crust and the toppings on top of the crust'], ['pizza with cheese, tomato, basil, and green pepper'], ['a pizza'], ['a pizza slice'], ['pizza'], ['pizzas'], ['pizzeria pizza, san francisco'], ['pizza']]"
23352,2410016,228090,http://manynames.upf.edu//2410016_228090_bread.png,https://cs.stanford.edu/people/rak248/VG_100K_2/2410016.jpg,bread,food,baked_goods.n.01,"{'food': 0.33, 'bun': 1.0}",1.0,{'None': 1.0},2410016.jpg,"food, solid food","[{'31': ['bun', 'bread']}, {'2': ['food']}]",bread,"{'bread': 1.0, 'bun': 1.0, 'food': 1.0}","{'bread': {'None': 1.0}, 'bun': {'None': 1.0}, 'food': {'None': 1.0}}",33,0.7575757575757576,0.9957220057616336,3,food,train,"{'bread': {'bread': 1.0, 'bun': 1.0, 'food': 0.33}, 'bun': {'bread': 1.0, 'bun': 1.0, 'food': 0.33}, 'food': {'bread': 0.33, 'bun': 0.33, 'food': 1.0}}","[127, 95, 211, 196]","[144, 106, 259, 241]","{'bread': 25, 'bun': 6, 'food': 2, 'sandwich': 1, 'burger': 1, 'roll': 1}","[['chicken sandwich with cole slaw'], ['two sandwiches and a plate of cole slaw'], ['a sandwich on a wooden cutting board'], ['the sandwich is the sandwich, the red box is the table, the red rectangle is the bread,'], ['a sandwich on a cutting board'], ['the sandwich'], ['this sandwich'], ['this is a sandwich with a bun'], ['chicken sandwich, breaded, on a bun, on a wooden cutting board, with cole sl'], ['two halves of a sandwich on a wooden cutting board']]"
11750,2362941,2550519,http://manynames.upf.edu//2362941_2550519_hotdog.png,https://cs.stanford.edu/people/rak248/VG_100K/2362941.jpg,bun,food,baked_goods.n.01,"{'hotdog': 0.25, 'sandwich': 0.25, 'wiener': 0.25, 'food': 0.25}",0.38,"{'bounding box': 0.5, 'visual': 0.2, 'None': 0.2}",2362941.jpg,"food, solid food","[{'31': ['hotdog', 'food', 'sandwich', 'wiener']}, {'3': ['bun']}]",hotdog,"{'bun': 0.38, 'hotdog': 1.0, 'food': 1.0, 'sandwich': 0.88, 'wiener': 0.88, 'sausage': 'NA'}","{'bun': {'bounding box': 0.5, 'None': 0.2, 'visual': 0.2}, 'hotdog': {'None': 1.0}, 'food': {'None': 1.0}, 'sandwich': {'None': 0.8, 'visual': 0.2}, 'wiener': {'None': 0.8, 'bounding box': 0.2}, 'sausage': 'NA'}",32,0.6875,1.4730505277442498,5,food,train,"{'bun': {'bun': 1.0, 'hotdog': 0.25, 'food': 0.25, 'sandwich': 0.25, 'wiener': 0.25, 'sausage': 'NA'}, 'hotdog': {'bun': 0.25, 'hotdog': 1.0, 'food': 1.0, 'sandwich': 1.0, 'wiener': 0.75, 'sausage': 'NA'}, 'food': {'bun': 0.25, 'hotdog': 1.0, 'food': 1.0, 'sandwich': 1.0, 'wiener': 0.75, 'sausage': 'NA'}, 'sandwich': {'bun': 0.25, 'hotdog': 1.0, 'food': 1.0, 'sandwich': 1.0, 'wiener': 0.75, 'sausage': 'NA'}, 'wiener': {'bun': 0.25, 'hotdog': 0.75, 'food': 0.75, 'sandwich': 0.75, 'wiener': 1.0, 'sausage': 'NA'}, 'sausage': {'bun': 'NA', 'hotdog': 'NA', 'food': 'NA', 'sandwich': 'NA', 'wiener': 'NA', 'sausage': 'NA'}}","[0, 123, 255, 165]","[0, 140, 311, 204]","{'hotdog': 22, 'food': 4, 'sandwich': 3, 'wiener': 2, 'sausage': 1, 'bun': 3, 'san': 1}","[['a man holding a hot dog'], ['the hot dog'], ['man taking a bite of a hot dog'], [""a man's hot dog""], ['this is a hot dog.'], ['a man eating a hot dog'], ['hot dog with mustard'], ['the person who is eating the hot dog'], ['man with hot dog'], ['the person eating the hot dog']]"
11413,2361756,3465312,http://manynames.upf.edu//2361756_3465312_food.png,https://cs.stanford.edu/people/rak248/VG_100K/2361756.jpg,sandwich,food,dish.n.02,"{'food': 1.0, 'cake': 1.0}",0.83,"{'visual': 0.3, 'None': 0.7}",2361756.jpg,"food, nutrient","[{'25': ['food', 'sandwich', 'cake']}]",food,"{'food': 1.0, 'sandwich': 0.83, 'cake': 0.5}","{'food': {'None': 1.0}, 'sandwich': {'None': 0.7, 'visual': 0.3}, 'cake': {'visual': 0.7, 'None': 0.3}}",25,0.56,1.290564432903234,3,food,train,"{'food': {'food': 1.0, 'sandwich': 1.0, 'cake': 1.0}, 'sandwich': {'food': 1.0, 'sandwich': 1.0, 'cake': 1.0}, 'cake': {'food': 1.0, 'sandwich': 1.0, 'cake': 1.0}}","[144, 51, 292, 197]","[122, 39, 268, 183]","{'food': 14, 'sandwich': 9, 'cake': 2, 'bread': 1, 'biscuit': 1, 'meat': 1, 'tofu': 1, 'dish': 1, 'dinner': 1, 'burger': 1, 'bread pudding': 1, 'pastry': 1, 'pizza': 1}","[['a piece of pizza'], [""it's a pizza.""], ['the red box with the first name that comes to mind is the pizza slice.'], ['a pizza slice'], ['pizzas, pasta, pizza, pizza'], ['the object in the red box with the first name that comes to mind is a pizza.'], ['pizzas, food, food'], ['pizza'], ['pizzas, salad, and breadsticks'], ['it is a pizza.']]"
11574,2362302,2634783,http://manynames.upf.edu//2362302_2634783_bagel.png,https://cs.stanford.edu/people/rak248/VG_100K/2362302.jpg,bagel,food,baked_goods.n.01,"{'bun': 1.0, 'bread': 1.0, 'burger': 0.67, 'donut': 1.0}",1.0,{'None': 1.0},2362302.jpg,"food, solid food","[{'33': ['bun', 'bread', 'burger', 'donut', 'bagel']}]",bagel,"{'bagel': 1.0, 'bun': 0.83, 'burger': 0.5, 'bread': 0.83, 'donut': 0.67}","{'bagel': {'None': 1.0}, 'bun': {'None': 0.7, 'visual': 0.3}, 'burger': {'bounding box': 0.3, 'linguistic': 0.3, 'visual': 0.3}, 'bread': {'None': 0.7, 'visual': 0.3}, 'donut': {'None': 0.3, 'visual': 0.7}}",33,0.3939393939393939,2.0234994144703293,5,food,train,"{'bagel': {'bagel': 1.0, 'bun': 1.0, 'burger': 0.67, 'bread': 1.0, 'donut': 1.0}, 'bun': {'bagel': 1.0, 'bun': 1.0, 'burger': 0.67, 'bread': 1.0, 'donut': 1.0}, 'burger': {'bagel': 0.67, 'bun': 0.67, 'burger': 1.0, 'bread': 0.67, 'donut': 0.67}, 'bread': {'bagel': 1.0, 'bun': 1.0, 'burger': 0.67, 'bread': 1.0, 'donut': 1.0}, 'donut': {'bagel': 1.0, 'bun': 1.0, 'burger': 0.67, 'bread': 1.0, 'donut': 1.0}}","[168, 28, 333, 178]","[193, 26, 403, 219]","{'bagel': 13, 'bun': 10, 'burger': 5, 'bread': 3, 'donut': 2, 'cheese': 1, 'snakes': 1, 'cake': 1}","[['a hamburger with eggs'], ['this is a breakfast sandwich'], ['a sandwich'], ['the coffee cup on the table with the bagel on the plate.'], ['an omelet on a plate'], ['bagel with a hamburger'], ['a sandwich with a coffee'], ['a burger on a bun'], ['an egg, cheese and bread bagel sandwich with some coffee.'], ['a sandwich with cheese and eggs']]"
22872,2408397,262515,http://manynames.upf.edu//2408397_262515_pizza.png,https://cs.stanford.edu/people/rak248/VG_100K_2/2408397.jpg,sauce,food,foodstuff.n.02,"{'food': 0.33, 'cheese': 1.0, 'toppings': 1.0}",0.83,"{'bounding box': 0.3, 'None': 0.7}",2408397.jpg,"food, nutrient","[{'31': ['food', 'pizza']}, {'5': ['toppings', 'cheese']}]",pizza,"{'cheese': 0.83, 'toppings': 0.83, 'pizza': 0.83, 'food': 0.83}","{'cheese': {'bounding box': 0.3, 'None': 0.7}, 'toppings': {'bounding box': 0.3, 'None': 0.7}, 'pizza': {'bounding box': 0.3, 'None': 0.7}, 'food': {'bounding box': 0.3, 'None': 0.7}}",31,0.935483870967742,0.345117314944953,2,food,train,"{'cheese': {'cheese': 1.0, 'toppings': 1.0, 'pizza': 0.0, 'food': 0.33}, 'toppings': {'cheese': 1.0, 'toppings': 1.0, 'pizza': 0.0, 'food': 0.33}, 'pizza': {'cheese': 0.0, 'toppings': 0.0, 'pizza': 1.0, 'food': 0.67}, 'food': {'cheese': 0.33, 'toppings': 0.33, 'pizza': 0.67, 'food': 1.0}}","[38, 29, 327, 275]","[38, 28, 397, 335]","{'pizza': 29, 'food': 2, 'toppings': 3, 'cheese': 2}","[['pizza with pepperoni slices cut out of it'], ['pizza slice in a pizza box'], ['a pizza with one slice missing'], ['the pizza in the box with the red border'], ['the box is a pizza'], ['the pizza'], ['pizza'], ['a pizza cut into 8 slices, with 2 of the slices cut off'], ['pizza cut into slices'], ['pizza in a red box']]"
11387,2361645,780670,http://manynames.upf.edu//2361645_780670_cake.png,https://cs.stanford.edu/people/rak248/VG_100K/2361645.jpg,cake,food,baked_goods.n.01,{},1.0,{'None': 1.0},2361645.jpg,"food, solid food","[{'2': ['flowers']}, {'32': ['cake']}]",cake,"{'flowers': 0.38, 'cake': 1.0}","{'flowers': {'bounding box': 0.5, 'None': 0.2, 'linguistic': 0.2}, 'cake': {'None': 1.0}}",32,1.0,0.0,1,food,train,"{'flowers': {'flowers': 1.0, 'cake': 0.0}, 'cake': {'flowers': 0.0, 'cake': 1.0}}","[35, 7, 403, 307]","[35, 1, 488, 374]","{'cake': 32, 'flowers': 2, 'rose': 1, 'flower arrangement': 1}","[['this is a cake for a birthday celebration.'], ['a birthday cake.'], ['a cake decorated with roses, and the words oh la la, on it.'], ['the cake on the left is a birthday cake'], ['oh la la cake'], ['oh la la cake'], ['a cake with the words ""oh la la"" written on it'], ['cake'], ['oh la la'], ['a cake with the first name of the person who got married']]"
13654,2369805,3861515,http://manynames.upf.edu//2369805_3861515_donut.png,https://cs.stanford.edu/people/rak248/VG_100K/2369805.jpg,donut,food,baked_goods.n.01,"{'food': 1.0, 'pastry': 1.0, 'bread': 1.0}",1.0,{'None': 1.0},2369805.jpg,"food, solid food","[{'31': ['donut', 'food', 'pastry', 'bread']}]",donut,"{'donut': 1.0, 'food': 1.0, 'pastry': 1.0, 'bread': 0.67}","{'donut': {'None': 1.0}, 'food': {'None': 1.0}, 'pastry': {'None': 1.0}, 'bread': {'visual': 0.3, 'None': 0.7}}",31,0.7741935483870968,1.1221321968555455,4,food,train,"{'donut': {'donut': 1.0, 'food': 1.0, 'pastry': 1.0, 'bread': 1.0}, 'food': {'donut': 1.0, 'food': 1.0, 'pastry': 1.0, 'bread': 1.0}, 'pastry': {'donut': 1.0, 'food': 1.0, 'pastry': 1.0, 'bread': 1.0}, 'bread': {'donut': 1.0, 'food': 1.0, 'pastry': 1.0, 'bread': 1.0}}","[126, 52, 272, 243]","[143, 55, 332, 297]","{'donut': 24, 'food': 3, 'pastry': 2, 'bread': 2, 'biscuit': 1, 'sandwich': 1, 'eclair': 1, 'bun': 1, 'burger': 1}","[['a pastry with powdered sugar'], ['the red box in the photo is a pastry, and the first name that comes to mind is ""'], ['the picture shows a donut in a wrapper, but it is actually a pastry in a brown paper'], ['a pastry with a hole'], ['this is a donut, cut in half.'], ['the image of the white frosted donut with a dark filling'], [''], ['a half-eaten doughnut'], [""donut with a little bit of something in it.  i'm going to guess a nut""], ['donut']]"
22627,2407486,3810581,http://manynames.upf.edu//2407486_3810581_food.png,https://cs.stanford.edu/people/rak248/VG_100K_2/2407486.jpg,sauce,food,foodstuff.n.02,"{'dinner': 0.75, 'food': 0.75, 'salad': 0.5}",0.62,"{'visual': 0.8, 'None': 0.2}",2407486.jpg,"food, nutrient","[{'23': ['food', 'salad', 'dinner']}, {'4': ['plate']}]",food,"{'plate': 0.5, 'food': 1.0, 'salad': 0.75, 'dinner': 1.0}","{'plate': {'bounding box': 1.0}, 'food': {'None': 1.0}, 'salad': {'None': 0.5, 'visual': 0.5}, 'dinner': {'None': 1.0}}",23,0.782608695652174,0.9664516287472262,3,food,train,"{'plate': {'plate': 1.0, 'food': 0.0, 'salad': 0.0, 'dinner': 0.0}, 'food': {'plate': 0.0, 'food': 1.0, 'salad': 0.75, 'dinner': 1.0}, 'salad': {'plate': 0.0, 'food': 0.75, 'salad': 1.0, 'dinner': 0.75}, 'dinner': {'plate': 0.0, 'food': 1.0, 'salad': 0.75, 'dinner': 1.0}}","[11, 26, 455, 294]","[6, 24, 550, 358]","{'food': 18, 'salad': 3, 'dinner': 2, 'plate': 4, 'mushroom': 1, 'dish': 1, 'beef': 1, 'fried rice': 1, 'meal': 1, 'vagabond': 1, 'rice': 1}","[['beef'], ['this is a bowl of meat and broccoli'], ['chicken and broccoli with a little bit of garlic'], ['the dish of broccoli and beef'], ['chicken, meat, broccoli, mushrooms'], ['""meat and broccoli""'], ['broccoli, chicken, and other ingredients'], ['a bowl of food with a small piece of broccoli and a piece of meat'], ['beef stew'], ['a bowl of food']]"
11172,2360910,2480571,http://manynames.upf.edu//2360910_2480571_mirror.png,https://cs.stanford.edu/people/rak248/VG_100K/2360910.jpg,cake,food,baked_goods.n.01,"{'car mirror': 0.0, 'mirror': 0.0, 'cake': 1.0}",0.0,{'other': 1.0},2360910.jpg,"food, solid food","[{'35': ['mirror', 'car mirror']}]",mirror,"{'mirror': 1.0, 'car mirror': 1.0}","{'mirror': {'None': 1.0}, 'car mirror': {'None': 1.0}}",35,0.9142857142857144,0.4220005168831531,2,vehicles,train,"{'mirror': {'mirror': 1.0, 'car mirror': 1.0}, 'car mirror': {'mirror': 1.0, 'car mirror': 1.0}}","[0, 0, 479, 348]","[0, 0, 578, 422]","{'mirror': 32, 'car mirror': 3}","[['a car with a woman and a dog in the back seat'], ['an auto mirror with a man and a dog in the reflection'], [''], ['the dog'], ['a dog and his human'], ['the man holding the camera.'], ['the reflection of the woman taking the picture of the dog in the mirror'], ['the rearview mirror of a car'], ['the dog is looking back at the mirror'], ['a person taking a picture of their dog with their car in the mirror']]"
14024,2371126,740283,http://manynames.upf.edu//2371126_740283_pizza.png,https://cs.stanford.edu/people/rak248/VG_100K/2371126.jpg,pizza,food,dish.n.02,{'food': 1.0},1.0,{'None': 1.0},2371126.jpg,"food, nutrient","[{'33': ['pizza', 'food']}]",pizza,"{'pizza': 1.0, 'food': 1.0}","{'pizza': {'None': 1.0}, 'food': {'None': 1.0}}",33,0.9393939393939394,0.3298460702071463,2,food,train,"{'pizza': {'pizza': 1.0, 'food': 1.0}, 'food': {'pizza': 1.0, 'food': 1.0}}","[63, 79, 367, 254]","[68, 87, 445, 310]","{'pizza': 31, 'food': 2, 'burger': 1, 'plate': 1}","[['pizza'], ['a pizza'], ['a pizza'], ['a pizza with many types of vegetables'], ['pizza'], ['a pizza with veggies and a coke'], ['pizza with tomatoes, onions, peppers, olives, mushrooms, and other vegetables'], ['a pizza'], ['pizza'], ['a pizza topped with vegetables and a drink on a white plate']]"
18055,2387049,515535,http://manynames.upf.edu//2387049_515535_cake.png,https://cs.stanford.edu/people/rak248/VG_100K_2/2387049.jpg,cake,food,baked_goods.n.01,{},1.0,{'None': 1.0},2387049.jpg,"food, solid food",[{'35': ['cake']}],cake,{'cake': 1.0},{'cake': {'None': 1.0}},35,1.0,0.0,1,food,train,{'cake': {'cake': 1.0}},"[3, 186, 329, 314]","[0, 159, 298, 288]","{'cake': 35, 'burger': 1}","[['a birthday cake'], ['cake'], ['a cake with the word end'], ['a birthday cake'], ['this is a birthday cake'], ['a cake with a letter q'], [""a cake with the words 'q' and 'end' on it""], ['an object.    b: a person.    c: a thing.'], ['a cake'], ['the end of the cake.']]"
4312,2331870,971185,http://manynames.upf.edu//2331870_971185_pizza.png,https://cs.stanford.edu/people/rak248/VG_100K/2331870.jpg,cheese,food,foodstuff.n.02,"{'pizza': 0.33, 'slice': 0.33}",1.0,{'None': 1.0},2331870.jpg,"food, nutrient","[{'33': ['slice', 'pizza']}]",pizza,"{'pizza': 1.0, 'slice': 1.0}","{'pizza': {'None': 1.0}, 'slice': {'None': 1.0}}",33,0.9393939393939394,0.3298460702071463,2,food,train,"{'pizza': {'pizza': 1.0, 'slice': 1.0}, 'slice': {'pizza': 1.0, 'slice': 1.0}}","[0, 37, 407, 462]","[0, 26, 371, 420]","{'pizza': 31, 'slice': 2, 'plate': 1, 'tissue paper': 1, 'pizza slice': 1}","[['pizza on a white paper plate'], ['pizza with olives and mushrooms'], ['pizza'], ['pizza with black olives'], ['a slice of pizza with black olives, mushrooms and mozzarella'], ['pizza'], ['the pizza on the table with the black olives'], ['a pizza with olives and mushrooms on top'], ['a slice of pizza with olives'], ['pizza slice on white paper']]"
23033,2408946,252145,http://manynames.upf.edu//2408946_252145_pizza.png,https://cs.stanford.edu/people/rak248/VG_100K_2/2408946.jpg,pizza,food,dish.n.02,{'food': 1.0},1.0,{'None': 1.0},2408946.jpg,"food, nutrient","[{'33': ['pizza', 'food']}, {'3': ['spoon']}]",pizza,"{'spoon': 0.33, 'pizza': 1.0, 'food': 1.0}","{'spoon': {'visual': 0.7, 'bounding box': 0.3}, 'pizza': {'None': 1.0}, 'food': {'None': 1.0}}",33,0.9393939393939394,0.3298460702071463,2,food,train,"{'spoon': {'spoon': 1.0, 'pizza': 0.0, 'food': 0.0}, 'pizza': {'spoon': 0.0, 'pizza': 1.0, 'food': 1.0}, 'food': {'spoon': 0.0, 'pizza': 1.0, 'food': 1.0}}","[32, 270, 299, 158]","[22, 234, 274, 148]","{'pizza': 31, 'food': 2, 'spoon': 3}","[['a young girl'], ['the pizza'], [""a child's pizza with a fork and knife""], ['pizza'], ['pizza, pepperoni, cheese'], ['the pizza slice on the table'], ['a young girl sitting at a table'], ['a pizza'], ['a large, round pizza with a pepperoni topping'], ['the little girl holding the knife.']]"
12299,2364858,758484,http://manynames.upf.edu//2364858_758484_sandwich.png,https://cs.stanford.edu/people/rak248/VG_100K/2364858.jpg,vegetable,food,vegetable.n.01,{},0.83,"{'bounding box': 0.3, 'None': 0.7}",2364858.jpg,"food, nutrient","[{'33': ['sandwich', 'sub', 'food']}]",sandwich,"{'sandwich': 0.83, 'sub': 0.83, 'food': 1.0}","{'sandwich': {'None': 0.7, 'bounding box': 0.3}, 'sub': {'None': 0.7, 'bounding box': 0.3}, 'food': {'None': 1.0}}",33,0.8484848484848485,0.7607327460318964,3,food,train,"{'sandwich': {'sandwich': 1.0, 'sub': 1.0, 'food': 0.67}, 'sub': {'sandwich': 1.0, 'sub': 1.0, 'food': 0.67}, 'food': {'sandwich': 0.67, 'sub': 0.67, 'food': 1.0}}","[170, 102, 285, 137]","[196, 115, 347, 170]","{'sandwich': 28, 'sub': 3, 'food': 2, 'hoagie': 1, 'burger': 1}","[['a sandwich with a drink in the drink holder.'], ['a sub sandwich and iced tea.'], ['the sandwich in the red box'], ['a sandwich with lettuce, carrot, cucumber, onion, sauce, and a drink'], ['the item in the red box with the first name that comes to mind is a sub sandwich with a'], ['a sandwich, a beverage and a soda'], ['a sandwich with cucumber, lettuce, tomato, and mayonnaise'], ['the sandwich with the green leafy stuff'], ['the sandwich'], ['the sandwich is a sub sandwich with lettuce and mayo']]"
3284,2326319,2855012,http://manynames.upf.edu//2326319_2855012_food.png,https://cs.stanford.edu/people/rak248/VG_100K/2326319.jpg,soup,food,dish.n.02,"{'stew': 1.0, 'sauce': 0.67, 'food': 1.0}",0.83,"{'visual': 0.3, 'None': 0.7}",2326319.jpg,"food, nutrient","[{'30': ['sauce', 'soup', 'stew', 'food']}]",food,"{'food': 1.0, 'soup': 0.83, 'stew': 1.0, 'sauce': 0.83}","{'food': {'None': 1.0}, 'soup': {'visual': 0.3, 'None': 0.7}, 'stew': {'None': 1.0}, 'sauce': {'None': 0.7, 'visual': 0.3}}",30,0.4333333333333333,1.6442188007201342,4,food,train,"{'food': {'food': 1.0, 'soup': 1.0, 'stew': 1.0, 'sauce': 0.67}, 'soup': {'food': 1.0, 'soup': 1.0, 'stew': 1.0, 'sauce': 0.67}, 'stew': {'food': 1.0, 'soup': 1.0, 'stew': 1.0, 'sauce': 0.67}, 'sauce': {'food': 0.67, 'soup': 0.67, 'stew': 0.67, 'sauce': 1.0}}","[98, 234, 216, 217]","[81, 202, 200, 201]","{'food': 13, 'soup': 12, 'stew': 3, 'sauce': 2, 'snacks': 1, 'nuts': 1, 'chili': 1, 'cashew': 1, 'goulash': 1}","[['the red box with the first name that comes to mind is the bowl of food with the sauce on'], ['a spoon'], ['a bowl of food with nuts and sauce'], ['this is a bowl of curry'], ['red bowl with green veggies'], ['tomato sauce with nuts'], ['a bowl of red curry'], ['a bowl of tomato sauce'], ['a plate of food with food on it'], ['tomato sauce']]"
14641,2373401,1959229,http://manynames.upf.edu//2373401_1959229_cupcake.png,https://cs.stanford.edu/people/rak248/VG_100K/2373401.jpg,cupcake,food,baked_goods.n.01,{'cake': 1.0},1.0,{'None': 1.0},2373401.jpg,"food, solid food","[{'33': ['cupcake', 'cake']}]",cupcake,"{'cupcake': 1.0, 'cake': 0.83}","{'cupcake': {'None': 1.0}, 'cake': {'visual': 0.3, 'None': 0.7}}",33,0.9090909090909092,0.4394969869215134,2,food,train,"{'cupcake': {'cupcake': 1.0, 'cake': 1.0}, 'cake': {'cupcake': 1.0, 'cake': 1.0}}","[232, 128, 237, 187]","[270, 146, 290, 230]","{'cupcake': 30, 'cake': 3, 'food': 1, 'frosting': 1}","[['cupcake'], ['cupcake'], ['the cupcake'], ['a cupcake'], ['the cupcake'], ['white cupcake with a small white circle in the center'], ['three cupcakes'], ['the object in the red box with the first name that comes to mind is a cupcake.'], ['three cupcakes'], ['a white cupcake with cream cheese frosting']]"
13393,2368794,615931,http://manynames.upf.edu//2368794_615931_cake.png,https://cs.stanford.edu/people/rak248/VG_100K/2368794.jpg,pastry,food,foodstuff.n.02,"{'food': 1.0, 'cake': 1.0, 'dessert': 1.0}",1.0,{'None': 1.0},2368794.jpg,"food, nutrient","[{'29': ['dessert', 'food', 'cake']}]",cake,"{'cake': 1.0, 'food': 1.0, 'dessert': 1.0}","{'cake': {'None': 1.0}, 'food': {'None': 1.0}, 'dessert': {'None': 1.0}}",29,0.6206896551724138,1.3162522199425772,3,food,,"{'cake': {'cake': 1.0, 'food': 1.0, 'dessert': 1.0}, 'food': {'cake': 1.0, 'food': 1.0, 'dessert': 1.0}, 'dessert': {'cake': 1.0, 'food': 1.0, 'dessert': 1.0}}","[56, 284, 313, 197]","[43, 247, 287, 183]","{'cake': 18, 'food': 7, 'dessert': 4, 'plate': 1, 'coffee cake': 1, 'piece of cake': 1, 'bread': 1, 'crumb cake': 1, 'burger': 1, 'pastry': 1}","[['this is a picture of a plate with a dessert on it and a cup of coffee.'], ['this is a slice of cake'], ['a piece of cake'], ['a plate with a slice of cake and a mug of coffee on a table'], ['a dessert plate, with a slice of coffee cake, and a cup of coffee'], ['a blue cake on a purple plate'], ['this is a slice of a cake with a brown butter crumb topping on it.'], ['a blue plate with a square piece of cake'], [''], ['this is a slice of cake']]"
15632,2376937,2342270,http://manynames.upf.edu//2376937_2342270_sandwich.png,https://cs.stanford.edu/people/rak248/VG_100K/2376937.jpg,sandwich,food,dish.n.02,"{'burger': 1.0, 'food': 1.0}",1.0,{'None': 1.0},2376937.jpg,"food, nutrient","[{'34': ['food', 'sandwich', 'burger']}]",sandwich,"{'sandwich': 1.0, 'burger': 1.0, 'food': 1.0}","{'sandwich': {'None': 1.0}, 'burger': {'None': 1.0}, 'food': {'None': 1.0}}",34,0.6764705882352942,1.1816742385599053,3,food,train,"{'sandwich': {'sandwich': 1.0, 'burger': 1.0, 'food': 1.0}, 'burger': {'sandwich': 1.0, 'burger': 1.0, 'food': 1.0}, 'food': {'sandwich': 1.0, 'burger': 1.0, 'food': 1.0}}","[233, 90, 266, 186]","[271, 100, 324, 229]","{'sandwich': 23, 'burger': 8, 'food': 3, 'meat': 1, 'chicken sandwich': 1}","[['a hamburger with ham, mayo, and potato salad'], ['this is a sandwich'], ['ham, bacon, ham and bacon'], ['this is a sandwich with ham, provolone cheese, and a side of mashed potatoes'], ['a large sandwich on a white plate'], ['this is a hamburger sandwich'], ['hamburger'], ['ham sandwich'], ['ham, grilled cheese, salad, side salad'], ['a ham and cheese sandwich on a bun']]"
11249,2361183,783593,http://manynames.upf.edu//2361183_783593_food.png,https://cs.stanford.edu/people/rak248/VG_100K/2361183.jpg,cheese,food,foodstuff.n.02,{},0.75,"{'bounding box': 0.2, 'None': 0.8}",2361183.jpg,"food, nutrient","[{'17': ['food', 'sauce', 'tomato sauce']}, {'8': ['sandwich', 'cake', 'burger']}]",food,"{'cake': 0.12, 'burger': 0.25, 'food': 1.0, 'sauce': 1.0, 'sandwich': 0.5, 'tomato sauce': 1.0}","{'cake': {'visual': 1.0}, 'burger': {'bounding box': 0.5, 'visual': 0.5}, 'food': {'None': 1.0}, 'sauce': {'None': 1.0}, 'sandwich': {'bounding box': 0.8, 'None': 0.2}, 'tomato sauce': {'None': 1.0}}",19,0.4736842105263157,1.719553828322125,4,food,train,"{'cake': {'cake': 1.0, 'burger': 0.75, 'food': 0.25, 'sauce': 0.0, 'sandwich': 0.75, 'tomato sauce': 0.0}, 'burger': {'cake': 0.75, 'burger': 1.0, 'food': 0.25, 'sauce': 0.0, 'sandwich': 0.75, 'tomato sauce': 0.0}, 'food': {'cake': 0.25, 'burger': 0.25, 'food': 1.0, 'sauce': 0.5, 'sandwich': 0.25, 'tomato sauce': 0.5}, 'sauce': {'cake': 0.0, 'burger': 0.0, 'food': 0.5, 'sauce': 1.0, 'sandwich': 0.0, 'tomato sauce': 1.0}, 'sandwich': {'cake': 0.75, 'burger': 0.75, 'food': 0.25, 'sauce': 0.0, 'sandwich': 1.0, 'tomato sauce': 0.0}, 'tomato sauce': {'cake': 0.0, 'burger': 0.0, 'food': 0.5, 'sauce': 1.0, 'sandwich': 0.0, 'tomato sauce': 1.0}}","[99, 109, 258, 238]","[82, 90, 238, 220]","{'food': 9, 'sauce': 6, 'sandwich': 2, 'tomato sauce': 2, 'burger': 4, 'cake': 2, 'snakes': 1, 'fry': 1, 'meatballs': 1, 'ketchup': 1, 'plat': 1, 'hotdog': 1, 'bread': 1, 'marinara': 1}","[['the pizza'], ['the deep dish chicago dog'], ['a hot dog with sauce on top'], ['this is a hot dog'], ['a hot dog'], ['hot dog'], ['a hot dog with ketchup and onions'], ['the red hot dog with the meat in it'], ['the hot dog with tomato sauce'], ['a hot dog in a bun']]"
21630,2403443,353151,http://manynames.upf.edu//2403443_353151_sandwich.png,https://cs.stanford.edu/people/rak248/VG_100K_2/2403443.jpg,sandwich,food,dish.n.02,"{'food': 1.0, 'burger': 1.0}",1.0,{'None': 1.0},2403443.jpg,"food, nutrient","[{'35': ['food', 'sandwich', 'burger']}]",sandwich,"{'sandwich': 1.0, 'burger': 0.83, 'food': 0.83}","{'sandwich': {'None': 1.0}, 'burger': {'None': 0.7, 'visual': 0.3}, 'food': {'None': 0.7, 'visual': 0.3}}",35,0.8857142857142857,0.6269948563165914,3,food,train,"{'sandwich': {'sandwich': 1.0, 'burger': 1.0, 'food': 1.0}, 'burger': {'sandwich': 1.0, 'burger': 1.0, 'food': 1.0}, 'food': {'sandwich': 1.0, 'burger': 1.0, 'food': 1.0}}","[59, 21, 289, 282]","[46, 12, 265, 259]","{'sandwich': 31, 'burger': 2, 'food': 2, 'sandwiches': 1}","[['a sandwich'], ['a sandwich and a bowl of fries'], ['the sandwich'], [''], ['the large sandwich'], ['a sandwich, a bowl of fries, and a bowl of salsa.'], ['a sandwich'], ['the turkey sandwich'], ['a sandwich, potatoes, cheese, and meat'], ['']]"
12229,2364621,1805503,http://manynames.upf.edu//2364621_1805503_pizza.png,https://cs.stanford.edu/people/rak248/VG_100K/2364621.jpg,pizza,food,dish.n.02,{'food': 1.0},1.0,{'None': 1.0},2364621.jpg,"food, nutrient","[{'34': ['pizza', 'food']}]",pizza,"{'pizza': 1.0, 'food': 1.0}","{'pizza': {'None': 1.0}, 'food': {'None': 1.0}}",34,0.9117647058823528,0.4305518670104393,2,food,train,"{'pizza': {'pizza': 1.0, 'food': 1.0}, 'food': {'pizza': 1.0, 'food': 1.0}}","[255, 1, 245, 374]","[297, 0, 299, 447]","{'pizza': 31, 'food': 3, 'cheese': 1, 'spinach': 1}","[['pizza cutter'], ['the pizza cutter with a large round black handle'], ['a pizza cutter'], ['the pizza cutter in the white box'], ['a pizza cutter'], ['pizza cutter'], ['pizza cutter'], ['the pizza'], ['a pizza cutter'], ['a pizza cutter']]"
23070,2409085,363835,http://manynames.upf.edu//2409085_363835_sidecar.png,https://cs.stanford.edu/people/rak248/VG_100K_2/2409085.jpg,sidecar,food,beverage.n.01,{},1.0,{'None': 1.0},2409085.jpg,"food, nutrient","[{'4': ['motorcycle', 'bike']}, {'2': ['helmet']}, {'23': ['sidecar']}, {'2': ['wheel']}]",sidecar,"{'wheel': 0.0, 'helmet': 0.17, 'bike': 0.33, 'motorcycle': 0.33, 'sidecar': 1.0}","{'wheel': {'bounding box': 1.0}, 'helmet': {'bounding box': 1.0}, 'bike': {'bounding box': 0.7, 'visual': 0.3}, 'motorcycle': {'bounding box': 0.7, 'visual': 0.3}, 'sidecar': {'None': 1.0}}",23,1.0,0.0,1,food,train,"{'wheel': {'wheel': 1.0, 'helmet': 0.0, 'bike': 0.33, 'motorcycle': 0.33, 'sidecar': 0.0}, 'helmet': {'wheel': 0.0, 'helmet': 1.0, 'bike': 0.0, 'motorcycle': 0.0, 'sidecar': 0.0}, 'bike': {'wheel': 0.33, 'helmet': 0.0, 'bike': 1.0, 'motorcycle': 1.0, 'sidecar': 0.0}, 'motorcycle': {'wheel': 0.33, 'helmet': 0.0, 'bike': 1.0, 'motorcycle': 1.0, 'sidecar': 0.0}, 'sidecar': {'wheel': 0.0, 'helmet': 0.0, 'bike': 0.0, 'motorcycle': 0.0, 'sidecar': 1.0}}","[2, 172, 228, 161]","[0, 198, 279, 199]","{'sidecar': 23, 'wheel': 2, 'helmet': 2, 'bike': 2, 'motorcycle': 2, 'light': 1, 'car': 1, 'boy': 1, 'vehicle': 1}","[['a man on a motorcycle with a woman on the sidecar.   \n\n\tq:'], ['sidecar motorcycle'], ['a motorbike with a sidecar.'], ['the object in the red box with the first name that comes to mind is a man sitting on'], ['a motorcycle'], ['motorcycle with two men'], ['this is a person in a sidecar on a motorcycle'], ['the person riding the motorcycle'], ['motorcycle with sidecar'], ['the object in the red box is a man riding a motorcycle.']]"
16067,2378500,1727767,http://manynames.upf.edu//2378500_1727767_food.png,https://cs.stanford.edu/people/rak248/VG_100K_2/2378500.jpg,cheese,food,foodstuff.n.02,"{'food': 0.67, 'toppings': 0.67}",0.5,"{'bounding box': 0.7, 'None': 0.3}",2378500.jpg,"food, nutrient","[{'22': ['food', 'toppings', 'cheese']}, {'11': ['pizza']}]",food,"{'cheese': 0.5, 'toppings': 0.83, 'pizza': 0.17, 'food': 1.0}","{'cheese': {'bounding box': 0.7, 'None': 0.3}, 'toppings': {'None': 0.7, 'bounding box': 0.3}, 'pizza': {'bounding box': 1.0}, 'food': {'None': 1.0}}",22,0.4090909090909091,1.5022202538208598,3,food,train,"{'cheese': {'cheese': 1.0, 'toppings': 0.67, 'pizza': 0.0, 'food': 0.67}, 'toppings': {'cheese': 0.67, 'toppings': 1.0, 'pizza': 0.0, 'food': 0.67}, 'pizza': {'cheese': 0.0, 'toppings': 0.0, 'pizza': 1.0, 'food': 0.33}, 'food': {'cheese': 0.67, 'toppings': 0.67, 'pizza': 0.33, 'food': 1.0}}","[16, 113, 292, 294]","[10, 114, 320, 322]","{'food': 9, 'cheese': 9, 'toppings': 4, 'pizza': 11, 'pasta': 1}","[['pizza and pepperoni'], ['pizza'], ['pizza'], ['pizza!  pizza is the first thing that comes to mind when someone asks about the red'], ['pizza'], ['a pizza slice with cheese'], ['pizza'], ['the pizza on the table with the pepperoni'], ['a pepperoni pizza'], ['the pizza on the pizza box']]"
24728,2415436,3150476,http://manynames.upf.edu//2415436_3150476_sandwich.png,https://cs.stanford.edu/people/rak248/VG_100K_2/2415436.jpg,bread,food,baked_goods.n.01,"{'bun': 1.0, 'cake': 0.33}",0.83,"{'bounding box': 0.3, 'None': 0.7}",2415436.jpg,"food, solid food","[{'27': ['cake', 'food', 'sandwich']}, {'5': ['bun', 'bread']}]",sandwich,"{'bun': 0.83, 'cake': 0.17, 'bread': 0.83, 'sandwich': 0.83, 'food': 0.83}","{'bun': {'None': 0.7, 'bounding box': 0.3}, 'cake': {'other': 0.3, 'visual': 0.7}, 'bread': {'None': 0.7, 'bounding box': 0.3}, 'sandwich': {'None': 0.7, 'bounding box': 0.3}, 'food': {'None': 0.7, 'bounding box': 0.3}}",24,0.5833333333333334,0.9798687566511528,2,food,train,"{'bun': {'bun': 1.0, 'cake': 0.33, 'bread': 1.0, 'sandwich': 0.0, 'food': 0.0}, 'cake': {'bun': 0.33, 'cake': 1.0, 'bread': 0.33, 'sandwich': 0.67, 'food': 0.67}, 'bread': {'bun': 1.0, 'cake': 0.33, 'bread': 1.0, 'sandwich': 0.0, 'food': 0.0}, 'sandwich': {'bun': 0.0, 'cake': 0.67, 'bread': 0.0, 'sandwich': 1.0, 'food': 1.0}, 'food': {'bun': 0.0, 'cake': 0.67, 'bread': 0.0, 'sandwich': 1.0, 'food': 1.0}}","[125, 50, 220, 297]","[105, 38, 204, 273]","{'sandwich': 14, 'food': 10, 'cake': 3, 'bun': 3, 'bread': 2, 'burger': 1, 'hoagie': 1, 'sub': 1}","[['a plate of ham and pickle sandwich'], ['a sandwich'], ['ham sandwich'], ['a ham and cheese sandwich'], ['a sandwich'], ['a sandwich and pickle on a white plate'], ['a pickle on a sandwich'], ['a sandwich with meat and cheese'], ['the sandwich on the plate with the pickle'], ['a sandwich with ham, cheese and pickle']]"
25288,2417906,3331342,http://manynames.upf.edu//2417906_3331342_pizza.png,https://cs.stanford.edu/people/rak248/VG_100K_2/2417906.jpg,pizza,food,dish.n.02,"{'pizza slice': 0.67, 'food': 1.0}",0.67,"{'bounding box': 0.3, 'None': 0.7}",2417906.jpg,"food, nutrient","[{'30': ['pizza', 'pizza slice', 'food']}, {'4': ['plate']}]",pizza,"{'plate': 0.17, 'pizza': 0.67, 'food': 0.67, 'pizza slice': 1.0}","{'plate': {'bounding box': 1.0}, 'pizza': {'None': 0.7, 'bounding box': 0.3}, 'food': {'None': 0.7, 'bounding box': 0.3}, 'pizza slice': {'None': 1.0}}",30,0.8,0.9055872616982604,3,food,train,"{'plate': {'plate': 1.0, 'pizza': 0.0, 'food': 0.0, 'pizza slice': 0.0}, 'pizza': {'plate': 0.0, 'pizza': 1.0, 'food': 1.0, 'pizza slice': 0.67}, 'food': {'plate': 0.0, 'pizza': 1.0, 'food': 1.0, 'pizza slice': 0.67}, 'pizza slice': {'plate': 0.0, 'pizza': 0.67, 'food': 0.67, 'pizza slice': 1.0}}","[239, 90, 239, 252]","[216, 77, 230, 242]","{'pizza': 24, 'food': 4, 'pizza slice': 2, 'plate': 4, 'cheese': 1, 'burger': 1}","[['a plate with pizza on it'], ['a pizza slice with mushrooms and spinach'], ['a piece of pizza'], ['a piece of pizza with vegetables'], ['a pizza on a white plate'], ['a white plate with a pizza on it'], ['a pizza with mushrooms and spinach'], ['a pizza with mushrooms and spinach on a white plate'], ['a white pizza topped with spinach, mushrooms, and parmesan cheese'], ['pizza on the plate']]"
17534,2384809,1304666,http://manynames.upf.edu//2384809_1304666_pizza.png,https://cs.stanford.edu/people/rak248/VG_100K_2/2384809.jpg,pizza,food,dish.n.02,{'food': 1.0},1.0,{'None': 1.0},2384809.jpg,"food, nutrient","[{'32': ['pizza', 'food']}, {'4': ['plate']}]",pizza,"{'plate': 0.33, 'pizza': 1.0, 'food': 1.0}","{'plate': {'bounding box': 1.0}, 'pizza': {'None': 1.0}, 'food': {'None': 1.0}}",32,0.9375,0.3372900666170139,2,food,train,"{'plate': {'plate': 1.0, 'pizza': 0.0, 'food': 0.0}, 'pizza': {'plate': 0.0, 'pizza': 1.0, 'food': 1.0}, 'food': {'plate': 0.0, 'pizza': 1.0, 'food': 1.0}}","[50, 103, 404, 331]","[38, 85, 368, 303]","{'pizza': 30, 'food': 2, 'plate': 4}","[['this is a pizza'], ['the pizza with ham'], ['a pizza with ham and onions'], ['the pizza with ham and onions'], ['the pizza'], ['this is a pizza'], ['pizza'], ['a large pizza topped with onions and ham'], ['the pizza in the white box'], ['a pizza with ham, onions, and mushrooms']]"
1213,2315745,2913713,http://manynames.upf.edu//2315745_2913713_pizza.png,https://cs.stanford.edu/people/rak248/VG_100K/2315745.jpg,pizza,food,dish.n.02,"{'food': 1.0, 'egg': 0.25, 'quiche': 1.0}",0.75,"{'visual': 0.5, 'None': 0.5}",2315745.jpg,"food, nutrient","[{'32': ['pizza', 'food', 'quiche']}, {'2': ['plate']}, {'2': ['egg']}]",pizza,"{'plate': 0.12, 'pizza': 0.75, 'food': 1.0, 'egg': 0.5, 'quiche': 1.0}","{'plate': {'bounding box': 1.0}, 'pizza': {'None': 0.5, 'visual': 0.5}, 'food': {'None': 1.0}, 'egg': {'bounding box': 0.8, 'None': 0.2}, 'quiche': {'None': 1.0}}",34,0.7647058823529411,1.1400677626718572,4,food,train,"{'plate': {'plate': 1.0, 'pizza': 0.0, 'food': 0.0, 'egg': 0.0, 'quiche': 0.0}, 'pizza': {'plate': 0.0, 'pizza': 1.0, 'food': 1.0, 'egg': 0.25, 'quiche': 1.0}, 'food': {'plate': 0.0, 'pizza': 1.0, 'food': 1.0, 'egg': 0.25, 'quiche': 1.0}, 'egg': {'plate': 0.0, 'pizza': 0.25, 'food': 0.25, 'egg': 1.0, 'quiche': 0.25}, 'quiche': {'plate': 0.0, 'pizza': 1.0, 'food': 1.0, 'egg': 0.25, 'quiche': 1.0}}","[28, 24, 429, 294]","[26, 22, 519, 358]","{'pizza': 26, 'food': 4, 'egg': 2, 'quiche': 2, 'plate': 2}","[['pizza with an egg'], ['pizza'], ['the pizza'], ['pizza'], ['a pizza'], ['pizza with a fried egg'], ['pizza with fried egg on top'], ['pizza with an egg'], ['a pizza with an egg'], ['pizza, corn and an egg']]"
20237,2397346,434958,http://manynames.upf.edu//2397346_434958_hotdog.png,https://cs.stanford.edu/people/rak248/VG_100K_2/2397346.jpg,bun,food,baked_goods.n.01,{},1.0,{'None': 1.0},2397346.jpg,"food, solid food","[{'31': ['hotdog', 'food']}]",hotdog,"{'hotdog': 1.0, 'food': 1.0, 'sandwich': 'NA'}","{'hotdog': {'None': 1.0}, 'food': {'None': 1.0}, 'sandwich': 'NA'}",32,0.84375,0.7380636700495733,3,food,train,"{'hotdog': {'hotdog': 1.0, 'food': 1.0, 'sandwich': 'NA'}, 'food': {'hotdog': 1.0, 'food': 1.0, 'sandwich': 'NA'}, 'sandwich': {'hotdog': 'NA', 'food': 'NA', 'sandwich': 'NA'}}","[166, 44, 239, 182]","[185, 44, 283, 217]","{'hotdog': 27, 'food': 4, 'sandwich': 1, 'snacks': 1, 'bun': 1, 'hot dog bun': 1, 'burger': 1}","[['two hot dogs with ketchup'], ['a plate with a hot dog and chips'], ['hot dog with ketchup and mustard on top'], ['two hot dogs'], ['a hot dog'], ['a hot dog in a bun'], ['hot dogs and chips'], ['a hot dog with ketchup on it'], ['a hot dog'], ['two hot dogs on a bun with ketchup and mustard on the buns']]"
3554,2327800,3087461,http://manynames.upf.edu//2327800_3087461_sandwich.png,https://cs.stanford.edu/people/rak248/VG_100K/2327800.jpg,bread,food,baked_goods.n.01,"{'burger': 0.67, 'sub': 0.67, 'food': 0.67, 'sandwich': 0.67}",1.0,{'None': 1.0},2327800.jpg,"food, solid food","[{'30': ['food', 'burger', 'sandwich', 'sub']}, {'3': ['barer']}]",sandwich,"{'barer': 0.0, 'sandwich': 1.0, 'food': 1.0, 'sub': 1.0, 'burger': 0.67}","{'barer': {'other': 1.0}, 'sandwich': {'None': 1.0}, 'food': {'None': 1.0}, 'sub': {'None': 1.0}, 'burger': {'visual': 0.7, 'None': 0.3}}",30,0.6666666666666666,1.3752793655393791,4,food,train,"{'barer': {'barer': 1.0, 'sandwich': 0.0, 'food': 0.0, 'sub': 0.0, 'burger': 0.0}, 'sandwich': {'barer': 0.0, 'sandwich': 1.0, 'food': 1.0, 'sub': 1.0, 'burger': 1.0}, 'food': {'barer': 0.0, 'sandwich': 1.0, 'food': 1.0, 'sub': 1.0, 'burger': 1.0}, 'sub': {'barer': 0.0, 'sandwich': 1.0, 'food': 1.0, 'sub': 1.0, 'burger': 1.0}, 'burger': {'barer': 0.0, 'sandwich': 1.0, 'food': 1.0, 'sub': 1.0, 'burger': 1.0}}","[115, 95, 343, 233]","[130, 106, 416, 285]","{'sandwich': 20, 'food': 6, 'sub': 2, 'burger': 2, 'barer': 3, 'plate': 1, 'bun': 1, 'bread': 1, 'cheese steak': 1, 'gyro': 1}","[['a hamburger with ketchup'], ['this is a sandwich on a plate with french fries on top of it'], ['a plate of french fries and a hot dog sandwich on a white plate with a red circle on it'], ['the ""sub"" on the plate with the ketchup and mustard and the fries and beer in the'], ['a hot dog with meat, onions, peppers, and ketchup'], ['a hot dog and french fries'], ['a hot dog with french fries'], ['a burger with cheese'], ['the hot dog, the french fries and the drink.'], ['a large hot dog on a plate with fries and a drink']]"
22168,2405605,1106991,http://manynames.upf.edu//2405605_1106991_desk.png,https://cs.stanford.edu/people/rak248/VG_100K_2/2405605.jpg,desk,home,furnishing.n.02,{'table': 1.0},1.0,{'None': 1.0},2405605.jpg,"instrumentality, instrumentation","[{'28': ['table', 'desk']}, {'3': ['keyboard']}, {'2': ['toy']}]",desk,"{'keyboard': 0.33, 'toy': 0.0, 'desk': 1.0, 'table': 0.67}","{'keyboard': {'bounding box': 1.0}, 'toy': {'bounding box': 1.0}, 'desk': {'None': 1.0}, 'table': {'None': 0.7, 'visual': 0.3}}",28,0.8214285714285714,0.676941869780886,2,home,train,"{'keyboard': {'keyboard': 1.0, 'toy': 0.0, 'desk': 0.0, 'table': 0.0}, 'toy': {'keyboard': 0.0, 'toy': 1.0, 'desk': 0.0, 'table': 0.0}, 'desk': {'keyboard': 0.0, 'toy': 0.0, 'desk': 1.0, 'table': 1.0}, 'table': {'keyboard': 0.0, 'toy': 0.0, 'desk': 1.0, 'table': 1.0}}","[1, 143, 499, 189]","[0, 164, 597, 233]","{'desk': 23, 'table': 5, 'keyboard': 3, 'toy': 2, 'computer desk': 1, 'desktop': 1, 'lap top': 1}","[['two computer monitors'], ['a computer'], ['this is a black and white computer monitor with two monitors attached to it.'], ['the two black computer monitors'], ['two computer monitors'], ['the nintendo ds'], ['a white keyboard'], ['this is a computer monitor'], ['a white and black monitor'], ['a laptop computer']]"
12126,2364287,2495190,http://manynames.upf.edu//2364287_2495190_vase.png,https://cs.stanford.edu/people/rak248/VG_100K/2364287.jpg,pot,home,kitchen_utensil.n.01,"{'jar': 1.0, 'vase': 1.0}",0.88,"{'visual': 0.2, 'None': 0.8}",2364287.jpg,"instrumentality, instrumentation","[{'34': ['vase', 'jar']}]",vase,"{'vase': 1.0, 'jar': 0.88}","{'vase': {'None': 1.0}, 'jar': {'None': 0.8, 'visual': 0.2}}",34,0.9411764705882352,0.3227569588973982,2,home,train,"{'vase': {'vase': 1.0, 'jar': 1.0}, 'jar': {'vase': 1.0, 'jar': 1.0}}","[138, 130, 208, 243]","[157, 148, 255, 297]","{'vase': 32, 'jar': 2, 'glass': 1, 'flower vase': 1}","[['flowers in a jar'], ['a jar filled with flowers'], ['a glass vase with red flowers in it'], ['the red box is a vase of flowers'], ['a glass vase of flowers'], ['a mason jar with some flowers'], ['a glass jar with flowers'], ['flowers in a vase'], ['vase with flowers in it'], ['flowers in a vase']]"
24220,2413349,3800745,http://manynames.upf.edu//2413349_3800745_couch.png,https://cs.stanford.edu/people/rak248/VG_100K_2/2413349.jpg,couch,home,furnishing.n.02,{'sofa': 1.0},1.0,{'None': 1.0},2413349.jpg,"instrumentality, instrumentation","[{'26': ['sofa', 'couch']}, {'3': ['dress']}, {'2': ['t-shirt']}]",couch,"{'t-shirt': 0.33, 'dress': 0.33, 'couch': 1.0, 'sofa': 1.0}","{'t-shirt': {'bounding box': 1.0}, 'dress': {'bounding box': 1.0}, 'couch': {'None': 1.0}, 'sofa': {'None': 1.0}}",26,0.8076923076923077,0.7062740891876007,2,home,train,"{'t-shirt': {'t-shirt': 1.0, 'dress': 0.33, 'couch': 0.0, 'sofa': 0.0}, 'dress': {'t-shirt': 0.33, 'dress': 1.0, 'couch': 0.0, 'sofa': 0.0}, 'couch': {'t-shirt': 0.0, 'dress': 0.0, 'couch': 1.0, 'sofa': 1.0}, 'sofa': {'t-shirt': 0.0, 'dress': 0.0, 'couch': 1.0, 'sofa': 1.0}}","[183, 101, 315, 204]","[207, 111, 376, 246]","{'couch': 21, 'sofa': 5, 'dress': 3, 't-shirt': 2, 'frag': 1, 'shirt': 1, 'tennis clothes': 1, 'bat': 1, 'chair': 1}","[['the tennis racket'], ['a tennis racket'], ['a tennis racket'], ['a tennis racket'], ['a child playing tennis'], ['tennis racket'], ['a girl holding a tennis racket'], ['a young girl with a tennis racket'], ['a girl playing tennis'], [""a child's tennis racquet""]]"
10805,2359565,2588238,http://manynames.upf.edu//2359565_2588238_bench.png,https://cs.stanford.edu/people/rak248/VG_100K/2359565.jpg,bench,home,furnishing.n.02,{},1.0,{'None': 1.0},2359565.jpg,"instrumentality, instrumentation",[{'35': ['bench']}],bench,{'bench': 1.0},{'bench': {'None': 1.0}},35,1.0,0.0,1,home,train,{'bench': {'bench': 1.0}},"[17, 125, 461, 193]","[13, 142, 557, 237]","{'bench': 35, 'table': 1}","[['a bench'], ['a bench'], ['a bench'], ['this is a bench'], ['wooden bench'], ['bench'], ['bench'], ['the man standing on the bench.'], ['the wooden bench'], ['a wooden bench']]"
15054,2374834,724799,http://manynames.upf.edu//2374834_724799_toilet.png,https://cs.stanford.edu/people/rak248/VG_100K/2374834.jpg,bowl,home,vessel.n.03,{'toilet': 0.83},0.67,"{'visual': 0.3, 'linguistic': 0.2, 'None': 0.5}",2374834.jpg,"instrumentality, instrumentation",[{'32': ['toilet']}],toilet,"{'toilet': 1.0, 'bathroom': 'NA'}","{'toilet': {'None': 1.0}, 'bathroom': 'NA'}",33,0.9696969696969696,0.1959092708736049,2,home,val,"{'toilet': {'toilet': 1.0, 'bathroom': 'NA'}, 'bathroom': {'toilet': 'NA', 'bathroom': 'NA'}}","[122, 59, 241, 208]","[139, 63, 295, 255]","{'toilet': 32, 'bathroom': 1, 'unflushed toilet': 1, 'lateen': 1}","[['a toilet seat'], ['a coin'], ['toilet paper roll with money'], [''], ['money'], ['this is a toilet seat.'], ['a dirty toilet with coins in it'], ['a dollar bill.'], ['money'], ['toilet seat']]"
15829,2377649,2433333,http://manynames.upf.edu//2377649_2433333_grass.png,https://cs.stanford.edu/people/rak248/VG_100K_2/2377649.jpg,bench,home,furnishing.n.02,{},0.0,"{'other': 0.7, 'visual': 0.3}",2377649.jpg,"instrumentality, instrumentation","[{'25': ['field', 'grass', 'pasture']}, {'3': ['cow']}]",grass,"{'cow': 0.17, 'grass': 1.0, 'field': 1.0, 'pasture': 1.0}","{'cow': {'bounding box': 1.0}, 'grass': {'None': 1.0}, 'field': {'None': 1.0}, 'pasture': {'None': 1.0}}",25,0.4,1.55352095112747,3,animals_plants,train,"{'cow': {'cow': 1.0, 'grass': 0.0, 'field': 0.0, 'pasture': 0.0}, 'grass': {'cow': 0.0, 'grass': 1.0, 'field': 1.0, 'pasture': 1.0}, 'field': {'cow': 0.0, 'grass': 1.0, 'field': 1.0, 'pasture': 1.0}, 'pasture': {'cow': 0.0, 'grass': 1.0, 'field': 1.0, 'pasture': 1.0}}","[0, 120, 499, 253]","[0, 136, 597, 309]","{'grass': 10, 'field': 9, 'pasture': 6, 'cow': 3, 'ground': 1, 'coco': 1, 'grass field': 1, 'animals': 1}","[['cows in a field'], ['a cow'], ['red cow'], ['red cows'], ['the fence'], ['red cows'], ['the animal that is on the left is a cow, the animal that is on the right is a'], ['a cow grazing in a pasture'], ['cow'], ['a herd of cows in a pasture']]"
2962,2324306,3412337,http://manynames.upf.edu//2324306_3412337_bed.png,https://cs.stanford.edu/people/rak248/VG_100K/2324306.jpg,bed,home,furnishing.n.02,"{'bench': 0.67, 'crib': 0.67}",0.67,"{'bounding box': 0.3, 'None': 0.7}",2324306.jpg,"instrumentality, instrumentation","[{'27': ['bench', 'crib', 'bed']}]",bed,"{'bench': 0.33, 'bed': 0.67, 'crib': 0.83}","{'bench': {'None': 0.3, 'visual': 0.7}, 'bed': {'bounding box': 0.3, 'None': 0.7}, 'crib': {'visual': 0.3, 'None': 0.7}}",21,0.7619047619047619,0.7918583525674836,2,home,train,"{'bench': {'bench': 1.0, 'bed': 0.67, 'crib': 1.0}, 'bed': {'bench': 0.67, 'bed': 1.0, 'crib': 0.67}, 'crib': {'bench': 1.0, 'bed': 0.67, 'crib': 1.0}}","[128, 308, 256, 191]","[107, 268, 236, 178]","{'bed': 16, 'crib': 5, 'bench': 6, 'table': 1, 'ottoman': 1, 'bassinet': 1, 'couch': 1, 'chair': 1, 'pillow': 1, 'cot': 1, 'doll': 1, 'sofa': 1}","[['this is a picture of the fireplace in a bedroom.'], ['the doll, with the name, mary'], ['the doll on the bed'], ['a wooden frame'], ['bed, picture frame, chair, fireplace, and rug'], [""an antique bed frame with a child's mattress""], ['dolls bed with painted cover'], ['a baby doll with a pillow'], ['the doll that the child sleeps with in the bed.'], [""a child's bed""]]"
8867,2352420,2032233,http://manynames.upf.edu//2352420_2032233_vase.png,https://cs.stanford.edu/people/rak248/VG_100K/2352420.jpg,vase,home,vessel.n.03,"{'jar': 0.67, 'jag': 0.67}",0.83,"{'bounding box': 0.3, 'None': 0.7}",2352420.jpg,"instrumentality, instrumentation","[{'38': ['jar', 'vase', 'jag']}]",vase,"{'jar': 0.33, 'jag': 0.17, 'vase': 0.83}","{'jar': {'visual': 0.7, 'bounding box': 0.3}, 'jag': {'visual': 0.7, 'other': 0.3}, 'vase': {'None': 0.7, 'bounding box': 0.3}}",32,1.0,0.0,1,home,train,"{'jar': {'jar': 1.0, 'jag': 0.67, 'vase': 0.67}, 'jag': {'jar': 0.67, 'jag': 1.0, 'vase': 0.67}, 'vase': {'jar': 0.67, 'jag': 0.67, 'vase': 1.0}}","[309, 0, 189, 333]","[362, 0, 233, 396]","{'vase': 32, 'jar': 4, 'jag': 2}","[['vase'], ['a vase'], ['the vase with the dragon is a jade vase with dragon designs.'], ['vase with dragons and flowers'], ['the vase with the dragon in the red box with the first name that comes to mind.'], ['the first thing that comes to mind is the red vase with the dragon.'], ['a vase of some kind.  q: which one?  a: the one with the'], ['this vase is a ""dragon"" vase'], ['vase with a dragon design on the bottom'], ['a vase with a dragon design']]"
7521,2347193,1730167,http://manynames.upf.edu//2347193_1730167_bed.png,https://cs.stanford.edu/people/rak248/VG_100K/2347193.jpg,bed,home,furnishing.n.02,{},1.0,{'None': 1.0},2347193.jpg,"instrumentality, instrumentation",[{'35': ['bed']}],bed,{'bed': 1.0},{'bed': {'None': 1.0}},35,1.0,0.0,1,home,train,{'bed': {'bed': 1.0}},"[0, 264, 373, 234]","[0, 229, 335, 216]","{'bed': 35, 'pillow': 1}","[['a suitcase'], ['a suitcase'], ['a boy with a white shirt on'], ['a little boy in a t-shirt and shorts'], ['boy in black shirt on bed'], ['a suitcase'], ['the child is playing on a bed.'], ['the white chair on the bed'], ['a pillow'], ['the pillow']]"
18659,2390099,500412,http://manynames.upf.edu//2390099_500412_table.png,https://cs.stanford.edu/people/rak248/VG_100K_2/2390099.jpg,table,home,furnishing.n.02,{},1.0,{'None': 1.0},2390099.jpg,"instrumentality, instrumentation","[{'29': ['table']}, {'3': ['glass']}]",table,"{'glass': 0.17, 'table': 1.0}","{'glass': {'bounding box': 1.0}, 'table': {'None': 1.0}}",29,1.0,0.0,1,home,train,"{'glass': {'glass': 1.0, 'table': 0.0}, 'table': {'glass': 0.0, 'table': 1.0}}","[0, 252, 375, 250]","[0, 218, 335, 229]","{'table': 29, 'glass': 3, 'fire': 1, 'wine glass': 1, 'dinner': 1, 'desk': 1}","[['wine glass with candles on it'], ['wine glass with candle'], ['the red box with the first name that comes to mind is a wine glass'], ['the glass with the candles'], ['a wine glass'], ['this wine glass'], ['a glass of wine'], ['wine glass with wine'], ['glass of wine on a table with candles in it'], ['a wine glass']]"
19770,2395173,457228,http://manynames.upf.edu//2395173_457228_couch.png,https://cs.stanford.edu/people/rak248/VG_100K_2/2395173.jpg,couch,home,furnishing.n.02,{'sofa': 1.0},1.0,{'None': 1.0},2395173.jpg,"instrumentality, instrumentation","[{'29': ['couch', 'sofa']}, {'6': ['cat']}]",couch,"{'cat': 0.67, 'couch': 1.0, 'sofa': 1.0}","{'cat': {'bounding box': 0.7, 'None': 0.3}, 'couch': {'None': 1.0}, 'sofa': {'None': 1.0}}",29,0.7586206896551724,0.7973265101474423,2,home,train,"{'cat': {'cat': 1.0, 'couch': 0.0, 'sofa': 0.0}, 'couch': {'cat': 0.0, 'couch': 1.0, 'sofa': 1.0}, 'sofa': {'cat': 0.0, 'couch': 1.0, 'sofa': 1.0}}","[0, 1, 365, 411]","[0, 0, 333, 374]","{'couch': 22, 'sofa': 7, 'cat': 6}","[['the cat is sitting on a black suitcase'], ['cat on the luggage'], ['a cat on top of a suitcase'], ['the cat sitting on top of the suitcase'], ['the suitcase'], ['a suitcase'], ['a black suitcase'], ['the orange cat on the suitcase'], ['a cat on a suitcase'], ['the suitcase.']]"
904,1159660,1596123,http://manynames.upf.edu//1159660_1596123_counter.png,https://cs.stanford.edu/people/rak248/VG_100K/1159660.jpg,counter,home,furnishing.n.02,"{'cupboard': 0.67, 'bar': 0.67, 'table': 0.67, 'stand': 0.67, 'cabinet': 0.67}",1.0,{'None': 1.0},1159660.jpg,"instrumentality, instrumentation","[{'32': ['counter', 'cupboard', 'cabinet', 'stand', 'table', 'bar']}]",counter,"{'cupboard': 0.33, 'counter': 1.0, 'table': 0.5, 'bar': 0.83, 'stand': 0.83, 'cabinet': 0.5}","{'cupboard': {'visual': 0.7, 'linguistic': 0.3}, 'counter': {'None': 1.0}, 'table': {'visual': 0.7, 'linguistic': 0.3}, 'bar': {'None': 0.7, 'linguistic': 0.3}, 'stand': {'None': 0.7, 'visual': 0.3}, 'cabinet': {'visual': 0.7, 'linguistic': 0.3}}",30,0.7,1.473772149591271,5,home,train,"{'cupboard': {'cupboard': 1.0, 'counter': 0.67, 'table': 0.67, 'bar': 0.67, 'stand': 0.67, 'cabinet': 1.0}, 'counter': {'cupboard': 0.67, 'counter': 1.0, 'table': 0.67, 'bar': 0.67, 'stand': 0.67, 'cabinet': 0.67}, 'table': {'cupboard': 0.67, 'counter': 0.67, 'table': 1.0, 'bar': 0.67, 'stand': 1.0, 'cabinet': 0.67}, 'bar': {'cupboard': 0.67, 'counter': 0.67, 'table': 0.67, 'bar': 1.0, 'stand': 0.67, 'cabinet': 0.67}, 'stand': {'cupboard': 0.67, 'counter': 0.67, 'table': 1.0, 'bar': 0.67, 'stand': 1.0, 'cabinet': 0.67}, 'cabinet': {'cupboard': 1.0, 'counter': 0.67, 'table': 0.67, 'bar': 0.67, 'stand': 0.67, 'cabinet': 1.0}}","[561, 254, 461, 346]","[320, 141, 275, 208]","{'counter': 21, 'table': 3, 'bar': 2, 'stand': 2, 'cabinet': 2, 'cupboard': 1, 'apple': 1, 'countertop': 1, 'desk': 1}","[['fruit stand'], ['red fruit display'], ['a stand of fruit'], ['a fruit stand with fruit and vegetables on the table'], ['the orange fruit stand with the many fruit in it.'], ['fruit stand'], ['fruit stand'], ['fruit stand'], ['fruit and vegetables in the market'], ['the fruit stand']]"
6473,2343011,928375,http://manynames.upf.edu//2343011_928375_cat.png,https://cs.stanford.edu/people/rak248/VG_100K/2343011.jpg,carpet,home,furnishing.n.02,{'floor': 1.0},0.5,"{'bounding box': 0.7, 'None': 0.3}",2343011.jpg,"instrumentality, instrumentation","[{'13': ['carpet', 'floor']}, {'13': ['cat']}, {'2': ['bowl']}]",cat,"{'carpet': 0.5, 'floor': 0.5, 'bowl': 0.17, 'cat': 0.33}","{'carpet': {'bounding box': 0.7, 'None': 0.3}, 'floor': {'bounding box': 0.7, 'None': 0.3}, 'bowl': {'bounding box': 1.0}, 'cat': {'None': 0.3, 'bounding box': 0.7}}",13,1.0,0.0,1,animals_plants,train,"{'carpet': {'carpet': 1.0, 'floor': 1.0, 'bowl': 0.0, 'cat': 0.0}, 'floor': {'carpet': 1.0, 'floor': 1.0, 'bowl': 0.0, 'cat': 0.0}, 'bowl': {'carpet': 0.0, 'floor': 0.0, 'bowl': 1.0, 'cat': 0.0}, 'cat': {'carpet': 0.0, 'floor': 0.0, 'bowl': 0.0, 'cat': 1.0}}","[0, 74, 500, 294]","[0, 81, 597, 358]","{'cat': 13, 'carpet': 7, 'floor': 6, 'bowl': 2, 'plate': 1, 'room': 1, 'animal': 1}","[['a cat eating a bowl of food'], ['the red object in the red box with the first name that comes to mind is a white cat'], ['cat'], ['a cat with a bowl'], ['a small black cat'], [''], ['a white cat'], ['a cat'], ['a cat with a red collar'], ['the white cat on the floor']]"
13442,2368992,2111821,http://manynames.upf.edu//2368992_2111821_bowl.png,https://cs.stanford.edu/people/rak248/VG_100K/2368992.jpg,bowl,home,vessel.n.03,"{'plate': 0.67, 'dish': 0.67}",0.83,"{'bounding box': 0.3, 'None': 0.7}",2368992.jpg,"instrumentality, instrumentation","[{'24': ['dish', 'plate', 'bowl']}, {'3': ['food']}]",bowl,"{'food': 0.67, 'bowl': 0.83, 'dish': 1.0, 'plate': 0.67, 'container': 'NA'}","{'food': {'None': 0.3, 'bounding box': 0.7}, 'bowl': {'None': 0.7, 'bounding box': 0.3}, 'dish': {'None': 1.0}, 'plate': {'other': 0.3, 'None': 0.7}, 'container': 'NA'}",25,0.64,1.3834651896016472,4,home,train,"{'food': {'food': 1.0, 'bowl': 0.0, 'dish': 0.0, 'plate': 0.0, 'container': 'NA'}, 'bowl': {'food': 0.0, 'bowl': 1.0, 'dish': 0.67, 'plate': 0.67, 'container': 'NA'}, 'dish': {'food': 0.0, 'bowl': 0.67, 'dish': 1.0, 'plate': 1.0, 'container': 'NA'}, 'plate': {'food': 0.0, 'bowl': 0.67, 'dish': 1.0, 'plate': 1.0, 'container': 'NA'}, 'container': {'food': 'NA', 'bowl': 'NA', 'dish': 'NA', 'plate': 'NA', 'container': 'NA'}}","[76, 141, 269, 172]","[84, 161, 328, 212]","{'bowl': 16, 'dish': 6, 'plate': 2, 'container': 1, 'food': 3, 'spaghetti': 1, 'meal': 1, 'stew': 1, 'pan': 1, 'pot': 1, 'pasta': 1, 'dinner plate': 1, 'plate of pasta': 1}","[['the dish is a pasta dish'], [""it's a bowl with food""], ['a dish of pasta with tomato sauce'], ['a large black bowl'], ['pasta in tomato sauce'], ['it is a bowl of food'], ['a fork'], ['a bowl of food, with a fork in it.'], ['a fork'], ['the object is a plate of pasta, topped with sauce and topped with a fork and spoon.']]"
259,1590,3637049,http://manynames.upf.edu//1590_3637049_table.png,https://cs.stanford.edu/people/rak248/VG_100K_2/1590.jpg,carpet,home,furnishing.n.02,{'floor': 0.83},0.75,"{'bounding box': 0.2, 'other': 0.2, 'None': 0.7}",1590.jpg,"instrumentality, instrumentation","[{'18': ['desk', 'furniture', 'table']}, {'15': ['floor', 'carpet']}]",table,"{'carpet': 0.75, 'desk': 0.33, 'floor': 0.92, 'table': 0.42, 'furniture': 0.42}","{'carpet': {'None': 0.7, 'bounding box': 0.2, 'other': 0.2}, 'desk': {'bounding box': 0.8, 'None': 0.2}, 'floor': {'None': 0.8, 'bounding box': 0.2}, 'table': {'bounding box': 0.7, 'None': 0.3}, 'furniture': {'bounding box': 0.7, 'None': 0.3}}",15,0.8666666666666667,0.5665095065529052,2,home,test,"{'carpet': {'carpet': 1.0, 'desk': 0.0, 'floor': 0.83, 'table': 0.0, 'furniture': 0.0}, 'desk': {'carpet': 0.0, 'desk': 1.0, 'floor': 0.0, 'table': 0.83, 'furniture': 0.83}, 'floor': {'carpet': 0.83, 'desk': 0.0, 'floor': 1.0, 'table': 0.0, 'furniture': 0.0}, 'table': {'carpet': 0.0, 'desk': 0.83, 'floor': 0.0, 'table': 1.0, 'furniture': 0.83}, 'furniture': {'carpet': 0.0, 'desk': 0.83, 'floor': 0.0, 'table': 0.83, 'furniture': 1.0}}","[0, 244, 796, 290]","[0, 175, 597, 223]","{'table': 13, 'furniture': 2, 'floor': 8, 'carpet': 7, 'desk': 3, 'screen': 1, 'chair': 1, 'rug': 1}","[['the conference table'], ['conference table'], ['table'], ['the conference table'], ['the table in the middle of the room'], ['conference table'], ['table'], ['table with chairs and wall display'], ['the conference table in the boardroom'], ['the table in the room with the chairs around it']]"
1275,2316056,3331294,http://manynames.upf.edu//2316056_3331294_bowl.png,https://cs.stanford.edu/people/rak248/VG_100K/2316056.jpg,bowl,home,vessel.n.03,"{'pot': 1.0, 'mug': 0.75}",0.75,"{'visual': 0.2, 'None': 0.8}",2316056.jpg,"instrumentality, instrumentation","[{'33': ['mug', 'pot', 'bowl']}]",bowl,"{'bowl': 0.75, 'pot': 0.5, 'mug': 0.88}","{'bowl': {'None': 0.8, 'visual': 0.2}, 'pot': {'visual': 0.5, 'None': 0.5}, 'mug': {'None': 0.8, 'visual': 0.2}}",33,0.8787878787878788,0.6540471842463447,3,home,val,"{'bowl': {'bowl': 1.0, 'pot': 1.0, 'mug': 0.75}, 'pot': {'bowl': 1.0, 'pot': 1.0, 'mug': 0.75}, 'mug': {'bowl': 0.75, 'pot': 0.75, 'mug': 1.0}}","[131, 302, 342, 186]","[110, 263, 313, 173]","{'bowl': 29, 'pot': 2, 'mug': 2, 'cup': 1, 'food': 1, 'glass': 1}","[['the child is eating pizza'], ['a little boy eating pizza with a spoon in front of a bowl of soup'], ['a bowl of soup'], ['the little boy eating pizza'], ['the little boy'], ['a child eating some pizza'], ['a child eating food in a small bowl'], ['a little boy eating a sandwich'], ['a young boy eating pizza in a restaurant'], ['a young boy eating a sandwich']]"
2205,2319869,997984,http://manynames.upf.edu//2319869_997984_bench.png,https://cs.stanford.edu/people/rak248/VG_100K/2319869.jpg,bench,home,furnishing.n.02,{},1.0,{'None': 1.0},2319869.jpg,"instrumentality, instrumentation",[{'33': ['bench']}],bench,"{'bench': 1.0, 'seat': 'NA'}","{'bench': {'None': 1.0}, 'seat': 'NA'}",34,0.9705882352941176,0.1914332548141933,2,home,train,"{'bench': {'bench': 1.0, 'seat': 'NA'}, 'seat': {'bench': 'NA', 'seat': 'NA'}}","[0, 267, 279, 183]","[0, 232, 256, 171]","{'bench': 33, 'seat': 1, 'bed': 1, 'chair': 1}","[['a bench'], ['the clock at the top of the hill'], ['a park bench'], ['a bench'], ['red bench, red frame, clock'], ['a bench with a clock on it'], ['a bench with a clock on it'], ['the clock tower'], ['the clock tower'], ['the clock tower']]"
9891,2356315,2330178,http://manynames.upf.edu//2356315_2330178_bird.png,https://cs.stanford.edu/people/rak248/VG_100K/2356315.jpg,lamp,home,lamp.n.01,{},0.17,{'other': 1.0},2356315.jpg,"instrumentality, instrumentation","[{'16': ['birds', 'duck', 'bird']}, {'4': ['ocean', 'water']}, {'4': ['shore', 'beach']}]",bird,"{'water': 1.0, 'beach': 0.67, 'duck': 0.33, 'ocean': 0.67, 'shore': 0.67, 'birds': 0.33, 'bird': 0.33}","{'water': {'None': 1.0}, 'beach': {'None': 0.7, 'bounding box': 0.3}, 'duck': {'None': 0.3, 'bounding box': 0.7}, 'ocean': {'None': 0.7, 'bounding box': 0.3}, 'shore': {'None': 0.7, 'bounding box': 0.3}, 'birds': {'None': 0.3, 'bounding box': 0.7}, 'bird': {'None': 0.3, 'bounding box': 0.7}}",10,1.0,0.0,1,animals_plants,train,"{'water': {'water': 1.0, 'beach': 0.33, 'duck': 0.0, 'ocean': 1.0, 'shore': 0.33, 'birds': 0.0, 'bird': 0.0}, 'beach': {'water': 0.33, 'beach': 1.0, 'duck': 0.0, 'ocean': 0.33, 'shore': 1.0, 'birds': 0.0, 'bird': 0.0}, 'duck': {'water': 0.0, 'beach': 0.0, 'duck': 1.0, 'ocean': 0.0, 'shore': 0.0, 'birds': 0.67, 'bird': 1.0}, 'ocean': {'water': 1.0, 'beach': 0.33, 'duck': 0.0, 'ocean': 1.0, 'shore': 0.33, 'birds': 0.0, 'bird': 0.0}, 'shore': {'water': 0.33, 'beach': 1.0, 'duck': 0.0, 'ocean': 0.33, 'shore': 1.0, 'birds': 0.0, 'bird': 0.0}, 'birds': {'water': 0.0, 'beach': 0.0, 'duck': 0.67, 'ocean': 0.0, 'shore': 0.0, 'birds': 1.0, 'bird': 0.67}, 'bird': {'water': 0.0, 'beach': 0.0, 'duck': 1.0, 'ocean': 0.0, 'shore': 0.0, 'birds': 0.67, 'bird': 1.0}}","[9, 33, 482, 253]","[3, 31, 559, 297]","{'bird': 10, 'birds': 4, 'water': 2, 'shore': 2, 'beach': 2, 'ocean': 2, 'duck': 2, 'sea': 1, 'peak': 1, 'sea wave': 1, 'tide': 1, 'naira': 1, 'wave': 1, 'crane': 1, 'seabird': 1}","[['a bird'], ['the two birds standing in the ocean water'], ['two sandpipers'], ['birds'], ['sanderling'], ['the sandpiper'], ['two sandpipers walking on the beach'], ['sandpipers'], ['red-winged blackbirds'], ['sandpipers']]"
8688,2351699,3587556,http://manynames.upf.edu//2351699_3587556_sink.png,https://cs.stanford.edu/people/rak248/VG_100K/2351699.jpg,cabinet,home,furnishing.n.02,"{'vanity': 1.0, 'cabinets': 1.0}",1.0,{'None': 1.0},2351699.jpg,"instrumentality, instrumentation","[{'5': ['counter', 'bathroom counter']}, {'6': ['cabinets', 'vanity']}, {'16': ['sink']}]",sink,"{'counter': 0.17, 'vanity': 1.0, 'bathroom counter': 0.17, 'cabinets': 1.0, 'sink': 0.17}","{'counter': {'bounding box': 1.0}, 'vanity': {'None': 1.0}, 'bathroom counter': {'bounding box': 1.0}, 'cabinets': {'None': 1.0}, 'sink': {'bounding box': 1.0}}",16,1.0,0.0,1,home,train,"{'counter': {'counter': 1.0, 'vanity': 0.0, 'bathroom counter': 0.67, 'cabinets': 0.0, 'sink': 0.0}, 'vanity': {'counter': 0.0, 'vanity': 1.0, 'bathroom counter': 0.0, 'cabinets': 1.0, 'sink': 0.0}, 'bathroom counter': {'counter': 0.67, 'vanity': 0.0, 'bathroom counter': 1.0, 'cabinets': 0.0, 'sink': 0.33}, 'cabinets': {'counter': 0.0, 'vanity': 1.0, 'bathroom counter': 0.0, 'cabinets': 1.0, 'sink': 0.0}, 'sink': {'counter': 0.0, 'vanity': 0.0, 'bathroom counter': 0.33, 'cabinets': 0.0, 'sink': 1.0}}","[4, 156, 306, 179]","[0, 179, 372, 220]","{'sink': 16, 'vanity': 4, 'counter': 3, 'bathroom counter': 2, 'cabinets': 2, 'lateen': 1, 'bathtub': 1, 'tie': 1, 'homesteader': 1, 'washbasin': 1, 'bathroom sink': 1, 'bottle': 1, 'stand': 1, 'washroom': 1}","[['a sink, toilet, and towel.'], ['a toilet'], ['the sink and toilet'], ['this is a toilet and a sink.'], ['a toilet and sink'], ['bathroom vanity with sink'], ['the red towel on the wall'], ['this is a sink'], ['the toilet in this picture'], ['the sink']]"
10432,2358321,3546200,http://manynames.upf.edu//2358321_3546200_chair.png,https://cs.stanford.edu/people/rak248/VG_100K/2358321.jpg,chair,home,furnishing.n.02,{},1.0,{'None': 1.0},2358321.jpg,"instrumentality, instrumentation",[{'33': ['chair']}],chair,{'chair': 1.0},{'chair': {'None': 1.0}},33,1.0,0.0,1,home,train,{'chair': {'chair': 1.0}},"[195, 208, 180, 292]","[167, 179, 168, 268]","{'chair': 33, 'dress': 1, 'office chair': 1, 'tie': 1}","[['this is a man sitting on an office chair, holding a cup of coffee.'], ['chair'], ['a man in a striped shirt holding a coffee mug'], ['a chair with a man in a suit holding a cup of coffee'], [''], ['coffee mug'], ['a person sitting on a chair in a dark room with a laptop on a desk in front of him'], ['a chair'], ['coffee mug'], ['the man is sitting on a chair']]"
18205,2387784,3829983,http://manynames.upf.edu//2387784_3829983_rug.png,https://cs.stanford.edu/people/rak248/VG_100K_2/2387784.jpg,rug,home,furnishing.n.02,{'carpet': 1.0},1.0,{'None': 1.0},2387784.jpg,"instrumentality, instrumentation","[{'31': ['rug', 'carpet']}]",rug,"{'rug': 1.0, 'carpet': 1.0}","{'rug': {'None': 1.0}, 'carpet': {'None': 1.0}}",31,0.8064516129032258,0.708835673332196,2,home,train,"{'rug': {'rug': 1.0, 'carpet': 1.0}, 'carpet': {'rug': 1.0, 'carpet': 1.0}}","[0, 218, 374, 279]","[0, 188, 335, 256]","{'rug': 25, 'carpet': 6, 'table': 1, 'mat': 1, 'placeman': 1, 'tail': 1}","[['a dog is standing on its hind legs, while a dog is standing on its front legs in the'], ['a large brown dog with long hair'], ['the brown furry dog with the blue face'], ['the black, tan, and brown dog on the right.'], ['the black stove'], ['the object is a wooden cupboard in a kitchen'], ['the dog is trying to get the food'], ['this is a black microwave with a white handle'], ['the cat'], ['the dog is trying to jump up onto the table']]"
404,3564,1554717,http://manynames.upf.edu//3564_1554717_sofa.png,https://cs.stanford.edu/people/rak248/VG_100K_2/3564.jpg,couch,home,furnishing.n.02,{'sofa': 0.86},0.64,"{'bounding box': 0.4, 'None': 0.6}",3564.jpg,"instrumentality, instrumentation","[{'15': ['sofa', 'couch']}, {'5': ['shoe']}, {'11': ['woman']}]",sofa,"{'shoe': 0.36, 'couch': 0.64, 'sofa': 0.64, 'woman': 0.71}","{'shoe': {'bounding box': 1.0}, 'couch': {'bounding box': 0.4, 'None': 0.6}, 'sofa': {'bounding box': 0.4, 'None': 0.6}, 'woman': {'None': 0.4, 'bounding box': 0.6}}",15,0.6,0.9709505944546688,2,home,val,"{'shoe': {'shoe': 1.0, 'couch': 0.0, 'sofa': 0.0, 'woman': 0.0}, 'couch': {'shoe': 0.0, 'couch': 1.0, 'sofa': 0.86, 'woman': 0.0}, 'sofa': {'shoe': 0.0, 'couch': 0.86, 'sofa': 1.0, 'woman': 0.0}, 'woman': {'shoe': 0.0, 'couch': 0.0, 'sofa': 0.0, 'woman': 1.0}}","[1, 142, 300, 456]","[0, 99, 231, 347]","{'sofa': 9, 'couch': 6, 'woman': 11, 'shoe': 5, 'chair': 1, 'person': 1, 'dress': 1, 'boot': 1}","[['a young woman in a skirt'], ['woman in dress'], ['the cat'], ['the red box with the first name that comes to mind.'], ['a woman in a dress, sitting on a couch.'], ['my dresser'], ['my first thought was ""my husband""'], ['woman'], ['the person sitting on the sofa'], ['a woman in a white dress']]"
17,40,1025176,http://manynames.upf.edu//40_1025176_chair.png,https://cs.stanford.edu/people/rak248/VG_100K/40.jpg,chair,home,furnishing.n.02,"{'armchair': 1.0, 'sofa': 1.0}",1.0,{'None': 1.0},40.jpg,"instrumentality, instrumentation","[{'32': ['chair', 'sofa', 'armchair']}, {'2': ['cloth']}]",chair,"{'cloth': 0.33, 'chair': 1.0, 'sofa': 1.0, 'armchair': 1.0}","{'cloth': {'bounding box': 1.0}, 'chair': {'None': 1.0}, 'sofa': {'None': 1.0}, 'armchair': {'None': 1.0}}",32,0.71875,1.072080954883921,3,home,train,"{'cloth': {'cloth': 1.0, 'chair': 0.0, 'sofa': 0.0, 'armchair': 0.0}, 'chair': {'cloth': 0.0, 'chair': 1.0, 'sofa': 1.0, 'armchair': 1.0}, 'sofa': {'cloth': 0.0, 'chair': 1.0, 'sofa': 1.0, 'armchair': 1.0}, 'armchair': {'cloth': 0.0, 'chair': 1.0, 'sofa': 1.0, 'armchair': 1.0}}","[0, 294, 213, 471]","[0, 157, 126, 270]","{'chair': 23, 'sofa': 7, 'armchair': 2, 'cloth': 2, 'books': 1, 'couch': 1}","[['chair, book, and a flower vase'], ['a book case'], ['a red velvet chair'], ['the armchair in the living room with the floral pattern'], ['a large yellow flower vase'], ['the sofa'], [''], ['this is a chair that my mother bought me for my 16th birthday.'], ['this is a chair in a living room'], ['a bookcase filled with books']]"
12504,2365597,632981,http://manynames.upf.edu//2365597_632981_knife.png,https://cs.stanford.edu/people/rak248/VG_100K/2365597.jpg,knife,home,tool.n.01,{'utensils': 0.67},0.83,"{'bounding box': 0.3, 'None': 0.7}",2365597.jpg,tool,"[{'31': ['utensils', 'knife']}, {'3': ['table']}]",knife,"{'table': 0.33, 'knife': 0.83, 'utensils': 0.5}","{'table': {'bounding box': 1.0}, 'knife': {'None': 0.7, 'bounding box': 0.3}, 'utensils': {'bounding box': 0.7, 'None': 0.3}}",31,0.935483870967742,0.345117314944953,2,home,train,"{'table': {'table': 1.0, 'knife': 0.0, 'utensils': 0.0}, 'knife': {'table': 0.0, 'knife': 1.0, 'utensils': 0.67}, 'utensils': {'table': 0.0, 'knife': 0.67, 'utensils': 1.0}}","[308, 136, 193, 179]","[361, 155, 236, 221]","{'knife': 29, 'utensils': 2, 'table': 3, 'burger': 1, 'food': 1}","[['a sandwich on a plate'], ['a sandwich with ham, lettuce, and cheese on a paper plate, with a knife and fork on'], ['the sandwich'], ['the sandwich with the meat and the avocado.'], ['the lunch in the photo'], ['the sandwich'], ['a sandwich with ham, lettuce, tomato, avocado, and cheese'], ['a sandwich'], [''], ['a half-sandwich on a paper plate with a tomato slice on top of it']]"
4541,2333250,3686395,http://manynames.upf.edu//2333250_3686395_bench.png,https://cs.stanford.edu/people/rak248/VG_100K/2333250.jpg,bench,home,furnishing.n.02,{},1.0,{'None': 1.0},2333250.jpg,"instrumentality, instrumentation",[{'32': ['bench']}],bench,{'bench': 1.0},{'bench': {'None': 1.0}},32,1.0,0.0,1,home,train,{'bench': {'bench': 1.0}},"[0, 242, 374, 256]","[0, 209, 335, 236]","{'bench': 32, 'table': 1, 'wood': 1, 'dress': 1, 'building': 1}","[['boy leaning on a bench'], ['the boy'], ['the little boy sitting on the bench'], ['a little boy'], ['a boy sitting on a wooden bench'], ['a boy sitting on a bench in a city plaza'], ['a young boy sitting on a wooden bench'], ['a child on a bench in front of a building'], ['a young boy leaning against a large wooden bench'], ['a young boy']]"
17303,2383780,1317140,http://manynames.upf.edu//2383780_1317140_chair.png,https://cs.stanford.edu/people/rak248/VG_100K_2/2383780.jpg,chair,home,furnishing.n.02,{},1.0,{'None': 1.0},2383780.jpg,"instrumentality, instrumentation",[{'32': ['chair']}],chair,{'chair': 1.0},{'chair': {'None': 1.0}},32,1.0,0.0,1,home,train,{'chair': {'chair': 1.0}},"[11, 16, 275, 183]","[6, 12, 335, 225]","{'chair': 32, 'bowl': 1, 'paper': 1, 'table': 1, 'armchair': 1}","[['an antique chair'], ['a chair'], ['a plate of donuts'], ['a table setting with a red chair'], ['the object in the red box with the first name that comes to mind is the breakfast buffet.'], ['a chair'], ['a blue chair'], ['the tablecloth with the food'], ['a chair with a red and blue fabric seat'], ['donuts and a vase with orange flowers']]"
12366,2365088,2221491,http://manynames.upf.edu//2365088_2221491_clock.png,https://cs.stanford.edu/people/rak248/VG_100K/2365088.jpg,couch,home,furnishing.n.02,{'table': 0.33},0.0,{'other': 1.0},2365088.jpg,"instrumentality, instrumentation","[{'2': ['couch']}, {'2': ['table']}, {'26': ['clock']}]",clock,"{'couch': 0.0, 'table': 0.0, 'clock': 0.67}","{'couch': {'other': 1.0}, 'table': {'visual': 0.3, 'other': 0.7}, 'clock': {'None': 0.7, 'bounding box': 0.3}}",26,1.0,0.0,1,buildings,train,"{'couch': {'couch': 1.0, 'table': 0.33, 'clock': 0.0}, 'table': {'couch': 0.33, 'table': 1.0, 'clock': 0.0}, 'clock': {'couch': 0.0, 'table': 0.0, 'clock': 1.0}}","[0, 28, 375, 227]","[0, 18, 335, 210]","{'clock': 26, 'table': 2, 'couch': 2, 'watch': 1, 'wall': 1, 'sofa': 1, 'clock face': 1}","[['clock in the corner of the picture'], ['a clock in a wooden cabinet'], ['a grandfather clock with a large face'], ['a clock, a clock face, a clock dial, a clock hands, a clock hands face,'], ['the clock is a grandfather clock, the clock is an oak grandfather clock, the clock is an oak'], ['clock'], ['the clock'], ['clock, the wooden box with the clock is a clock'], ['this is a clock.  q: who is the maker of this clock?'], ['clock']]"
11694,2362751,771462,http://manynames.upf.edu//2362751_771462_table.png,https://cs.stanford.edu/people/rak248/VG_100K/2362751.jpg,table,home,furnishing.n.02,"{'desk': 1.0, 'tray': 1.0}",1.0,{'None': 1.0},2362751.jpg,"instrumentality, instrumentation","[{'27': ['table', 'tray', 'desk']}]",table,"{'table': 1.0, 'desk': 1.0, 'tray': 1.0}","{'table': {'None': 1.0}, 'desk': {'None': 1.0}, 'tray': {'None': 1.0}}",27,0.5555555555555556,1.4265732850165125,3,home,train,"{'table': {'table': 1.0, 'desk': 1.0, 'tray': 1.0}, 'desk': {'table': 1.0, 'desk': 1.0, 'tray': 1.0}, 'tray': {'table': 1.0, 'desk': 1.0, 'tray': 1.0}}","[114, 199, 385, 133]","[129, 231, 467, 165]","{'table': 15, 'desk': 7, 'tray': 5, 'wood': 1, 'laptop table': 1, 'breakfast tray': 1, 'bed desk': 1, 'lap desk': 1, 'laptop': 1, 'ashtray': 1, 'tray table': 1}","[['baby sitting on a laptop'], ['baby on a bed'], ['a laptop'], ['a baby sitting in a crib on a bed with a laptop computer on the laptop computer'], ['the baby sitting on the laptop.'], ['a baby in a diaper on a bed using a laptop computer'], ['baby boy playing on a laptop'], ['a baby sitting in a small desk with a laptop computer on it'], ['baby playing with a laptop'], ['baby in the bed']]"
8476,2350837,1859832,http://manynames.upf.edu//2350837_1859832_table.png,https://cs.stanford.edu/people/rak248/VG_100K/2350837.jpg,table,home,furnishing.n.02,{},1.0,{'None': 1.0},2350837.jpg,"instrumentality, instrumentation","[{'32': ['table']}, {'2': ['glasses']}]",table,"{'glasses': 0.33, 'table': 1.0}","{'glasses': {'bounding box': 1.0}, 'table': {'None': 1.0}}",32,1.0,0.0,1,home,train,"{'glasses': {'glasses': 1.0, 'table': 0.0}, 'table': {'glasses': 0.0, 'table': 1.0}}","[104, 165, 396, 210]","[117, 190, 479, 257]","{'table': 32, 'glasses': 2, 'tablecloth': 1, 'dining table': 1}","[['the red plate on the table'], ['wine glasses'], ['a woman in a red shirt'], ['a plate with an orange place mat'], ['wine glasses'], ['the red rectangle with the first name that comes to mind is the red rectangle with the first name that'], [''], ['the red box with the first name that comes to mind is a wine glass.'], ['a round table'], ['a chair, a table, a wine glass, a plate, a glass, a bottle,']]"
9227,2353887,1921303,http://manynames.upf.edu//2353887_1921303_desk.png,https://cs.stanford.edu/people/rak248/VG_100K/2353887.jpg,desk,home,furnishing.n.02,{'table': 1.0},1.0,{'None': 1.0},2353887.jpg,"instrumentality, instrumentation","[{'33': ['table', 'desk']}, {'2': ['keyboard']}]",desk,"{'keyboard': 0.33, 'desk': 1.0, 'table': 1.0}","{'keyboard': {'bounding box': 1.0}, 'desk': {'None': 1.0}, 'table': {'None': 1.0}}",33,0.9090909090909092,0.4394969869215134,2,home,train,"{'keyboard': {'keyboard': 1.0, 'desk': 0.0, 'table': 0.0}, 'desk': {'keyboard': 0.0, 'desk': 1.0, 'table': 1.0}, 'table': {'keyboard': 0.0, 'desk': 1.0, 'table': 1.0}}","[15, 169, 360, 284]","[6, 144, 329, 261]","{'desk': 30, 'table': 3, 'keyboard': 2, 'furniture': 1}","[['computer'], ['computer desk'], ['a desktop computer with a monitor, keyboard, mouse, and speakers'], ['a computer monitor, a printer, a computer keyboard, a mouse, and a printer cartridge'], ['the computer desk'], ['a desktop computer, printer, and a printer.'], ['a desktop computer'], ['a computer monitor'], ['computer desk with monitor and printer'], ['computer desk']]"
3922,2329667,2856374,http://manynames.upf.edu//2329667_2856374_woman.png,https://cs.stanford.edu/people/rak248/VG_100K/2329667.jpg,woman,people,woman.n.01,{'chef': 1.0},1.0,{'None': 1.0},2329667.jpg,person,"[{'28': ['woman', 'chef']}, {'2': ['shirt']}]",woman,"{'shirt': 0.5, 'woman': 1.0, 'chef': 1.0}","{'shirt': {'bounding box': 1.0}, 'woman': {'None': 1.0}, 'chef': {'None': 1.0}}",28,0.5714285714285714,0.9852281360342514,2,people,train,"{'shirt': {'shirt': 1.0, 'woman': 0.0, 'chef': 0.0}, 'woman': {'shirt': 0.0, 'woman': 1.0, 'chef': 1.0}, 'chef': {'shirt': 0.0, 'woman': 1.0, 'chef': 1.0}}","[38, 13, 224, 315]","[38, 9, 274, 383]","{'woman': 16, 'chef': 12, 'shirt': 2, 'man': 1, 'gloves': 1, 'baker': 1, 'person': 1, 'lady': 1}","[['an oven.'], ['the red box is a cutting board'], ['cooked beef'], ['chef and kitchen helper'], ['chef'], ['a cutting board'], ['a red box with a first name'], [""a chef with a chef's hat""], [''], ['chef']]"
15028,2374747,2484525,http://manynames.upf.edu//2374747_2484525_pitcher.png,https://cs.stanford.edu/people/rak248/VG_100K/2374747.jpg,pitcher,people,athlete.n.01,"{'man': 1.0, 'player': 1.0, 'baseball player': 1.0}",1.0,{'None': 1.0},2374747.jpg,person,"[{'28': ['man', 'pitcher', 'player', 'baseball player']}, {'2': ['cap']}]",pitcher,"{'cap': 0.33, 'pitcher': 1.0, 'man': 1.0, 'baseball player': 1.0, 'player': 1.0}","{'cap': {'bounding box': 1.0}, 'pitcher': {'None': 1.0}, 'man': {'None': 1.0}, 'baseball player': {'None': 1.0}, 'player': {'None': 1.0}}",28,0.3928571428571428,1.8579594642722084,4,people,train,"{'cap': {'cap': 1.0, 'pitcher': 0.0, 'man': 0.0, 'baseball player': 0.0, 'player': 0.0}, 'pitcher': {'cap': 0.0, 'pitcher': 1.0, 'man': 1.0, 'baseball player': 1.0, 'player': 1.0}, 'man': {'cap': 0.0, 'pitcher': 1.0, 'man': 1.0, 'baseball player': 1.0, 'player': 1.0}, 'baseball player': {'cap': 0.0, 'pitcher': 1.0, 'man': 1.0, 'baseball player': 1.0, 'player': 1.0}, 'player': {'cap': 0.0, 'pitcher': 1.0, 'man': 1.0, 'baseball player': 1.0, 'player': 1.0}}","[74, 70, 221, 406]","[59, 56, 205, 370]","{'pitcher': 11, 'man': 9, 'baseball player': 4, 'player': 4, 'cap': 2, 'jersey': 1, 'athlete': 1, 'baseball pitcher': 1, 'shoe': 1, 'dress': 1, 'shirt': 1}","[['san francisco giants pitcher matt cain'], ['the ball that was in the dirt on the field'], ['the person in the photo is the pitcher'], ['a baseball pitcher'], ['the person who took the photo'], ['a baseball player pitching'], ['baseball player throwing the ball'], [""the pitcher's mitt""], ['the baseball pitcher'], ['san francisco giants pitcher']]"
23002,2408852,1091753,http://manynames.upf.edu//2408852_1091753_man.png,https://cs.stanford.edu/people/rak248/VG_100K_2/2408852.jpg,man,people,man.n.01,{'person': 1.0},1.0,{'None': 1.0},2408852.jpg,person,"[{'29': ['person', 'man']}]",man,"{'man': 1.0, 'person': 1.0}","{'man': {'None': 1.0}, 'person': {'None': 1.0}}",29,0.8275862068965517,0.6631968402398286,2,people,val,"{'man': {'man': 1.0, 'person': 1.0}, 'person': {'man': 1.0, 'person': 1.0}}","[95, 56, 125, 283]","[106, 60, 156, 345]","{'man': 24, 'person': 5, 'shirt': 1, 'belt': 1, 'pant': 1, 'rider': 1, 'guy': 1, 'bike': 1, 'dude': 1}","[['the dog is riding the motorcycle'], ['a motorcycle'], ['the man riding the motorbike'], ['the guy on the motorbike'], ['man'], ['it is a man on a motorcycle and his dog'], ['man riding a motorcycle'], [""it's a dog riding a motorcycle""], [''], ['this is a man riding a motorbike and his dog.']]"
7558,2347345,2528775,http://manynames.upf.edu//2347345_2528775_boy.png,https://cs.stanford.edu/people/rak248/VG_100K/2347345.jpg,boy,people,male_child.n.01,"{'kid': 1.0, 'child': 1.0, 'baseball player': 1.0}",1.0,{'None': 1.0},2347345.jpg,person,"[{'32': ['boy', 'child', 'kid', 'baseball player']}]",boy,"{'boy': 1.0, 'child': 1.0, 'kid': 1.0, 'baseball player': 1.0}","{'boy': {'None': 1.0}, 'child': {'None': 1.0}, 'kid': {'None': 1.0}, 'baseball player': {'None': 1.0}}",32,0.5625,1.4913146570363986,4,people,val,"{'boy': {'boy': 1.0, 'child': 1.0, 'kid': 1.0, 'baseball player': 1.0}, 'child': {'boy': 1.0, 'child': 1.0, 'kid': 1.0, 'baseball player': 1.0}, 'kid': {'boy': 1.0, 'child': 1.0, 'kid': 1.0, 'baseball player': 1.0}, 'baseball player': {'boy': 1.0, 'child': 1.0, 'kid': 1.0, 'baseball player': 1.0}}","[37, 223, 333, 274]","[26, 192, 305, 252]","{'boy': 18, 'child': 10, 'kid': 2, 'baseball player': 2, 'girl': 1, 'person': 1, 'cap': 1, 'little boy': 1}","[['a baseball glove'], ['a baseball'], ['baseball glove'], ['the child in the blue shirt throwing a baseball to the catcher.'], ['a young boy in blue pants throwing a baseball'], ['the child in the foreground holding a baseball.'], ['a baseball glove'], ['a young boy throwing a baseball'], ['a child throwing a baseball'], ['the child throwing a baseball']]"
7107,2345483,3624257,http://manynames.upf.edu//2345483_3624257_girl.png,https://cs.stanford.edu/people/rak248/VG_100K/2345483.jpg,child,people,child.n.01,{'girl': 1.0},1.0,{'None': 1.0},2345483.jpg,person,"[{'33': ['girl', 'child']}]",girl,"{'girl': 1.0, 'child': 1.0}","{'girl': {'None': 1.0}, 'child': {'None': 1.0}}",33,0.5757575757575758,0.9833761901392236,2,people,train,"{'girl': {'girl': 1.0, 'child': 1.0}, 'child': {'girl': 1.0, 'child': 1.0}}","[17, 100, 240, 275]","[13, 112, 293, 335]","{'girl': 19, 'child': 14, 'kid': 1, 'toddler': 1, 'shirt': 1}","[['a young child brushes her teeth with a toothbrush'], ['a toothbrush'], ['a brush with a small head'], ['a small child brushing a toothbrush'], ['a toothbrush'], ['a child brushing her teeth'], [''], [""a toothbrush in a little girl's mouth""], ['the person in the picture is my daughter, emily'], ['a woman']]"
14812,2373979,2527598,http://manynames.upf.edu//2373979_2527598_man.png,https://cs.stanford.edu/people/rak248/VG_100K/2373979.jpg,boy,people,male_child.n.01,"{'person': 1.0, 'man': 1.0}",0.83,"{'visual': 0.3, 'None': 0.7}",2373979.jpg,person,"[{'29': ['person', 'man']}, {'3': ['t-shirt']}]",man,"{'t-shirt': 0.33, 'man': 1.0, 'person': 1.0}","{'t-shirt': {'bounding box': 1.0}, 'man': {'None': 1.0}, 'person': {'None': 1.0}}",29,0.9310344827586208,0.3620512517339981,2,people,train,"{'t-shirt': {'t-shirt': 1.0, 'man': 0.0, 'person': 0.0}, 'man': {'t-shirt': 0.0, 'man': 1.0, 'person': 1.0}, 'person': {'t-shirt': 0.0, 'man': 1.0, 'person': 1.0}}","[0, 27, 339, 473]","[0, 17, 310, 430]","{'man': 27, 'person': 2, 't-shirt': 3, 'gamer': 1, 'boy': 1, 'dude': 1, 'shirt': 1}","[[''], ['a man wearing a blue shirt'], ['the video game controller'], ['the remote control'], ['the object in the red box with the first name that comes to mind is a couch'], ['a young man playing video games'], ['a person holding a video game controller'], ['a man playing wii in a living room'], ['a man holding a remote control'], ['a man holding a video game controller']]"
11934,2363679,763037,http://manynames.upf.edu//2363679_763037_woman.png,https://cs.stanford.edu/people/rak248/VG_100K/2363679.jpg,woman,people,woman.n.01,{'girl': 1.0},1.0,{'None': 1.0},2363679.jpg,person,"[{'27': ['woman', 'girl']}, {'3': ['phone']}, {'2': ['glass']}, {'2': ['sunglasses']}]",woman,"{'sunglasses': 0.5, 'glass': 0.33, 'phone': 0.5, 'woman': 1.0, 'girl': 1.0}","{'sunglasses': {'bounding box': 1.0}, 'glass': {'other': 0.7, 'bounding box': 0.3}, 'phone': {'bounding box': 1.0}, 'woman': {'None': 1.0}, 'girl': {'None': 1.0}}",27,0.925925925925926,0.3809465857053902,2,people,train,"{'sunglasses': {'sunglasses': 1.0, 'glass': 0.33, 'phone': 0.0, 'woman': 0.0, 'girl': 0.0}, 'glass': {'sunglasses': 0.33, 'glass': 1.0, 'phone': 0.0, 'woman': 0.0, 'girl': 0.0}, 'phone': {'sunglasses': 0.0, 'glass': 0.0, 'phone': 1.0, 'woman': 0.0, 'girl': 0.0}, 'woman': {'sunglasses': 0.0, 'glass': 0.0, 'phone': 0.0, 'woman': 1.0, 'girl': 1.0}, 'girl': {'sunglasses': 0.0, 'glass': 0.0, 'phone': 0.0, 'woman': 1.0, 'girl': 1.0}}","[20, 135, 310, 365]","[11, 114, 284, 333]","{'woman': 25, 'girl': 2, 'phone': 3, 'glass': 2, 'sunglasses': 2, 'skirt': 1, 'cellphone': 1}","[['woman wearing a bikini with glasses and a cell phone in the foreground'], ['a beautiful woman on a boat'], ['the object in the red box is a woman holding a cell phone and looking at the camera.'], ['this young woman is looking at her cell phone'], ['a person with a cell phone'], ['the woman is wearing a yellow bikini'], ['woman wearing a bikini'], ['woman in the water'], ['the woman in the blue tank top'], ['the woman is wearing a blue top']]"
25144,2417281,2960903,http://manynames.upf.edu//2417281_2960903_woman.png,https://cs.stanford.edu/people/rak248/VG_100K_2/2417281.jpg,girl,people,woman.n.01,"{'player': 1.0, 'person': 1.0, 'tennis player': 1.0, 'woman': 1.0}",1.0,{'None': 1.0},2417281.jpg,person,"[{'28': ['player', 'person', 'tennis player', 'woman', 'girl']}, {'5': ['shoe']}]",woman,"{'shoe': 0.5, 'woman': 1.0, 'tennis player': 1.0, 'girl': 1.0, 'person': 1.0, 'player': 1.0}","{'shoe': {'bounding box': 0.8, 'None': 0.2}, 'woman': {'None': 1.0}, 'tennis player': {'None': 1.0}, 'girl': {'None': 1.0}, 'person': {'None': 1.0}, 'player': {'None': 1.0}}",28,0.4285714285714285,2.102047566277089,5,people,train,"{'shoe': {'shoe': 1.0, 'woman': 0.0, 'tennis player': 0.0, 'girl': 0.0, 'person': 0.0, 'player': 0.0}, 'woman': {'shoe': 0.0, 'woman': 1.0, 'tennis player': 1.0, 'girl': 1.0, 'person': 1.0, 'player': 1.0}, 'tennis player': {'shoe': 0.0, 'woman': 1.0, 'tennis player': 1.0, 'girl': 1.0, 'person': 1.0, 'player': 1.0}, 'girl': {'shoe': 0.0, 'woman': 1.0, 'tennis player': 1.0, 'girl': 1.0, 'person': 1.0, 'player': 1.0}, 'person': {'shoe': 0.0, 'woman': 1.0, 'tennis player': 1.0, 'girl': 1.0, 'person': 1.0, 'player': 1.0}, 'player': {'shoe': 0.0, 'woman': 1.0, 'tennis player': 1.0, 'girl': 1.0, 'person': 1.0, 'player': 1.0}}","[317, 47, 171, 269]","[371, 49, 211, 328]","{'woman': 12, 'tennis player': 5, 'girl': 5, 'person': 3, 'player': 3, 'shoe': 5, 'shirt': 1, 't-shirt': 1, 'teenager': 1}","[['tennis racket'], ['tennis racket'], [""the player's tennis racket""], ['the tennis ball'], ['the woman holding the tennis racket'], ['tennis racket'], ['tennis racket'], ['a tennis racket'], ['a tennis ball'], ['tennis racket']]"
852,713879,3601827,http://manynames.upf.edu//713879_3601827_man.png,https://cs.stanford.edu/people/rak248/VG_100K/713879.jpg,boy,people,male_child.n.01,"{'man': 1.0, 'person': 1.0}",1.0,{'None': 1.0},713879.jpg,person,"[{'29': ['man', 'person', 'boy']}, {'2': ['cap']}]",man,"{'cap': 0.33, 'man': 1.0, 'person': 1.0, 'boy': 1.0, 'male': 'NA', 'human': 'NA'}","{'cap': {'bounding box': 1.0}, 'man': {'None': 1.0}, 'person': {'None': 1.0}, 'boy': {'None': 1.0}, 'male': 'NA', 'human': 'NA'}",31,0.8064516129032258,1.0801187379879036,5,people,train,"{'cap': {'cap': 1.0, 'man': 0.0, 'person': 0.0, 'boy': 0.0, 'male': 'NA', 'human': 'NA'}, 'man': {'cap': 0.0, 'man': 1.0, 'person': 1.0, 'boy': 1.0, 'male': 'NA', 'human': 'NA'}, 'person': {'cap': 0.0, 'man': 1.0, 'person': 1.0, 'boy': 1.0, 'male': 'NA', 'human': 'NA'}, 'boy': {'cap': 0.0, 'man': 1.0, 'person': 1.0, 'boy': 1.0, 'male': 'NA', 'human': 'NA'}, 'male': {'cap': 'NA', 'man': 'NA', 'person': 'NA', 'boy': 'NA', 'male': 'NA', 'human': 'NA'}, 'human': {'cap': 'NA', 'man': 'NA', 'person': 'NA', 'boy': 'NA', 'male': 'NA', 'human': 'NA'}}","[160, 197, 514, 788]","[63, 79, 231, 351]","{'man': 25, 'person': 2, 'boy': 2, 'male': 1, 'human': 1, 'cap': 2, 't-shirt': 1, 'student': 1}","[['the person sitting in the photo is a young man'], ['a man'], ['a boy sitting on a dock'], ['the man sitting on the dock'], ['man wearing red cap sitting on a ledge'], ['a man in a hat'], ['the man on the left'], ['people sitting on the ground'], ['the man with the glasses and the white hat'], ['people']]"
16856,2381729,1334407,http://manynames.upf.edu//2381729_1334407_girl.png,https://cs.stanford.edu/people/rak248/VG_100K_2/2381729.jpg,girl,people,woman.n.01,{'child': 1.0},1.0,{'None': 1.0},2381729.jpg,person,"[{'33': ['girl', 'child']}]",girl,"{'girl': 1.0, 'child': 1.0}","{'girl': {'None': 1.0}, 'child': {'None': 1.0}}",33,0.7575757575757576,0.7990485210442682,2,people,train,"{'girl': {'girl': 1.0, 'child': 1.0}, 'child': {'girl': 1.0, 'child': 1.0}}","[96, 93, 159, 258]","[108, 104, 197, 315]","{'girl': 25, 'child': 8, 'children': 1, 'person': 1, 'baby': 1}","[['the little girl and boy on the bed with teddy bears'], ['two young children in bed with teddy bears'], ['two girls with stuffed animals'], ['the red teddy bear in the picture'], ['a little girl'], ['a boy holding a teddy bear'], ['a little girl with a stuffed animal'], ['the stuffed bear'], ['a teddy bear in a white bed'], [""a child's body, lying on a bed, holding a stuffed animal""]]"
808,713487,1584584,http://manynames.upf.edu//713487_1584584_woman.png,https://cs.stanford.edu/people/rak248/VG_100K/713487.jpg,lady,people,woman.n.01,"{'woman': 1.0, 'gamer': 0.67, 'girl': 1.0, 'person': 1.0}",1.0,{'None': 1.0},713487.jpg,person,"[{'27': ['lady', 'person', 'girl', 'woman', 'gamer']}, {'3': ['t-shirt']}]",woman,"{'t-shirt': 0.5, 'woman': 1.0, 'girl': 1.0, 'person': 1.0, 'gamer': 1.0, 'lady': 1.0}","{'t-shirt': {'bounding box': 0.7, 'None': 0.3}, 'woman': {'None': 1.0}, 'girl': {'None': 1.0}, 'person': {'None': 1.0}, 'gamer': {'None': 1.0}, 'lady': {'None': 1.0}}",27,0.5185185185185185,1.9062723398211248,5,people,,"{'t-shirt': {'t-shirt': 1.0, 'woman': 0.0, 'girl': 0.0, 'person': 0.0, 'gamer': 0.0, 'lady': 0.0}, 'woman': {'t-shirt': 0.0, 'woman': 1.0, 'girl': 1.0, 'person': 1.0, 'gamer': 0.67, 'lady': 1.0}, 'girl': {'t-shirt': 0.0, 'woman': 1.0, 'girl': 1.0, 'person': 1.0, 'gamer': 0.67, 'lady': 1.0}, 'person': {'t-shirt': 0.0, 'woman': 1.0, 'girl': 1.0, 'person': 1.0, 'gamer': 0.67, 'lady': 1.0}, 'gamer': {'t-shirt': 0.0, 'woman': 0.67, 'girl': 0.67, 'person': 0.67, 'gamer': 1.0, 'lady': 0.67}, 'lady': {'t-shirt': 0.0, 'woman': 1.0, 'girl': 1.0, 'person': 1.0, 'gamer': 0.67, 'lady': 1.0}}","[186, 139, 325, 764]","[74, 54, 149, 341]","{'woman': 14, 'girl': 5, 'person': 4, 'gamer': 2, 'lady': 2, 't-shirt': 3, 'pant': 1, 'trousers': 1, 'top': 1, 'jacket': 1, 'dress': 1, 'shorts': 1}","[['a woman in a white tank top and shorts is holding a remote control and standing in front of a'], ['a woman holding a wii remote'], ['a woman playing a video game'], ['woman holding remote controller'], ['a woman playing wii in a living room'], ['girl with long blonde hair'], ['a woman playing wii'], ['the woman'], ['a young lady holding a video game controller'], ['girl in shorts and t-shirt standing in living room holding a remote control']]"
966,1160147,1602254,http://manynames.upf.edu//1160147_1602254_man.png,https://cs.stanford.edu/people/rak248/VG_100K/1160147.jpg,man,people,man.n.01,{'soldier': 1.0},1.0,{'None': 1.0},1160147.jpg,person,"[{'33': ['soldier', 'man']}]",man,"{'man': 1.0, 'soldier': 1.0}","{'man': {'None': 1.0}, 'soldier': {'None': 1.0}}",33,0.7272727272727273,0.8453509366224365,2,people,train,"{'man': {'man': 1.0, 'soldier': 1.0}, 'soldier': {'man': 1.0, 'soldier': 1.0}}","[11, 8, 412, 733]","[0, 0, 187, 327]","{'man': 24, 'soldier': 9, 'jacket': 1, 'box': 1, 'dress': 1}","[['cake'], ['a military man with his family'], [''], ['cutlery'], [''], ['a military man cutting a cake'], ['a man in a camouflage uniform cutting a cake at a party'], ['a man cutting a birthday cake'], ['the cake'], ['a soldier cutting the cake']]"
5210,2336718,2429299,http://manynames.upf.edu//2336718_2429299_snowboarder.png,https://cs.stanford.edu/people/rak248/VG_100K/2336718.jpg,lady,people,woman.n.01,"{'person': 1.0, 'woman': 1.0, 'skier': 1.0, 'snowboarder': 1.0, 'man': 1.0}",1.0,{'None': 1.0},2336718.jpg,person,"[{'32': ['person', 'skier', 'man', 'snowboarder', 'woman']}, {'2': ['helmet']}]",snowboarder,"{'helmet': 0.5, 'snowboarder': 1.0, 'person': 1.0, 'skier': 0.83, 'man': 0.83, 'woman': 1.0}","{'helmet': {'bounding box': 1.0}, 'snowboarder': {'None': 1.0}, 'person': {'None': 1.0}, 'skier': {'linguistic': 0.3, 'None': 0.7}, 'man': {'linguistic': 0.3, 'None': 0.7}, 'woman': {'None': 1.0}}",32,0.375,2.1582594697016404,5,people,,"{'helmet': {'helmet': 1.0, 'snowboarder': 0.0, 'person': 0.0, 'skier': 0.0, 'man': 0.0, 'woman': 0.0}, 'snowboarder': {'helmet': 0.0, 'snowboarder': 1.0, 'person': 1.0, 'skier': 1.0, 'man': 1.0, 'woman': 1.0}, 'person': {'helmet': 0.0, 'snowboarder': 1.0, 'person': 1.0, 'skier': 1.0, 'man': 1.0, 'woman': 1.0}, 'skier': {'helmet': 0.0, 'snowboarder': 1.0, 'person': 1.0, 'skier': 1.0, 'man': 1.0, 'woman': 1.0}, 'man': {'helmet': 0.0, 'snowboarder': 1.0, 'person': 1.0, 'skier': 1.0, 'man': 1.0, 'woman': 1.0}, 'woman': {'helmet': 0.0, 'snowboarder': 1.0, 'person': 1.0, 'skier': 1.0, 'man': 1.0, 'woman': 1.0}}","[169, 16, 126, 307]","[195, 12, 157, 374]","{'snowboarder': 12, 'person': 7, 'skier': 6, 'man': 4, 'woman': 3, 'helmet': 2, 'dress': 1, 't-shirt': 1}","[['snowboarder'], ['the snowboarder'], ['a person snowboarding'], [''], ['the snowboarder'], ['the snowboarder is the first name that comes to mind'], ['a skier'], ['ski'], ['a snowboarder'], ['a person on a snowboard']]"
6714,2343925,3319794,http://manynames.upf.edu//2343925_3319794_woman.png,https://cs.stanford.edu/people/rak248/VG_100K/2343925.jpg,girl,people,woman.n.01,"{'hiker': 1.0, 'woman': 1.0}",1.0,{'None': 1.0},2343925.jpg,person,"[{'29': ['hiker', 'woman']}, {'3': ['backpack']}]",woman,"{'backpack': 0.5, 'woman': 1.0, 'hiker': 1.0, 'female': 'NA'}","{'backpack': {'bounding box': 1.0}, 'woman': {'None': 1.0}, 'hiker': {'None': 1.0}, 'female': 'NA'}",30,0.9,0.5608251769947303,3,people,train,"{'backpack': {'backpack': 1.0, 'woman': 0.0, 'hiker': 0.0, 'female': 'NA'}, 'woman': {'backpack': 0.0, 'woman': 1.0, 'hiker': 1.0, 'female': 'NA'}, 'hiker': {'backpack': 0.0, 'woman': 1.0, 'hiker': 1.0, 'female': 'NA'}, 'female': {'backpack': 'NA', 'woman': 'NA', 'hiker': 'NA', 'female': 'NA'}}","[20, 49, 211, 232]","[17, 52, 259, 284]","{'woman': 27, 'hiker': 2, 'female': 1, 'backpack': 3, 'girl': 1, 'person': 1, 'backpacker': 1}","[['the red box with the name that comes to mind is a fire hydrant'], ['a fire hydrant'], ['the red fire hydrant with eyes'], ['a fire hydrant'], ['a fire hydrant'], ['the fire hydrant with the green eyes'], ['the red fire hydrant with eyes and mouth'], ['a fire hydrant'], ['the fire hydrant'], ['this is a fire hydrant']]"
12898,2366938,2048891,http://manynames.upf.edu//2366938_2048891_skateboarder.png,https://cs.stanford.edu/people/rak248/VG_100K/2366938.jpg,skateboarder,people,athlete.n.01,"{'skater': 1.0, 'man': 1.0, 'person': 1.0}",1.0,{'None': 1.0},2366938.jpg,person,"[{'28': ['person', 'man', 'skateboarder', 'skater']}, {'3': ['helmet']}]",skateboarder,"{'helmet': 0.17, 'skateboarder': 1.0, 'skater': 1.0, 'man': 1.0, 'person': 1.0}","{'helmet': {'bounding box': 1.0}, 'skateboarder': {'None': 1.0}, 'skater': {'None': 1.0}, 'man': {'None': 1.0}, 'person': {'None': 1.0}}",28,0.4642857142857143,1.8030074660991144,4,people,train,"{'helmet': {'helmet': 1.0, 'skateboarder': 0.0, 'skater': 0.0, 'man': 0.0, 'person': 0.0}, 'skateboarder': {'helmet': 0.0, 'skateboarder': 1.0, 'skater': 1.0, 'man': 1.0, 'person': 1.0}, 'skater': {'helmet': 0.0, 'skateboarder': 1.0, 'skater': 1.0, 'man': 1.0, 'person': 1.0}, 'man': {'helmet': 0.0, 'skateboarder': 1.0, 'skater': 1.0, 'man': 1.0, 'person': 1.0}, 'person': {'helmet': 0.0, 'skateboarder': 1.0, 'skater': 1.0, 'man': 1.0, 'person': 1.0}}","[19, 33, 232, 212]","[10, 23, 214, 197]","{'skateboarder': 13, 'skater': 7, 'man': 5, 'person': 3, 'helmet': 3, 'skateboard': 1, 'scatting board': 1, 'boy': 1, 'daredevil': 1}","[['the boy riding the skateboard.'], ['the person in the red box with the first name that comes to mind is the boy on the skate'], ['the man on the skateboard'], ['the person on the skateboard'], ['a skateboarder'], ['a person doing a trick on a skateboard'], ['a person'], ['a skateboard'], ['a skateboarder'], ['a person in the air on a skateboard']]"
11686,2362719,1760763,http://manynames.upf.edu//2362719_1760763_woman.png,https://cs.stanford.edu/people/rak248/VG_100K/2362719.jpg,girl,people,woman.n.01,"{'woman': 1.0, 'person': 1.0}",1.0,{'None': 1.0},2362719.jpg,person,"[{'27': ['person', 'woman', 'girl']}]",woman,"{'woman': 1.0, 'girl': 1.0, 'person': 1.0, 'female': 'NA'}","{'woman': {'None': 1.0}, 'girl': {'None': 1.0}, 'person': {'None': 1.0}, 'female': 'NA'}",28,0.6428571428571429,1.3534215477588594,4,people,train,"{'woman': {'woman': 1.0, 'girl': 1.0, 'person': 1.0, 'female': 'NA'}, 'girl': {'woman': 1.0, 'girl': 1.0, 'person': 1.0, 'female': 'NA'}, 'person': {'woman': 1.0, 'girl': 1.0, 'person': 1.0, 'female': 'NA'}, 'female': {'woman': 'NA', 'girl': 'NA', 'person': 'NA', 'female': 'NA'}}","[391, 19, 107, 355]","[459, 16, 135, 430]","{'woman': 18, 'girl': 7, 'person': 2, 'female': 1, 'glass': 1, 'teen': 1, 'lady': 1, 'man': 1, 'shirt': 1, 'blue shirt': 1}","[['a skateboard'], ['a skateboard'], ['skateboard'], ['a skateboard'], ['a skateboard'], ['the red box with the first name that comes to mind is a skateboard'], ['a skateboard'], ['a skateboarder'], ['a skateboard'], ['the boy in the black shirt with the skateboard']]"
3178,2325731,985281,http://manynames.upf.edu//2325731_985281_woman.png,https://cs.stanford.edu/people/rak248/VG_100K/2325731.jpg,woman,people,woman.n.01,"{'lady': 1.0, 'person': 1.0}",1.0,{'None': 1.0},2325731.jpg,person,"[{'29': ['person', 'woman', 'lady']}, {'2': ['pizza']}]",woman,"{'pizza': 0.5, 'woman': 1.0, 'person': 1.0, 'lady': 1.0}","{'pizza': {'bounding box': 1.0}, 'woman': {'None': 1.0}, 'person': {'None': 1.0}, 'lady': {'None': 1.0}}",29,0.8275862068965517,0.830602115145806,3,people,train,"{'pizza': {'pizza': 1.0, 'woman': 0.0, 'person': 0.0, 'lady': 0.0}, 'woman': {'pizza': 0.0, 'woman': 1.0, 'person': 1.0, 'lady': 1.0}, 'person': {'pizza': 0.0, 'woman': 1.0, 'person': 1.0, 'lady': 1.0}, 'lady': {'pizza': 0.0, 'woman': 1.0, 'person': 1.0, 'lady': 1.0}}","[87, 55, 265, 318]","[97, 59, 323, 386]","{'woman': 24, 'person': 3, 'lady': 2, 'pizza': 2, 'bezant': 1, 'box': 1, 'snack': 1, 't-shirt': 1}","[['a pizza with cheese, tomato sauce, pepperoni and mozzarella'], ['the pizza'], ['the pizza in the picture'], ['the pizza in the middle of the table'], ['a pizza and a coke'], ['pizza box, water bottle'], ['a young lady sitting at a table'], ['pizza box with a slice'], ['pizza box'], ['the pizza and coke']]"
6400,2342704,2032054,http://manynames.upf.edu//2342704_2032054_man.png,https://cs.stanford.edu/people/rak248/VG_100K/2342704.jpg,gentleman,people,man.n.01,"{'person': 1.0, 'woman': 1.0, 'man': 1.0}",0.83,"{'visual': 0.3, 'None': 0.7}",2342704.jpg,person,"[{'22': ['man', 'person', 'woman']}, {'6': ['shirt', 't-shirt']}, {'2': ['eyeglasses']}, {'2': ['cat']}]",man,"{'eyeglasses': 0.33, 'shirt': 0.33, 't-shirt': 0.33, 'cat': 0.33, 'man': 0.83, 'person': 1.0, 'woman': 0.83}","{'eyeglasses': {'bounding box': 1.0}, 'shirt': {'bounding box': 1.0}, 't-shirt': {'bounding box': 1.0}, 'cat': {'bounding box': 1.0}, 'man': {'None': 0.7, 'visual': 0.3}, 'person': {'None': 1.0}, 'woman': {'None': 0.7, 'visual': 0.3}}",22,0.7272727272727273,1.0957952550009336,3,people,,"{'eyeglasses': {'eyeglasses': 1.0, 'shirt': 0.0, 't-shirt': 0.0, 'cat': 0.0, 'man': 0.0, 'person': 0.0, 'woman': 0.0}, 'shirt': {'eyeglasses': 0.0, 'shirt': 1.0, 't-shirt': 1.0, 'cat': 0.0, 'man': 0.0, 'person': 0.0, 'woman': 0.0}, 't-shirt': {'eyeglasses': 0.0, 'shirt': 1.0, 't-shirt': 1.0, 'cat': 0.0, 'man': 0.0, 'person': 0.0, 'woman': 0.0}, 'cat': {'eyeglasses': 0.0, 'shirt': 0.0, 't-shirt': 0.0, 'cat': 1.0, 'man': 0.0, 'person': 0.0, 'woman': 0.0}, 'man': {'eyeglasses': 0.0, 'shirt': 0.0, 't-shirt': 0.0, 'cat': 0.0, 'man': 1.0, 'person': 1.0, 'woman': 1.0}, 'person': {'eyeglasses': 0.0, 'shirt': 0.0, 't-shirt': 0.0, 'cat': 0.0, 'man': 1.0, 'person': 1.0, 'woman': 1.0}, 'woman': {'eyeglasses': 0.0, 'shirt': 0.0, 't-shirt': 0.0, 'cat': 0.0, 'man': 1.0, 'person': 1.0, 'woman': 1.0}}","[250, 0, 250, 169]","[291, 0, 305, 202]","{'man': 16, 'person': 4, 'woman': 2, 't-shirt': 3, 'shirt': 3, 'eyeglasses': 2, 'cat': 2, 'swing': 1}","[['a man'], ['this is an older gentleman with a beard'], ['a black cat'], [""the black cat sitting on the man's shoulder""], ['a cat'], ['mr. smith'], ['this is a black cat'], ['this is a man sitting in a chair'], ['man in gray shirt'], ['an old man sitting on a bench']]"
22514,2407071,285923,http://manynames.upf.edu//2407071_285923_man.png,https://cs.stanford.edu/people/rak248/VG_100K_2/2407071.jpg,dude,people,man.n.01,{'man': 1.0},1.0,{'None': 1.0},2407071.jpg,person,"[{'28': ['man']}, {'2': ['scissors']}, {'2': ['shirt']}, {'2': ['glass']}]",man,"{'scissors': 0.33, 'glass': 0.17, 'shirt': 0.33, 'man': 1.0, 'person': 'NA'}","{'scissors': {'bounding box': 1.0}, 'glass': {'bounding box': 1.0}, 'shirt': {'bounding box': 1.0}, 'man': {'None': 1.0}, 'person': 'NA'}",29,0.9655172413793104,0.2163969324512645,2,people,,"{'scissors': {'scissors': 1.0, 'glass': 0.0, 'shirt': 0.0, 'man': 0.0, 'person': 'NA'}, 'glass': {'scissors': 0.0, 'glass': 1.0, 'shirt': 0.0, 'man': 0.0, 'person': 'NA'}, 'shirt': {'scissors': 0.0, 'glass': 0.0, 'shirt': 1.0, 'man': 0.0, 'person': 'NA'}, 'man': {'scissors': 0.0, 'glass': 0.0, 'shirt': 0.0, 'man': 1.0, 'person': 'NA'}, 'person': {'scissors': 'NA', 'glass': 'NA', 'shirt': 'NA', 'man': 'NA', 'person': 'NA'}}","[18, 91, 313, 408]","[9, 74, 287, 372]","{'man': 28, 'person': 1, 'scissors': 2, 'glass': 2, 'shirt': 2, 'rises': 1}","[['a pair of scissors'], ['the big giant scissors'], ['a man with a giant pair of scissors'], ['this is a pair of large scissors'], ['a giant pair of scissors'], ['a pair of big scissors'], ['this is a giant pair of scissors'], ['the giant pair of scissors'], ['a big pair of scissors'], ['a large pair of scissors']]"
22573,2407301,282038,http://manynames.upf.edu//2407301_282038_man.png,https://cs.stanford.edu/people/rak248/VG_100K_2/2407301.jpg,man,people,man.n.01,{'person': 1.0},1.0,{'None': 1.0},2407301.jpg,person,"[{'31': ['person', 'man']}, {'2': ['shirt']}]",man,"{'shirt': 0.33, 'man': 1.0, 'person': 0.83}","{'shirt': {'bounding box': 1.0}, 'man': {'None': 1.0}, 'person': {'None': 0.7, 'bounding box': 0.3}}",31,0.935483870967742,0.345117314944953,2,people,train,"{'shirt': {'shirt': 1.0, 'man': 0.0, 'person': 0.0}, 'man': {'shirt': 0.0, 'man': 1.0, 'person': 1.0}, 'person': {'shirt': 0.0, 'man': 1.0, 'person': 1.0}}","[94, 61, 214, 272]","[105, 66, 263, 332]","{'man': 29, 'person': 2, 'shirt': 2, 'belt': 1, 't-shirt': 1, 'plumber': 1}","[['the man kneeling in front of the bathtub'], ['a white bathtub'], ['a bathtub in the bathroom'], ['a white bathtub'], ['a toilet'], [''], ['bathtub'], ['a toilet'], ['bathtub, shower, toilet, tub surround'], ['the bathtub']]"
19088,2391926,1235960,http://manynames.upf.edu//2391926_1235960_man.png,https://cs.stanford.edu/people/rak248/VG_100K_2/2391926.jpg,person,people,man.n.01,"{'man': 1.0, 'surfer': 1.0}",1.0,{'None': 1.0},2391926.jpg,person,"[{'35': ['person', 'surfer', 'man']}]",man,"{'man': 1.0, 'surfer': 1.0, 'person': 1.0}","{'man': {'None': 1.0}, 'surfer': {'None': 1.0}, 'person': {'None': 1.0}}",35,0.4857142857142857,1.2582296369090873,3,people,train,"{'man': {'man': 1.0, 'surfer': 1.0, 'person': 1.0}, 'surfer': {'man': 1.0, 'surfer': 1.0, 'person': 1.0}, 'person': {'man': 1.0, 'surfer': 1.0, 'person': 1.0}}","[304, 45, 134, 325]","[318, 41, 150, 355]","{'man': 17, 'surfer': 16, 'person': 2, 'dude': 1}","[['the surfer holding the surfboard'], ['surfer'], [''], ['a surfboard'], ['a man carrying a surfboard on the beach'], ['a surfer with his board and a man on the beach with his board'], ['surfer with board'], ['surfer in the water with a board'], ['a man on a beach holding a surfboard'], ['the man with the surfboard']]"
22803,2408160,1094460,http://manynames.upf.edu//2408160_1094460_girl.png,https://cs.stanford.edu/people/rak248/VG_100K_2/2408160.jpg,girl,people,woman.n.01,"{'toddler': 1.0, 'person': 1.0, 'child': 1.0, 'kid': 1.0}",1.0,{'None': 1.0},2408160.jpg,person,"[{'33': ['kid', 'girl', 'person', 'toddler', 'child']}]",girl,"{'girl': 1.0, 'child': 1.0, 'kid': 1.0, 'person': 1.0, 'toddler': 1.0}","{'girl': {'None': 1.0}, 'child': {'None': 1.0}, 'kid': {'None': 1.0}, 'person': {'None': 1.0}, 'toddler': {'None': 1.0}}",33,0.4545454545454545,1.7830938483650702,5,people,test,"{'girl': {'girl': 1.0, 'child': 1.0, 'kid': 1.0, 'person': 1.0, 'toddler': 1.0}, 'child': {'girl': 1.0, 'child': 1.0, 'kid': 1.0, 'person': 1.0, 'toddler': 1.0}, 'kid': {'girl': 1.0, 'child': 1.0, 'kid': 1.0, 'person': 1.0, 'toddler': 1.0}, 'person': {'girl': 1.0, 'child': 1.0, 'kid': 1.0, 'person': 1.0, 'toddler': 1.0}, 'toddler': {'girl': 1.0, 'child': 1.0, 'kid': 1.0, 'person': 1.0, 'toddler': 1.0}}","[237, 3, 161, 324]","[246, 0, 179, 353]","{'girl': 15, 'child': 12, 'kid': 2, 'person': 2, 'toddler': 2, 'toothbrush': 1, 'brush': 1, 'brushing': 1}","[[''], ['a young child brushing her teeth in a small bedroom'], ['a small girl holding a toothbrush'], ['a young child is brushing her teeth'], ['this is a little girl brushing her teeth'], ['the young child is brushing her teeth'], ['a toy.  the toy is a toothbrush.'], ['a young child brushing her teeth'], ['a young girl with a toothbrush'], ['a toothbrush']]"
6997,2345037,3318371,http://manynames.upf.edu//2345037_3318371_man.png,https://cs.stanford.edu/people/rak248/VG_100K/2345037.jpg,man,people,man.n.01,{'person': 1.0},1.0,{'None': 1.0},2345037.jpg,person,"[{'25': ['person', 'man']}, {'8': ['shirt', 't-shirt']}]",man,"{'shirt': 0.17, 't-shirt': 0.17, 'man': 1.0, 'person': 1.0}","{'shirt': {'bounding box': 1.0}, 't-shirt': {'bounding box': 1.0}, 'man': {'None': 1.0}, 'person': {'None': 1.0}}",25,0.88,0.5293608652873645,2,people,train,"{'shirt': {'shirt': 1.0, 't-shirt': 1.0, 'man': 0.0, 'person': 0.0}, 't-shirt': {'shirt': 1.0, 't-shirt': 1.0, 'man': 0.0, 'person': 0.0}, 'man': {'shirt': 0.0, 't-shirt': 0.0, 'man': 1.0, 'person': 1.0}, 'person': {'shirt': 0.0, 't-shirt': 0.0, 'man': 1.0, 'person': 1.0}}","[352, 115, 148, 260]","[413, 130, 183, 317]","{'man': 22, 'person': 3, 'shirt': 6, 't-shirt': 2, 'guy': 1, 'tress': 1, 'rope': 1}","[['mr. brown'], [''], ['the rock'], ['the first name that comes to mind is...'], ['mr. john doe'], ['the object in the red box is a sign, a rock and a man'], ['the first person in the middle'], ['an old man in a striped shirt'], ['the man with the blue hat is the man in the red shirt'], ['the blue man']]"
4922,2335268,2169909,http://manynames.upf.edu//2335268_2169909_boy.png,https://cs.stanford.edu/people/rak248/VG_100K/2335268.jpg,pitcher,people,athlete.n.01,"{'child': 1.0, 'person': 1.0, 'player': 1.0, 'boy': 1.0, 'baseball player': 1.0}",1.0,{'None': 1.0},2335268.jpg,person,"[{'31': ['boy', 'child', 'baseball player', 'person', 'pitcher', 'player']}, {'2': ['ball']}]",boy,"{'ball': 0.17, 'boy': 1.0, 'baseball player': 1.0, 'pitcher': 1.0, 'person': 1.0, 'child': 1.0, 'player': 1.0}","{'ball': {'bounding box': 1.0}, 'boy': {'None': 1.0}, 'baseball player': {'None': 1.0}, 'pitcher': {'None': 1.0}, 'person': {'None': 1.0}, 'child': {'None': 1.0}, 'player': {'None': 1.0}}",31,0.4838709677419355,2.148780603589196,6,people,train,"{'ball': {'ball': 1.0, 'boy': 0.0, 'baseball player': 0.0, 'pitcher': 0.0, 'person': 0.0, 'child': 0.0, 'player': 0.0}, 'boy': {'ball': 0.0, 'boy': 1.0, 'baseball player': 1.0, 'pitcher': 1.0, 'person': 1.0, 'child': 1.0, 'player': 1.0}, 'baseball player': {'ball': 0.0, 'boy': 1.0, 'baseball player': 1.0, 'pitcher': 1.0, 'person': 1.0, 'child': 1.0, 'player': 1.0}, 'pitcher': {'ball': 0.0, 'boy': 1.0, 'baseball player': 1.0, 'pitcher': 1.0, 'person': 1.0, 'child': 1.0, 'player': 1.0}, 'person': {'ball': 0.0, 'boy': 1.0, 'baseball player': 1.0, 'pitcher': 1.0, 'person': 1.0, 'child': 1.0, 'player': 1.0}, 'child': {'ball': 0.0, 'boy': 1.0, 'baseball player': 1.0, 'pitcher': 1.0, 'person': 1.0, 'child': 1.0, 'player': 1.0}, 'player': {'ball': 0.0, 'boy': 1.0, 'baseball player': 1.0, 'pitcher': 1.0, 'person': 1.0, 'child': 1.0, 'player': 1.0}}","[174, 10, 306, 325]","[201, 5, 372, 394]","{'boy': 15, 'baseball player': 5, 'pitcher': 4, 'person': 3, 'child': 2, 'player': 2, 'ball': 2, 'shortstop': 1, 'baseball glove': 1, 'girl': 1}","[['baseball'], ['a boy throwing a baseball'], ['the little kid in the white uniform holding the ball'], ['a young baseball player'], ['a young boy holding a baseball'], ['the pitcher'], ['baseball'], ['the boy throwing the ball'], ['a baseball player throwing a baseball'], ['a baseball']]"
15950,2378041,562485,http://manynames.upf.edu//2378041_562485_child.png,https://cs.stanford.edu/people/rak248/VG_100K_2/2378041.jpg,boy,people,male_child.n.01,"{'child': 1.0, 'skateboard': 0.33, 'skater': 1.0, 'skateboarder': 1.0, 'toddler': 1.0}",1.0,{'None': 1.0},2378041.jpg,person,"[{'27': ['skateboarder', 'child', 'skater', 'toddler', 'boy']}, {'2': ['skateboard']}]",child,"{'child': 1.0, 'boy': 1.0, 'skateboarder': 1.0, 'skater': 1.0, 'toddler': 1.0, 'skateboard': 0.5, 'kid': 'NA', 'baby': 'NA'}","{'child': {'None': 1.0}, 'boy': {'None': 1.0}, 'skateboarder': {'None': 1.0}, 'skater': {'None': 1.0}, 'toddler': {'None': 1.0}, 'skateboard': {'None': 0.3, 'bounding box': 0.7}, 'kid': 'NA', 'baby': 'NA'}",31,0.4193548387096774,2.4874142357922144,8,people,train,"{'child': {'child': 1.0, 'boy': 1.0, 'skateboarder': 1.0, 'skater': 1.0, 'toddler': 1.0, 'skateboard': 0.33, 'kid': 'NA', 'baby': 'NA'}, 'boy': {'child': 1.0, 'boy': 1.0, 'skateboarder': 1.0, 'skater': 1.0, 'toddler': 1.0, 'skateboard': 0.33, 'kid': 'NA', 'baby': 'NA'}, 'skateboarder': {'child': 1.0, 'boy': 1.0, 'skateboarder': 1.0, 'skater': 1.0, 'toddler': 1.0, 'skateboard': 0.33, 'kid': 'NA', 'baby': 'NA'}, 'skater': {'child': 1.0, 'boy': 1.0, 'skateboarder': 1.0, 'skater': 1.0, 'toddler': 1.0, 'skateboard': 0.33, 'kid': 'NA', 'baby': 'NA'}, 'toddler': {'child': 1.0, 'boy': 1.0, 'skateboarder': 1.0, 'skater': 1.0, 'toddler': 1.0, 'skateboard': 0.33, 'kid': 'NA', 'baby': 'NA'}, 'skateboard': {'child': 0.33, 'boy': 0.33, 'skateboarder': 0.33, 'skater': 0.33, 'toddler': 0.33, 'skateboard': 1.0, 'kid': 'NA', 'baby': 'NA'}, 'kid': {'child': 'NA', 'boy': 'NA', 'skateboarder': 'NA', 'skater': 'NA', 'toddler': 'NA', 'skateboard': 'NA', 'kid': 'NA', 'baby': 'NA'}, 'baby': {'child': 'NA', 'boy': 'NA', 'skateboarder': 'NA', 'skater': 'NA', 'toddler': 'NA', 'skateboard': 'NA', 'kid': 'NA', 'baby': 'NA'}}","[25, 0, 110, 168]","[40, 0, 212, 320]","{'child': 13, 'boy': 5, 'skateboarder': 4, 'skater': 3, 'toddler': 2, 'skateboard': 2, 'kid': 1, 'baby': 1, 'shirt': 1, 'helmet': 1, 'headgear': 1, 'cap': 1, 'skating board': 1}","[['a child'], ['a young boy'], ['a skateboard'], ['skateboard'], ['a skateboard'], ['a child riding a skateboard'], ['a skateboard'], ['the skateboard'], ['a small child wearing a helmet'], ['a child']]"
4677,2334000,3142917,http://manynames.upf.edu//2334000_3142917_woman.png,https://cs.stanford.edu/people/rak248/VG_100K/2334000.jpg,girl,people,woman.n.01,{'woman': 1.0},1.0,{'None': 1.0},2334000.jpg,person,"[{'33': ['woman', 'girl']}]",woman,"{'woman': 1.0, 'girl': 1.0}","{'woman': {'None': 1.0}, 'girl': {'None': 1.0}}",33,0.8181818181818182,0.6840384356390417,2,people,train,"{'woman': {'woman': 1.0, 'girl': 1.0}, 'girl': {'woman': 1.0, 'girl': 1.0}}","[119, 33, 120, 422]","[99, 23, 114, 384]","{'woman': 27, 'girl': 6, 'person': 1, 'player': 1}","[['the woman in the bikini in the photo.'], ['the woman throwing a frisbee on the beach'], ['woman throwing a frisbee'], ['the woman standing on the beach throwing a frisbee'], ['the person in the picture, the beach, the frisbee, the frisbee is a'], ['a girl playing frisbee'], ['a woman playing frisbee'], ['the woman in the bikini.'], ['a girl is throwing a frisbee at a person'], ['a girl throwing a frisbee']]"
4581,2333491,3687758,http://manynames.upf.edu//2333491_3687758_man.png,https://cs.stanford.edu/people/rak248/VG_100K/2333491.jpg,boy,people,male_child.n.01,"{'skateboarder': 1.0, 'person': 1.0, 'man': 1.0, 'skater': 1.0}",1.0,{'None': 1.0},2333491.jpg,person,"[{'29': ['person', 'man', 'skateboarder', 'skater', 'boy']}]",man,"{'man': 1.0, 'skater': 1.0, 'boy': 1.0, 'skateboarder': 1.0, 'person': 1.0}","{'man': {'None': 1.0}, 'skater': {'None': 1.0}, 'boy': {'None': 1.0}, 'skateboarder': {'None': 1.0}, 'person': {'None': 1.0}}",29,0.4482758620689655,2.012736571251679,5,people,train,"{'man': {'man': 1.0, 'skater': 1.0, 'boy': 1.0, 'skateboarder': 1.0, 'person': 1.0}, 'skater': {'man': 1.0, 'skater': 1.0, 'boy': 1.0, 'skateboarder': 1.0, 'person': 1.0}, 'boy': {'man': 1.0, 'skater': 1.0, 'boy': 1.0, 'skateboarder': 1.0, 'person': 1.0}, 'skateboarder': {'man': 1.0, 'skater': 1.0, 'boy': 1.0, 'skateboarder': 1.0, 'person': 1.0}, 'person': {'man': 1.0, 'skater': 1.0, 'boy': 1.0, 'skateboarder': 1.0, 'person': 1.0}}","[150, 0, 134, 391]","[127, 0, 127, 357]","{'man': 13, 'skater': 7, 'boy': 4, 'skateboarder': 3, 'person': 2, 'female': 1, 'women': 1, 'shirt': 1, 'teenager': 1, 'guy': 1, 'dress': 1, 't-shirt': 1}","[['the person on the skateboard'], ['a skateboarder'], ['the guy on the skateboard'], ['a man'], ['a skateboarder'], ['the red box with the first name that comes to mind'], [''], ['the man in the striped shirt'], ['the boy on the skateboard'], ['a guy on a skateboard']]"
21277,2402097,1140306,http://manynames.upf.edu//2402097_1140306_woman.png,https://cs.stanford.edu/people/rak248/VG_100K_2/2402097.jpg,woman,people,woman.n.01,"{'person': 1.0, 'skirt': 0.33, 'girl': 1.0}",1.0,{'None': 1.0},2402097.jpg,person,"[{'22': ['person', 'woman', 'girl']}, {'8': ['skirt']}]",woman,"{'woman': 1.0, 'skirt': 0.5, 'person': 1.0, 'girl': 1.0}","{'woman': {'None': 1.0}, 'skirt': {'bounding box': 1.0}, 'person': {'None': 1.0}, 'girl': {'None': 1.0}}",30,0.5666666666666667,1.565498735494544,4,people,train,"{'woman': {'woman': 1.0, 'skirt': 0.33, 'person': 1.0, 'girl': 1.0}, 'skirt': {'woman': 0.33, 'skirt': 1.0, 'person': 0.33, 'girl': 0.33}, 'person': {'woman': 1.0, 'skirt': 0.33, 'person': 1.0, 'girl': 1.0}, 'girl': {'woman': 1.0, 'skirt': 0.33, 'person': 1.0, 'girl': 1.0}}","[3, 65, 137, 268]","[0, 71, 171, 327]","{'woman': 17, 'skirt': 8, 'person': 3, 'girl': 2, 'dress': 1, 't-shirt': 1, 'customer': 1, 'onlooker': 1, 'grill': 1, 'lady': 1}","[['the white box on the left'], ['a chair'], ['a picture of my son'], ['a baby doll'], ['a child'], ['a flower pot'], ['a beautiful woman holding a child'], ['a doll'], ['an infant child in the red box'], ['it is a white object']]"
5807,2339899,3691812,http://manynames.upf.edu//2339899_3691812_woman.png,https://cs.stanford.edu/people/rak248/VG_100K/2339899.jpg,lady,people,woman.n.01,"{'skier': 0.67, 'woman': 1.0}",0.83,"{'visual': 0.3, 'None': 0.7}",2339899.jpg,person,"[{'27': ['skier', 'woman']}, {'3': ['shoe']}]",woman,"{'shoe': 0.17, 'woman': 0.83, 'skier': 1.0}","{'shoe': {'bounding box': 1.0}, 'woman': {'visual': 0.3, 'None': 0.7}, 'skier': {'None': 1.0}}",27,0.6666666666666666,0.9182958340544892,2,people,,"{'shoe': {'shoe': 1.0, 'woman': 0.0, 'skier': 0.0}, 'woman': {'shoe': 0.0, 'woman': 1.0, 'skier': 0.67}, 'skier': {'shoe': 0.0, 'woman': 0.67, 'skier': 1.0}}","[271, 0, 117, 355]","[316, 0, 146, 430]","{'woman': 18, 'skier': 9, 'shoe': 3, 'coat': 1, 'sky board': 1, 'shirt': 1, 'laboratory': 1, 'girl': 1, 'skate': 1}","[['a person in a snowstorm with skis on.'], ['skis'], ['a person holding a pair of skis and wearing a hat and jacket.'], ['person'], ['person with skis, in snow'], ['skis'], ['the ski poles'], ['ski poles'], ['the woman is holding a pair of skis.'], ['ski pole']]"
24770,2415667,3405598,http://manynames.upf.edu//2415667_3405598_man.png,https://cs.stanford.edu/people/rak248/VG_100K_2/2415667.jpg,batter,people,athlete.n.01,"{'man': 1.0, 'person': 1.0, 'baseball player': 1.0, 'player': 1.0}",1.0,{'None': 1.0},2415667.jpg,person,"[{'32': ['man', 'batter', 'person', 'player', 'baseball player']}]",man,"{'man': 1.0, 'player': 1.0, 'batter': 1.0, 'baseball player': 1.0, 'person': 1.0}","{'man': {'None': 1.0}, 'player': {'None': 1.0}, 'batter': {'None': 1.0}, 'baseball player': {'None': 1.0}, 'person': {'None': 1.0}}",32,0.34375,2.157301337867077,5,people,train,"{'man': {'man': 1.0, 'player': 1.0, 'batter': 1.0, 'baseball player': 1.0, 'person': 1.0}, 'player': {'man': 1.0, 'player': 1.0, 'batter': 1.0, 'baseball player': 1.0, 'person': 1.0}, 'batter': {'man': 1.0, 'player': 1.0, 'batter': 1.0, 'baseball player': 1.0, 'person': 1.0}, 'baseball player': {'man': 1.0, 'player': 1.0, 'batter': 1.0, 'baseball player': 1.0, 'person': 1.0}, 'person': {'man': 1.0, 'player': 1.0, 'batter': 1.0, 'baseball player': 1.0, 'person': 1.0}}","[147, 121, 167, 377]","[124, 101, 156, 344]","{'man': 11, 'player': 7, 'batter': 7, 'baseball player': 5, 'person': 2, 'athlete': 1, 'baseball batter': 1, 'bat': 1, 'cap': 1}","[['the bat that is used to hit the ball.'], ['the baseball'], ['the batter at bat'], ['a baseball bat'], [""the baseball bat at the end of the batter's stance""], ['the baseball bat'], ['a baseball bat'], ['the baseball player'], ['a baseball'], ['baseball bat']]"
22587,2407344,3810748,http://manynames.upf.edu//2407344_3810748_plane.png,https://cs.stanford.edu/people/rak248/VG_100K_2/2407344.jpg,jet,vehicles,aircraft.n.01,"{'airliner': 1.0, 'airplane': 1.0, 'plane': 1.0}",1.0,{'None': 1.0},2407344.jpg,vehicle,"[{'34': ['airplane', 'jet', 'plane', 'airliner']}]",plane,"{'plane': 1.0, 'airplane': 1.0, 'airliner': 1.0, 'jet': 1.0}","{'plane': {'None': 1.0}, 'airplane': {'None': 1.0}, 'airliner': {'None': 1.0}, 'jet': {'None': 1.0}}",34,0.4705882352941176,1.5197284615795614,4,vehicles,train,"{'plane': {'plane': 1.0, 'airplane': 1.0, 'airliner': 1.0, 'jet': 1.0}, 'airplane': {'plane': 1.0, 'airplane': 1.0, 'airliner': 1.0, 'jet': 1.0}, 'airliner': {'plane': 1.0, 'airplane': 1.0, 'airliner': 1.0, 'jet': 1.0}, 'jet': {'plane': 1.0, 'airplane': 1.0, 'airliner': 1.0, 'jet': 1.0}}","[73, 123, 402, 89]","[80, 140, 487, 113]","{'plane': 16, 'airplane': 14, 'airliner': 2, 'jet': 2, 'wings': 1, 'aero plane': 1}",[]
20660,2399191,418396,http://manynames.upf.edu//2399191_418396_motorcycle.png,https://cs.stanford.edu/people/rak248/VG_100K_2/2399191.jpg,motorcycle,vehicles,motorcycle.n.01,{'bike': 1.0},1.0,{'None': 1.0},2399191.jpg,vehicle,"[{'31': ['motorcycle', 'bike']}, {'5': ['wheel']}]",motorcycle,"{'wheel': 0.17, 'motorcycle': 1.0, 'bike': 1.0}","{'wheel': {'bounding box': 1.0}, 'motorcycle': {'None': 1.0}, 'bike': {'None': 1.0}}",31,0.7741935483870968,0.7706290693639406,2,vehicles,train,"{'wheel': {'wheel': 1.0, 'motorcycle': 0.0, 'bike': 0.0}, 'motorcycle': {'wheel': 0.0, 'motorcycle': 1.0, 'bike': 1.0}, 'bike': {'wheel': 0.0, 'motorcycle': 1.0, 'bike': 1.0}}","[0, 53, 336, 216]","[0, 56, 408, 265]","{'motorcycle': 24, 'bike': 7, 'wheel': 5}",[]
9683,2355505,1785515,http://manynames.upf.edu//2355505_1785515_boat.png,https://cs.stanford.edu/people/rak248/VG_100K/2355505.jpg,boat,vehicles,boat.n.01,{'ship': 1.0},1.0,{'None': 1.0},2355505.jpg,vehicle,"[{'34': ['ship', 'boat']}]",boat,"{'boat': 1.0, 'ship': 1.0}","{'boat': {'None': 1.0}, 'ship': {'None': 1.0}}",34,0.9117647058823528,0.4305518670104393,2,vehicles,train,"{'boat': {'boat': 1.0, 'ship': 1.0}, 'ship': {'boat': 1.0, 'ship': 1.0}}","[39, 46, 302, 193]","[40, 48, 368, 237]","{'boat': 31, 'ship': 3, 'shoe': 1, 'tugboat': 1}",[]
23855,2411981,205544,http://manynames.upf.edu//2411981_205544_truck.png,https://cs.stanford.edu/people/rak248/VG_100K_2/2411981.jpg,truck,vehicles,truck.n.01,{'car': 1.0},1.0,{'None': 1.0},2411981.jpg,vehicle,"[{'30': ['truck', 'car']}, {'2': ['wheel']}]",truck,"{'wheel': 0.5, 'truck': 1.0, 'car': 1.0}","{'wheel': {'bounding box': 1.0}, 'truck': {'None': 1.0}, 'car': {'None': 1.0}}",30,0.9,0.4689955935892813,2,vehicles,test,"{'wheel': {'wheel': 1.0, 'truck': 0.0, 'car': 0.0}, 'truck': {'wheel': 0.0, 'truck': 1.0, 'car': 1.0}, 'car': {'wheel': 0.0, 'truck': 1.0, 'car': 1.0}}","[46, 51, 310, 150]","[48, 54, 377, 186]","{'truck': 27, 'car': 3, 'wheel': 2, 'vehicle': 1, 'suv': 1, 'automobile': 1, 'pickup truck': 1}",[]
1313,2316244,3312928,http://manynames.upf.edu//2316244_3312928_marina.png,https://cs.stanford.edu/people/rak248/VG_100K/2316244.jpg,boat,vehicles,boat.n.01,{},0.33,{'bounding box': 1.0},2316244.jpg,vehicle,"[{'25': ['harbor', 'docks', 'marina', 'port']}, {'2': ['boat']}]",marina,"{'boat': 0.33, 'marina': 1.0, 'docks': 1.0, 'port': 1.0, 'harbor': 1.0}","{'boat': {'bounding box': 1.0}, 'marina': {'None': 1.0}, 'docks': {'None': 1.0}, 'port': {'None': 1.0}, 'harbor': {'None': 1.0}}",25,0.52,1.718845535995202,4,buildings,train,"{'boat': {'boat': 1.0, 'marina': 0.0, 'docks': 0.0, 'port': 0.0, 'harbor': 0.0}, 'marina': {'boat': 0.0, 'marina': 1.0, 'docks': 1.0, 'port': 1.0, 'harbor': 1.0}, 'docks': {'boat': 0.0, 'marina': 1.0, 'docks': 1.0, 'port': 1.0, 'harbor': 1.0}, 'port': {'boat': 0.0, 'marina': 1.0, 'docks': 1.0, 'port': 1.0, 'harbor': 1.0}, 'harbor': {'boat': 0.0, 'marina': 1.0, 'docks': 1.0, 'port': 1.0, 'harbor': 1.0}}","[0, 126, 499, 147]","[0, 143, 597, 183]","{'marina': 13, 'docks': 6, 'port': 3, 'harbor': 3, 'boat': 2, 'sea': 1, 'ship': 1, 'bay': 1, 'pole': 1, 'shipyard': 1, 'pier': 1, 'docking area': 1}",[]
6676,2343770,2753665,http://manynames.upf.edu//2343770_2753665_car.png,https://cs.stanford.edu/people/rak248/VG_100K/2343770.jpg,car,vehicles,car.n.01,{'vehicle': 0.67},1.0,{'None': 1.0},2343770.jpg,vehicle,"[{'34': ['vehicle', 'car']}]",car,"{'car': 1.0, 'vehicle': 1.0, 'automobile': 'NA'}","{'car': {'None': 1.0}, 'vehicle': {'None': 1.0}, 'automobile': 'NA'}",35,0.9142857142857144,0.5007115883735378,3,vehicles,train,"{'car': {'car': 1.0, 'vehicle': 0.67, 'automobile': 'NA'}, 'vehicle': {'car': 0.67, 'vehicle': 1.0, 'automobile': 'NA'}, 'automobile': {'car': 'NA', 'vehicle': 'NA', 'automobile': 'NA'}}","[0, 37, 245, 229]","[0, 37, 299, 280]","{'car': 32, 'vehicle': 2, 'automobile': 1, 'wheel': 1}",[]
21251,2401997,393679,http://manynames.upf.edu//2401997_393679_truck.png,https://cs.stanford.edu/people/rak248/VG_100K_2/2401997.jpg,truck,vehicles,truck.n.01,"{'firetruck': 0.67, 'car': 0.67}",1.0,{'None': 1.0},2401997.jpg,vehicle,"[{'34': ['firetruck', 'truck', 'car']}]",truck,"{'truck': 1.0, 'car': 0.67, 'firetruck': 0.83}","{'truck': {'None': 1.0}, 'car': {'linguistic': 0.3, 'None': 0.3, 'visual': 0.3}, 'firetruck': {'linguistic': 0.3, 'None': 0.7}}",34,0.7941176470588235,0.9363790159392475,3,vehicles,train,"{'truck': {'truck': 1.0, 'car': 0.67, 'firetruck': 0.67}, 'car': {'truck': 0.67, 'car': 1.0, 'firetruck': 0.67}, 'firetruck': {'truck': 0.67, 'car': 0.67, 'firetruck': 1.0}}","[9, 87, 419, 391]","[1, 71, 382, 357]","{'truck': 27, 'car': 4, 'firetruck': 3, 'vehicle': 1, 'pickup truck': 1}",[]
16801,2381447,1336577,http://manynames.upf.edu//2381447_1336577_car.png,https://cs.stanford.edu/people/rak248/VG_100K_2/2381447.jpg,car,vehicles,car.n.01,{'vehicle': 1.0},1.0,{'None': 1.0},2381447.jpg,vehicle,"[{'32': ['vehicle', 'car']}]",car,"{'car': 1.0, 'vehicle': 1.0}","{'car': {'None': 1.0}, 'vehicle': {'None': 1.0}}",32,0.9375,0.3372900666170139,2,vehicles,train,"{'car': {'car': 1.0, 'vehicle': 1.0}, 'vehicle': {'car': 1.0, 'vehicle': 1.0}}","[248, 0, 252, 357]","[278, 0, 297, 417]","{'car': 30, 'vehicle': 2, 'bumper': 1, 'fender': 1, 'licentiate': 1, 'car back': 1}",[]
6382,2342621,932319,http://manynames.upf.edu//2342621_932319_train.png,https://cs.stanford.edu/people/rak248/VG_100K/2342621.jpg,train,vehicles,train.n.01,{},1.0,{'None': 1.0},2342621.jpg,vehicle,[{'34': ['train']}],train,{'train': 1.0},{'train': {'None': 1.0}},34,1.0,0.0,1,vehicles,train,{'train': {'train': 1.0}},"[162, 61, 298, 207]","[186, 66, 363, 254]","{'train': 34, 'engine car': 1, 'engine': 1}",[]
20846,2400166,410982,http://manynames.upf.edu//2400166_410982_airplane.png,https://cs.stanford.edu/people/rak248/VG_100K_2/2400166.jpg,plane,vehicles,aircraft.n.01,"{'airplane': 1.0, 'jet': 1.0}",1.0,{'None': 1.0},2400166.jpg,vehicle,"[{'35': ['jet', 'plane', 'airplane']}]",airplane,"{'airplane': 1.0, 'plane': 1.0, 'jet': 1.0}","{'airplane': {'None': 1.0}, 'plane': {'None': 1.0}, 'jet': {'None': 1.0}}",35,0.5428571428571428,1.2431803979668357,3,vehicles,val,"{'airplane': {'airplane': 1.0, 'plane': 1.0, 'jet': 1.0}, 'plane': {'airplane': 1.0, 'plane': 1.0, 'jet': 1.0}, 'jet': {'airplane': 1.0, 'plane': 1.0, 'jet': 1.0}}","[60, 97, 316, 93]","[65, 109, 384, 118]","{'airplane': 19, 'plane': 14, 'jet': 2, 'aerophone': 1}",[]
16244,2379158,1360417,http://manynames.upf.edu//2379158_1360417_train.png,https://cs.stanford.edu/people/rak248/VG_100K_2/2379158.jpg,train,vehicles,train.n.01,{},1.0,{'None': 1.0},2379158.jpg,vehicle,[{'34': ['train']}],train,{'train': 1.0},{'train': {'None': 1.0}},34,1.0,0.0,1,vehicles,train,{'train': {'train': 1.0}},"[95, 35, 306, 256]","[106, 35, 372, 313]","{'train': 34, 'tram': 1, 'headlight': 1}",[]
17933,2386408,1286257,http://manynames.upf.edu//2386408_1286257_jet.png,https://cs.stanford.edu/people/rak248/VG_100K_2/2386408.jpg,airplane,vehicles,aircraft.n.01,"{'jet': 1.0, 'plane': 1.0, 'fighter jet': 1.0}",1.0,{'None': 1.0},2386408.jpg,vehicle,"[{'35': ['fighter jet', 'jet', 'plane', 'airplane']}]",jet,"{'jet': 1.0, 'airplane': 1.0, 'plane': 1.0, 'fighter jet': 1.0}","{'jet': {'None': 1.0}, 'airplane': {'None': 1.0}, 'plane': {'None': 1.0}, 'fighter jet': {'None': 1.0}}",35,0.4571428571428571,1.7427308737169431,4,vehicles,train,"{'jet': {'jet': 1.0, 'airplane': 1.0, 'plane': 1.0, 'fighter jet': 1.0}, 'airplane': {'jet': 1.0, 'airplane': 1.0, 'plane': 1.0, 'fighter jet': 1.0}, 'plane': {'jet': 1.0, 'airplane': 1.0, 'plane': 1.0, 'fighter jet': 1.0}, 'fighter jet': {'jet': 1.0, 'airplane': 1.0, 'plane': 1.0, 'fighter jet': 1.0}}","[19, 83, 465, 168]","[16, 92, 562, 208]","{'jet': 16, 'airplane': 9, 'plane': 8, 'fighter jet': 2, 'f16': 1}",[]
9040,2353121,1829131,http://manynames.upf.edu//2353121_1829131_train.png,https://cs.stanford.edu/people/rak248/VG_100K/2353121.jpg,train,vehicles,train.n.01,{'train car': 1.0},1.0,{'None': 1.0},2353121.jpg,vehicle,"[{'34': ['train car', 'train']}]",train,"{'train': 1.0, 'train car': 1.0}","{'train': {'None': 1.0}, 'train car': {'None': 1.0}}",34,0.9411764705882352,0.3227569588973982,2,vehicles,train,"{'train': {'train': 1.0, 'train car': 1.0}, 'train car': {'train': 1.0, 'train car': 1.0}}","[33, 112, 465, 148]","[32, 127, 562, 184]","{'train': 32, 'train car': 2, 'railway': 1, 'carriage': 1}",[]
24281,2413579,170634,http://manynames.upf.edu//2413579_170634_truck.png,https://cs.stanford.edu/people/rak248/VG_100K_2/2413579.jpg,van,vehicles,truck.n.01,"{'car': 1.0, 'truck': 1.0, 'vehicle': 1.0, 'bus': 1.0}",0.92,"{'visual': 0.2, 'None': 0.8}",2413579.jpg,vehicle,"[{'31': ['truck', 'car', 'van', 'vehicle', 'bus']}]",truck,"{'truck': 1.0, 'van': 0.92, 'bus': 0.83, 'vehicle': 1.0, 'car': 0.92}","{'truck': {'None': 1.0}, 'van': {'None': 0.8, 'visual': 0.2}, 'bus': {'None': 0.7, 'visual': 0.3}, 'vehicle': {'None': 1.0}, 'car': {'None': 0.8, 'visual': 0.2}}",31,0.3225806451612903,2.1394098276068307,5,vehicles,val,"{'truck': {'truck': 1.0, 'van': 1.0, 'bus': 1.0, 'vehicle': 1.0, 'car': 1.0}, 'van': {'truck': 1.0, 'van': 1.0, 'bus': 1.0, 'vehicle': 1.0, 'car': 1.0}, 'bus': {'truck': 1.0, 'van': 1.0, 'bus': 1.0, 'vehicle': 1.0, 'car': 1.0}, 'vehicle': {'truck': 1.0, 'van': 1.0, 'bus': 1.0, 'vehicle': 1.0, 'car': 1.0}, 'car': {'truck': 1.0, 'van': 1.0, 'bus': 1.0, 'vehicle': 1.0, 'car': 1.0}}","[28, 0, 368, 311]","[26, 0, 446, 378]","{'truck': 10, 'van': 9, 'bus': 6, 'vehicle': 4, 'car': 2, 'glass': 1, 'grumman': 1, 'automobile': 1, 'motor home': 1, 'door': 1}",[]
2969,2324327,988082,http://manynames.upf.edu//2324327_988082_car.png,https://cs.stanford.edu/people/rak248/VG_100K/2324327.jpg,car,vehicles,car.n.01,{},1.0,{'None': 1.0},2324327.jpg,vehicle,[{'31': ['car']}],car,{'car': 1.0},{'car': {'None': 1.0}},31,1.0,0.0,1,vehicles,train,{'car': {'car': 1.0}},"[0, 40, 246, 192]","[0, 41, 301, 236]","{'car': 31, 'umbrella': 1, 'van': 1, 'umbellate': 1, 'wheel': 1}",[]
6016,2341056,944732,http://manynames.upf.edu//2341056_944732_boat.png,https://cs.stanford.edu/people/rak248/VG_100K/2341056.jpg,boat,vehicles,boat.n.01,{},1.0,{'None': 1.0},2341056.jpg,vehicle,"[{'2': ['pul']}, {'32': ['boat']}]",boat,"{'pul': 0.0, 'boat': 1.0}","{'pul': {'other': 1.0}, 'boat': {'None': 1.0}}",32,1.0,0.0,1,vehicles,test,"{'pul': {'pul': 1.0, 'boat': 0.0}, 'boat': {'pul': 0.0, 'boat': 1.0}}","[160, 0, 340, 353]","[136, 0, 311, 323]","{'boat': 32, 'pul': 2, 'ship': 1, 'sheep': 1}",[]
8882,2352476,2230057,http://manynames.upf.edu//2352476_2230057_airplane.png,https://cs.stanford.edu/people/rak248/VG_100K/2352476.jpg,airplane,vehicles,aircraft.n.01,"{'jet': 1.0, 'plane': 1.0}",1.0,{'None': 1.0},2352476.jpg,vehicle,"[{'33': ['jet', 'plane', 'airplane']}]",airplane,"{'airplane': 1.0, 'plane': 1.0, 'jet': 1.0}","{'airplane': {'None': 1.0}, 'plane': {'None': 1.0}, 'jet': {'None': 1.0}}",33,0.4848484848484848,1.3456711978139104,3,vehicles,train,"{'airplane': {'airplane': 1.0, 'plane': 1.0, 'jet': 1.0}, 'plane': {'airplane': 1.0, 'plane': 1.0, 'jet': 1.0}, 'jet': {'airplane': 1.0, 'plane': 1.0, 'jet': 1.0}}","[0, 75, 352, 171]","[0, 83, 427, 211]","{'airplane': 16, 'plane': 14, 'jet': 3, 'wheel': 1, 'jet plane': 1, 'flight': 1}",[]
22740,2407889,366084,http://manynames.upf.edu//2407889_366084_boat.png,https://cs.stanford.edu/people/rak248/VG_100K_2/2407889.jpg,boat,vehicles,boat.n.01,{},1.0,{'None': 1.0},2407889.jpg,vehicle,[{'33': ['boat']}],boat,{'boat': 1.0},{'boat': {'None': 1.0}},33,1.0,0.0,1,vehicles,val,{'boat': {'boat': 1.0}},"[0, 101, 305, 190]","[0, 83, 280, 177]","{'boat': 33, 'number': 1, 'canoe': 1, 'bed': 1}",[]
15069,2374881,585102,http://manynames.upf.edu//2374881_585102_wing.png,https://cs.stanford.edu/people/rak248/VG_100K/2374881.jpg,plane,vehicles,aircraft.n.01,"{'wing': 0.67, 'plane wing': 0.67, 'airplane': 1.0}",0.67,"{'bounding box': 0.3, 'None': 0.7}",2374881.jpg,vehicle,"[{'31': ['plane', 'plane wing', 'wing', 'airplane']}]",wing,"{'wing': 1.0, 'airplane': 0.67, 'plane': 0.67, 'plane wing': 1.0}","{'wing': {'None': 1.0}, 'airplane': {'None': 0.7, 'bounding box': 0.3}, 'plane': {'None': 0.7, 'bounding box': 0.3}, 'plane wing': {'None': 1.0}}",31,0.3870967741935484,1.7740971872258724,4,vehicles,train,"{'wing': {'wing': 1.0, 'airplane': 0.67, 'plane': 0.67, 'plane wing': 1.0}, 'airplane': {'wing': 0.67, 'airplane': 1.0, 'plane': 1.0, 'plane wing': 0.67}, 'plane': {'wing': 0.67, 'airplane': 1.0, 'plane': 1.0, 'plane wing': 0.67}, 'plane wing': {'wing': 1.0, 'airplane': 0.67, 'plane': 0.67, 'plane wing': 1.0}}","[324, 0, 176, 376]","[379, 0, 217, 447]","{'wing': 12, 'airplane': 11, 'plane': 6, 'plane wing': 2, 'aircraft wing': 1, 'airplane wing': 1, 'fin': 1, 'ledge': 1, 'mounting': 1}",[]
388,3327,1651959,http://manynames.upf.edu//3327_1651959_car.png,https://cs.stanford.edu/people/rak248/VG_100K_2/3327.jpg,car,vehicles,car.n.01,{},1.0,{'None': 1.0},3327.jpg,vehicle,[{'32': ['car']}],car,{'car': 1.0},{'car': {'None': 1.0}},32,1.0,0.0,1,vehicles,train,{'car': {'car': 1.0}},"[29, 249, 431, 313]","[15, 179, 328, 240]","{'car': 32, 'vehicle': 1, 'minivan': 1, 'suv': 1}",[]
17919,2386348,1286951,http://manynames.upf.edu//2386348_1286951_boat.png,https://cs.stanford.edu/people/rak248/VG_100K_2/2386348.jpg,boat,vehicles,boat.n.01,{},1.0,{'None': 1.0},2386348.jpg,vehicle,[{'32': ['boat']}],boat,{'boat': 1.0},{'boat': {'None': 1.0}},32,1.0,0.0,1,vehicles,train,{'boat': {'boat': 1.0}},"[62, 180, 281, 120]","[67, 208, 343, 150]","{'boat': 32, 'pole': 1, 'skirt': 1, 'canoe': 1, 'rowboat': 1}",[]
17641,2385275,1298945,http://manynames.upf.edu//2385275_1298945_truck.png,https://cs.stanford.edu/people/rak248/VG_100K_2/2385275.jpg,pickup,vehicles,truck.n.01,"{'truck': 1.0, 'pickup truck': 1.0, 'car': 1.0}",1.0,{'None': 1.0},2385275.jpg,vehicle,"[{'34': ['pickup truck', 'truck', 'car']}]",truck,"{'truck': 1.0, 'car': 1.0, 'pickup truck': 1.0}","{'truck': {'None': 1.0}, 'car': {'None': 1.0}, 'pickup truck': {'None': 1.0}}",34,0.7647058823529411,1.022420703848328,3,vehicles,,"{'truck': {'truck': 1.0, 'car': 1.0, 'pickup truck': 1.0}, 'car': {'truck': 1.0, 'car': 1.0, 'pickup truck': 1.0}, 'pickup truck': {'truck': 1.0, 'car': 1.0, 'pickup truck': 1.0}}","[14, 44, 369, 248]","[10, 45, 447, 303]","{'truck': 26, 'car': 4, 'pickup truck': 4, 'pickup': 1}",[]
20226,2397306,1190961,http://manynames.upf.edu//2397306_1190961_car.png,https://cs.stanford.edu/people/rak248/VG_100K_2/2397306.jpg,car,vehicles,car.n.01,{'vehicle': 1.0},1.0,{'None': 1.0},2397306.jpg,vehicle,"[{'32': ['vehicle', 'car']}]",car,"{'car': 1.0, 'vehicle': 1.0, 'automobile': 'NA'}","{'car': {'None': 1.0}, 'vehicle': {'None': 1.0}, 'automobile': 'NA'}",33,0.9090909090909092,0.5229784263810124,3,vehicles,train,"{'car': {'car': 1.0, 'vehicle': 1.0, 'automobile': 'NA'}, 'vehicle': {'car': 1.0, 'vehicle': 1.0, 'automobile': 'NA'}, 'automobile': {'car': 'NA', 'vehicle': 'NA', 'automobile': 'NA'}}","[1, 1, 403, 283]","[0, 0, 361, 260]","{'car': 30, 'vehicle': 2, 'automobile': 1, 'floor': 1, 'truck': 1, 'wheel': 1}",[]
8388,2350438,2005973,http://manynames.upf.edu//2350438_2005973_car.png,https://cs.stanford.edu/people/rak248/VG_100K/2350438.jpg,car,vehicles,car.n.01,{},0.83,"{'bounding box': 0.3, 'None': 0.7}",2350438.jpg,vehicle,"[{'3': ['tie']}, {'29': ['car']}]",car,"{'tie': 0.0, 'car': 0.83}","{'tie': {'bounding box': 1.0}, 'car': {'None': 0.7, 'bounding box': 0.3}}",29,1.0,0.0,1,vehicles,train,"{'tie': {'tie': 1.0, 'car': 0.0}, 'car': {'tie': 0.0, 'car': 1.0}}","[17, 124, 285, 101]","[26, 236, 566, 205]","{'car': 29, 'tie': 3, 'window': 1, 'reflection': 1, 'sedan': 1, 'belt': 1}",[]
5634,2339030,2654388,http://manynames.upf.edu//2339030_2654388_train.png,https://cs.stanford.edu/people/rak248/VG_100K/2339030.jpg,train,vehicles,train.n.01,{'train car': 1.0},1.0,{'None': 1.0},2339030.jpg,vehicle,"[{'32': ['train car', 'train']}]",train,"{'train': 1.0, 'train car': 1.0}","{'train': {'None': 1.0}, 'train car': {'None': 1.0}}",32,0.9375,0.3372900666170139,2,vehicles,train,"{'train': {'train': 1.0, 'train car': 1.0}, 'train car': {'train': 1.0, 'train car': 1.0}}","[0, 52, 391, 273]","[0, 55, 474, 333]","{'train': 30, 'train car': 2, 'boxcar': 1, 'wheel': 1, 'truck': 1, 'railcar': 1}",[]
23762,2411595,1079126,http://manynames.upf.edu//2411595_1079126_motorcycle.png,https://cs.stanford.edu/people/rak248/VG_100K_2/2411595.jpg,bike,vehicles,motorcycle.n.01,"{'motorbike': 0.67, 'motorcycle': 0.67}",0.83,"{'visual': 0.3, 'None': 0.7}",2411595.jpg,vehicle,"[{'35': ['motorbike', 'motorcycle', 'bike']}]",motorcycle,"{'motorcycle': 1.0, 'motorbike': 1.0, 'bike': 0.83}","{'motorcycle': {'None': 1.0}, 'motorbike': {'None': 1.0}, 'bike': {'None': 0.7, 'visual': 0.3}}",35,0.8,0.9189737220942128,3,vehicles,train,"{'motorcycle': {'motorcycle': 1.0, 'motorbike': 0.67, 'bike': 0.67}, 'motorbike': {'motorcycle': 0.67, 'motorbike': 1.0, 'bike': 0.67}, 'bike': {'motorcycle': 0.67, 'motorbike': 0.67, 'bike': 1.0}}","[34, 118, 337, 164]","[34, 134, 409, 203]","{'motorcycle': 28, 'motorbike': 4, 'bike': 3, 'jacket': 1}",[]
21223,2401883,1143059,http://manynames.upf.edu//2401883_1143059_train.png,https://cs.stanford.edu/people/rak248/VG_100K_2/2401883.jpg,train,vehicles,train.n.01,{},1.0,{'None': 1.0},2401883.jpg,vehicle,[{'35': ['train']}],train,{'train': 1.0},{'train': {'None': 1.0}},35,1.0,0.0,1,vehicles,train,{'train': {'train': 1.0}},"[0, 105, 388, 333]","[0, 87, 354, 305]","{'train': 35, 'railcar': 1}",[]
18323,2388392,1269068,http://manynames.upf.edu//2388392_1269068_truck.png,https://cs.stanford.edu/people/rak248/VG_100K_2/2388392.jpg,truck,vehicles,truck.n.01,"{'van': 0.67, 'vehicle': 1.0, 'food truck': 1.0}",0.67,"{'other': 0.3, 'None': 0.7}",2388392.jpg,vehicle,"[{'33': ['van', 'truck', 'vehicle', 'food truck']}, {'2': ['wheel']}]",truck,"{'wheel': 0.67, 'truck': 0.67, 'food truck': 1.0, 'van': 0.67, 'vehicle': 1.0}","{'wheel': {'None': 0.3, 'bounding box': 0.7}, 'truck': {'other': 0.3, 'None': 0.7}, 'food truck': {'None': 1.0}, 'van': {'other': 0.3, 'None': 0.7}, 'vehicle': {'None': 1.0}}",33,0.696969696969697,1.361009271066386,4,vehicles,train,"{'wheel': {'wheel': 1.0, 'truck': 0.0, 'food truck': 0.0, 'van': 0.0, 'vehicle': 0.0}, 'truck': {'wheel': 0.0, 'truck': 1.0, 'food truck': 1.0, 'van': 0.67, 'vehicle': 1.0}, 'food truck': {'wheel': 0.0, 'truck': 1.0, 'food truck': 1.0, 'van': 0.67, 'vehicle': 1.0}, 'van': {'wheel': 0.0, 'truck': 0.67, 'food truck': 0.67, 'van': 1.0, 'vehicle': 0.67}, 'vehicle': {'wheel': 0.0, 'truck': 1.0, 'food truck': 1.0, 'van': 0.67, 'vehicle': 1.0}}","[1, 193, 374, 298]","[0, 166, 336, 273]","{'truck': 23, 'food truck': 4, 'van': 3, 'vehicle': 3, 'wheel': 2, 'car': 1}",[]
12815,2366658,1771733,http://manynames.upf.edu//2366658_1771733_airplane.png,https://cs.stanford.edu/people/rak248/VG_100K/2366658.jpg,airplane,vehicles,aircraft.n.01,{'plane': 1.0},1.0,{'None': 1.0},2366658.jpg,vehicle,"[{'33': ['plane', 'airplane']}]",airplane,"{'airplane': 1.0, 'plane': 1.0}","{'airplane': {'None': 1.0}, 'plane': {'None': 1.0}}",33,0.5151515151515151,0.9993375041688848,2,vehicles,train,"{'airplane': {'airplane': 1.0, 'plane': 1.0}, 'plane': {'airplane': 1.0, 'plane': 1.0}}","[24, 15, 459, 191]","[22, 11, 555, 235]","{'airplane': 17, 'plane': 16, 'jet': 1, 'aircraft': 1, 'aero plane': 1}",[]
21969,2404791,375881,http://manynames.upf.edu//2404791_375881_train.png,https://cs.stanford.edu/people/rak248/VG_100K_2/2404791.jpg,train,vehicles,train.n.01,{},1.0,{'None': 1.0},2404791.jpg,vehicle,[{'35': ['train']}],train,{'train': 1.0},{'train': {'None': 1.0}},35,1.0,0.0,1,vehicles,train,{'train': {'train': 1.0}},"[62, 87, 339, 176]","[67, 97, 412, 217]","{'train': 35, 'arran': 1}",[]
