Unnamed: 0,vg_image_id,vg_object_id,image,link_vg,vg_obj_name,vg_domain,vg_synset,vg_same_object,vg_adequacy_mean,vg_inadequacy_type,vg_image_name,vg_cat,clusters,topname,adequacy_mean,inadequacy_type,total_responses,perc_top,H,N,domain,split,same_object,vg_bbox_xywh,mn_bbox_xywh,human_nouns,blip2_output
18193,2387724,1273336,http://manynames.upf.edu//2387724_1273336_zebra.png,https://cs.stanford.edu/people/rak248/VG_100K_2/2387724.jpg,zebra,animals_plants,ungulate.n.01,{},1.0,{'None': 1.0},2387724.jpg,animal,[{'33': ['zebra']}],zebra,{'zebra': 1.0},{'zebra': {'None': 1.0}},33,1.0,0.0,1,animals_plants,train,{'zebra': {'zebra': 1.0}},"[0, 25, 437, 234]","[0, 23, 529, 286]","{'zebra': 33, 'animal': 1}","[['a zebra'], ['the zebra.'], ['a zebra, standing in the grass.'], ['this is a zebra lying down on the grass'], ['zebra, standing on grass']]"
1167,2315536,1055732,http://manynames.upf.edu//2315536_1055732_cat.png,https://cs.stanford.edu/people/rak248/VG_100K/2315536.jpg,cat,animals_plants,feline.n.01,{},1.0,{'None': 1.0},2315536.jpg,animal,"[{'32': ['cat']}, {'3': ['bag']}]",cat,"{'bag': 0.17, 'cat': 1.0}","{'bag': {'bounding box': 1.0}, 'cat': {'None': 1.0}}",32,1.0,0.0,1,animals_plants,train,"{'bag': {'bag': 1.0, 'cat': 0.0}, 'cat': {'bag': 0.0, 'cat': 1.0}}","[171, 16, 293, 318]","[197, 12, 356, 386]","{'cat': 32, 'bag': 3}","[['the object in the red box with the first name that comes to mind is a cat.'], ['red leather bag with cat in it'], ['red purse'], ['the cat'], ['a kitten inside a purse']]"
3293,2326378,2808821,http://manynames.upf.edu//2326378_2808821_sheep.png,https://cs.stanford.edu/people/rak248/VG_100K/2326378.jpg,sheep,animals_plants,ungulate.n.01,{'animal': 1.0},1.0,{'None': 1.0},2326378.jpg,animal,"[{'31': ['sheep', 'animal']}]",sheep,"{'sheep': 1.0, 'animal': 1.0}","{'sheep': {'None': 1.0}, 'animal': {'None': 1.0}}",31,0.935483870967742,0.345117314944953,2,animals_plants,train,"{'sheep': {'sheep': 1.0, 'animal': 1.0}, 'animal': {'sheep': 1.0, 'animal': 1.0}}","[127, 120, 209, 215]","[145, 136, 257, 264]","{'sheep': 29, 'animal': 2, 't-shirt': 1, 'pant': 1}","[['a person shearing a sheep'], ['sheep'], ['sheep shearing'], ['an old man with a big white beard shearing a sheep'], ['sheep.']]"
2950,2324227,2970972,http://manynames.upf.edu//2324227_2970972_giraffe.png,https://cs.stanford.edu/people/rak248/VG_100K/2324227.jpg,giraffe,animals_plants,ungulate.n.01,"{'animal': 0.75, 'giraffe': 1.0}",1.0,{'None': 1.0},2324227.jpg,animal,"[{'31': ['giraffe', 'animal']}]",giraffe,"{'giraffe': 1.0, 'animal': 0.88}","{'giraffe': {'None': 1.0}, 'animal': {'None': 0.8, 'other': 0.2}}",31,0.935483870967742,0.345117314944953,2,animals_plants,train,"{'giraffe': {'giraffe': 1.0, 'animal': 0.75}, 'animal': {'giraffe': 0.75, 'animal': 1.0}}","[135, 75, 138, 299]","[154, 82, 171, 363]","{'giraffe': 29, 'animal': 2}","[['a giraffe, with a red box in it, in a zoo'], ['giraffe feeding at a zoo'], ['giraffe'], ['giraffe eating yellow thing'], ['giraffe with yellow object in its mouth']]"
16503,2380237,1349065,http://manynames.upf.edu//2380237_1349065_dog.png,https://cs.stanford.edu/people/rak248/VG_100K_2/2380237.jpg,dog,animals_plants,dog.n.01,{},1.0,{'None': 1.0},2380237.jpg,animal,[{'35': ['dog']}],dog,{'dog': 1.0},{'dog': {'None': 1.0}},35,1.0,0.0,1,animals_plants,train,{'dog': {'dog': 1.0}},"[41, 77, 328, 194]","[42, 85, 399, 239]","{'dog': 35, 'animal': 1}","[['the dog chasing the frisbee'], ['dog catching a frisbee'], [""dog's mouth""], ['a dog with a frisbee in his mouth'], ['a dog']]"
2711,2322899,3351088,http://manynames.upf.edu//2322899_3351088_sheep.png,https://cs.stanford.edu/people/rak248/VG_100K/2322899.jpg,sheep,animals_plants,ungulate.n.01,"{'lamb': 1.0, 'goat': 0.5, 'sheep': 1.0}",1.0,{'None': 1.0},2322899.jpg,animal,"[{'36': ['lamb', 'sheep', 'goat']}]",sheep,"{'sheep': 1.0, 'lamb': 0.88, 'goat': 0.5}","{'sheep': {'None': 1.0}, 'lamb': {'None': 0.8, 'bounding box': 0.2}, 'goat': {'visual': 1.0}}",36,0.8333333333333334,0.8030717273241024,3,animals_plants,test,"{'sheep': {'sheep': 1.0, 'lamb': 1.0, 'goat': 0.5}, 'lamb': {'sheep': 1.0, 'lamb': 1.0, 'goat': 0.5}, 'goat': {'sheep': 0.5, 'lamb': 0.5, 'goat': 1.0}}","[237, 155, 263, 177]","[276, 178, 321, 218]","{'sheep': 30, 'lamb': 4, 'goat': 2}","[['sheep'], ['sheep'], ['a sheep'], ['sheep, shearer, sheepskin, shepherd'], ['sheep']]"
7615,2347522,890016,http://manynames.upf.edu//2347522_890016_zebra.png,https://cs.stanford.edu/people/rak248/VG_100K/2347522.jpg,zebra,animals_plants,ungulate.n.01,{},1.0,{'None': 1.0},2347522.jpg,animal,[{'29': ['zebra']}],zebra,{'zebra': 1.0},{'zebra': {'None': 1.0}},29,1.0,0.0,1,animals_plants,val,{'zebra': {'zebra': 1.0}},"[19, 75, 424, 300]","[16, 82, 512, 365]","{'zebra': 29, 'giraffe': 1}","[['two zebras'], ['the zebra'], ['the black and white striped zebra'], ['the second person is a female.'], ['a zebra with its head turned toward the camera']]"
11130,2360751,786174,http://manynames.upf.edu//2360751_786174_cat.png,https://cs.stanford.edu/people/rak248/VG_100K/2360751.jpg,cat,animals_plants,feline.n.01,{},1.0,{'None': 1.0},2360751.jpg,animal,[{'32': ['cat']}],cat,{'cat': 1.0},{'cat': {'None': 1.0}},32,1.0,0.0,1,animals_plants,train,{'cat': {'cat': 1.0}},"[121, 110, 244, 198]","[137, 124, 298, 243]","{'cat': 32, 'animal': 1}","[['my cat.'], ['a cat'], ['cat'], ['the cat'], ['the cat']]"
2676,2322781,2763680,http://manynames.upf.edu//2322781_2763680_dog.png,https://cs.stanford.edu/people/rak248/VG_100K/2322781.jpg,bird,animals_plants,bird.n.01,{'dog': 0.67},0.33,"{'other': 0.3, 'visual': 0.7}",2322781.jpg,animal,[{'33': ['dog']}],dog,{'dog': 1.0},{'dog': {'None': 1.0}},33,1.0,0.0,1,animals_plants,train,{'dog': {'dog': 1.0}},"[163, 107, 199, 215]","[188, 121, 245, 264]","{'dog': 33, 'puppy': 1, 'baby dog': 1, 'pillow': 1}","[['my dog'], [''], ['the dog'], ['dog'], ['']]"
16324,2379523,552269,http://manynames.upf.edu//2379523_552269_zebra.png,https://cs.stanford.edu/people/rak248/VG_100K_2/2379523.jpg,zebra,animals_plants,ungulate.n.01,{},1.0,{'None': 1.0},2379523.jpg,animal,[{'35': ['zebra']}],zebra,{'zebra': 1.0},{'zebra': {'None': 1.0}},35,1.0,0.0,1,animals_plants,train,{'zebra': {'zebra': 1.0}},"[90, 18, 377, 273]","[100, 14, 456, 332]","{'zebra': 35, 'carse': 1}","[['zebra'], ['zebra in a field'], ['zebra'], ['a black and white zebra'], ['the red rectangle is the zebra']]"
1604,2317404,2882968,http://manynames.upf.edu//2317404_2882968_bird.png,https://cs.stanford.edu/people/rak248/VG_100K/2317404.jpg,bird,animals_plants,bird.n.01,{},1.0,{'None': 1.0},2317404.jpg,animal,[{'32': ['bird']}],bird,{'bird': 1.0},{'bird': {'None': 1.0}},32,1.0,0.0,1,animals_plants,train,{'bird': {'bird': 1.0}},"[135, 72, 217, 412]","[114, 57, 201, 375]","{'bird': 32, 'sparrow': 1}","[['a robin'], ['a bird'], ['a robin, bird'], ['red robin'], ['robin']]"
2692,2322841,3143880,http://manynames.upf.edu//2322841_3143880_horse.png,https://cs.stanford.edu/people/rak248/VG_100K/2322841.jpg,horse,animals_plants,horse.n.01,{},1.0,{'None': 1.0},2322841.jpg,animal,[{'33': ['horse']}],horse,{'horse': 1.0},{'horse': {'None': 1.0}},33,1.0,0.0,1,animals_plants,train,{'horse': {'horse': 1.0}},"[42, 57, 260, 356]","[31, 44, 239, 325]","{'horse': 33, 'belt': 1}","[['the horse'], [""the man on the left is grooming the horse's mane""], [""the man's horse""], ['horse'], ['a horse']]"
23671,2411207,360140,http://manynames.upf.edu//2411207_360140_cat.png,https://cs.stanford.edu/people/rak248/VG_100K_2/2411207.jpg,cat,animals_plants,feline.n.01,{},1.0,{'None': 1.0},2411207.jpg,animal,[{'34': ['cat']}],cat,{'cat': 1.0},{'cat': {'None': 1.0}},34,1.0,0.0,1,animals_plants,train,{'cat': {'cat': 1.0}},"[0, 63, 398, 311]","[0, 68, 481, 378]","{'cat': 34, 'pant': 1}","[['a cat holding a wii remote.'], ['a cat with a wii remote and a gamecube controller on the bed'], ['a cat with a wii remote'], ['the cat in the blue shirt holding a wii remote.'], ['the remote control for the nintendo wii game']]"
2659,2322673,2949587,http://manynames.upf.edu//2322673_2949587_horse.png,https://cs.stanford.edu/people/rak248/VG_100K/2322673.jpg,horse,animals_plants,horse.n.01,{},1.0,{'None': 1.0},2322673.jpg,animal,[{'30': ['horse']}],horse,{'horse': 1.0},{'horse': {'None': 1.0}},30,1.0,0.0,1,animals_plants,train,{'horse': {'horse': 1.0}},"[91, 125, 266, 206]","[102, 142, 325, 253]","{'horse': 30, 'rope': 1, 'wheel': 1, 'belt': 1, 'animal': 1}","[['a horse and carriage'], ['the horse and carriage'], ['the red-barred horse and carriage'], ['a horse drawn carriage with a person in it'], [""a horse drawn carriage on the street with a man dressed in a st. patrick's day outfit""]]"
19668,2394684,461968,http://manynames.upf.edu//2394684_461968_sheep.png,https://cs.stanford.edu/people/rak248/VG_100K_2/2394684.jpg,sheep,animals_plants,ungulate.n.01,{},1.0,{'None': 1.0},2394684.jpg,animal,[{'31': ['sheep']}],sheep,{'sheep': 1.0},{'sheep': {'None': 1.0}},31,1.0,0.0,1,animals_plants,train,{'sheep': {'sheep': 1.0}},"[123, 135, 374, 179]","[139, 153, 450, 219]","{'sheep': 31, 'animal': 1, 'lam boy': 1, 'adust': 1, 'goat': 1, 'lamb': 1}","[['sheep standing in front of the building'], ['sheep, with the name sheep'], ['the sheep in the background is named ""glorious"".'], ['a sheep laying down'], ['the first thing that comes to mind is the animal in the foreground. the red box in the background']]"
2614,2322428,2930306,http://manynames.upf.edu//2322428_2930306_bridge.png,https://cs.stanford.edu/people/rak248/VG_100K/2322428.jpg,bridge,buildings,bridge.n.01,"{'road': 0.5, 'roadway': 0.5}",0.75,"{'other': 0.2, 'None': 0.8}",2322428.jpg,"structure, construction","[{'23': ['road', 'roadway', 'bridge']}, {'7': ['car', 'truck']}, {'2': ['vest']}]",bridge,"{'vest': 0.5, 'car': 0.25, 'truck': 0.5, 'bridge': 0.75, 'road': 1.0, 'roadway': 1.0}","{'vest': {'None': 0.2, 'bounding box': 0.8}, 'car': {'other': 0.2, 'bounding box': 0.8}, 'truck': {'None': 0.2, 'bounding box': 0.8}, 'bridge': {'other': 0.2, 'None': 0.8}, 'road': {'None': 1.0}, 'roadway': {'None': 1.0}}",23,0.6086956521739131,1.264672679395722,3,buildings,train,"{'vest': {'vest': 1.0, 'car': 0.0, 'truck': 0.0, 'bridge': 0.0, 'road': 0.0, 'roadway': 0.0}, 'car': {'vest': 0.0, 'car': 1.0, 'truck': 0.75, 'bridge': 0.0, 'road': 0.0, 'roadway': 0.0}, 'truck': {'vest': 0.0, 'car': 0.75, 'truck': 1.0, 'bridge': 0.0, 'road': 0.0, 'roadway': 0.0}, 'bridge': {'vest': 0.0, 'car': 0.0, 'truck': 0.0, 'bridge': 1.0, 'road': 0.5, 'roadway': 0.5}, 'road': {'vest': 0.0, 'car': 0.0, 'truck': 0.0, 'bridge': 0.5, 'road': 1.0, 'roadway': 1.0}, 'roadway': {'vest': 0.0, 'car': 0.0, 'truck': 0.0, 'bridge': 0.5, 'road': 1.0, 'roadway': 1.0}}","[0, 180, 469, 316]","[0, 154, 420, 290]","{'bridge': 14, 'road': 7, 'roadway': 2, 'truck': 4, 'car': 3, 'vest': 2, 'ground': 1, 'pickup truck': 1, 'street': 1, 'wheel': 1}","[['this is a blue truck with a man standing next to it'], [''], ['this is the truck that is standing next to the building'], ['a construction worker standing next to a large truck'], ['the blue pick up truck with the guy standing beside it']]"
24278,2413574,170779,http://manynames.upf.edu//2413574_170779_storefront.png,https://cs.stanford.edu/people/rak248/VG_100K_2/2413574.jpg,restaurant,buildings,restaurant.n.01,"{'shop': 1.0, 'building': 0.67, 'storefront': 0.67, 'store': 1.0}",0.83,"{'visual': 0.3, 'None': 0.7}",2413574.jpg,"structure, construction","[{'20': ['store', 'restaurant', 'shop', 'storefront']}, {'14': ['store', 'restaurant', 'shop', 'building']}, {'2': ['patio']}, {'2': ['pole']}, {'4': ['window']}]",storefront,"{'pole': 0.33, 'window': 0.33, 'patio': 1.0, 'storefront': 1.0, 'store': 0.83, 'restaurant': 0.83, 'shop': 0.83, 'building': 0.5}","{'pole': {'bounding box': 1.0}, 'window': {'bounding box': 1.0}, 'patio': {'None': 1.0}, 'storefront': {'None': 1.0}, 'store': {'None': 0.7, 'visual': 0.3}, 'restaurant': {'None': 0.7, 'visual': 0.3}, 'shop': {'None': 0.7, 'visual': 0.3}, 'building': {'bounding box': 0.7, 'None': 0.3}}",22,0.3636363636363636,2.170134892428194,5,buildings,train,"{'pole': {'pole': 1.0, 'window': 0.0, 'patio': 0.0, 'storefront': 0.0, 'store': 0.0, 'restaurant': 0.0, 'shop': 0.0, 'building': 0.0}, 'window': {'pole': 0.0, 'window': 1.0, 'patio': 0.0, 'storefront': 0.0, 'store': 0.0, 'restaurant': 0.0, 'shop': 0.0, 'building': 0.0}, 'patio': {'pole': 0.0, 'window': 0.0, 'patio': 1.0, 'storefront': 0.0, 'store': 0.0, 'restaurant': 0.0, 'shop': 0.0, 'building': 0.0}, 'storefront': {'pole': 0.0, 'window': 0.0, 'patio': 0.0, 'storefront': 1.0, 'store': 0.67, 'restaurant': 0.67, 'shop': 0.67, 'building': 0.33}, 'store': {'pole': 0.0, 'window': 0.0, 'patio': 0.0, 'storefront': 0.67, 'store': 1.0, 'restaurant': 1.0, 'shop': 1.0, 'building': 0.67}, 'restaurant': {'pole': 0.0, 'window': 0.0, 'patio': 0.0, 'storefront': 0.67, 'store': 1.0, 'restaurant': 1.0, 'shop': 1.0, 'building': 0.67}, 'shop': {'pole': 0.0, 'window': 0.0, 'patio': 0.0, 'storefront': 0.67, 'store': 1.0, 'restaurant': 1.0, 'shop': 1.0, 'building': 0.67}, 'building': {'pole': 0.0, 'window': 0.0, 'patio': 0.0, 'storefront': 0.33, 'store': 0.67, 'restaurant': 0.67, 'shop': 0.67, 'building': 1.0}}","[137, 145, 304, 133]","[156, 166, 369, 166]","{'storefront': 8, 'store': 5, 'restaurant': 4, 'shop': 3, 'building': 2, 'window': 4, 'pole': 2, 'patio': 2, 'curtain': 1, 'chair': 1, 'awning': 1, 'canopy': 1, 'diner': 1}","[['a building in a city'], ['the red box is a restaurant called mission baltaz'], ['mission of balzac'], ['restaurant in the street'], ['the red awning in front of the restaurant']]"
19210,2392494,1229424,http://manynames.upf.edu//2392494_1229424_building.png,https://cs.stanford.edu/people/rak248/VG_100K_2/2392494.jpg,house,buildings,house.n.01,"{'building': 1.0, 'steeple': 0.5, 'roof': 0.25}",0.75,"{'bounding box': 0.2, 'None': 0.8}",2392494.jpg,"structure, construction","[{'17': ['house', 'steeple', 'building']}, {'5': ['roof', 'steeple']}, {'13': ['clock']}]",building,"{'house': 0.75, 'building': 1.0, 'steeple': 0.88, 'roof': 0.88, 'clock': 0.25}","{'house': {'None': 0.8, 'bounding box': 0.2}, 'building': {'None': 1.0}, 'steeple': {'None': 0.8, 'visual': 0.2}, 'roof': {'None': 0.8, 'bounding box': 0.2}, 'clock': {'bounding box': 1.0}}",17,0.5294117647058824,1.37928048729106,3,buildings,train,"{'house': {'house': 1.0, 'building': 1.0, 'steeple': 0.5, 'roof': 0.25, 'clock': 0.0}, 'building': {'house': 1.0, 'building': 1.0, 'steeple': 0.5, 'roof': 0.25, 'clock': 0.0}, 'steeple': {'house': 0.5, 'building': 0.5, 'steeple': 1.0, 'roof': 0.5, 'clock': 0.0}, 'roof': {'house': 0.25, 'building': 0.25, 'steeple': 0.5, 'roof': 1.0, 'clock': 0.0}, 'clock': {'house': 0.0, 'building': 0.0, 'steeple': 0.0, 'roof': 0.0, 'clock': 1.0}}","[0, 0, 421, 344]","[0, 0, 510, 411]","{'building': 9, 'house': 6, 'steeple': 2, 'clock': 13, 'roof': 3, 'watch': 1, 'clock tower': 1, 'tower': 1}","[['clock'], ['a clock in the middle of a tree'], ['the clock tower of the castle in the background.'], ['clock tower on a house'], ['the clock tower']]"
17809,2385899,1291684,http://manynames.upf.edu//2385899_1291684_house.png,https://cs.stanford.edu/people/rak248/VG_100K_2/2385899.jpg,house,buildings,house.n.01,{'building': 1.0},1.0,{'None': 1.0},2385899.jpg,"structure, construction","[{'30': ['house', 'building']}, {'3': ['sign']}]",house,"{'sign': 0.17, 'house': 1.0, 'building': 1.0}","{'sign': {'bounding box': 1.0}, 'house': {'None': 1.0}, 'building': {'None': 1.0}}",30,0.7,0.8812908992306926,2,buildings,train,"{'sign': {'sign': 1.0, 'house': 0.0, 'building': 0.0}, 'house': {'sign': 0.0, 'house': 1.0, 'building': 1.0}, 'building': {'sign': 0.0, 'house': 1.0, 'building': 1.0}}","[0, 1, 289, 339]","[0, 0, 259, 310]","{'house': 21, 'building': 9, 'sign': 3, 'door': 1, 'wall': 1, 'wood': 1}","[['the house with the red siding.'], ['a red fire hydrant'], ['a small red fire hydrant'], ['a red fire hydrant'], ['a house, a street, a car']]"
20812,2400019,412084,http://manynames.upf.edu//2400019_412084_dugout.png,https://cs.stanford.edu/people/rak248/VG_100K_2/2400019.jpg,dugout,buildings,shelter.n.01,{'dug out': 1.0},1.0,{'None': 1.0},2400019.jpg,"structure, construction","[{'4': ['men', 'team']}, {'2': ['helmet']}, {'20': ['dugout']}]",dugout,"{'men': 0.5, 'team': 0.5, 'helmet': 0.17, 'dugout': 1.0}","{'men': {'bounding box': 0.7, 'None': 0.3}, 'team': {'bounding box': 0.7, 'None': 0.3}, 'helmet': {'bounding box': 1.0}, 'dugout': {'None': 1.0}}",20,1.0,0.0,1,buildings,train,"{'men': {'men': 1.0, 'team': 1.0, 'helmet': 0.0, 'dugout': 0.0, 'dug out': 0.0}, 'team': {'men': 1.0, 'team': 1.0, 'helmet': 0.0, 'dugout': 0.0, 'dug out': 0.0}, 'helmet': {'men': 0.0, 'team': 0.0, 'helmet': 1.0, 'dugout': 0.0, 'dug out': 0.0}, 'dugout': {'men': 0.0, 'team': 0.0, 'helmet': 0.0, 'dugout': 1.0, 'dug out': 1.0}, 'dug out': {'men': 0.0, 'team': 0.0, 'helmet': 0.0, 'dugout': 1.0, 'dug out': 1.0}}","[1, 1, 498, 100]","[0, 0, 597, 126]","{'dugout': 20, 'men': 2, 'helmet': 2, 'team': 2, 'hat': 1, 'stadium': 1, 'pipe': 1, 'baseball fail': 1, 'baseball dugout': 1, 'bullpen': 1, 'pit': 1, 'players': 1, 'sidelines': 1, 'baseballs': 1, 'cap': 1}","[['baseball bat'], ['the baseball bat'], ['the batter in the red box'], ['the batter in the baseball game'], ['a baseball bat']]"
8898,2352556,853253,http://manynames.upf.edu//2352556_853253_house.png,https://cs.stanford.edu/people/rak248/VG_100K/2352556.jpg,house,buildings,house.n.01,{'building': 1.0},1.0,{'None': 1.0},2352556.jpg,"structure, construction","[{'32': ['house', 'building']}]",house,"{'house': 1.0, 'building': 1.0, 'home': 'NA'}","{'house': {'None': 1.0}, 'building': {'None': 1.0}, 'home': 'NA'}",33,0.9090909090909092,0.5229784263810124,3,buildings,train,"{'house': {'house': 1.0, 'building': 1.0, 'home': 'NA'}, 'building': {'house': 1.0, 'building': 1.0, 'home': 'NA'}, 'home': {'house': 'NA', 'building': 'NA', 'home': 'NA'}}","[102, 0, 397, 231]","[115, 0, 480, 282]","{'house': 30, 'building': 2, 'home': 1, 'door': 1, 'shirt': 1, 'jacket': 1}","[['a young man stands in front of a large tree with his suitcase'], [''], ['a suitcase with wheels and a suitcase handle'], ['the red suitcase'], ['the man is holding a piece of luggage']]"
16204,2378984,1362335,http://manynames.upf.edu//2378984_1362335_house.png,https://cs.stanford.edu/people/rak248/VG_100K_2/2378984.jpg,house,buildings,house.n.01,{'building': 1.0},1.0,{'None': 1.0},2378984.jpg,"structure, construction","[{'24': ['house', 'building']}, {'3': ['helmet']}, {'2': ['jacket']}, {'2': ['mirror']}]",house,"{'helmet': 0.0, 'jacket': 0.0, 'mirror': 0.0, 'house': 1.0, 'building': 1.0, 'home': 'NA'}","{'helmet': {'bounding box': 1.0}, 'jacket': {'bounding box': 1.0}, 'mirror': {'bounding box': 1.0}, 'house': {'None': 1.0}, 'building': {'None': 1.0}, 'home': 'NA'}",25,0.88,0.6395563653739033,3,buildings,train,"{'helmet': {'helmet': 1.0, 'jacket': 0.0, 'mirror': 0.0, 'house': 0.0, 'building': 0.0, 'home': 'NA'}, 'jacket': {'helmet': 0.0, 'jacket': 1.0, 'mirror': 0.0, 'house': 0.0, 'building': 0.0, 'home': 'NA'}, 'mirror': {'helmet': 0.0, 'jacket': 0.0, 'mirror': 1.0, 'house': 0.0, 'building': 0.0, 'home': 'NA'}, 'house': {'helmet': 0.0, 'jacket': 0.0, 'mirror': 0.0, 'house': 1.0, 'building': 1.0, 'home': 'NA'}, 'building': {'helmet': 0.0, 'jacket': 0.0, 'mirror': 0.0, 'house': 1.0, 'building': 1.0, 'home': 'NA'}, 'home': {'helmet': 'NA', 'jacket': 'NA', 'mirror': 'NA', 'house': 'NA', 'building': 'NA', 'home': 'NA'}}","[195, 0, 304, 128]","[226, 0, 370, 160]","{'house': 22, 'building': 2, 'home': 1, 'helmet': 3, 'mirror': 2, 'jacket': 2, 'window': 1, 't-shirt': 1, 'wheel': 1, 'mask': 1}","[['a motorcycle with a camera on it'], ['motorcycle with the word ""motor"" on it'], ['motorcycle helmet'], ['the man in the blue jacket on the motorcycle with a black helmet'], ['a man on a motorcycle with a gopro on his helmet.']]"
5250,2336913,2340730,http://manynames.upf.edu//2336913_2340730_bridge.png,https://cs.stanford.edu/people/rak248/VG_100K/2336913.jpg,overpass,buildings,bridge.n.01,{'bridge': 1.0},1.0,{'None': 1.0},2336913.jpg,"structure, construction","[{'24': ['overpass', 'bridge']}, {'5': ['train']}]",bridge,"{'train': 0.33, 'bridge': 1.0, 'overpass': 1.0}","{'train': {'bounding box': 1.0}, 'bridge': {'None': 1.0}, 'overpass': {'None': 1.0}}",24,0.9166666666666666,0.4138168503036338,2,buildings,,"{'train': {'train': 1.0, 'bridge': 0.0, 'overpass': 0.0}, 'bridge': {'train': 0.0, 'bridge': 1.0, 'overpass': 1.0}, 'overpass': {'train': 0.0, 'bridge': 1.0, 'overpass': 1.0}}","[133, 80, 365, 110]","[152, 89, 443, 138]","{'bridge': 22, 'overpass': 2, 'train': 5, 'steps': 1, 'airplane': 1, 'crosswalk': 1, 'staircase': 1, 'stairs': 1, 'boardwalk': 1, 'pedestrian bridge': 1}","[['the train, the platform, the platform sign, the track, the rail'], ['a train'], ['the object is a train traveling down the tracks'], ['a train'], ['train with the first name of ""vancouver""']]"
2133,2319572,3208534,http://manynames.upf.edu//2319572_3208534_building.png,https://cs.stanford.edu/people/rak248/VG_100K/2319572.jpg,restaurant,buildings,restaurant.n.01,"{'store': 1.0, 'building': 1.0}",1.0,{'None': 1.0},2319572.jpg,"structure, construction","[{'28': ['store', 'building']}]",building,"{'building': 1.0, 'store': 1.0}","{'building': {'None': 1.0}, 'store': {'None': 1.0}}",28,0.7142857142857143,0.8631205685666309,2,buildings,train,"{'building': {'building': 1.0, 'store': 1.0}, 'store': {'building': 1.0, 'store': 1.0}}","[0, 12, 300, 170]","[0, 7, 365, 210]","{'building': 20, 'store': 8, 'light': 1, 't-shirt': 1, 'restaurant': 1, 'sign': 1, 'storefront': 1, 'costa': 1}","[['the tree on the right in the picture'], ['costa coffee'], ['costa'], ['the police tape.'], ['the tree in the middle of the road']]"
5453,2338009,3703986,http://manynames.upf.edu//2338009_3703986_building.png,https://cs.stanford.edu/people/rak248/VG_100K/2338009.jpg,house,buildings,house.n.01,{'building': 1.0},1.0,{'None': 1.0},2338009.jpg,"structure, construction","[{'27': ['house', 'building']}, {'3': ['dog']}, {'2': ['door']}]",building,"{'door': 0.33, 'dog': 0.33, 'building': 1.0, 'house': 1.0}","{'door': {'bounding box': 1.0}, 'dog': {'bounding box': 1.0}, 'building': {'None': 1.0}, 'house': {'None': 1.0}}",27,0.7407407407407407,0.8256265261578954,2,buildings,train,"{'door': {'door': 1.0, 'dog': 0.0, 'building': 0.0, 'house': 0.0}, 'dog': {'door': 0.0, 'dog': 1.0, 'building': 0.0, 'house': 0.0}, 'building': {'door': 0.0, 'dog': 0.0, 'building': 1.0, 'house': 1.0}, 'house': {'door': 0.0, 'dog': 0.0, 'building': 1.0, 'house': 1.0}}","[0, 0, 499, 196]","[0, 0, 597, 241]","{'building': 20, 'house': 7, 'dog': 3, 'door': 2, 'window': 1, 'storefronts': 1, 'room': 1}","[['a dog on a street'], ['a dog'], ['a dog crossing a street'], ['a dog walking across a street'], ['the dog in the red box']]"
23954,2412369,3804856,http://manynames.upf.edu//2412369_3804856_house.png,https://cs.stanford.edu/people/rak248/VG_100K_2/2412369.jpg,house,buildings,house.n.01,{'building': 1.0},1.0,{'None': 1.0},2412369.jpg,"structure, construction","[{'33': ['house', 'building']}]",house,"{'house': 1.0, 'building': 1.0, 'home': 'NA'}","{'house': {'None': 1.0}, 'building': {'None': 1.0}, 'home': 'NA'}",34,0.8235294117647058,0.7870046561900534,3,buildings,train,"{'house': {'house': 1.0, 'building': 1.0, 'home': 'NA'}, 'building': {'house': 1.0, 'building': 1.0, 'home': 'NA'}, 'home': {'house': 'NA', 'building': 'NA', 'home': 'NA'}}","[10, 15, 234, 238]","[5, 11, 286, 291]","{'house': 28, 'building': 5, 'home': 1}","[['this is a house with a trolley on the street'], ['a house with a trolley'], ['this is a yellow house'], ['house with a white trim'], ['this is a house in prague, czech republic']]"
7589,2347433,890881,http://manynames.upf.edu//2347433_890881_bridge.png,https://cs.stanford.edu/people/rak248/VG_100K/2347433.jpg,garage,buildings,outbuilding.n.01,{'building': 1.0},0.83,"{'visual': 0.3, 'None': 0.7}",2347433.jpg,"structure, construction","[{'20': ['walkway', 'bridge']}, {'8': ['building']}]",bridge,"{'building': 0.83, 'bridge': 0.5, 'walkway': 0.5}","{'building': {'bounding box': 0.3, 'None': 0.7}, 'bridge': {'None': 0.3, 'bounding box': 0.7}, 'walkway': {'None': 0.3, 'bounding box': 0.7}}",20,0.9,0.4689955935892813,2,buildings,train,"{'building': {'building': 1.0, 'bridge': 0.0, 'walkway': 0.0}, 'bridge': {'building': 0.0, 'bridge': 1.0, 'walkway': 1.0}, 'walkway': {'building': 0.0, 'bridge': 1.0, 'walkway': 1.0}}","[76, 0, 416, 171]","[84, 0, 504, 211]","{'bridge': 18, 'walkway': 2, 'building': 8, 'garage': 1, 'skywalk': 1, 'train': 1, 'parking garage': 1, 'sticker': 1, 'railing': 1}","[['the transit bus'], ['the yellow bus'], ['bus at a bus stop'], ['the city bus'], ['this is the bus in the bus stop.']]"
7746,2348021,1679004,http://manynames.upf.edu//2348021_1679004_dugout.png,https://cs.stanford.edu/people/rak248/VG_100K/2348021.jpg,dugout,buildings,shelter.n.01,{},1.0,{'None': 1.0},2348021.jpg,"structure, construction","[{'3': ['cap']}, {'26': ['dugout']}, {'2': ['baseball players']}]",dugout,"{'baseball players': 0.5, 'cap': 0.33, 'dugout': 1.0}","{'baseball players': {'None': 0.3, 'bounding box': 0.7}, 'cap': {'bounding box': 1.0}, 'dugout': {'None': 1.0}}",26,1.0,0.0,1,buildings,train,"{'baseball players': {'baseball players': 1.0, 'cap': 0.0, 'dugout': 0.0}, 'cap': {'baseball players': 0.0, 'cap': 1.0, 'dugout': 0.0}, 'dugout': {'baseball players': 0.0, 'cap': 0.0, 'dugout': 1.0}}","[4, 89, 494, 281]","[0, 89, 540, 310]","{'dugout': 26, 'cap': 3, 'baseball players': 2, 't-shirt': 1, 'stand': 1, 'baseball bat': 1, 'crowd': 1, 'men': 1}","[['a bat'], ['a baseball'], ['baseball bat.'], ['this is a baseball bat'], ['a baseball']]"
8590,2351287,3897862,http://manynames.upf.edu//2351287_3897862_house.png,https://cs.stanford.edu/people/rak248/VG_100K/2351287.jpg,house,buildings,house.n.01,"{'barn': 1.0, 'hose': 0.67, 'building': 1.0}",1.0,{'None': 1.0},2351287.jpg,"structure, construction","[{'31': ['hose', 'building', 'house', 'barn']}, {'2': ['door']}, {'2': ['window']}]",house,"{'window': 0.33, 'door': 0.33, 'house': 1.0, 'barn': 1.0, 'building': 1.0, 'hose': 0.5}","{'window': {'bounding box': 1.0}, 'door': {'bounding box': 1.0}, 'house': {'None': 1.0}, 'barn': {'None': 1.0}, 'building': {'None': 1.0}, 'hose': {'visual': 0.3, 'linguistic': 0.7}}",31,0.6451612903225806,1.447640684443725,4,buildings,train,"{'window': {'window': 1.0, 'door': 0.0, 'house': 0.0, 'barn': 0.0, 'building': 0.0, 'hose': 0.0}, 'door': {'window': 0.0, 'door': 1.0, 'house': 0.0, 'barn': 0.0, 'building': 0.0, 'hose': 0.0}, 'house': {'window': 0.0, 'door': 0.0, 'house': 1.0, 'barn': 1.0, 'building': 1.0, 'hose': 0.67}, 'barn': {'window': 0.0, 'door': 0.0, 'house': 1.0, 'barn': 1.0, 'building': 1.0, 'hose': 0.67}, 'building': {'window': 0.0, 'door': 0.0, 'house': 1.0, 'barn': 1.0, 'building': 1.0, 'hose': 0.67}, 'hose': {'window': 0.0, 'door': 0.0, 'house': 0.67, 'barn': 0.67, 'building': 0.67, 'hose': 1.0}}","[38, 28, 254, 160]","[38, 26, 310, 198]","{'house': 20, 'barn': 6, 'building': 3, 'hose': 2, 'window': 2, 'door': 2, 'farm': 1}","[['farm animals, with a barn on the right, and the fence in the foreground'], ['a house and a cow'], ['a barn with chickens and a fence'], ['red barn'], ['the animal on the right in the picture']]"
11339,2361484,1730668,http://manynames.upf.edu//2361484_1730668_bridge.png,https://cs.stanford.edu/people/rak248/VG_100K/2361484.jpg,bridge,buildings,bridge.n.01,"{'overpass': 1.0, 'train': 0.33}",1.0,{'None': 1.0},2361484.jpg,"structure, construction","[{'22': ['overpass', 'bridge']}, {'4': ['train']}]",bridge,"{'train': 0.17, 'bridge': 1.0, 'overpass': 1.0, 'structure': 'NA'}","{'train': {'bounding box': 1.0}, 'bridge': {'None': 1.0}, 'overpass': {'None': 1.0}, 'structure': 'NA'}",23,0.6956521739130435,1.0666152167384504,3,buildings,train,"{'train': {'train': 1.0, 'bridge': 0.33, 'overpass': 0.33, 'structure': 'NA'}, 'bridge': {'train': 0.33, 'bridge': 1.0, 'overpass': 1.0, 'structure': 'NA'}, 'overpass': {'train': 0.33, 'bridge': 1.0, 'overpass': 1.0, 'structure': 'NA'}, 'structure': {'train': 'NA', 'bridge': 'NA', 'overpass': 'NA', 'structure': 'NA'}}","[77, 2, 422, 88]","[85, 0, 511, 112]","{'bridge': 16, 'overpass': 6, 'structure': 1, 'train': 4, 'truck': 1, 'pole': 1, 'tam': 1, 'walkway': 1, 'overhang': 1, 'tilt': 1, 'roof': 1, 'building': 1, 'secondarily': 1}","[['a red bus'], ['red train going under the bridge'], ['red train on a platform'], ['a red train on a platform'], ['a red train']]"
4602,2333584,966979,http://manynames.upf.edu//2333584_966979_jacket.png,https://cs.stanford.edu/people/rak248/VG_100K/2333584.jpg,jacket,clothing,overgarment.n.01,{},1.0,{'None': 1.0},2333584.jpg,article of clothing,[{'31': ['jacket']}],jacket,"{'jacket': 1.0, 'dress': 'NA', 'coat': 'NA'}","{'jacket': {'None': 1.0}, 'dress': 'NA', 'coat': 'NA'}",33,0.9393939393939394,0.3904521308132069,3,clothing,train,"{'jacket': {'jacket': 1.0, 'dress': 'NA', 'coat': 'NA'}, 'dress': {'jacket': 'NA', 'dress': 'NA', 'coat': 'NA'}, 'coat': {'jacket': 'NA', 'dress': 'NA', 'coat': 'NA'}}","[37, 184, 222, 190]","[37, 212, 272, 233]","{'jacket': 31, 'dress': 1, 'coat': 1, 'shirt': 1, 'sleeveless': 1, 'sweater': 1}","[['""i\'m wearing a helmet""'], ['the black and white bird with a blue cap'], ['the bird'], ['a bird'], [""the red and black jacket on the woman's left""]]"
20814,2400025,1163784,http://manynames.upf.edu//2400025_1163784_jacket.png,https://cs.stanford.edu/people/rak248/VG_100K_2/2400025.jpg,jacket,clothing,overgarment.n.01,{'coat': 1.0},1.0,{'None': 1.0},2400025.jpg,article of clothing,"[{'34': ['jacket', 'coat']}]",jacket,"{'jacket': 1.0, 'coat': 1.0}","{'jacket': {'None': 1.0}, 'coat': {'None': 1.0}}",34,0.8529411764705882,0.6024308020404453,2,clothing,train,"{'jacket': {'jacket': 1.0, 'coat': 1.0}, 'coat': {'jacket': 1.0, 'coat': 1.0}}","[31, 72, 236, 152]","[21, 57, 218, 143]","{'jacket': 29, 'coat': 5, 'shirt': 1, 'blazer': 1}","[['the little boy on the park bench.'], ['a young boy in a kilt jumping'], [''], ['a young boy is jumping on a bench'], ['a young boy']]"
3509,2327556,2775357,http://manynames.upf.edu//2327556_2775357_shirt.png,https://cs.stanford.edu/people/rak248/VG_100K/2327556.jpg,shirt,clothing,shirt.n.01,{'costume': 1.0},1.0,{'None': 1.0},2327556.jpg,article of clothing,"[{'26': ['shirt', 'costume']}]",shirt,"{'shirt': 1.0, 'costume': 1.0, 'dress': 'NA'}","{'shirt': {'None': 1.0}, 'costume': {'None': 1.0}, 'dress': 'NA'}",27,0.8518518518518519,0.7253759284051438,3,clothing,val,"{'shirt': {'shirt': 1.0, 'costume': 1.0, 'dress': 'NA'}, 'costume': {'shirt': 1.0, 'costume': 1.0, 'dress': 'NA'}, 'dress': {'shirt': 'NA', 'costume': 'NA', 'dress': 'NA'}}","[55, 151, 249, 266]","[42, 128, 230, 245]","{'shirt': 23, 'costume': 3, 'dress': 1, 'girl': 1, 'suit': 1, 't-shirt': 1, 'stuffed bear': 1, 'teddy bear': 1, 'doll': 1, 'leotard': 1, 'costume shirt': 1}","[['red and blue shirt with red and blue stripes'], ['i was thinking it was a stuffed bear'], ['captain america, the super hero'], [""this is a young lady's teddy bear.""], ['the person with the name']]"
21733,2403837,348942,http://manynames.upf.edu//2403837_348942_hat.png,https://cs.stanford.edu/people/rak248/VG_100K_2/2403837.jpg,hat,clothing,headdress.n.01,{'bonnet': 1.0},1.0,{'None': 1.0},2403837.jpg,article of clothing,"[{'25': ['hat', 'bonnet']}, {'5': ['dog']}]",hat,"{'dog': 0.17, 'hat': 1.0, 'bonnet': 1.0}","{'dog': {'bounding box': 1.0}, 'hat': {'None': 1.0}, 'bonnet': {'None': 1.0}}",25,0.92,0.4021791902022728,2,clothing,train,"{'dog': {'dog': 1.0, 'hat': 0.0, 'bonnet': 0.0}, 'hat': {'dog': 0.0, 'hat': 1.0, 'bonnet': 1.0}, 'bonnet': {'dog': 0.0, 'hat': 1.0, 'bonnet': 1.0}}","[120, 1, 351, 137]","[136, 0, 425, 170]","{'hat': 23, 'bonnet': 2, 'dog': 5, 'cap': 1, 'eye': 1, 'dog hat': 1, ""dog's eye"": 1}","[[''], [""the dog's head and neck""], ['this is a dog wearing a hat'], ['this is a dog wearing a hat'], ['a dog wearing a bonnet']]"
11701,2362771,3072573,http://manynames.upf.edu//2362771_3072573_dress.png,https://cs.stanford.edu/people/rak248/VG_100K/2362771.jpg,dress,clothing,dress.n.01,"{'clothes': 1.0, 'shirt': 1.0, 'clothing': 1.0, 'apron': 1.0}",0.83,"{'visual': 0.3, 'None': 0.7}",2362771.jpg,article of clothing,"[{'31': ['clothing', 'clothes', 'dress', 'shirt', 'apron']}]",dress,"{'apron': 1.0, 'dress': 0.83, 'shirt': 0.5, 'clothing': 1.0, 'clothes': 1.0}","{'apron': {'None': 1.0}, 'dress': {'None': 0.7, 'visual': 0.3}, 'shirt': {'bounding box': 1.0}, 'clothing': {'None': 1.0}, 'clothes': {'None': 1.0}}",31,0.3548387096774194,1.9955790173398635,5,clothing,train,"{'apron': {'apron': 1.0, 'dress': 1.0, 'shirt': 1.0, 'clothing': 1.0, 'clothes': 1.0}, 'dress': {'apron': 1.0, 'dress': 1.0, 'shirt': 1.0, 'clothing': 1.0, 'clothes': 1.0}, 'shirt': {'apron': 1.0, 'dress': 1.0, 'shirt': 1.0, 'clothing': 1.0, 'clothes': 1.0}, 'clothing': {'apron': 1.0, 'dress': 1.0, 'shirt': 1.0, 'clothing': 1.0, 'clothes': 1.0}, 'clothes': {'apron': 1.0, 'dress': 1.0, 'shirt': 1.0, 'clothing': 1.0, 'clothes': 1.0}}","[219, 116, 190, 383]","[189, 97, 177, 349]","{'apron': 11, 'dress': 11, 'shirt': 5, 'clothing': 2, 'clothes': 2, 'woman': 1, 'outfit': 1, 't-shirt': 1, 'ladies body': 1}","[['a hair dryer'], ['hair dryer'], ['hair dryer'], ['the woman on the right with the curly hair getting her hair done'], ['a woman is having her hair done by a man']]"
19479,2393742,470036,http://manynames.upf.edu//2393742_470036_dress.png,https://cs.stanford.edu/people/rak248/VG_100K_2/2393742.jpg,dress,clothing,dress.n.01,{},1.0,{'None': 1.0},2393742.jpg,article of clothing,[{'31': ['dress']}],dress,{'dress': 1.0},{'dress': {'None': 1.0}},31,1.0,0.0,1,clothing,train,{'dress': {'dress': 1.0}},"[270, 0, 174, 333]","[315, 0, 215, 399]","{'dress': 31, 'phone': 1, 'woman': 1, 'black dress': 1}","[[''], ['the dark woman in the dark dress'], [""a woman's dress""], ['woman in black dress'], ['woman in a black dress with her back turned to the viewer']]"
9066,2353212,848262,http://manynames.upf.edu//2353212_848262_shirt.png,https://cs.stanford.edu/people/rak248/VG_100K/2353212.jpg,shirt,clothing,shirt.n.01,{'dress shirt': 1.0},1.0,{'None': 1.0},2353212.jpg,article of clothing,"[{'15': ['necktie', 'tie']}, {'18': ['shirt', 'dress shirt']}]",shirt,"{'necktie': 0.5, 'tie': 0.5, 'shirt': 1.0, 'dress shirt': 1.0}","{'necktie': {'None': 0.3, 'bounding box': 0.7}, 'tie': {'None': 0.3, 'bounding box': 0.7}, 'shirt': {'None': 1.0}, 'dress shirt': {'None': 1.0}}",18,0.8888888888888888,0.5032583347756456,2,clothing,train,"{'necktie': {'necktie': 1.0, 'tie': 1.0, 'shirt': 0.0, 'dress shirt': 0.0}, 'tie': {'necktie': 1.0, 'tie': 1.0, 'shirt': 0.0, 'dress shirt': 0.0}, 'shirt': {'necktie': 0.0, 'tie': 0.0, 'shirt': 1.0, 'dress shirt': 1.0}, 'dress shirt': {'necktie': 0.0, 'tie': 0.0, 'shirt': 1.0, 'dress shirt': 1.0}}","[210, 0, 286, 332]","[244, 0, 348, 396]","{'shirt': 16, 'dress shirt': 2, 'tie': 11, 'necktie': 4, 't-shirt': 1, 'undershirt': 1, 'coat': 1}","[[""the red box is a man's tie.""], ['a purple tie'], ['a black suit jacket'], ['a red box with a name'], ['the red and white striped tie']]"
2751,2323122,3224817,http://manynames.upf.edu//2323122_3224817_poncho.png,https://cs.stanford.edu/people/rak248/VG_100K/2323122.jpg,raincoat,clothing,overgarment.n.01,{'poncho': 1.0},1.0,{'None': 1.0},2323122.jpg,article of clothing,"[{'22': ['poncho', 'raincoat']}, {'6': ['woman', 'person']}]",poncho,"{'woman': 0.17, 'person': 0.17, 'poncho': 1.0, 'raincoat': 1.0}","{'woman': {'bounding box': 1.0}, 'person': {'bounding box': 1.0}, 'poncho': {'None': 1.0}, 'raincoat': {'None': 1.0}}",22,0.5454545454545454,0.9940302114769566,2,clothing,,"{'woman': {'woman': 1.0, 'person': 1.0, 'poncho': 0.0, 'raincoat': 0.0}, 'person': {'woman': 1.0, 'person': 1.0, 'poncho': 0.0, 'raincoat': 0.0}, 'poncho': {'woman': 0.0, 'person': 0.0, 'poncho': 1.0, 'raincoat': 1.0}, 'raincoat': {'woman': 0.0, 'person': 0.0, 'poncho': 1.0, 'raincoat': 1.0}}","[93, 127, 164, 330]","[76, 107, 154, 302]","{'poncho': 12, 'raincoat': 10, 'person': 3, 'woman': 3, 'rain slicker': 1, 'parka': 1, 'girl': 1, 'rain jacket': 1, 'coat': 1, 'protestant': 1, 'man': 1, 'umbrella': 1}","[['person with an umbrella.'], ['a woman walking in the rain'], ['umbrella'], ['the person holding the umbrella'], ['the woman walking down the street holding an umbrella']]"
18615,2389869,3828379,http://manynames.upf.edu//2389869_3828379_dress.png,https://cs.stanford.edu/people/rak248/VG_100K_2/2389869.jpg,dress,clothing,dress.n.01,{'wedding dress': 1.0},1.0,{'None': 1.0},2389869.jpg,article of clothing,"[{'32': ['wedding dress', 'dress']}]",dress,"{'dress': 1.0, 'wedding dress': 1.0, 'clothes': 'NA'}","{'dress': {'None': 1.0}, 'wedding dress': {'None': 1.0}, 'clothes': 'NA'}",33,0.8787878787878788,0.6311718053929062,3,clothing,train,"{'dress': {'dress': 1.0, 'wedding dress': 1.0, 'clothes': 'NA'}, 'wedding dress': {'dress': 1.0, 'wedding dress': 1.0, 'clothes': 'NA'}, 'clothes': {'dress': 'NA', 'wedding dress': 'NA', 'clothes': 'NA'}}","[159, 239, 197, 256]","[135, 207, 183, 236]","{'dress': 29, 'wedding dress': 3, 'clothes': 1, 'cubs': 1, 'gown': 1, 'tops': 1}","[['the woman is feeding the man a piece of cake.'], [""the man's hand""], ['the man is eating a cake'], ['the groom.'], ['the woman feeding the man']]"
2510,2321917,3143203,http://manynames.upf.edu//2321917_3143203_dress.png,https://cs.stanford.edu/people/rak248/VG_100K/2321917.jpg,dress,clothing,dress.n.01,{},1.0,{'None': 1.0},2321917.jpg,article of clothing,"[{'29': ['dress']}, {'3': ['bench']}]",dress,"{'bench': 0.5, 'dress': 1.0}","{'bench': {'bounding box': 1.0}, 'dress': {'None': 1.0}}",29,1.0,0.0,1,clothing,train,"{'bench': {'bench': 1.0, 'dress': 0.0}, 'dress': {'bench': 0.0, 'dress': 1.0}}","[23, 101, 353, 232]","[20, 114, 428, 284]","{'dress': 29, 'bench': 3, 'hair': 1, 'maxi': 1, 'gown': 1, 'body': 1}","[['the archery bow.'], ['this is a red arrow.'], ['the red arrow.'], ['a small woman dressed in a blue dress and a brown belt holding a bow and arrow'], ['a young lady holding an arrow']]"
1109,1593092,3288315,http://manynames.upf.edu//1593092_3288315_jacket.png,https://cs.stanford.edu/people/rak248/VG_100K/1593092.jpg,jacket,clothing,overgarment.n.01,"{'suit': 1.0, 'coat': 1.0}",1.0,{'None': 1.0},1593092.jpg,article of clothing,"[{'32': ['jacket', 'suit', 'coat']}]",jacket,"{'jacket': 1.0, 'suit': 1.0, 'coat': 1.0}","{'jacket': {'None': 1.0}, 'suit': {'None': 1.0}, 'coat': {'None': 1.0}}",32,0.46875,1.3543370204656968,3,clothing,train,"{'jacket': {'jacket': 1.0, 'suit': 1.0, 'coat': 1.0}, 'suit': {'jacket': 1.0, 'suit': 1.0, 'coat': 1.0}, 'coat': {'jacket': 1.0, 'suit': 1.0, 'coat': 1.0}}","[131, 358, 706, 324]","[69, 202, 419, 196]","{'jacket': 15, 'suit': 14, 'coat': 3, 'man': 1, 'clothes': 1, 'suit and tie': 1, 'tie': 1}","[['person.'], [""it's a person""], ['a face'], ['person'], [""it's an office worker""]]"
21457,2402720,1132429,http://manynames.upf.edu//2402720_1132429_shirt.png,https://cs.stanford.edu/people/rak248/VG_100K_2/2402720.jpg,shirt,clothing,shirt.n.01,{'dress shirt': 1.0},1.0,{'None': 1.0},2402720.jpg,article of clothing,"[{'34': ['shirt', 'dress shirt']}]",shirt,"{'shirt': 1.0, 'dress shirt': 1.0}","{'shirt': {'None': 1.0}, 'dress shirt': {'None': 1.0}}",34,0.9411764705882352,0.3227569588973982,2,clothing,train,"{'shirt': {'shirt': 1.0, 'dress shirt': 1.0}, 'dress shirt': {'shirt': 1.0, 'dress shirt': 1.0}}","[0, 275, 374, 224]","[0, 239, 335, 207]","{'shirt': 32, 'dress shirt': 2, 'window': 1, 'tie': 1}","[['person in a train'], ['the bus seat in front of the person'], ['man in red tie, bus driver'], ['the red rectangle in the frame.  the object in the frame is a man.'], ['man in a red shirt on a train']]"
6387,2342641,2681013,http://manynames.upf.edu//2342641_2681013_shirt.png,https://cs.stanford.edu/people/rak248/VG_100K/2342641.jpg,shirt,clothing,shirt.n.01,{'t-shirt': 1.0},0.83,"{'bounding box': 0.3, 'None': 0.7}",2342641.jpg,article of clothing,"[{'31': ['shirt', 't-shirt']}, {'2': ['fridge']}]",shirt,"{'fridge': 0.33, 'shirt': 0.83, 't-shirt': 0.83}","{'fridge': {'bounding box': 1.0}, 'shirt': {'None': 0.7, 'bounding box': 0.3}, 't-shirt': {'None': 0.7, 'bounding box': 0.3}}",31,0.8064516129032258,0.708835673332196,2,clothing,train,"{'fridge': {'fridge': 1.0, 'shirt': 0.0, 't-shirt': 0.0}, 'shirt': {'fridge': 0.0, 'shirt': 1.0, 't-shirt': 1.0}, 't-shirt': {'fridge': 0.0, 'shirt': 1.0, 't-shirt': 1.0}}","[0, 229, 182, 271]","[0, 198, 170, 249]","{'shirt': 25, 't-shirt': 6, 'fridge': 2, 'cup': 1, 'ice': 1, 'torso': 1}","[['a man looking for food'], ['an open refrigerator'], ['a refrigerator'], ['a refrigerator'], ['a person holding a can of soup']]"
12929,2367047,1846409,http://manynames.upf.edu//2367047_1846409_shirt.png,https://cs.stanford.edu/people/rak248/VG_100K/2367047.jpg,shirt,clothing,shirt.n.01,{'polo shirt': 1.0},1.0,{'None': 1.0},2367047.jpg,article of clothing,"[{'32': ['shirt', 'polo shirt']}]",shirt,"{'shirt': 1.0, 'polo shirt': 1.0}","{'shirt': {'None': 1.0}, 'polo shirt': {'None': 1.0}}",32,0.9375,0.3372900666170139,2,clothing,train,"{'shirt': {'shirt': 1.0, 'polo shirt': 1.0}, 'polo shirt': {'shirt': 1.0, 'polo shirt': 1.0}}","[45, 125, 266, 210]","[47, 142, 324, 257]","{'shirt': 30, 'polo shirt': 2, 'child': 1, 'polo': 1, 'boy': 1, 'scissor': 1}","[['red scissors'], ['red square'], ['paperclip'], ['red beanie'], ['red box']]"
15103,2374984,3843007,http://manynames.upf.edu//2374984_3843007_hat.png,https://cs.stanford.edu/people/rak248/VG_100K/2374984.jpg,hood,clothing,headdress.n.01,"{'hat': 1.0, 'cap': 1.0}",0.67,"{'visual': 0.3, 'None': 0.7}",2374984.jpg,article of clothing,"[{'28': ['hat', 'hood', 'cap']}, {'6': ['man']}]",hat,"{'man': 0.33, 'hat': 1.0, 'cap': 1.0, 'hood': 0.67}","{'man': {'bounding box': 1.0}, 'hat': {'None': 1.0}, 'cap': {'None': 1.0}, 'hood': {'None': 0.7, 'visual': 0.3}}",28,0.7142857142857143,1.0949143184120975,3,clothing,train,"{'man': {'man': 1.0, 'hat': 0.0, 'cap': 0.0, 'hood': 0.0}, 'hat': {'man': 0.0, 'hat': 1.0, 'cap': 1.0, 'hood': 1.0}, 'cap': {'man': 0.0, 'hat': 1.0, 'cap': 1.0, 'hood': 1.0}, 'hood': {'man': 0.0, 'hat': 1.0, 'cap': 1.0, 'hood': 1.0}}","[153, 0, 345, 324]","[149, 0, 359, 338]","{'hat': 20, 'cap': 6, 'hood': 2, 'man': 6, 'jacket': 1}","[['the man is eating a piece of chocolate cake'], ['it is a man eating a hamburger'], ['a man in a hat'], ['a man eating a sandwich'], ['the person is a guy in a black jacket']]"
5357,2337449,2838335,http://manynames.upf.edu//2337449_2838335_pizza.png,https://cs.stanford.edu/people/rak248/VG_100K/2337449.jpg,pizza,food,dish.n.02,{'food': 1.0},1.0,{'None': 1.0},2337449.jpg,"food, nutrient","[{'34': ['pizza', 'food']}]",pizza,"{'pizza': 1.0, 'food': 1.0}","{'pizza': {'None': 1.0}, 'food': {'None': 1.0}}",34,0.9411764705882352,0.3227569588973982,2,food,test,"{'pizza': {'pizza': 1.0, 'food': 1.0}, 'food': {'pizza': 1.0, 'food': 1.0}}","[13, 71, 483, 176]","[9, 78, 584, 217]","{'pizza': 32, 'food': 2, 'pan': 1, 'pizza pan': 1}","[['a pizza'], ['this is a pizza'], ['a pizza'], ['pizza'], ['a pizza']]"
23352,2410016,228090,http://manynames.upf.edu//2410016_228090_bread.png,https://cs.stanford.edu/people/rak248/VG_100K_2/2410016.jpg,bread,food,baked_goods.n.01,"{'food': 0.33, 'bun': 1.0}",1.0,{'None': 1.0},2410016.jpg,"food, solid food","[{'31': ['bun', 'bread']}, {'2': ['food']}]",bread,"{'bread': 1.0, 'bun': 1.0, 'food': 1.0}","{'bread': {'None': 1.0}, 'bun': {'None': 1.0}, 'food': {'None': 1.0}}",33,0.7575757575757576,0.9957220057616336,3,food,train,"{'bread': {'bread': 1.0, 'bun': 1.0, 'food': 0.33}, 'bun': {'bread': 1.0, 'bun': 1.0, 'food': 0.33}, 'food': {'bread': 0.33, 'bun': 0.33, 'food': 1.0}}","[127, 95, 211, 196]","[144, 106, 259, 241]","{'bread': 25, 'bun': 6, 'food': 2, 'sandwich': 1, 'burger': 1, 'roll': 1}","[['a sandwich'], ['sandwich with french fries and coleslaw'], ['a sandwich, cut in half, with a coleslaw between two pieces of bread'], ['sandwich'], ['chicken sandwich, breaded, fried']]"
11750,2362941,2550519,http://manynames.upf.edu//2362941_2550519_hotdog.png,https://cs.stanford.edu/people/rak248/VG_100K/2362941.jpg,bun,food,baked_goods.n.01,"{'hotdog': 0.25, 'sandwich': 0.25, 'wiener': 0.25, 'food': 0.25}",0.38,"{'bounding box': 0.5, 'visual': 0.2, 'None': 0.2}",2362941.jpg,"food, solid food","[{'31': ['hotdog', 'food', 'sandwich', 'wiener']}, {'3': ['bun']}]",hotdog,"{'bun': 0.38, 'hotdog': 1.0, 'food': 1.0, 'sandwich': 0.88, 'wiener': 0.88, 'sausage': 'NA'}","{'bun': {'bounding box': 0.5, 'None': 0.2, 'visual': 0.2}, 'hotdog': {'None': 1.0}, 'food': {'None': 1.0}, 'sandwich': {'None': 0.8, 'visual': 0.2}, 'wiener': {'None': 0.8, 'bounding box': 0.2}, 'sausage': 'NA'}",32,0.6875,1.4730505277442498,5,food,train,"{'bun': {'bun': 1.0, 'hotdog': 0.25, 'food': 0.25, 'sandwich': 0.25, 'wiener': 0.25, 'sausage': 'NA'}, 'hotdog': {'bun': 0.25, 'hotdog': 1.0, 'food': 1.0, 'sandwich': 1.0, 'wiener': 0.75, 'sausage': 'NA'}, 'food': {'bun': 0.25, 'hotdog': 1.0, 'food': 1.0, 'sandwich': 1.0, 'wiener': 0.75, 'sausage': 'NA'}, 'sandwich': {'bun': 0.25, 'hotdog': 1.0, 'food': 1.0, 'sandwich': 1.0, 'wiener': 0.75, 'sausage': 'NA'}, 'wiener': {'bun': 0.25, 'hotdog': 0.75, 'food': 0.75, 'sandwich': 0.75, 'wiener': 1.0, 'sausage': 'NA'}, 'sausage': {'bun': 'NA', 'hotdog': 'NA', 'food': 'NA', 'sandwich': 'NA', 'wiener': 'NA', 'sausage': 'NA'}}","[0, 123, 255, 165]","[0, 140, 311, 204]","{'hotdog': 22, 'food': 4, 'sandwich': 3, 'wiener': 2, 'sausage': 1, 'bun': 3, 'san': 1}","[['man biting into a hotdog'], ['man in a white shirt eating a hot dog'], [""man's left hand holding a hot dog bun""], ['the hot dog'], ['this man eats a hot dog']]"
11413,2361756,3465312,http://manynames.upf.edu//2361756_3465312_food.png,https://cs.stanford.edu/people/rak248/VG_100K/2361756.jpg,sandwich,food,dish.n.02,"{'food': 1.0, 'cake': 1.0}",0.83,"{'visual': 0.3, 'None': 0.7}",2361756.jpg,"food, nutrient","[{'25': ['food', 'sandwich', 'cake']}]",food,"{'food': 1.0, 'sandwich': 0.83, 'cake': 0.5}","{'food': {'None': 1.0}, 'sandwich': {'None': 0.7, 'visual': 0.3}, 'cake': {'visual': 0.7, 'None': 0.3}}",25,0.56,1.290564432903234,3,food,train,"{'food': {'food': 1.0, 'sandwich': 1.0, 'cake': 1.0}, 'sandwich': {'food': 1.0, 'sandwich': 1.0, 'cake': 1.0}, 'cake': {'food': 1.0, 'sandwich': 1.0, 'cake': 1.0}}","[144, 51, 292, 197]","[122, 39, 268, 183]","{'food': 14, 'sandwich': 9, 'cake': 2, 'bread': 1, 'biscuit': 1, 'meat': 1, 'tofu': 1, 'dish': 1, 'dinner': 1, 'burger': 1, 'bread pudding': 1, 'pastry': 1, 'pizza': 1}","[['food and beverage item'], ['pizzas and a salad'], ['pizza'], ['the pizza'], ['this is a square of fried dough']]"
11574,2362302,2634783,http://manynames.upf.edu//2362302_2634783_bagel.png,https://cs.stanford.edu/people/rak248/VG_100K/2362302.jpg,bagel,food,baked_goods.n.01,"{'bun': 1.0, 'bread': 1.0, 'burger': 0.67, 'donut': 1.0}",1.0,{'None': 1.0},2362302.jpg,"food, solid food","[{'33': ['bun', 'bread', 'burger', 'donut', 'bagel']}]",bagel,"{'bagel': 1.0, 'bun': 0.83, 'burger': 0.5, 'bread': 0.83, 'donut': 0.67}","{'bagel': {'None': 1.0}, 'bun': {'None': 0.7, 'visual': 0.3}, 'burger': {'bounding box': 0.3, 'linguistic': 0.3, 'visual': 0.3}, 'bread': {'None': 0.7, 'visual': 0.3}, 'donut': {'None': 0.3, 'visual': 0.7}}",33,0.3939393939393939,2.0234994144703293,5,food,train,"{'bagel': {'bagel': 1.0, 'bun': 1.0, 'burger': 0.67, 'bread': 1.0, 'donut': 1.0}, 'bun': {'bagel': 1.0, 'bun': 1.0, 'burger': 0.67, 'bread': 1.0, 'donut': 1.0}, 'burger': {'bagel': 0.67, 'bun': 0.67, 'burger': 1.0, 'bread': 0.67, 'donut': 0.67}, 'bread': {'bagel': 1.0, 'bun': 1.0, 'burger': 0.67, 'bread': 1.0, 'donut': 1.0}, 'donut': {'bagel': 1.0, 'bun': 1.0, 'burger': 0.67, 'bread': 1.0, 'donut': 1.0}}","[168, 28, 333, 178]","[193, 26, 403, 219]","{'bagel': 13, 'bun': 10, 'burger': 5, 'bread': 3, 'donut': 2, 'cheese': 1, 'snakes': 1, 'cake': 1}","[['a hamburger with a fried egg on it'], ['breakfast sandwich'], ['a sandwich with a lot of meat'], ['a bagel with scrambled eggs'], ['the food that is sitting on the plate']]"
22872,2408397,262515,http://manynames.upf.edu//2408397_262515_pizza.png,https://cs.stanford.edu/people/rak248/VG_100K_2/2408397.jpg,sauce,food,foodstuff.n.02,"{'food': 0.33, 'cheese': 1.0, 'toppings': 1.0}",0.83,"{'bounding box': 0.3, 'None': 0.7}",2408397.jpg,"food, nutrient","[{'31': ['food', 'pizza']}, {'5': ['toppings', 'cheese']}]",pizza,"{'cheese': 0.83, 'toppings': 0.83, 'pizza': 0.83, 'food': 0.83}","{'cheese': {'bounding box': 0.3, 'None': 0.7}, 'toppings': {'bounding box': 0.3, 'None': 0.7}, 'pizza': {'bounding box': 0.3, 'None': 0.7}, 'food': {'bounding box': 0.3, 'None': 0.7}}",31,0.935483870967742,0.345117314944953,2,food,train,"{'cheese': {'cheese': 1.0, 'toppings': 1.0, 'pizza': 0.0, 'food': 0.33}, 'toppings': {'cheese': 1.0, 'toppings': 1.0, 'pizza': 0.0, 'food': 0.33}, 'pizza': {'cheese': 0.0, 'toppings': 0.0, 'pizza': 1.0, 'food': 0.67}, 'food': {'cheese': 0.33, 'toppings': 0.33, 'pizza': 0.67, 'food': 1.0}}","[38, 29, 327, 275]","[38, 28, 397, 335]","{'pizza': 29, 'food': 2, 'toppings': 3, 'cheese': 2}","[['pizza in a box with a slice missing'], ['the pizza'], ['the pizza with pepperoni and sausage in it'], ['the pizza on the right of the square slice of cheese and the first name that comes to mind is'], ['pizza box with a cheese pizza and a side dish.']]"
11387,2361645,780670,http://manynames.upf.edu//2361645_780670_cake.png,https://cs.stanford.edu/people/rak248/VG_100K/2361645.jpg,cake,food,baked_goods.n.01,{},1.0,{'None': 1.0},2361645.jpg,"food, solid food","[{'2': ['flowers']}, {'32': ['cake']}]",cake,"{'flowers': 0.38, 'cake': 1.0}","{'flowers': {'bounding box': 0.5, 'None': 0.2, 'linguistic': 0.2}, 'cake': {'None': 1.0}}",32,1.0,0.0,1,food,train,"{'flowers': {'flowers': 1.0, 'cake': 0.0}, 'cake': {'flowers': 0.0, 'cake': 1.0}}","[35, 7, 403, 307]","[35, 1, 488, 374]","{'cake': 32, 'flowers': 2, 'rose': 1, 'flower arrangement': 1}","[['birthday cake'], ['oh la la cake'], ['the birthday cake'], ['the birthday cake'], ['a birthday cake with roses and the name oh la la la']]"
13654,2369805,3861515,http://manynames.upf.edu//2369805_3861515_donut.png,https://cs.stanford.edu/people/rak248/VG_100K/2369805.jpg,donut,food,baked_goods.n.01,"{'food': 1.0, 'pastry': 1.0, 'bread': 1.0}",1.0,{'None': 1.0},2369805.jpg,"food, solid food","[{'31': ['donut', 'food', 'pastry', 'bread']}]",donut,"{'donut': 1.0, 'food': 1.0, 'pastry': 1.0, 'bread': 0.67}","{'donut': {'None': 1.0}, 'food': {'None': 1.0}, 'pastry': {'None': 1.0}, 'bread': {'visual': 0.3, 'None': 0.7}}",31,0.7741935483870968,1.1221321968555455,4,food,train,"{'donut': {'donut': 1.0, 'food': 1.0, 'pastry': 1.0, 'bread': 1.0}, 'food': {'donut': 1.0, 'food': 1.0, 'pastry': 1.0, 'bread': 1.0}, 'pastry': {'donut': 1.0, 'food': 1.0, 'pastry': 1.0, 'bread': 1.0}, 'bread': {'donut': 1.0, 'food': 1.0, 'pastry': 1.0, 'bread': 1.0}}","[126, 52, 272, 243]","[143, 55, 332, 297]","{'donut': 24, 'food': 3, 'pastry': 2, 'bread': 2, 'biscuit': 1, 'sandwich': 1, 'eclair': 1, 'bun': 1, 'burger': 1}","[['a donut with powdered sugar'], ['donut'], [""it's a piece of donut with some food in it""], ['a doughnut'], ['the sandwich.']]"
22627,2407486,3810581,http://manynames.upf.edu//2407486_3810581_food.png,https://cs.stanford.edu/people/rak248/VG_100K_2/2407486.jpg,sauce,food,foodstuff.n.02,"{'dinner': 0.75, 'food': 0.75, 'salad': 0.5}",0.62,"{'visual': 0.8, 'None': 0.2}",2407486.jpg,"food, nutrient","[{'23': ['food', 'salad', 'dinner']}, {'4': ['plate']}]",food,"{'plate': 0.5, 'food': 1.0, 'salad': 0.75, 'dinner': 1.0}","{'plate': {'bounding box': 1.0}, 'food': {'None': 1.0}, 'salad': {'None': 0.5, 'visual': 0.5}, 'dinner': {'None': 1.0}}",23,0.782608695652174,0.9664516287472262,3,food,train,"{'plate': {'plate': 1.0, 'food': 0.0, 'salad': 0.0, 'dinner': 0.0}, 'food': {'plate': 0.0, 'food': 1.0, 'salad': 0.75, 'dinner': 1.0}, 'salad': {'plate': 0.0, 'food': 0.75, 'salad': 1.0, 'dinner': 0.75}, 'dinner': {'plate': 0.0, 'food': 1.0, 'salad': 0.75, 'dinner': 1.0}}","[11, 26, 455, 294]","[6, 24, 550, 358]","{'food': 18, 'salad': 3, 'dinner': 2, 'plate': 4, 'mushroom': 1, 'dish': 1, 'beef': 1, 'fried rice': 1, 'meal': 1, 'vagabond': 1, 'rice': 1}","[['beef broccoli'], ['chicken, beef, broccoli, potatoes, mushrooms'], ['the chinese style vegetable stir fry'], ['the plate in the photo is a bowl of food'], ['vegetables with meat in it']]"
11172,2360910,2480571,http://manynames.upf.edu//2360910_2480571_mirror.png,https://cs.stanford.edu/people/rak248/VG_100K/2360910.jpg,cake,food,baked_goods.n.01,"{'car mirror': 0.0, 'mirror': 0.0, 'cake': 1.0}",0.0,{'other': 1.0},2360910.jpg,"food, solid food","[{'35': ['mirror', 'car mirror']}]",mirror,"{'mirror': 1.0, 'car mirror': 1.0}","{'mirror': {'None': 1.0}, 'car mirror': {'None': 1.0}}",35,0.9142857142857144,0.4220005168831531,2,vehicles,train,"{'mirror': {'mirror': 1.0, 'car mirror': 1.0}, 'car mirror': {'mirror': 1.0, 'car mirror': 1.0}}","[0, 0, 479, 348]","[0, 0, 578, 422]","{'mirror': 32, 'car mirror': 3}","[[""the car's rearview mirror""], ['a car mirror'], ['the car with the dog'], [''], ['a dog in a car mirror.']]"
14024,2371126,740283,http://manynames.upf.edu//2371126_740283_pizza.png,https://cs.stanford.edu/people/rak248/VG_100K/2371126.jpg,pizza,food,dish.n.02,{'food': 1.0},1.0,{'None': 1.0},2371126.jpg,"food, nutrient","[{'33': ['pizza', 'food']}]",pizza,"{'pizza': 1.0, 'food': 1.0}","{'pizza': {'None': 1.0}, 'food': {'None': 1.0}}",33,0.9393939393939394,0.3298460702071463,2,food,train,"{'pizza': {'pizza': 1.0, 'food': 1.0}, 'food': {'pizza': 1.0, 'food': 1.0}}","[63, 79, 367, 254]","[68, 87, 445, 310]","{'pizza': 31, 'food': 2, 'burger': 1, 'plate': 1}","[['a pizza with veggies'], ['pizza'], ['a pizza on a table with glasses and a coke'], ['the pizza, the pita, the sandwich'], ['vegetable pizza']]"
18055,2387049,515535,http://manynames.upf.edu//2387049_515535_cake.png,https://cs.stanford.edu/people/rak248/VG_100K_2/2387049.jpg,cake,food,baked_goods.n.01,{},1.0,{'None': 1.0},2387049.jpg,"food, solid food",[{'35': ['cake']}],cake,{'cake': 1.0},{'cake': {'None': 1.0}},35,1.0,0.0,1,food,train,{'cake': {'cake': 1.0}},"[3, 186, 329, 314]","[0, 159, 298, 288]","{'cake': 35, 'burger': 1}","[['cake'], ['a cake with letters on it'], ['cake   b: biscuit   c: cake   d: cake'], ['the object in the red box with the first name that comes to mind is a cake.'], ['i will end this with an e.']]"
4312,2331870,971185,http://manynames.upf.edu//2331870_971185_pizza.png,https://cs.stanford.edu/people/rak248/VG_100K/2331870.jpg,cheese,food,foodstuff.n.02,"{'pizza': 0.33, 'slice': 0.33}",1.0,{'None': 1.0},2331870.jpg,"food, nutrient","[{'33': ['slice', 'pizza']}]",pizza,"{'pizza': 1.0, 'slice': 1.0}","{'pizza': {'None': 1.0}, 'slice': {'None': 1.0}}",33,0.9393939393939394,0.3298460702071463,2,food,train,"{'pizza': {'pizza': 1.0, 'slice': 1.0}, 'slice': {'pizza': 1.0, 'slice': 1.0}}","[0, 37, 407, 462]","[0, 26, 371, 420]","{'pizza': 31, 'slice': 2, 'plate': 1, 'tissue paper': 1, 'pizza slice': 1}","[['a slice of pizza with olives and mushrooms'], ['pizza, slice of pizza, pizza'], ['pizza slice, the pizza slice is half eaten, and it has olives on it'], ['a pizza with mushrooms, olives, and black olives'], ['pizza']]"
23033,2408946,252145,http://manynames.upf.edu//2408946_252145_pizza.png,https://cs.stanford.edu/people/rak248/VG_100K_2/2408946.jpg,pizza,food,dish.n.02,{'food': 1.0},1.0,{'None': 1.0},2408946.jpg,"food, nutrient","[{'33': ['pizza', 'food']}, {'3': ['spoon']}]",pizza,"{'spoon': 0.33, 'pizza': 1.0, 'food': 1.0}","{'spoon': {'visual': 0.7, 'bounding box': 0.3}, 'pizza': {'None': 1.0}, 'food': {'None': 1.0}}",33,0.9393939393939394,0.3298460702071463,2,food,train,"{'spoon': {'spoon': 1.0, 'pizza': 0.0, 'food': 0.0}, 'pizza': {'spoon': 0.0, 'pizza': 1.0, 'food': 1.0}, 'food': {'spoon': 0.0, 'pizza': 1.0, 'food': 1.0}}","[32, 270, 299, 158]","[22, 234, 274, 148]","{'pizza': 31, 'food': 2, 'spoon': 3}","[['a child holding a pizza'], ['a pizza'], [''], ['pizza   [ ] pizza [ ] pizza [ ] pizza   [ ] pizza   ['], ['a pizza']]"
12299,2364858,758484,http://manynames.upf.edu//2364858_758484_sandwich.png,https://cs.stanford.edu/people/rak248/VG_100K/2364858.jpg,vegetable,food,vegetable.n.01,{},0.83,"{'bounding box': 0.3, 'None': 0.7}",2364858.jpg,"food, nutrient","[{'33': ['sandwich', 'sub', 'food']}]",sandwich,"{'sandwich': 0.83, 'sub': 0.83, 'food': 1.0}","{'sandwich': {'None': 0.7, 'bounding box': 0.3}, 'sub': {'None': 0.7, 'bounding box': 0.3}, 'food': {'None': 1.0}}",33,0.8484848484848485,0.7607327460318964,3,food,train,"{'sandwich': {'sandwich': 1.0, 'sub': 1.0, 'food': 0.67}, 'sub': {'sandwich': 1.0, 'sub': 1.0, 'food': 0.67}, 'food': {'sandwich': 0.67, 'sub': 0.67, 'food': 1.0}}","[170, 102, 285, 137]","[196, 115, 347, 170]","{'sandwich': 28, 'sub': 3, 'food': 2, 'hoagie': 1, 'burger': 1}","[['a sandwich with a drink'], ['a sandwich in a paper wrapper'], ['the photo has been edited to include a hot dog, a beverage, and a piece of lettuce in'], ['a sandwich with lettuce, tomato, and vegetables'], ['a sandwich with lettuce and a side of meat, a drink, and a paper with a straw']]"
22168,2405605,1106991,http://manynames.upf.edu//2405605_1106991_desk.png,https://cs.stanford.edu/people/rak248/VG_100K_2/2405605.jpg,desk,home,furnishing.n.02,{'table': 1.0},1.0,{'None': 1.0},2405605.jpg,"instrumentality, instrumentation","[{'28': ['table', 'desk']}, {'3': ['keyboard']}, {'2': ['toy']}]",desk,"{'keyboard': 0.33, 'toy': 0.0, 'desk': 1.0, 'table': 0.67}","{'keyboard': {'bounding box': 1.0}, 'toy': {'bounding box': 1.0}, 'desk': {'None': 1.0}, 'table': {'None': 0.7, 'visual': 0.3}}",28,0.8214285714285714,0.676941869780886,2,home,train,"{'keyboard': {'keyboard': 1.0, 'toy': 0.0, 'desk': 0.0, 'table': 0.0}, 'toy': {'keyboard': 0.0, 'toy': 1.0, 'desk': 0.0, 'table': 0.0}, 'desk': {'keyboard': 0.0, 'toy': 0.0, 'desk': 1.0, 'table': 1.0}, 'table': {'keyboard': 0.0, 'toy': 0.0, 'desk': 1.0, 'table': 1.0}}","[1, 143, 499, 189]","[0, 164, 597, 233]","{'desk': 23, 'table': 5, 'keyboard': 3, 'toy': 2, 'computer desk': 1, 'desktop': 1, 'lap top': 1}","[[''], ['the first name that comes to mind is ""mouse""'], ['a nintendo 3ds gameboy game'], ['a monitor and keyboard'], ['a computer']]"
12126,2364287,2495190,http://manynames.upf.edu//2364287_2495190_vase.png,https://cs.stanford.edu/people/rak248/VG_100K/2364287.jpg,pot,home,kitchen_utensil.n.01,"{'jar': 1.0, 'vase': 1.0}",0.88,"{'visual': 0.2, 'None': 0.8}",2364287.jpg,"instrumentality, instrumentation","[{'34': ['vase', 'jar']}]",vase,"{'vase': 1.0, 'jar': 0.88}","{'vase': {'None': 1.0}, 'jar': {'None': 0.8, 'visual': 0.2}}",34,0.9411764705882352,0.3227569588973982,2,home,train,"{'vase': {'vase': 1.0, 'jar': 1.0}, 'jar': {'vase': 1.0, 'jar': 1.0}}","[138, 130, 208, 243]","[157, 148, 255, 297]","{'vase': 32, 'jar': 2, 'glass': 1, 'flower vase': 1}","[['the object is a vase of flowers'], ['a vase with flowers'], ['a glass jar with flowers'], ['a red flower vase on a table'], ['the flowers in the jar on the table']]"
24220,2413349,3800745,http://manynames.upf.edu//2413349_3800745_couch.png,https://cs.stanford.edu/people/rak248/VG_100K_2/2413349.jpg,couch,home,furnishing.n.02,{'sofa': 1.0},1.0,{'None': 1.0},2413349.jpg,"instrumentality, instrumentation","[{'26': ['sofa', 'couch']}, {'3': ['dress']}, {'2': ['t-shirt']}]",couch,"{'t-shirt': 0.33, 'dress': 0.33, 'couch': 1.0, 'sofa': 1.0}","{'t-shirt': {'bounding box': 1.0}, 'dress': {'bounding box': 1.0}, 'couch': {'None': 1.0}, 'sofa': {'None': 1.0}}",26,0.8076923076923077,0.7062740891876007,2,home,train,"{'t-shirt': {'t-shirt': 1.0, 'dress': 0.33, 'couch': 0.0, 'sofa': 0.0}, 'dress': {'t-shirt': 0.33, 'dress': 1.0, 'couch': 0.0, 'sofa': 0.0}, 'couch': {'t-shirt': 0.0, 'dress': 0.0, 'couch': 1.0, 'sofa': 1.0}, 'sofa': {'t-shirt': 0.0, 'dress': 0.0, 'couch': 1.0, 'sofa': 1.0}}","[183, 101, 315, 204]","[207, 111, 376, 246]","{'couch': 21, 'sofa': 5, 'dress': 3, 't-shirt': 2, 'frag': 1, 'shirt': 1, 'tennis clothes': 1, 'bat': 1, 'chair': 1}","[['a little girl holding a tennis racket'], ['a tennis racket'], ['child holding tennis racket'], ['a tennis racket'], ['a tennis racket.']]"
10805,2359565,2588238,http://manynames.upf.edu//2359565_2588238_bench.png,https://cs.stanford.edu/people/rak248/VG_100K/2359565.jpg,bench,home,furnishing.n.02,{},1.0,{'None': 1.0},2359565.jpg,"instrumentality, instrumentation",[{'35': ['bench']}],bench,{'bench': 1.0},{'bench': {'None': 1.0}},35,1.0,0.0,1,home,train,{'bench': {'bench': 1.0}},"[17, 125, 461, 193]","[13, 142, 557, 237]","{'bench': 35, 'table': 1}","[['a bench with legs'], ['the wooden bench that sits on the sidewalk.'], ['wooden bench'], ['the wooden bench in front of the brick wall'], ['']]"
15054,2374834,724799,http://manynames.upf.edu//2374834_724799_toilet.png,https://cs.stanford.edu/people/rak248/VG_100K/2374834.jpg,bowl,home,vessel.n.03,{'toilet': 0.83},0.67,"{'visual': 0.3, 'linguistic': 0.2, 'None': 0.5}",2374834.jpg,"instrumentality, instrumentation",[{'32': ['toilet']}],toilet,"{'toilet': 1.0, 'bathroom': 'NA'}","{'toilet': {'None': 1.0}, 'bathroom': 'NA'}",33,0.9696969696969696,0.1959092708736049,2,home,val,"{'toilet': {'toilet': 1.0, 'bathroom': 'NA'}, 'bathroom': {'toilet': 'NA', 'bathroom': 'NA'}}","[122, 59, 241, 208]","[139, 63, 295, 255]","{'toilet': 32, 'bathroom': 1, 'unflushed toilet': 1, 'lateen': 1}","[['a used toilet paper dispenser'], ['a dollar bill'], ['the money is a bill'], ['a dirty, unappealing, and unhygienic toilet seat with a paper towel in'], ['$1.00']]"
15829,2377649,2433333,http://manynames.upf.edu//2377649_2433333_grass.png,https://cs.stanford.edu/people/rak248/VG_100K_2/2377649.jpg,bench,home,furnishing.n.02,{},0.0,"{'other': 0.7, 'visual': 0.3}",2377649.jpg,"instrumentality, instrumentation","[{'25': ['field', 'grass', 'pasture']}, {'3': ['cow']}]",grass,"{'cow': 0.17, 'grass': 1.0, 'field': 1.0, 'pasture': 1.0}","{'cow': {'bounding box': 1.0}, 'grass': {'None': 1.0}, 'field': {'None': 1.0}, 'pasture': {'None': 1.0}}",25,0.4,1.55352095112747,3,animals_plants,train,"{'cow': {'cow': 1.0, 'grass': 0.0, 'field': 0.0, 'pasture': 0.0}, 'grass': {'cow': 0.0, 'grass': 1.0, 'field': 1.0, 'pasture': 1.0}, 'field': {'cow': 0.0, 'grass': 1.0, 'field': 1.0, 'pasture': 1.0}, 'pasture': {'cow': 0.0, 'grass': 1.0, 'field': 1.0, 'pasture': 1.0}}","[0, 120, 499, 253]","[0, 136, 597, 309]","{'grass': 10, 'field': 9, 'pasture': 6, 'cow': 3, 'ground': 1, 'coco': 1, 'grass field': 1, 'animals': 1}","[['the animal is a cow'], ['cows, behind a fence'], ['a large group of cattle grazing in the field'], ['cow'], ['brown cows']]"
2962,2324306,3412337,http://manynames.upf.edu//2324306_3412337_bed.png,https://cs.stanford.edu/people/rak248/VG_100K/2324306.jpg,bed,home,furnishing.n.02,"{'bench': 0.67, 'crib': 0.67}",0.67,"{'bounding box': 0.3, 'None': 0.7}",2324306.jpg,"instrumentality, instrumentation","[{'27': ['bench', 'crib', 'bed']}]",bed,"{'bench': 0.33, 'bed': 0.67, 'crib': 0.83}","{'bench': {'None': 0.3, 'visual': 0.7}, 'bed': {'bounding box': 0.3, 'None': 0.7}, 'crib': {'visual': 0.3, 'None': 0.7}}",21,0.7619047619047619,0.7918583525674836,2,home,train,"{'bench': {'bench': 1.0, 'bed': 0.67, 'crib': 1.0}, 'bed': {'bench': 0.67, 'bed': 1.0, 'crib': 0.67}, 'crib': {'bench': 1.0, 'bed': 0.67, 'crib': 1.0}}","[128, 308, 256, 191]","[107, 268, 236, 178]","{'bed': 16, 'crib': 5, 'bench': 6, 'table': 1, 'ottoman': 1, 'bassinet': 1, 'couch': 1, 'chair': 1, 'pillow': 1, 'cot': 1, 'doll': 1, 'sofa': 1}","[[""the red box is a child's crib""], ['the baby'], ['a wooden frame with a mirror and a painting on the back of it'], ['an antique bed frame, an antique nightstand, a framed portrait of a person, a portrait of'], ['a bed']]"
8867,2352420,2032233,http://manynames.upf.edu//2352420_2032233_vase.png,https://cs.stanford.edu/people/rak248/VG_100K/2352420.jpg,vase,home,vessel.n.03,"{'jar': 0.67, 'jag': 0.67}",0.83,"{'bounding box': 0.3, 'None': 0.7}",2352420.jpg,"instrumentality, instrumentation","[{'38': ['jar', 'vase', 'jag']}]",vase,"{'jar': 0.33, 'jag': 0.17, 'vase': 0.83}","{'jar': {'visual': 0.7, 'bounding box': 0.3}, 'jag': {'visual': 0.7, 'other': 0.3}, 'vase': {'None': 0.7, 'bounding box': 0.3}}",32,1.0,0.0,1,home,train,"{'jar': {'jar': 1.0, 'jag': 0.67, 'vase': 0.67}, 'jag': {'jar': 0.67, 'jag': 1.0, 'vase': 0.67}, 'vase': {'jar': 0.67, 'jag': 0.67, 'vase': 1.0}}","[309, 0, 189, 333]","[362, 0, 233, 396]","{'vase': 32, 'jar': 4, 'jag': 2}","[['it is a small vase with an asian dragon and a red handle'], ['the large chinese vase'], ['vase'], ['a small vase'], ['the vase with the dragon design']]"
7521,2347193,1730167,http://manynames.upf.edu//2347193_1730167_bed.png,https://cs.stanford.edu/people/rak248/VG_100K/2347193.jpg,bed,home,furnishing.n.02,{},1.0,{'None': 1.0},2347193.jpg,"instrumentality, instrumentation",[{'35': ['bed']}],bed,{'bed': 1.0},{'bed': {'None': 1.0}},35,1.0,0.0,1,home,train,{'bed': {'bed': 1.0}},"[0, 264, 373, 234]","[0, 229, 335, 216]","{'bed': 35, 'pillow': 1}","[['bed'], ['a book'], [''], ['a black shirt with a logo'], ['']]"
18659,2390099,500412,http://manynames.upf.edu//2390099_500412_table.png,https://cs.stanford.edu/people/rak248/VG_100K_2/2390099.jpg,table,home,furnishing.n.02,{},1.0,{'None': 1.0},2390099.jpg,"instrumentality, instrumentation","[{'29': ['table']}, {'3': ['glass']}]",table,"{'glass': 0.17, 'table': 1.0}","{'glass': {'bounding box': 1.0}, 'table': {'None': 1.0}}",29,1.0,0.0,1,home,train,"{'glass': {'glass': 1.0, 'table': 0.0}, 'table': {'glass': 0.0, 'table': 1.0}}","[0, 252, 375, 250]","[0, 218, 335, 229]","{'table': 29, 'glass': 3, 'fire': 1, 'wine glass': 1, 'dinner': 1, 'desk': 1}","[['this is a glass of wine'], ['the glass with candles'], [""a candle and a wine glass on a table with a candle on it's side.""], ['the wine glass'], ['a wine glass and candle']]"
19770,2395173,457228,http://manynames.upf.edu//2395173_457228_couch.png,https://cs.stanford.edu/people/rak248/VG_100K_2/2395173.jpg,couch,home,furnishing.n.02,{'sofa': 1.0},1.0,{'None': 1.0},2395173.jpg,"instrumentality, instrumentation","[{'29': ['couch', 'sofa']}, {'6': ['cat']}]",couch,"{'cat': 0.67, 'couch': 1.0, 'sofa': 1.0}","{'cat': {'bounding box': 0.7, 'None': 0.3}, 'couch': {'None': 1.0}, 'sofa': {'None': 1.0}}",29,0.7586206896551724,0.7973265101474423,2,home,train,"{'cat': {'cat': 1.0, 'couch': 0.0, 'sofa': 0.0}, 'couch': {'cat': 0.0, 'couch': 1.0, 'sofa': 1.0}, 'sofa': {'cat': 0.0, 'couch': 1.0, 'sofa': 1.0}}","[0, 1, 365, 411]","[0, 0, 333, 374]","{'couch': 22, 'sofa': 7, 'cat': 6}","[['a black suitcase'], ['the orange cat sitting on the suitcase.'], ['the cat sitting on the suitcase'], ['a cat sitting on a suitcase'], ['the luggage bag']]"
904,1159660,1596123,http://manynames.upf.edu//1159660_1596123_counter.png,https://cs.stanford.edu/people/rak248/VG_100K/1159660.jpg,counter,home,furnishing.n.02,"{'cupboard': 0.67, 'bar': 0.67, 'table': 0.67, 'stand': 0.67, 'cabinet': 0.67}",1.0,{'None': 1.0},1159660.jpg,"instrumentality, instrumentation","[{'32': ['counter', 'cupboard', 'cabinet', 'stand', 'table', 'bar']}]",counter,"{'cupboard': 0.33, 'counter': 1.0, 'table': 0.5, 'bar': 0.83, 'stand': 0.83, 'cabinet': 0.5}","{'cupboard': {'visual': 0.7, 'linguistic': 0.3}, 'counter': {'None': 1.0}, 'table': {'visual': 0.7, 'linguistic': 0.3}, 'bar': {'None': 0.7, 'linguistic': 0.3}, 'stand': {'None': 0.7, 'visual': 0.3}, 'cabinet': {'visual': 0.7, 'linguistic': 0.3}}",30,0.7,1.473772149591271,5,home,train,"{'cupboard': {'cupboard': 1.0, 'counter': 0.67, 'table': 0.67, 'bar': 0.67, 'stand': 0.67, 'cabinet': 1.0}, 'counter': {'cupboard': 0.67, 'counter': 1.0, 'table': 0.67, 'bar': 0.67, 'stand': 0.67, 'cabinet': 0.67}, 'table': {'cupboard': 0.67, 'counter': 0.67, 'table': 1.0, 'bar': 0.67, 'stand': 1.0, 'cabinet': 0.67}, 'bar': {'cupboard': 0.67, 'counter': 0.67, 'table': 0.67, 'bar': 1.0, 'stand': 0.67, 'cabinet': 0.67}, 'stand': {'cupboard': 0.67, 'counter': 0.67, 'table': 1.0, 'bar': 0.67, 'stand': 1.0, 'cabinet': 0.67}, 'cabinet': {'cupboard': 1.0, 'counter': 0.67, 'table': 0.67, 'bar': 0.67, 'stand': 0.67, 'cabinet': 1.0}}","[561, 254, 461, 346]","[320, 141, 275, 208]","{'counter': 21, 'table': 3, 'bar': 2, 'stand': 2, 'cabinet': 2, 'cupboard': 1, 'apple': 1, 'countertop': 1, 'desk': 1}","[['red box of fruit'], ['this is a fruit stand with a lot of fruits on the stand'], ['fruit stand with different types of fruits and a selection of drinks'], ['a fruit and vegetable stand'], ['the fruit on display.']]"
6473,2343011,928375,http://manynames.upf.edu//2343011_928375_cat.png,https://cs.stanford.edu/people/rak248/VG_100K/2343011.jpg,carpet,home,furnishing.n.02,{'floor': 1.0},0.5,"{'bounding box': 0.7, 'None': 0.3}",2343011.jpg,"instrumentality, instrumentation","[{'13': ['carpet', 'floor']}, {'13': ['cat']}, {'2': ['bowl']}]",cat,"{'carpet': 0.5, 'floor': 0.5, 'bowl': 0.17, 'cat': 0.33}","{'carpet': {'bounding box': 0.7, 'None': 0.3}, 'floor': {'bounding box': 0.7, 'None': 0.3}, 'bowl': {'bounding box': 1.0}, 'cat': {'None': 0.3, 'bounding box': 0.7}}",13,1.0,0.0,1,animals_plants,train,"{'carpet': {'carpet': 1.0, 'floor': 1.0, 'bowl': 0.0, 'cat': 0.0}, 'floor': {'carpet': 1.0, 'floor': 1.0, 'bowl': 0.0, 'cat': 0.0}, 'bowl': {'carpet': 0.0, 'floor': 0.0, 'bowl': 1.0, 'cat': 0.0}, 'cat': {'carpet': 0.0, 'floor': 0.0, 'bowl': 0.0, 'cat': 1.0}}","[0, 74, 500, 294]","[0, 81, 597, 358]","{'cat': 13, 'carpet': 7, 'floor': 6, 'bowl': 2, 'plate': 1, 'room': 1, 'animal': 1}","[['a cat'], [""the cat's bowl, which it is eating from.  q: please name the object in the""], ['a white cat eating out of a green bowl'], [""cat's bowl""], [""the white cat's food bowl""]]"
13442,2368992,2111821,http://manynames.upf.edu//2368992_2111821_bowl.png,https://cs.stanford.edu/people/rak248/VG_100K/2368992.jpg,bowl,home,vessel.n.03,"{'plate': 0.67, 'dish': 0.67}",0.83,"{'bounding box': 0.3, 'None': 0.7}",2368992.jpg,"instrumentality, instrumentation","[{'24': ['dish', 'plate', 'bowl']}, {'3': ['food']}]",bowl,"{'food': 0.67, 'bowl': 0.83, 'dish': 1.0, 'plate': 0.67, 'container': 'NA'}","{'food': {'None': 0.3, 'bounding box': 0.7}, 'bowl': {'None': 0.7, 'bounding box': 0.3}, 'dish': {'None': 1.0}, 'plate': {'other': 0.3, 'None': 0.7}, 'container': 'NA'}",25,0.64,1.3834651896016472,4,home,train,"{'food': {'food': 1.0, 'bowl': 0.0, 'dish': 0.0, 'plate': 0.0, 'container': 'NA'}, 'bowl': {'food': 0.0, 'bowl': 1.0, 'dish': 0.67, 'plate': 0.67, 'container': 'NA'}, 'dish': {'food': 0.0, 'bowl': 0.67, 'dish': 1.0, 'plate': 1.0, 'container': 'NA'}, 'plate': {'food': 0.0, 'bowl': 0.67, 'dish': 1.0, 'plate': 1.0, 'container': 'NA'}, 'container': {'food': 'NA', 'bowl': 'NA', 'dish': 'NA', 'plate': 'NA', 'container': 'NA'}}","[76, 141, 269, 172]","[84, 161, 328, 212]","{'bowl': 16, 'dish': 6, 'plate': 2, 'container': 1, 'food': 3, 'spaghetti': 1, 'meal': 1, 'stew': 1, 'pan': 1, 'pot': 1, 'pasta': 1, 'dinner plate': 1, 'plate of pasta': 1}","[['a dish of food'], ['pizza - pizana'], [""the first thing that comes to mind is the bowl, i don't remember the name of the dish""], ['a black dish'], ['a dish']]"
259,1590,3637049,http://manynames.upf.edu//1590_3637049_table.png,https://cs.stanford.edu/people/rak248/VG_100K_2/1590.jpg,carpet,home,furnishing.n.02,{'floor': 0.83},0.75,"{'bounding box': 0.2, 'other': 0.2, 'None': 0.7}",1590.jpg,"instrumentality, instrumentation","[{'18': ['desk', 'furniture', 'table']}, {'15': ['floor', 'carpet']}]",table,"{'carpet': 0.75, 'desk': 0.33, 'floor': 0.92, 'table': 0.42, 'furniture': 0.42}","{'carpet': {'None': 0.7, 'bounding box': 0.2, 'other': 0.2}, 'desk': {'bounding box': 0.8, 'None': 0.2}, 'floor': {'None': 0.8, 'bounding box': 0.2}, 'table': {'bounding box': 0.7, 'None': 0.3}, 'furniture': {'bounding box': 0.7, 'None': 0.3}}",15,0.8666666666666667,0.5665095065529052,2,home,test,"{'carpet': {'carpet': 1.0, 'desk': 0.0, 'floor': 0.83, 'table': 0.0, 'furniture': 0.0}, 'desk': {'carpet': 0.0, 'desk': 1.0, 'floor': 0.0, 'table': 0.83, 'furniture': 0.83}, 'floor': {'carpet': 0.83, 'desk': 0.0, 'floor': 1.0, 'table': 0.0, 'furniture': 0.0}, 'table': {'carpet': 0.0, 'desk': 0.83, 'floor': 0.0, 'table': 1.0, 'furniture': 0.83}, 'furniture': {'carpet': 0.0, 'desk': 0.83, 'floor': 0.0, 'table': 0.83, 'furniture': 1.0}}","[0, 244, 796, 290]","[0, 175, 597, 223]","{'table': 13, 'furniture': 2, 'floor': 8, 'carpet': 7, 'desk': 3, 'screen': 1, 'chair': 1, 'rug': 1}","[['the table in the middle of the photo'], ['conference table'], ['the conference table'], ['boardroom table'], ['conference table']]"
3922,2329667,2856374,http://manynames.upf.edu//2329667_2856374_woman.png,https://cs.stanford.edu/people/rak248/VG_100K/2329667.jpg,woman,people,woman.n.01,{'chef': 1.0},1.0,{'None': 1.0},2329667.jpg,person,"[{'28': ['woman', 'chef']}, {'2': ['shirt']}]",woman,"{'shirt': 0.5, 'woman': 1.0, 'chef': 1.0}","{'shirt': {'bounding box': 1.0}, 'woman': {'None': 1.0}, 'chef': {'None': 1.0}}",28,0.5714285714285714,0.9852281360342514,2,people,train,"{'shirt': {'shirt': 1.0, 'woman': 0.0, 'chef': 0.0}, 'woman': {'shirt': 0.0, 'woman': 1.0, 'chef': 1.0}, 'chef': {'shirt': 0.0, 'woman': 1.0, 'chef': 1.0}}","[38, 13, 224, 315]","[38, 9, 274, 383]","{'woman': 16, 'chef': 12, 'shirt': 2, 'man': 1, 'gloves': 1, 'baker': 1, 'person': 1, 'lady': 1}","[['the box with the last name in the red box'], ['a chef wearing a blue apron'], ['a pan of hotdogs'], ['the person who is holding the knife in the photograph'], ['the person wearing the apron in the photo']]"
15028,2374747,2484525,http://manynames.upf.edu//2374747_2484525_pitcher.png,https://cs.stanford.edu/people/rak248/VG_100K/2374747.jpg,pitcher,people,athlete.n.01,"{'man': 1.0, 'player': 1.0, 'baseball player': 1.0}",1.0,{'None': 1.0},2374747.jpg,person,"[{'28': ['man', 'pitcher', 'player', 'baseball player']}, {'2': ['cap']}]",pitcher,"{'cap': 0.33, 'pitcher': 1.0, 'man': 1.0, 'baseball player': 1.0, 'player': 1.0}","{'cap': {'bounding box': 1.0}, 'pitcher': {'None': 1.0}, 'man': {'None': 1.0}, 'baseball player': {'None': 1.0}, 'player': {'None': 1.0}}",28,0.3928571428571428,1.8579594642722084,4,people,train,"{'cap': {'cap': 1.0, 'pitcher': 0.0, 'man': 0.0, 'baseball player': 0.0, 'player': 0.0}, 'pitcher': {'cap': 0.0, 'pitcher': 1.0, 'man': 1.0, 'baseball player': 1.0, 'player': 1.0}, 'man': {'cap': 0.0, 'pitcher': 1.0, 'man': 1.0, 'baseball player': 1.0, 'player': 1.0}, 'baseball player': {'cap': 0.0, 'pitcher': 1.0, 'man': 1.0, 'baseball player': 1.0, 'player': 1.0}, 'player': {'cap': 0.0, 'pitcher': 1.0, 'man': 1.0, 'baseball player': 1.0, 'player': 1.0}}","[74, 70, 221, 406]","[59, 56, 205, 370]","{'pitcher': 11, 'man': 9, 'baseball player': 4, 'player': 4, 'cap': 2, 'jersey': 1, 'athlete': 1, 'baseball pitcher': 1, 'shoe': 1, 'dress': 1, 'shirt': 1}","[['this is a baseball pitcher throwing a ball'], ['a baseball player'], ['the san francisco giants baseball player on the mound'], ['the san francisco giants pitcher'], ['the san francisco giants pitcher on the mound']]"
23002,2408852,1091753,http://manynames.upf.edu//2408852_1091753_man.png,https://cs.stanford.edu/people/rak248/VG_100K_2/2408852.jpg,man,people,man.n.01,{'person': 1.0},1.0,{'None': 1.0},2408852.jpg,person,"[{'29': ['person', 'man']}]",man,"{'man': 1.0, 'person': 1.0}","{'man': {'None': 1.0}, 'person': {'None': 1.0}}",29,0.8275862068965517,0.6631968402398286,2,people,val,"{'man': {'man': 1.0, 'person': 1.0}, 'person': {'man': 1.0, 'person': 1.0}}","[95, 56, 125, 283]","[106, 60, 156, 345]","{'man': 24, 'person': 5, 'shirt': 1, 'belt': 1, 'pant': 1, 'rider': 1, 'guy': 1, 'bike': 1, 'dude': 1}","[['the guy on the bike'], ['man on a red dirt bike with his dog'], ['the person riding the motorcycle and the dog are riding the motorcycle.'], ['person riding a motorbike'], ['man on a motorcycle, wearing jeans, dog in the front seat']]"
7558,2347345,2528775,http://manynames.upf.edu//2347345_2528775_boy.png,https://cs.stanford.edu/people/rak248/VG_100K/2347345.jpg,boy,people,male_child.n.01,"{'kid': 1.0, 'child': 1.0, 'baseball player': 1.0}",1.0,{'None': 1.0},2347345.jpg,person,"[{'32': ['boy', 'child', 'kid', 'baseball player']}]",boy,"{'boy': 1.0, 'child': 1.0, 'kid': 1.0, 'baseball player': 1.0}","{'boy': {'None': 1.0}, 'child': {'None': 1.0}, 'kid': {'None': 1.0}, 'baseball player': {'None': 1.0}}",32,0.5625,1.4913146570363986,4,people,val,"{'boy': {'boy': 1.0, 'child': 1.0, 'kid': 1.0, 'baseball player': 1.0}, 'child': {'boy': 1.0, 'child': 1.0, 'kid': 1.0, 'baseball player': 1.0}, 'kid': {'boy': 1.0, 'child': 1.0, 'kid': 1.0, 'baseball player': 1.0}, 'baseball player': {'boy': 1.0, 'child': 1.0, 'kid': 1.0, 'baseball player': 1.0}}","[37, 223, 333, 274]","[26, 192, 305, 252]","{'boy': 18, 'child': 10, 'kid': 2, 'baseball player': 2, 'girl': 1, 'person': 1, 'cap': 1, 'little boy': 1}","[['a baseball'], ['a baseball'], ['a baseball  q: what was the first name?'], ['a baseball'], ['baseball']]"
7107,2345483,3624257,http://manynames.upf.edu//2345483_3624257_girl.png,https://cs.stanford.edu/people/rak248/VG_100K/2345483.jpg,child,people,child.n.01,{'girl': 1.0},1.0,{'None': 1.0},2345483.jpg,person,"[{'33': ['girl', 'child']}]",girl,"{'girl': 1.0, 'child': 1.0}","{'girl': {'None': 1.0}, 'child': {'None': 1.0}}",33,0.5757575757575758,0.9833761901392236,2,people,train,"{'girl': {'girl': 1.0, 'child': 1.0}, 'child': {'girl': 1.0, 'child': 1.0}}","[17, 100, 240, 275]","[13, 112, 293, 335]","{'girl': 19, 'child': 14, 'kid': 1, 'toddler': 1, 'shirt': 1}","[['my daughter'], ['a toothbrush'], [""the small girl's toothbrush""], ['a girl in a pink shirt with a gray short haircut'], ['my toothbrush']]"
14812,2373979,2527598,http://manynames.upf.edu//2373979_2527598_man.png,https://cs.stanford.edu/people/rak248/VG_100K/2373979.jpg,boy,people,male_child.n.01,"{'person': 1.0, 'man': 1.0}",0.83,"{'visual': 0.3, 'None': 0.7}",2373979.jpg,person,"[{'29': ['person', 'man']}, {'3': ['t-shirt']}]",man,"{'t-shirt': 0.33, 'man': 1.0, 'person': 1.0}","{'t-shirt': {'bounding box': 1.0}, 'man': {'None': 1.0}, 'person': {'None': 1.0}}",29,0.9310344827586208,0.3620512517339981,2,people,train,"{'t-shirt': {'t-shirt': 1.0, 'man': 0.0, 'person': 0.0}, 'man': {'t-shirt': 0.0, 'man': 1.0, 'person': 1.0}, 'person': {'t-shirt': 0.0, 'man': 1.0, 'person': 1.0}}","[0, 27, 339, 473]","[0, 17, 310, 430]","{'man': 27, 'person': 2, 't-shirt': 3, 'gamer': 1, 'boy': 1, 'dude': 1, 'shirt': 1}","[['a guy playing a video game'], ['person standing in front of couch with a white wii controller'], ['man playing wii'], ['a person holding a wii controller'], [""the game controller in the man's hand""]]"
11934,2363679,763037,http://manynames.upf.edu//2363679_763037_woman.png,https://cs.stanford.edu/people/rak248/VG_100K/2363679.jpg,woman,people,woman.n.01,{'girl': 1.0},1.0,{'None': 1.0},2363679.jpg,person,"[{'27': ['woman', 'girl']}, {'3': ['phone']}, {'2': ['glass']}, {'2': ['sunglasses']}]",woman,"{'sunglasses': 0.5, 'glass': 0.33, 'phone': 0.5, 'woman': 1.0, 'girl': 1.0}","{'sunglasses': {'bounding box': 1.0}, 'glass': {'other': 0.7, 'bounding box': 0.3}, 'phone': {'bounding box': 1.0}, 'woman': {'None': 1.0}, 'girl': {'None': 1.0}}",27,0.925925925925926,0.3809465857053902,2,people,train,"{'sunglasses': {'sunglasses': 1.0, 'glass': 0.33, 'phone': 0.0, 'woman': 0.0, 'girl': 0.0}, 'glass': {'sunglasses': 0.33, 'glass': 1.0, 'phone': 0.0, 'woman': 0.0, 'girl': 0.0}, 'phone': {'sunglasses': 0.0, 'glass': 0.0, 'phone': 1.0, 'woman': 0.0, 'girl': 0.0}, 'woman': {'sunglasses': 0.0, 'glass': 0.0, 'phone': 0.0, 'woman': 1.0, 'girl': 1.0}, 'girl': {'sunglasses': 0.0, 'glass': 0.0, 'phone': 0.0, 'woman': 1.0, 'girl': 1.0}}","[20, 135, 310, 365]","[11, 114, 284, 333]","{'woman': 25, 'girl': 2, 'phone': 3, 'glass': 2, 'sunglasses': 2, 'skirt': 1, 'cellphone': 1}","[['the lady in the yellow bikini'], ['woman in a bikini looking at her cell phone'], ['a boat'], ['the young lady'], ['a woman in a bikini']]"
25144,2417281,2960903,http://manynames.upf.edu//2417281_2960903_woman.png,https://cs.stanford.edu/people/rak248/VG_100K_2/2417281.jpg,girl,people,woman.n.01,"{'player': 1.0, 'person': 1.0, 'tennis player': 1.0, 'woman': 1.0}",1.0,{'None': 1.0},2417281.jpg,person,"[{'28': ['player', 'person', 'tennis player', 'woman', 'girl']}, {'5': ['shoe']}]",woman,"{'shoe': 0.5, 'woman': 1.0, 'tennis player': 1.0, 'girl': 1.0, 'person': 1.0, 'player': 1.0}","{'shoe': {'bounding box': 0.8, 'None': 0.2}, 'woman': {'None': 1.0}, 'tennis player': {'None': 1.0}, 'girl': {'None': 1.0}, 'person': {'None': 1.0}, 'player': {'None': 1.0}}",28,0.4285714285714285,2.102047566277089,5,people,train,"{'shoe': {'shoe': 1.0, 'woman': 0.0, 'tennis player': 0.0, 'girl': 0.0, 'person': 0.0, 'player': 0.0}, 'woman': {'shoe': 0.0, 'woman': 1.0, 'tennis player': 1.0, 'girl': 1.0, 'person': 1.0, 'player': 1.0}, 'tennis player': {'shoe': 0.0, 'woman': 1.0, 'tennis player': 1.0, 'girl': 1.0, 'person': 1.0, 'player': 1.0}, 'girl': {'shoe': 0.0, 'woman': 1.0, 'tennis player': 1.0, 'girl': 1.0, 'person': 1.0, 'player': 1.0}, 'person': {'shoe': 0.0, 'woman': 1.0, 'tennis player': 1.0, 'girl': 1.0, 'person': 1.0, 'player': 1.0}, 'player': {'shoe': 0.0, 'woman': 1.0, 'tennis player': 1.0, 'girl': 1.0, 'person': 1.0, 'player': 1.0}}","[317, 47, 171, 269]","[371, 49, 211, 328]","{'woman': 12, 'tennis player': 5, 'girl': 5, 'person': 3, 'player': 3, 'shoe': 5, 'shirt': 1, 't-shirt': 1, 'teenager': 1}","[['a tennis ball'], ['the female tennis player in the center of the frame'], ['tennis ball'], ['a tennis racket'], ['a tennis racket']]"
852,713879,3601827,http://manynames.upf.edu//713879_3601827_man.png,https://cs.stanford.edu/people/rak248/VG_100K/713879.jpg,boy,people,male_child.n.01,"{'man': 1.0, 'person': 1.0}",1.0,{'None': 1.0},713879.jpg,person,"[{'29': ['man', 'person', 'boy']}, {'2': ['cap']}]",man,"{'cap': 0.33, 'man': 1.0, 'person': 1.0, 'boy': 1.0, 'male': 'NA', 'human': 'NA'}","{'cap': {'bounding box': 1.0}, 'man': {'None': 1.0}, 'person': {'None': 1.0}, 'boy': {'None': 1.0}, 'male': 'NA', 'human': 'NA'}",31,0.8064516129032258,1.0801187379879036,5,people,train,"{'cap': {'cap': 1.0, 'man': 0.0, 'person': 0.0, 'boy': 0.0, 'male': 'NA', 'human': 'NA'}, 'man': {'cap': 0.0, 'man': 1.0, 'person': 1.0, 'boy': 1.0, 'male': 'NA', 'human': 'NA'}, 'person': {'cap': 0.0, 'man': 1.0, 'person': 1.0, 'boy': 1.0, 'male': 'NA', 'human': 'NA'}, 'boy': {'cap': 0.0, 'man': 1.0, 'person': 1.0, 'boy': 1.0, 'male': 'NA', 'human': 'NA'}, 'male': {'cap': 'NA', 'man': 'NA', 'person': 'NA', 'boy': 'NA', 'male': 'NA', 'human': 'NA'}, 'human': {'cap': 'NA', 'man': 'NA', 'person': 'NA', 'boy': 'NA', 'male': 'NA', 'human': 'NA'}}","[160, 197, 514, 788]","[63, 79, 231, 351]","{'man': 25, 'person': 2, 'boy': 2, 'male': 1, 'human': 1, 'cap': 2, 't-shirt': 1, 'student': 1}","[[""the guy on the left with the cap on the water's edge.""], ['the man sitting on the left'], ['the man sitting in the water.'], ['a person with black hat'], ['man sitting on the water']]"
16856,2381729,1334407,http://manynames.upf.edu//2381729_1334407_girl.png,https://cs.stanford.edu/people/rak248/VG_100K_2/2381729.jpg,girl,people,woman.n.01,{'child': 1.0},1.0,{'None': 1.0},2381729.jpg,person,"[{'33': ['girl', 'child']}]",girl,"{'girl': 1.0, 'child': 1.0}","{'girl': {'None': 1.0}, 'child': {'None': 1.0}}",33,0.7575757575757576,0.7990485210442682,2,people,train,"{'girl': {'girl': 1.0, 'child': 1.0}, 'child': {'girl': 1.0, 'child': 1.0}}","[96, 93, 159, 258]","[108, 104, 197, 315]","{'girl': 25, 'child': 8, 'children': 1, 'person': 1, 'baby': 1}","[['girl wearing white shirt'], ['a boy and girl'], ['the girl and boy'], ['this is the teddy bear'], ['the little girl and the teddy bear']]"
808,713487,1584584,http://manynames.upf.edu//713487_1584584_woman.png,https://cs.stanford.edu/people/rak248/VG_100K/713487.jpg,lady,people,woman.n.01,"{'woman': 1.0, 'gamer': 0.67, 'girl': 1.0, 'person': 1.0}",1.0,{'None': 1.0},713487.jpg,person,"[{'27': ['lady', 'person', 'girl', 'woman', 'gamer']}, {'3': ['t-shirt']}]",woman,"{'t-shirt': 0.5, 'woman': 1.0, 'girl': 1.0, 'person': 1.0, 'gamer': 1.0, 'lady': 1.0}","{'t-shirt': {'bounding box': 0.7, 'None': 0.3}, 'woman': {'None': 1.0}, 'girl': {'None': 1.0}, 'person': {'None': 1.0}, 'gamer': {'None': 1.0}, 'lady': {'None': 1.0}}",27,0.5185185185185185,1.9062723398211248,5,people,,"{'t-shirt': {'t-shirt': 1.0, 'woman': 0.0, 'girl': 0.0, 'person': 0.0, 'gamer': 0.0, 'lady': 0.0}, 'woman': {'t-shirt': 0.0, 'woman': 1.0, 'girl': 1.0, 'person': 1.0, 'gamer': 0.67, 'lady': 1.0}, 'girl': {'t-shirt': 0.0, 'woman': 1.0, 'girl': 1.0, 'person': 1.0, 'gamer': 0.67, 'lady': 1.0}, 'person': {'t-shirt': 0.0, 'woman': 1.0, 'girl': 1.0, 'person': 1.0, 'gamer': 0.67, 'lady': 1.0}, 'gamer': {'t-shirt': 0.0, 'woman': 0.67, 'girl': 0.67, 'person': 0.67, 'gamer': 1.0, 'lady': 0.67}, 'lady': {'t-shirt': 0.0, 'woman': 1.0, 'girl': 1.0, 'person': 1.0, 'gamer': 0.67, 'lady': 1.0}}","[186, 139, 325, 764]","[74, 54, 149, 341]","{'woman': 14, 'girl': 5, 'person': 4, 'gamer': 2, 'lady': 2, 't-shirt': 3, 'pant': 1, 'trousers': 1, 'top': 1, 'jacket': 1, 'dress': 1, 'shorts': 1}","[['the girl holding a wii remote'], ['a person'], ['woman holding a wii controller'], ['a woman'], ['a woman in a blue shirt with her back to the camera.']]"
966,1160147,1602254,http://manynames.upf.edu//1160147_1602254_man.png,https://cs.stanford.edu/people/rak248/VG_100K/1160147.jpg,man,people,man.n.01,{'soldier': 1.0},1.0,{'None': 1.0},1160147.jpg,person,"[{'33': ['soldier', 'man']}]",man,"{'man': 1.0, 'soldier': 1.0}","{'man': {'None': 1.0}, 'soldier': {'None': 1.0}}",33,0.7272727272727273,0.8453509366224365,2,people,train,"{'man': {'man': 1.0, 'soldier': 1.0}, 'soldier': {'man': 1.0, 'soldier': 1.0}}","[11, 8, 412, 733]","[0, 0, 187, 327]","{'man': 24, 'soldier': 9, 'jacket': 1, 'box': 1, 'dress': 1}","[['birthday cake with the name of the person that is celebrating it'], ['a cake'], [''], [""this is a large birthday cake.  i'm not sure what brand it is.""], ['cake']]"
5210,2336718,2429299,http://manynames.upf.edu//2336718_2429299_snowboarder.png,https://cs.stanford.edu/people/rak248/VG_100K/2336718.jpg,lady,people,woman.n.01,"{'person': 1.0, 'woman': 1.0, 'skier': 1.0, 'snowboarder': 1.0, 'man': 1.0}",1.0,{'None': 1.0},2336718.jpg,person,"[{'32': ['person', 'skier', 'man', 'snowboarder', 'woman']}, {'2': ['helmet']}]",snowboarder,"{'helmet': 0.5, 'snowboarder': 1.0, 'person': 1.0, 'skier': 0.83, 'man': 0.83, 'woman': 1.0}","{'helmet': {'bounding box': 1.0}, 'snowboarder': {'None': 1.0}, 'person': {'None': 1.0}, 'skier': {'linguistic': 0.3, 'None': 0.7}, 'man': {'linguistic': 0.3, 'None': 0.7}, 'woman': {'None': 1.0}}",32,0.375,2.1582594697016404,5,people,,"{'helmet': {'helmet': 1.0, 'snowboarder': 0.0, 'person': 0.0, 'skier': 0.0, 'man': 0.0, 'woman': 0.0}, 'snowboarder': {'helmet': 0.0, 'snowboarder': 1.0, 'person': 1.0, 'skier': 1.0, 'man': 1.0, 'woman': 1.0}, 'person': {'helmet': 0.0, 'snowboarder': 1.0, 'person': 1.0, 'skier': 1.0, 'man': 1.0, 'woman': 1.0}, 'skier': {'helmet': 0.0, 'snowboarder': 1.0, 'person': 1.0, 'skier': 1.0, 'man': 1.0, 'woman': 1.0}, 'man': {'helmet': 0.0, 'snowboarder': 1.0, 'person': 1.0, 'skier': 1.0, 'man': 1.0, 'woman': 1.0}, 'woman': {'helmet': 0.0, 'snowboarder': 1.0, 'person': 1.0, 'skier': 1.0, 'man': 1.0, 'woman': 1.0}}","[169, 16, 126, 307]","[195, 12, 157, 374]","{'snowboarder': 12, 'person': 7, 'skier': 6, 'man': 4, 'woman': 3, 'helmet': 2, 'dress': 1, 't-shirt': 1}","[['the object is an object that is in the snow and has a red box around it'], ['a person on skis'], ['a person skiing'], ['the person standing on the snowboard'], ['snowboard']]"
6714,2343925,3319794,http://manynames.upf.edu//2343925_3319794_woman.png,https://cs.stanford.edu/people/rak248/VG_100K/2343925.jpg,girl,people,woman.n.01,"{'hiker': 1.0, 'woman': 1.0}",1.0,{'None': 1.0},2343925.jpg,person,"[{'29': ['hiker', 'woman']}, {'3': ['backpack']}]",woman,"{'backpack': 0.5, 'woman': 1.0, 'hiker': 1.0, 'female': 'NA'}","{'backpack': {'bounding box': 1.0}, 'woman': {'None': 1.0}, 'hiker': {'None': 1.0}, 'female': 'NA'}",30,0.9,0.5608251769947303,3,people,train,"{'backpack': {'backpack': 1.0, 'woman': 0.0, 'hiker': 0.0, 'female': 'NA'}, 'woman': {'backpack': 0.0, 'woman': 1.0, 'hiker': 1.0, 'female': 'NA'}, 'hiker': {'backpack': 0.0, 'woman': 1.0, 'hiker': 1.0, 'female': 'NA'}, 'female': {'backpack': 'NA', 'woman': 'NA', 'hiker': 'NA', 'female': 'NA'}}","[20, 49, 211, 232]","[17, 52, 259, 284]","{'woman': 27, 'hiker': 2, 'female': 1, 'backpack': 3, 'girl': 1, 'person': 1, 'backpacker': 1}","[['red fire hydrant'], ['a person with a backpack'], ['a hydrant on a lawn'], ['the fire hydrant'], ['a fire hydrant']]"
12898,2366938,2048891,http://manynames.upf.edu//2366938_2048891_skateboarder.png,https://cs.stanford.edu/people/rak248/VG_100K/2366938.jpg,skateboarder,people,athlete.n.01,"{'skater': 1.0, 'man': 1.0, 'person': 1.0}",1.0,{'None': 1.0},2366938.jpg,person,"[{'28': ['person', 'man', 'skateboarder', 'skater']}, {'3': ['helmet']}]",skateboarder,"{'helmet': 0.17, 'skateboarder': 1.0, 'skater': 1.0, 'man': 1.0, 'person': 1.0}","{'helmet': {'bounding box': 1.0}, 'skateboarder': {'None': 1.0}, 'skater': {'None': 1.0}, 'man': {'None': 1.0}, 'person': {'None': 1.0}}",28,0.4642857142857143,1.8030074660991144,4,people,train,"{'helmet': {'helmet': 1.0, 'skateboarder': 0.0, 'skater': 0.0, 'man': 0.0, 'person': 0.0}, 'skateboarder': {'helmet': 0.0, 'skateboarder': 1.0, 'skater': 1.0, 'man': 1.0, 'person': 1.0}, 'skater': {'helmet': 0.0, 'skateboarder': 1.0, 'skater': 1.0, 'man': 1.0, 'person': 1.0}, 'man': {'helmet': 0.0, 'skateboarder': 1.0, 'skater': 1.0, 'man': 1.0, 'person': 1.0}, 'person': {'helmet': 0.0, 'skateboarder': 1.0, 'skater': 1.0, 'man': 1.0, 'person': 1.0}}","[19, 33, 232, 212]","[10, 23, 214, 197]","{'skateboarder': 13, 'skater': 7, 'man': 5, 'person': 3, 'helmet': 3, 'skateboard': 1, 'scatting board': 1, 'boy': 1, 'daredevil': 1}","[['the person in the red box is a skateboarder'], ['a skateboarder on a ramp'], ['a man on a skateboard doing a trick'], ['the boy with the red helmet and the white shirt in the blue box.  q: please provide'], ['a skateboarder on a ramp']]"
22587,2407344,3810748,http://manynames.upf.edu//2407344_3810748_plane.png,https://cs.stanford.edu/people/rak248/VG_100K_2/2407344.jpg,jet,vehicles,aircraft.n.01,"{'airliner': 1.0, 'airplane': 1.0, 'plane': 1.0}",1.0,{'None': 1.0},2407344.jpg,vehicle,"[{'34': ['airplane', 'jet', 'plane', 'airliner']}]",plane,"{'plane': 1.0, 'airplane': 1.0, 'airliner': 1.0, 'jet': 1.0}","{'plane': {'None': 1.0}, 'airplane': {'None': 1.0}, 'airliner': {'None': 1.0}, 'jet': {'None': 1.0}}",34,0.4705882352941176,1.5197284615795614,4,vehicles,train,"{'plane': {'plane': 1.0, 'airplane': 1.0, 'airliner': 1.0, 'jet': 1.0}, 'airplane': {'plane': 1.0, 'airplane': 1.0, 'airliner': 1.0, 'jet': 1.0}, 'airliner': {'plane': 1.0, 'airplane': 1.0, 'airliner': 1.0, 'jet': 1.0}, 'jet': {'plane': 1.0, 'airplane': 1.0, 'airliner': 1.0, 'jet': 1.0}}","[73, 123, 402, 89]","[80, 140, 487, 113]","{'plane': 16, 'airplane': 14, 'airliner': 2, 'jet': 2, 'wings': 1, 'aero plane': 1}","[['this is a united airlines boeing 767 passenger jet, on its way to orlando from atlanta.'], ['an airplane'], ['airplane'], ['american airlines passenger jet at the tarmac'], ['a passenger airplane']]"
20660,2399191,418396,http://manynames.upf.edu//2399191_418396_motorcycle.png,https://cs.stanford.edu/people/rak248/VG_100K_2/2399191.jpg,motorcycle,vehicles,motorcycle.n.01,{'bike': 1.0},1.0,{'None': 1.0},2399191.jpg,vehicle,"[{'31': ['motorcycle', 'bike']}, {'5': ['wheel']}]",motorcycle,"{'wheel': 0.17, 'motorcycle': 1.0, 'bike': 1.0}","{'wheel': {'bounding box': 1.0}, 'motorcycle': {'None': 1.0}, 'bike': {'None': 1.0}}",31,0.7741935483870968,0.7706290693639406,2,vehicles,train,"{'wheel': {'wheel': 1.0, 'motorcycle': 0.0, 'bike': 0.0}, 'motorcycle': {'wheel': 0.0, 'motorcycle': 1.0, 'bike': 1.0}, 'bike': {'wheel': 0.0, 'motorcycle': 1.0, 'bike': 1.0}}","[0, 53, 336, 216]","[0, 56, 408, 265]","{'motorcycle': 24, 'bike': 7, 'wheel': 5}","[['motorcycle'], ['motorcycle'], ['motorcycle'], ['motorcycle'], ['хлеб']]"
9683,2355505,1785515,http://manynames.upf.edu//2355505_1785515_boat.png,https://cs.stanford.edu/people/rak248/VG_100K/2355505.jpg,boat,vehicles,boat.n.01,{'ship': 1.0},1.0,{'None': 1.0},2355505.jpg,vehicle,"[{'34': ['ship', 'boat']}]",boat,"{'boat': 1.0, 'ship': 1.0}","{'boat': {'None': 1.0}, 'ship': {'None': 1.0}}",34,0.9117647058823528,0.4305518670104393,2,vehicles,train,"{'boat': {'boat': 1.0, 'ship': 1.0}, 'ship': {'boat': 1.0, 'ship': 1.0}}","[39, 46, 302, 193]","[40, 48, 368, 237]","{'boat': 31, 'ship': 3, 'shoe': 1, 'tugboat': 1}","[['a fishing boat'], ['the small boat with a group of people'], [""the'sink' is the boat""], ['the boat that is being shown in the photograph is a boat that is docked at a marina'], ['the boat with the people on it']]"
23855,2411981,205544,http://manynames.upf.edu//2411981_205544_truck.png,https://cs.stanford.edu/people/rak248/VG_100K_2/2411981.jpg,truck,vehicles,truck.n.01,{'car': 1.0},1.0,{'None': 1.0},2411981.jpg,vehicle,"[{'30': ['truck', 'car']}, {'2': ['wheel']}]",truck,"{'wheel': 0.5, 'truck': 1.0, 'car': 1.0}","{'wheel': {'bounding box': 1.0}, 'truck': {'None': 1.0}, 'car': {'None': 1.0}}",30,0.9,0.4689955935892813,2,vehicles,test,"{'wheel': {'wheel': 1.0, 'truck': 0.0, 'car': 0.0}, 'truck': {'wheel': 0.0, 'truck': 1.0, 'car': 1.0}, 'car': {'wheel': 0.0, 'truck': 1.0, 'car': 1.0}}","[46, 51, 310, 150]","[48, 54, 377, 186]","{'truck': 27, 'car': 3, 'wheel': 2, 'vehicle': 1, 'suv': 1, 'automobile': 1, 'pickup truck': 1}","[['a red suzuki quad bike, a black black dodge ram pickup truck and a silver grey honda odyssey min'], ['red quad bike with front tire'], ['a red atv with a motorcycle on the back of it'], ['motorcycle, red'], ['the atv']]"
1313,2316244,3312928,http://manynames.upf.edu//2316244_3312928_marina.png,https://cs.stanford.edu/people/rak248/VG_100K/2316244.jpg,boat,vehicles,boat.n.01,{},0.33,{'bounding box': 1.0},2316244.jpg,vehicle,"[{'25': ['harbor', 'docks', 'marina', 'port']}, {'2': ['boat']}]",marina,"{'boat': 0.33, 'marina': 1.0, 'docks': 1.0, 'port': 1.0, 'harbor': 1.0}","{'boat': {'bounding box': 1.0}, 'marina': {'None': 1.0}, 'docks': {'None': 1.0}, 'port': {'None': 1.0}, 'harbor': {'None': 1.0}}",25,0.52,1.718845535995202,4,buildings,train,"{'boat': {'boat': 1.0, 'marina': 0.0, 'docks': 0.0, 'port': 0.0, 'harbor': 0.0}, 'marina': {'boat': 0.0, 'marina': 1.0, 'docks': 1.0, 'port': 1.0, 'harbor': 1.0}, 'docks': {'boat': 0.0, 'marina': 1.0, 'docks': 1.0, 'port': 1.0, 'harbor': 1.0}, 'port': {'boat': 0.0, 'marina': 1.0, 'docks': 1.0, 'port': 1.0, 'harbor': 1.0}, 'harbor': {'boat': 0.0, 'marina': 1.0, 'docks': 1.0, 'port': 1.0, 'harbor': 1.0}}","[0, 126, 499, 147]","[0, 143, 597, 183]","{'marina': 13, 'docks': 6, 'port': 3, 'harbor': 3, 'boat': 2, 'sea': 1, 'ship': 1, 'bay': 1, 'pole': 1, 'shipyard': 1, 'pier': 1, 'docking area': 1}","[[''], ['marina'], ['a marina'], ['the marina'], ['marina']]"
6676,2343770,2753665,http://manynames.upf.edu//2343770_2753665_car.png,https://cs.stanford.edu/people/rak248/VG_100K/2343770.jpg,car,vehicles,car.n.01,{'vehicle': 0.67},1.0,{'None': 1.0},2343770.jpg,vehicle,"[{'34': ['vehicle', 'car']}]",car,"{'car': 1.0, 'vehicle': 1.0, 'automobile': 'NA'}","{'car': {'None': 1.0}, 'vehicle': {'None': 1.0}, 'automobile': 'NA'}",35,0.9142857142857144,0.5007115883735378,3,vehicles,train,"{'car': {'car': 1.0, 'vehicle': 0.67, 'automobile': 'NA'}, 'vehicle': {'car': 0.67, 'vehicle': 1.0, 'automobile': 'NA'}, 'automobile': {'car': 'NA', 'vehicle': 'NA', 'automobile': 'NA'}}","[0, 37, 245, 229]","[0, 37, 299, 280]","{'car': 32, 'vehicle': 2, 'automobile': 1, 'wheel': 1}","[['bike with red frame'], ['a blue bicycle on the sidewalk'], ['a blue bicycle'], ['bike with a blue frame'], ['a blue bike, parked next to two parking meters']]"
21251,2401997,393679,http://manynames.upf.edu//2401997_393679_truck.png,https://cs.stanford.edu/people/rak248/VG_100K_2/2401997.jpg,truck,vehicles,truck.n.01,"{'firetruck': 0.67, 'car': 0.67}",1.0,{'None': 1.0},2401997.jpg,vehicle,"[{'34': ['firetruck', 'truck', 'car']}]",truck,"{'truck': 1.0, 'car': 0.67, 'firetruck': 0.83}","{'truck': {'None': 1.0}, 'car': {'linguistic': 0.3, 'None': 0.3, 'visual': 0.3}, 'firetruck': {'linguistic': 0.3, 'None': 0.7}}",34,0.7941176470588235,0.9363790159392475,3,vehicles,train,"{'truck': {'truck': 1.0, 'car': 0.67, 'firetruck': 0.67}, 'car': {'truck': 0.67, 'car': 1.0, 'firetruck': 0.67}, 'firetruck': {'truck': 0.67, 'car': 0.67, 'firetruck': 1.0}}","[9, 87, 419, 391]","[1, 71, 382, 357]","{'truck': 27, 'car': 4, 'firetruck': 3, 'vehicle': 1, 'pickup truck': 1}","[['fire hydrant'], ['a fire hydrant'], ['a fire hydrant'], ['a man wearing a helmet and safety glasses'], ['a fire hydrant']]"
16801,2381447,1336577,http://manynames.upf.edu//2381447_1336577_car.png,https://cs.stanford.edu/people/rak248/VG_100K_2/2381447.jpg,car,vehicles,car.n.01,{'vehicle': 1.0},1.0,{'None': 1.0},2381447.jpg,vehicle,"[{'32': ['vehicle', 'car']}]",car,"{'car': 1.0, 'vehicle': 1.0}","{'car': {'None': 1.0}, 'vehicle': {'None': 1.0}}",32,0.9375,0.3372900666170139,2,vehicles,train,"{'car': {'car': 1.0, 'vehicle': 1.0}, 'vehicle': {'car': 1.0, 'vehicle': 1.0}}","[248, 0, 252, 357]","[278, 0, 297, 417]","{'car': 30, 'vehicle': 2, 'bumper': 1, 'fender': 1, 'licentiate': 1, 'car back': 1}","[['the red box with the first name that comes to mind.'], ['the red car'], ['cat'], ['a cat standing in front of a car'], ['the cat']]"
6382,2342621,932319,http://manynames.upf.edu//2342621_932319_train.png,https://cs.stanford.edu/people/rak248/VG_100K/2342621.jpg,train,vehicles,train.n.01,{},1.0,{'None': 1.0},2342621.jpg,vehicle,[{'34': ['train']}],train,{'train': 1.0},{'train': {'None': 1.0}},34,1.0,0.0,1,vehicles,train,{'train': {'train': 1.0}},"[162, 61, 298, 207]","[186, 66, 363, 254]","{'train': 34, 'engine car': 1, 'engine': 1}","[['the train in the red box'], ['the object is a train'], ['a train, on the train tracks'], ['a train on a train track'], ['a train engine']]"
20846,2400166,410982,http://manynames.upf.edu//2400166_410982_airplane.png,https://cs.stanford.edu/people/rak248/VG_100K_2/2400166.jpg,plane,vehicles,aircraft.n.01,"{'airplane': 1.0, 'jet': 1.0}",1.0,{'None': 1.0},2400166.jpg,vehicle,"[{'35': ['jet', 'plane', 'airplane']}]",airplane,"{'airplane': 1.0, 'plane': 1.0, 'jet': 1.0}","{'airplane': {'None': 1.0}, 'plane': {'None': 1.0}, 'jet': {'None': 1.0}}",35,0.5428571428571428,1.2431803979668357,3,vehicles,val,"{'airplane': {'airplane': 1.0, 'plane': 1.0, 'jet': 1.0}, 'plane': {'airplane': 1.0, 'plane': 1.0, 'jet': 1.0}, 'jet': {'airplane': 1.0, 'plane': 1.0, 'jet': 1.0}}","[60, 97, 316, 93]","[65, 109, 384, 118]","{'airplane': 19, 'plane': 14, 'jet': 2, 'aerophone': 1}","[['korean air boeing 747'], ['an airplane'], ['an air-plane'], ['an airplane'], ['korean air airplane']]"
16244,2379158,1360417,http://manynames.upf.edu//2379158_1360417_train.png,https://cs.stanford.edu/people/rak248/VG_100K_2/2379158.jpg,train,vehicles,train.n.01,{},1.0,{'None': 1.0},2379158.jpg,vehicle,[{'34': ['train']}],train,{'train': 1.0},{'train': {'None': 1.0}},34,1.0,0.0,1,vehicles,train,{'train': {'train': 1.0}},"[95, 35, 306, 256]","[106, 35, 372, 313]","{'train': 34, 'tram': 1, 'headlight': 1}","[['a train'], ['train on the train track'], ['train'], ['a train'], ['train on a railway line']]"
17933,2386408,1286257,http://manynames.upf.edu//2386408_1286257_jet.png,https://cs.stanford.edu/people/rak248/VG_100K_2/2386408.jpg,airplane,vehicles,aircraft.n.01,"{'jet': 1.0, 'plane': 1.0, 'fighter jet': 1.0}",1.0,{'None': 1.0},2386408.jpg,vehicle,"[{'35': ['fighter jet', 'jet', 'plane', 'airplane']}]",jet,"{'jet': 1.0, 'airplane': 1.0, 'plane': 1.0, 'fighter jet': 1.0}","{'jet': {'None': 1.0}, 'airplane': {'None': 1.0}, 'plane': {'None': 1.0}, 'fighter jet': {'None': 1.0}}",35,0.4571428571428571,1.7427308737169431,4,vehicles,train,"{'jet': {'jet': 1.0, 'airplane': 1.0, 'plane': 1.0, 'fighter jet': 1.0}, 'airplane': {'jet': 1.0, 'airplane': 1.0, 'plane': 1.0, 'fighter jet': 1.0}, 'plane': {'jet': 1.0, 'airplane': 1.0, 'plane': 1.0, 'fighter jet': 1.0}, 'fighter jet': {'jet': 1.0, 'airplane': 1.0, 'plane': 1.0, 'fighter jet': 1.0}}","[19, 83, 465, 168]","[16, 92, 562, 208]","{'jet': 16, 'airplane': 9, 'plane': 8, 'fighter jet': 2, 'f16': 1}","[['fighter jet'], ['f-16 fighting falcon'], ['fighter jet'], ['fighter jet on runway'], ['a plane, probably a fighter jet']]"
9040,2353121,1829131,http://manynames.upf.edu//2353121_1829131_train.png,https://cs.stanford.edu/people/rak248/VG_100K/2353121.jpg,train,vehicles,train.n.01,{'train car': 1.0},1.0,{'None': 1.0},2353121.jpg,vehicle,"[{'34': ['train car', 'train']}]",train,"{'train': 1.0, 'train car': 1.0}","{'train': {'None': 1.0}, 'train car': {'None': 1.0}}",34,0.9411764705882352,0.3227569588973982,2,vehicles,train,"{'train': {'train': 1.0, 'train car': 1.0}, 'train car': {'train': 1.0, 'train car': 1.0}}","[33, 112, 465, 148]","[32, 127, 562, 184]","{'train': 32, 'train car': 2, 'railway': 1, 'carriage': 1}","[['a train with no people on it'], ['train'], ['a train in the night.'], ['a train at night'], ['an intercity train on the tracks']]"
24281,2413579,170634,http://manynames.upf.edu//2413579_170634_truck.png,https://cs.stanford.edu/people/rak248/VG_100K_2/2413579.jpg,van,vehicles,truck.n.01,"{'car': 1.0, 'truck': 1.0, 'vehicle': 1.0, 'bus': 1.0}",0.92,"{'visual': 0.2, 'None': 0.8}",2413579.jpg,vehicle,"[{'31': ['truck', 'car', 'van', 'vehicle', 'bus']}]",truck,"{'truck': 1.0, 'van': 0.92, 'bus': 0.83, 'vehicle': 1.0, 'car': 0.92}","{'truck': {'None': 1.0}, 'van': {'None': 0.8, 'visual': 0.2}, 'bus': {'None': 0.7, 'visual': 0.3}, 'vehicle': {'None': 1.0}, 'car': {'None': 0.8, 'visual': 0.2}}",31,0.3225806451612903,2.1394098276068307,5,vehicles,val,"{'truck': {'truck': 1.0, 'van': 1.0, 'bus': 1.0, 'vehicle': 1.0, 'car': 1.0}, 'van': {'truck': 1.0, 'van': 1.0, 'bus': 1.0, 'vehicle': 1.0, 'car': 1.0}, 'bus': {'truck': 1.0, 'van': 1.0, 'bus': 1.0, 'vehicle': 1.0, 'car': 1.0}, 'vehicle': {'truck': 1.0, 'van': 1.0, 'bus': 1.0, 'vehicle': 1.0, 'car': 1.0}, 'car': {'truck': 1.0, 'van': 1.0, 'bus': 1.0, 'vehicle': 1.0, 'car': 1.0}}","[28, 0, 368, 311]","[26, 0, 446, 378]","{'truck': 10, 'van': 9, 'bus': 6, 'vehicle': 4, 'car': 2, 'glass': 1, 'grumman': 1, 'automobile': 1, 'motor home': 1, 'door': 1}","[['a bus on a street with people walking behind it.'], ['the rear end of a trailer'], ['a motor home with two people on board'], [''], ['a bus']]"
2969,2324327,988082,http://manynames.upf.edu//2324327_988082_car.png,https://cs.stanford.edu/people/rak248/VG_100K/2324327.jpg,car,vehicles,car.n.01,{},1.0,{'None': 1.0},2324327.jpg,vehicle,[{'31': ['car']}],car,{'car': 1.0},{'car': {'None': 1.0}},31,1.0,0.0,1,vehicles,train,{'car': {'car': 1.0}},"[0, 40, 246, 192]","[0, 41, 301, 236]","{'car': 31, 'umbrella': 1, 'van': 1, 'umbellate': 1, 'wheel': 1}","[['an umbrella.  a: an umbrella.  a: an umbrella.  a: an umbrella'], ['umbrella'], ['the umbrella'], ['a red rectangle in a square box'], ['an umbrella']]"
